<?xml version="1.0" encoding="UTF-8"?>
<kml xmlns="http://www.opengis.net/kml/2.2" xmlns:gx="http://www.google.com/kml/ext/2.2">
    <Document id="1">
        <Style id="4">
            <IconStyle id="5">
                <color>ff008000</color>
                <colorMode>normal</colorMode>
                <scale>0.8</scale>
                <heading>0</heading>
                <Icon id="6">
                    <href>http://maps.google.com/mapfiles/kml/paddle/wht-circle.png</href>
                </Icon>
            </IconStyle>
        </Style>
        <Style id="9">
            <IconStyle id="10">
                <color>ff008000</color>
                <colorMode>normal</colorMode>
                <scale>0.8</scale>
                <heading>0</heading>
                <Icon id="11">
                    <href>http://maps.google.com/mapfiles/kml/paddle/wht-circle.png</href>
                </Icon>
            </IconStyle>
        </Style>
        <Style id="14">
            <IconStyle id="15">
                <color>ff008000</color>
                <colorMode>normal</colorMode>
                <scale>0.8</scale>
                <heading>0</heading>
                <Icon id="16">
                    <href>http://maps.google.com/mapfiles/kml/paddle/wht-circle.png</href>
                </Icon>
            </IconStyle>
        </Style>
        <Style id="19">
            <IconStyle id="20">
                <color>ff008000</color>
                <colorMode>normal</colorMode>
                <scale>0.8</scale>
                <heading>0</heading>
                <Icon id="21">
                    <href>http://maps.google.com/mapfiles/kml/paddle/wht-circle.png</href>
                </Icon>
            </IconStyle>
        </Style>
        <Style id="24">
            <IconStyle id="25">
                <color>ff008000</color>
                <colorMode>normal</colorMode>
                <scale>0.8</scale>
                <heading>0</heading>
                <Icon id="26">
                    <href>http://maps.google.com/mapfiles/kml/paddle/wht-circle.png</href>
                </Icon>
            </IconStyle>
        </Style>
        <Style id="29">
            <IconStyle id="30">
                <color>ff008000</color>
                <colorMode>normal</colorMode>
                <scale>0.8</scale>
                <heading>0</heading>
                <Icon id="31">
                    <href>http://maps.google.com/mapfiles/kml/paddle/wht-circle.png</href>
                </Icon>
            </IconStyle>
        </Style>
        <Style id="34">
            <IconStyle id="35">
                <color>ff008000</color>
                <colorMode>normal</colorMode>
                <scale>0.8</scale>
                <heading>0</heading>
                <Icon id="36">
                    <href>http://maps.google.com/mapfiles/kml/paddle/wht-circle.png</href>
                </Icon>
            </IconStyle>
        </Style>
        <Style id="39">
            <IconStyle id="40">
                <color>ff008000</color>
                <colorMode>normal</colorMode>
                <scale>0.8</scale>
                <heading>0</heading>
                <Icon id="41">
                    <href>http://maps.google.com/mapfiles/kml/paddle/wht-circle.png</href>
                </Icon>
            </IconStyle>
        </Style>
        <Style id="44">
            <IconStyle id="45">
                <color>ff008000</color>
                <colorMode>normal</colorMode>
                <scale>0.8</scale>
                <heading>0</heading>
                <Icon id="46">
                    <href>http://maps.google.com/mapfiles/kml/paddle/wht-circle.png</href>
                </Icon>
            </IconStyle>
        </Style>
        <Style id="49">
            <IconStyle id="50">
                <color>ff008000</color>
                <colorMode>normal</colorMode>
                <scale>0.8</scale>
                <heading>0</heading>
                <Icon id="51">
                    <href>http://maps.google.com/mapfiles/kml/paddle/wht-circle.png</href>
                </Icon>
            </IconStyle>
        </Style>
        <Style id="54">
            <IconStyle id="55">
                <color>ff008000</color>
                <colorMode>normal</colorMode>
                <scale>0.8</scale>
                <heading>0</heading>
                <Icon id="56">
                    <href>http://maps.google.com/mapfiles/kml/paddle/wht-circle.png</href>
                </Icon>
            </IconStyle>
        </Style>
        <Style id="59">
            <IconStyle id="60">
                <color>ff008000</color>
                <colorMode>normal</colorMode>
                <scale>0.8</scale>
                <heading>0</heading>
                <Icon id="61">
                    <href>http://maps.google.com/mapfiles/kml/paddle/wht-circle.png</href>
                </Icon>
            </IconStyle>
        </Style>
        <Style id="64">
            <IconStyle id="65">
                <color>ff008000</color>
                <colorMode>normal</colorMode>
                <scale>0.8</scale>
                <heading>0</heading>
                <Icon id="66">
                    <href>http://maps.google.com/mapfiles/kml/paddle/wht-circle.png</href>
                </Icon>
            </IconStyle>
        </Style>
        <Style id="69">
            <IconStyle id="70">
                <color>ff008000</color>
                <colorMode>normal</colorMode>
                <scale>0.8</scale>
                <heading>0</heading>
                <Icon id="71">
                    <href>http://maps.google.com/mapfiles/kml/paddle/wht-circle.png</href>
                </Icon>
            </IconStyle>
        </Style>
        <Style id="74">
            <IconStyle id="75">
                <color>ff008000</color>
                <colorMode>normal</colorMode>
                <scale>0.8</scale>
                <heading>0</heading>
                <Icon id="76">
                    <href>http://maps.google.com/mapfiles/kml/paddle/wht-circle.png</href>
                </Icon>
            </IconStyle>
        </Style>
        <Style id="79">
            <IconStyle id="80">
                <color>ff008000</color>
                <colorMode>normal</colorMode>
                <scale>0.8</scale>
                <heading>0</heading>
                <Icon id="81">
                    <href>http://maps.google.com/mapfiles/kml/paddle/wht-circle.png</href>
                </Icon>
            </IconStyle>
        </Style>
        <Style id="84">
            <IconStyle id="85">
                <color>ff008000</color>
                <colorMode>normal</colorMode>
                <scale>0.8</scale>
                <heading>0</heading>
                <Icon id="86">
                    <href>http://maps.google.com/mapfiles/kml/paddle/wht-circle.png</href>
                </Icon>
            </IconStyle>
        </Style>
        <Style id="89">
            <IconStyle id="90">
                <color>ff008000</color>
                <colorMode>normal</colorMode>
                <scale>0.8</scale>
                <heading>0</heading>
                <Icon id="91">
                    <href>http://maps.google.com/mapfiles/kml/paddle/wht-circle.png</href>
                </Icon>
            </IconStyle>
        </Style>
        <Style id="94">
            <IconStyle id="95">
                <color>ff008000</color>
                <colorMode>normal</colorMode>
                <scale>0.8</scale>
                <heading>0</heading>
                <Icon id="96">
                    <href>http://maps.google.com/mapfiles/kml/paddle/wht-circle.png</href>
                </Icon>
            </IconStyle>
        </Style>
        <Style id="99">
            <IconStyle id="100">
                <color>ff008000</color>
                <colorMode>normal</colorMode>
                <scale>0.8</scale>
                <heading>0</heading>
                <Icon id="101">
                    <href>http://maps.google.com/mapfiles/kml/paddle/wht-circle.png</href>
                </Icon>
            </IconStyle>
        </Style>
        <Style id="104">
            <IconStyle id="105">
                <color>ff008000</color>
                <colorMode>normal</colorMode>
                <scale>0.8</scale>
                <heading>0</heading>
                <Icon id="106">
                    <href>http://maps.google.com/mapfiles/kml/paddle/wht-circle.png</href>
                </Icon>
            </IconStyle>
        </Style>
        <Style id="109">
            <IconStyle id="110">
                <color>ff008000</color>
                <colorMode>normal</colorMode>
                <scale>0.8</scale>
                <heading>0</heading>
                <Icon id="111">
                    <href>http://maps.google.com/mapfiles/kml/paddle/wht-circle.png</href>
                </Icon>
            </IconStyle>
        </Style>
        <Style id="114">
            <IconStyle id="115">
                <color>ff008000</color>
                <colorMode>normal</colorMode>
                <scale>0.8</scale>
                <heading>0</heading>
                <Icon id="116">
                    <href>http://maps.google.com/mapfiles/kml/paddle/wht-circle.png</href>
                </Icon>
            </IconStyle>
        </Style>
        <Style id="119">
            <IconStyle id="120">
                <color>ff008000</color>
                <colorMode>normal</colorMode>
                <scale>0.8</scale>
                <heading>0</heading>
                <Icon id="121">
                    <href>http://maps.google.com/mapfiles/kml/paddle/wht-circle.png</href>
                </Icon>
            </IconStyle>
        </Style>
        <Style id="124">
            <IconStyle id="125">
                <color>ff008000</color>
                <colorMode>normal</colorMode>
                <scale>0.8</scale>
                <heading>0</heading>
                <Icon id="126">
                    <href>http://maps.google.com/mapfiles/kml/paddle/wht-circle.png</href>
                </Icon>
            </IconStyle>
        </Style>
        <Style id="129">
            <IconStyle id="130">
                <color>ff008000</color>
                <colorMode>normal</colorMode>
                <scale>0.8</scale>
                <heading>0</heading>
                <Icon id="131">
                    <href>http://maps.google.com/mapfiles/kml/paddle/wht-circle.png</href>
                </Icon>
            </IconStyle>
        </Style>
        <Style id="134">
            <IconStyle id="135">
                <color>ff008000</color>
                <colorMode>normal</colorMode>
                <scale>0.8</scale>
                <heading>0</heading>
                <Icon id="136">
                    <href>http://maps.google.com/mapfiles/kml/paddle/wht-circle.png</href>
                </Icon>
            </IconStyle>
        </Style>
        <Style id="139">
            <IconStyle id="140">
                <color>ff008000</color>
                <colorMode>normal</colorMode>
                <scale>0.8</scale>
                <heading>0</heading>
                <Icon id="141">
                    <href>http://maps.google.com/mapfiles/kml/paddle/wht-circle.png</href>
                </Icon>
            </IconStyle>
        </Style>
        <Style id="144">
            <IconStyle id="145">
                <color>ff008000</color>
                <colorMode>normal</colorMode>
                <scale>0.8</scale>
                <heading>0</heading>
                <Icon id="146">
                    <href>http://maps.google.com/mapfiles/kml/paddle/wht-circle.png</href>
                </Icon>
            </IconStyle>
        </Style>
        <Style id="149">
            <IconStyle id="150">
                <color>ff008000</color>
                <colorMode>normal</colorMode>
                <scale>0.8</scale>
                <heading>0</heading>
                <Icon id="151">
                    <href>http://maps.google.com/mapfiles/kml/paddle/wht-circle.png</href>
                </Icon>
            </IconStyle>
        </Style>
        <Style id="154">
            <IconStyle id="155">
                <color>ff008000</color>
                <colorMode>normal</colorMode>
                <scale>0.8</scale>
                <heading>0</heading>
                <Icon id="156">
                    <href>http://maps.google.com/mapfiles/kml/paddle/wht-circle.png</href>
                </Icon>
            </IconStyle>
        </Style>
        <Style id="159">
            <IconStyle id="160">
                <color>ff008000</color>
                <colorMode>normal</colorMode>
                <scale>0.8</scale>
                <heading>0</heading>
                <Icon id="161">
                    <href>http://maps.google.com/mapfiles/kml/paddle/wht-circle.png</href>
                </Icon>
            </IconStyle>
        </Style>
        <Style id="164">
            <IconStyle id="165">
                <color>ff008000</color>
                <colorMode>normal</colorMode>
                <scale>0.8</scale>
                <heading>0</heading>
                <Icon id="166">
                    <href>http://maps.google.com/mapfiles/kml/paddle/wht-circle.png</href>
                </Icon>
            </IconStyle>
        </Style>
        <Style id="169">
            <IconStyle id="170">
                <color>ff008000</color>
                <colorMode>normal</colorMode>
                <scale>0.8</scale>
                <heading>0</heading>
                <Icon id="171">
                    <href>http://maps.google.com/mapfiles/kml/paddle/wht-circle.png</href>
                </Icon>
            </IconStyle>
        </Style>
        <Style id="174">
            <IconStyle id="175">
                <color>ff008000</color>
                <colorMode>normal</colorMode>
                <scale>0.8</scale>
                <heading>0</heading>
                <Icon id="176">
                    <href>http://maps.google.com/mapfiles/kml/paddle/wht-circle.png</href>
                </Icon>
            </IconStyle>
        </Style>
        <Style id="179">
            <IconStyle id="180">
                <color>ff008000</color>
                <colorMode>normal</colorMode>
                <scale>0.8</scale>
                <heading>0</heading>
                <Icon id="181">
                    <href>http://maps.google.com/mapfiles/kml/paddle/wht-circle.png</href>
                </Icon>
            </IconStyle>
        </Style>
        <Style id="184">
            <IconStyle id="185">
                <color>ff008000</color>
                <colorMode>normal</colorMode>
                <scale>0.8</scale>
                <heading>0</heading>
                <Icon id="186">
                    <href>http://maps.google.com/mapfiles/kml/paddle/wht-circle.png</href>
                </Icon>
            </IconStyle>
        </Style>
        <Style id="189">
            <IconStyle id="190">
                <color>ff008000</color>
                <colorMode>normal</colorMode>
                <scale>0.8</scale>
                <heading>0</heading>
                <Icon id="191">
                    <href>http://maps.google.com/mapfiles/kml/paddle/wht-circle.png</href>
                </Icon>
            </IconStyle>
        </Style>
        <Style id="194">
            <IconStyle id="195">
                <color>ff008000</color>
                <colorMode>normal</colorMode>
                <scale>0.8</scale>
                <heading>0</heading>
                <Icon id="196">
                    <href>http://maps.google.com/mapfiles/kml/paddle/wht-circle.png</href>
                </Icon>
            </IconStyle>
        </Style>
        <Style id="199">
            <IconStyle id="200">
                <color>ff008000</color>
                <colorMode>normal</colorMode>
                <scale>0.8</scale>
                <heading>0</heading>
                <Icon id="201">
                    <href>http://maps.google.com/mapfiles/kml/paddle/wht-circle.png</href>
                </Icon>
            </IconStyle>
        </Style>
        <Style id="204">
            <IconStyle id="205">
                <color>ff008000</color>
                <colorMode>normal</colorMode>
                <scale>0.8</scale>
                <heading>0</heading>
                <Icon id="206">
                    <href>http://maps.google.com/mapfiles/kml/paddle/wht-circle.png</href>
                </Icon>
            </IconStyle>
        </Style>
        <Style id="209">
            <IconStyle id="210">
                <color>ff008000</color>
                <colorMode>normal</colorMode>
                <scale>0.8</scale>
                <heading>0</heading>
                <Icon id="211">
                    <href>http://maps.google.com/mapfiles/kml/paddle/wht-circle.png</href>
                </Icon>
            </IconStyle>
        </Style>
        <Style id="214">
            <IconStyle id="215">
                <color>ff008000</color>
                <colorMode>normal</colorMode>
                <scale>0.8</scale>
                <heading>0</heading>
                <Icon id="216">
                    <href>http://maps.google.com/mapfiles/kml/paddle/wht-circle.png</href>
                </Icon>
            </IconStyle>
        </Style>
        <Style id="219">
            <IconStyle id="220">
                <color>ff008000</color>
                <colorMode>normal</colorMode>
                <scale>0.8</scale>
                <heading>0</heading>
                <Icon id="221">
                    <href>http://maps.google.com/mapfiles/kml/paddle/wht-circle.png</href>
                </Icon>
            </IconStyle>
        </Style>
        <Style id="224">
            <IconStyle id="225">
                <color>ff008000</color>
                <colorMode>normal</colorMode>
                <scale>0.8</scale>
                <heading>0</heading>
                <Icon id="226">
                    <href>http://maps.google.com/mapfiles/kml/paddle/wht-circle.png</href>
                </Icon>
            </IconStyle>
        </Style>
        <Style id="229">
            <IconStyle id="230">
                <color>ff008000</color>
                <colorMode>normal</colorMode>
                <scale>0.8</scale>
                <heading>0</heading>
                <Icon id="231">
                    <href>http://maps.google.com/mapfiles/kml/paddle/wht-circle.png</href>
                </Icon>
            </IconStyle>
        </Style>
        <Style id="234">
            <IconStyle id="235">
                <color>ff008000</color>
                <colorMode>normal</colorMode>
                <scale>0.8</scale>
                <heading>0</heading>
                <Icon id="236">
                    <href>http://maps.google.com/mapfiles/kml/paddle/wht-circle.png</href>
                </Icon>
            </IconStyle>
        </Style>
        <Style id="239">
            <IconStyle id="240">
                <color>ff008000</color>
                <colorMode>normal</colorMode>
                <scale>0.8</scale>
                <heading>0</heading>
                <Icon id="241">
                    <href>http://maps.google.com/mapfiles/kml/paddle/wht-circle.png</href>
                </Icon>
            </IconStyle>
        </Style>
        <Style id="244">
            <IconStyle id="245">
                <color>ff008000</color>
                <colorMode>normal</colorMode>
                <scale>0.8</scale>
                <heading>0</heading>
                <Icon id="246">
                    <href>http://maps.google.com/mapfiles/kml/paddle/wht-circle.png</href>
                </Icon>
            </IconStyle>
        </Style>
        <Style id="249">
            <IconStyle id="250">
                <color>ff008000</color>
                <colorMode>normal</colorMode>
                <scale>0.8</scale>
                <heading>0</heading>
                <Icon id="251">
                    <href>http://maps.google.com/mapfiles/kml/paddle/wht-circle.png</href>
                </Icon>
            </IconStyle>
        </Style>
        <Style id="254">
            <IconStyle id="255">
                <color>ff008000</color>
                <colorMode>normal</colorMode>
                <scale>0.8</scale>
                <heading>0</heading>
                <Icon id="256">
                    <href>http://maps.google.com/mapfiles/kml/paddle/wht-circle.png</href>
                </Icon>
            </IconStyle>
        </Style>
        <Style id="259">
            <IconStyle id="260">
                <color>ff008000</color>
                <colorMode>normal</colorMode>
                <scale>0.8</scale>
                <heading>0</heading>
                <Icon id="261">
                    <href>http://maps.google.com/mapfiles/kml/paddle/wht-circle.png</href>
                </Icon>
            </IconStyle>
        </Style>
        <Style id="264">
            <IconStyle id="265">
                <color>ff008000</color>
                <colorMode>normal</colorMode>
                <scale>0.8</scale>
                <heading>0</heading>
                <Icon id="266">
                    <href>http://maps.google.com/mapfiles/kml/paddle/wht-circle.png</href>
                </Icon>
            </IconStyle>
        </Style>
        <Style id="269">
            <IconStyle id="270">
                <color>ff008000</color>
                <colorMode>normal</colorMode>
                <scale>0.8</scale>
                <heading>0</heading>
                <Icon id="271">
                    <href>http://maps.google.com/mapfiles/kml/paddle/wht-circle.png</href>
                </Icon>
            </IconStyle>
        </Style>
        <Style id="274">
            <IconStyle id="275">
                <color>ff008000</color>
                <colorMode>normal</colorMode>
                <scale>0.8</scale>
                <heading>0</heading>
                <Icon id="276">
                    <href>http://maps.google.com/mapfiles/kml/paddle/wht-circle.png</href>
                </Icon>
            </IconStyle>
        </Style>
        <Style id="279">
            <IconStyle id="280">
                <color>ff008000</color>
                <colorMode>normal</colorMode>
                <scale>0.8</scale>
                <heading>0</heading>
                <Icon id="281">
                    <href>http://maps.google.com/mapfiles/kml/paddle/wht-circle.png</href>
                </Icon>
            </IconStyle>
        </Style>
        <Style id="284">
            <IconStyle id="285">
                <color>ff008000</color>
                <colorMode>normal</colorMode>
                <scale>0.8</scale>
                <heading>0</heading>
                <Icon id="286">
                    <href>http://maps.google.com/mapfiles/kml/paddle/wht-circle.png</href>
                </Icon>
            </IconStyle>
        </Style>
        <Style id="289">
            <IconStyle id="290">
                <color>ff008000</color>
                <colorMode>normal</colorMode>
                <scale>0.8</scale>
                <heading>0</heading>
                <Icon id="291">
                    <href>http://maps.google.com/mapfiles/kml/paddle/wht-circle.png</href>
                </Icon>
            </IconStyle>
        </Style>
        <Style id="294">
            <IconStyle id="295">
                <color>ff008000</color>
                <colorMode>normal</colorMode>
                <scale>0.8</scale>
                <heading>0</heading>
                <Icon id="296">
                    <href>http://maps.google.com/mapfiles/kml/paddle/wht-circle.png</href>
                </Icon>
            </IconStyle>
        </Style>
        <Style id="299">
            <IconStyle id="300">
                <color>ff008000</color>
                <colorMode>normal</colorMode>
                <scale>0.8</scale>
                <heading>0</heading>
                <Icon id="301">
                    <href>http://maps.google.com/mapfiles/kml/paddle/wht-circle.png</href>
                </Icon>
            </IconStyle>
        </Style>
        <Style id="304">
            <IconStyle id="305">
                <color>ff008000</color>
                <colorMode>normal</colorMode>
                <scale>0.8</scale>
                <heading>0</heading>
                <Icon id="306">
                    <href>http://maps.google.com/mapfiles/kml/paddle/wht-circle.png</href>
                </Icon>
            </IconStyle>
        </Style>
        <Style id="309">
            <IconStyle id="310">
                <color>ff008000</color>
                <colorMode>normal</colorMode>
                <scale>0.8</scale>
                <heading>0</heading>
                <Icon id="311">
                    <href>http://maps.google.com/mapfiles/kml/paddle/wht-circle.png</href>
                </Icon>
            </IconStyle>
        </Style>
        <Style id="314">
            <IconStyle id="315">
                <color>ff008000</color>
                <colorMode>normal</colorMode>
                <scale>0.8</scale>
                <heading>0</heading>
                <Icon id="316">
                    <href>http://maps.google.com/mapfiles/kml/paddle/wht-circle.png</href>
                </Icon>
            </IconStyle>
        </Style>
        <Style id="319">
            <IconStyle id="320">
                <color>ff008000</color>
                <colorMode>normal</colorMode>
                <scale>0.8</scale>
                <heading>0</heading>
                <Icon id="321">
                    <href>http://maps.google.com/mapfiles/kml/paddle/wht-circle.png</href>
                </Icon>
            </IconStyle>
        </Style>
        <Style id="324">
            <IconStyle id="325">
                <color>ff008000</color>
                <colorMode>normal</colorMode>
                <scale>0.8</scale>
                <heading>0</heading>
                <Icon id="326">
                    <href>http://maps.google.com/mapfiles/kml/paddle/wht-circle.png</href>
                </Icon>
            </IconStyle>
        </Style>
        <Style id="329">
            <IconStyle id="330">
                <color>ff008000</color>
                <colorMode>normal</colorMode>
                <scale>0.8</scale>
                <heading>0</heading>
                <Icon id="331">
                    <href>http://maps.google.com/mapfiles/kml/paddle/wht-circle.png</href>
                </Icon>
            </IconStyle>
        </Style>
        <Style id="334">
            <IconStyle id="335">
                <color>ff008000</color>
                <colorMode>normal</colorMode>
                <scale>0.8</scale>
                <heading>0</heading>
                <Icon id="336">
                    <href>http://maps.google.com/mapfiles/kml/paddle/wht-circle.png</href>
                </Icon>
            </IconStyle>
        </Style>
        <Style id="339">
            <IconStyle id="340">
                <color>ff008000</color>
                <colorMode>normal</colorMode>
                <scale>0.8</scale>
                <heading>0</heading>
                <Icon id="341">
                    <href>http://maps.google.com/mapfiles/kml/paddle/wht-circle.png</href>
                </Icon>
            </IconStyle>
        </Style>
        <Style id="344">
            <IconStyle id="345">
                <color>ff008000</color>
                <colorMode>normal</colorMode>
                <scale>0.8</scale>
                <heading>0</heading>
                <Icon id="346">
                    <href>http://maps.google.com/mapfiles/kml/paddle/wht-circle.png</href>
                </Icon>
            </IconStyle>
        </Style>
        <Style id="349">
            <IconStyle id="350">
                <color>ff008000</color>
                <colorMode>normal</colorMode>
                <scale>0.8</scale>
                <heading>0</heading>
                <Icon id="351">
                    <href>http://maps.google.com/mapfiles/kml/paddle/wht-circle.png</href>
                </Icon>
            </IconStyle>
        </Style>
        <Style id="354">
            <IconStyle id="355">
                <color>ff008000</color>
                <colorMode>normal</colorMode>
                <scale>0.8</scale>
                <heading>0</heading>
                <Icon id="356">
                    <href>http://maps.google.com/mapfiles/kml/paddle/wht-circle.png</href>
                </Icon>
            </IconStyle>
        </Style>
        <Style id="359">
            <IconStyle id="360">
                <color>ff008000</color>
                <colorMode>normal</colorMode>
                <scale>0.8</scale>
                <heading>0</heading>
                <Icon id="361">
                    <href>http://maps.google.com/mapfiles/kml/paddle/wht-circle.png</href>
                </Icon>
            </IconStyle>
        </Style>
        <Style id="364">
            <IconStyle id="365">
                <color>ff008000</color>
                <colorMode>normal</colorMode>
                <scale>0.8</scale>
                <heading>0</heading>
                <Icon id="366">
                    <href>http://maps.google.com/mapfiles/kml/paddle/wht-circle.png</href>
                </Icon>
            </IconStyle>
        </Style>
        <Style id="369">
            <IconStyle id="370">
                <color>ff008000</color>
                <colorMode>normal</colorMode>
                <scale>0.8</scale>
                <heading>0</heading>
                <Icon id="371">
                    <href>http://maps.google.com/mapfiles/kml/paddle/wht-circle.png</href>
                </Icon>
            </IconStyle>
        </Style>
        <Style id="374">
            <IconStyle id="375">
                <color>ff008000</color>
                <colorMode>normal</colorMode>
                <scale>0.8</scale>
                <heading>0</heading>
                <Icon id="376">
                    <href>http://maps.google.com/mapfiles/kml/paddle/wht-circle.png</href>
                </Icon>
            </IconStyle>
        </Style>
        <Style id="379">
            <IconStyle id="380">
                <color>ff008000</color>
                <colorMode>normal</colorMode>
                <scale>0.8</scale>
                <heading>0</heading>
                <Icon id="381">
                    <href>http://maps.google.com/mapfiles/kml/paddle/wht-circle.png</href>
                </Icon>
            </IconStyle>
        </Style>
        <Style id="384">
            <IconStyle id="385">
                <color>ff008000</color>
                <colorMode>normal</colorMode>
                <scale>0.8</scale>
                <heading>0</heading>
                <Icon id="386">
                    <href>http://maps.google.com/mapfiles/kml/paddle/wht-circle.png</href>
                </Icon>
            </IconStyle>
        </Style>
        <Style id="389">
            <IconStyle id="390">
                <color>ff008000</color>
                <colorMode>normal</colorMode>
                <scale>0.8</scale>
                <heading>0</heading>
                <Icon id="391">
                    <href>http://maps.google.com/mapfiles/kml/paddle/wht-circle.png</href>
                </Icon>
            </IconStyle>
        </Style>
        <Style id="394">
            <IconStyle id="395">
                <color>ff008000</color>
                <colorMode>normal</colorMode>
                <scale>0.8</scale>
                <heading>0</heading>
                <Icon id="396">
                    <href>http://maps.google.com/mapfiles/kml/paddle/wht-circle.png</href>
                </Icon>
            </IconStyle>
        </Style>
        <Style id="399">
            <IconStyle id="400">
                <color>ff008000</color>
                <colorMode>normal</colorMode>
                <scale>0.8</scale>
                <heading>0</heading>
                <Icon id="401">
                    <href>http://maps.google.com/mapfiles/kml/paddle/wht-circle.png</href>
                </Icon>
            </IconStyle>
        </Style>
        <Style id="404">
            <IconStyle id="405">
                <color>ff008000</color>
                <colorMode>normal</colorMode>
                <scale>0.8</scale>
                <heading>0</heading>
                <Icon id="406">
                    <href>http://maps.google.com/mapfiles/kml/paddle/wht-circle.png</href>
                </Icon>
            </IconStyle>
        </Style>
        <Style id="409">
            <IconStyle id="410">
                <color>ff008000</color>
                <colorMode>normal</colorMode>
                <scale>0.8</scale>
                <heading>0</heading>
                <Icon id="411">
                    <href>http://maps.google.com/mapfiles/kml/paddle/wht-circle.png</href>
                </Icon>
            </IconStyle>
        </Style>
        <Style id="414">
            <IconStyle id="415">
                <color>ff008000</color>
                <colorMode>normal</colorMode>
                <scale>0.8</scale>
                <heading>0</heading>
                <Icon id="416">
                    <href>http://maps.google.com/mapfiles/kml/paddle/wht-circle.png</href>
                </Icon>
            </IconStyle>
        </Style>
        <Style id="419">
            <IconStyle id="420">
                <color>ff008000</color>
                <colorMode>normal</colorMode>
                <scale>0.8</scale>
                <heading>0</heading>
                <Icon id="421">
                    <href>http://maps.google.com/mapfiles/kml/paddle/wht-circle.png</href>
                </Icon>
            </IconStyle>
        </Style>
        <Style id="424">
            <IconStyle id="425">
                <color>ff008000</color>
                <colorMode>normal</colorMode>
                <scale>0.8</scale>
                <heading>0</heading>
                <Icon id="426">
                    <href>http://maps.google.com/mapfiles/kml/paddle/wht-circle.png</href>
                </Icon>
            </IconStyle>
        </Style>
        <Style id="429">
            <IconStyle id="430">
                <color>ff008000</color>
                <colorMode>normal</colorMode>
                <scale>0.8</scale>
                <heading>0</heading>
                <Icon id="431">
                    <href>http://maps.google.com/mapfiles/kml/paddle/wht-circle.png</href>
                </Icon>
            </IconStyle>
        </Style>
        <Style id="434">
            <IconStyle id="435">
                <color>ff008000</color>
                <colorMode>normal</colorMode>
                <scale>0.8</scale>
                <heading>0</heading>
                <Icon id="436">
                    <href>http://maps.google.com/mapfiles/kml/paddle/wht-circle.png</href>
                </Icon>
            </IconStyle>
        </Style>
        <Style id="439">
            <IconStyle id="440">
                <color>ff008000</color>
                <colorMode>normal</colorMode>
                <scale>0.8</scale>
                <heading>0</heading>
                <Icon id="441">
                    <href>http://maps.google.com/mapfiles/kml/paddle/wht-circle.png</href>
                </Icon>
            </IconStyle>
        </Style>
        <Style id="444">
            <IconStyle id="445">
                <color>ff008000</color>
                <colorMode>normal</colorMode>
                <scale>0.8</scale>
                <heading>0</heading>
                <Icon id="446">
                    <href>http://maps.google.com/mapfiles/kml/paddle/wht-circle.png</href>
                </Icon>
            </IconStyle>
        </Style>
        <Style id="449">
            <IconStyle id="450">
                <color>ff008000</color>
                <colorMode>normal</colorMode>
                <scale>0.8</scale>
                <heading>0</heading>
                <Icon id="451">
                    <href>http://maps.google.com/mapfiles/kml/paddle/wht-circle.png</href>
                </Icon>
            </IconStyle>
        </Style>
        <Style id="454">
            <IconStyle id="455">
                <color>ff008000</color>
                <colorMode>normal</colorMode>
                <scale>0.8</scale>
                <heading>0</heading>
                <Icon id="456">
                    <href>http://maps.google.com/mapfiles/kml/paddle/wht-circle.png</href>
                </Icon>
            </IconStyle>
        </Style>
        <Style id="459">
            <IconStyle id="460">
                <color>ff008000</color>
                <colorMode>normal</colorMode>
                <scale>0.8</scale>
                <heading>0</heading>
                <Icon id="461">
                    <href>http://maps.google.com/mapfiles/kml/paddle/wht-circle.png</href>
                </Icon>
            </IconStyle>
        </Style>
        <Style id="464">
            <IconStyle id="465">
                <color>ff008000</color>
                <colorMode>normal</colorMode>
                <scale>0.8</scale>
                <heading>0</heading>
                <Icon id="466">
                    <href>http://maps.google.com/mapfiles/kml/paddle/wht-circle.png</href>
                </Icon>
            </IconStyle>
        </Style>
        <Style id="469">
            <IconStyle id="470">
                <color>ff008000</color>
                <colorMode>normal</colorMode>
                <scale>0.8</scale>
                <heading>0</heading>
                <Icon id="471">
                    <href>http://maps.google.com/mapfiles/kml/paddle/wht-circle.png</href>
                </Icon>
            </IconStyle>
        </Style>
        <Style id="474">
            <IconStyle id="475">
                <color>ff008000</color>
                <colorMode>normal</colorMode>
                <scale>0.8</scale>
                <heading>0</heading>
                <Icon id="476">
                    <href>http://maps.google.com/mapfiles/kml/paddle/wht-circle.png</href>
                </Icon>
            </IconStyle>
        </Style>
        <Style id="479">
            <IconStyle id="480">
                <color>ff008000</color>
                <colorMode>normal</colorMode>
                <scale>0.8</scale>
                <heading>0</heading>
                <Icon id="481">
                    <href>http://maps.google.com/mapfiles/kml/paddle/wht-circle.png</href>
                </Icon>
            </IconStyle>
        </Style>
        <Style id="484">
            <IconStyle id="485">
                <color>ff008000</color>
                <colorMode>normal</colorMode>
                <scale>0.8</scale>
                <heading>0</heading>
                <Icon id="486">
                    <href>http://maps.google.com/mapfiles/kml/paddle/wht-circle.png</href>
                </Icon>
            </IconStyle>
        </Style>
        <Style id="489">
            <IconStyle id="490">
                <color>ff008000</color>
                <colorMode>normal</colorMode>
                <scale>0.8</scale>
                <heading>0</heading>
                <Icon id="491">
                    <href>http://maps.google.com/mapfiles/kml/paddle/wht-circle.png</href>
                </Icon>
            </IconStyle>
        </Style>
        <Style id="494">
            <IconStyle id="495">
                <color>ff008000</color>
                <colorMode>normal</colorMode>
                <scale>0.8</scale>
                <heading>0</heading>
                <Icon id="496">
                    <href>http://maps.google.com/mapfiles/kml/paddle/wht-circle.png</href>
                </Icon>
            </IconStyle>
        </Style>
        <Style id="499">
            <IconStyle id="500">
                <color>ff008000</color>
                <colorMode>normal</colorMode>
                <scale>0.8</scale>
                <heading>0</heading>
                <Icon id="501">
                    <href>http://maps.google.com/mapfiles/kml/paddle/wht-circle.png</href>
                </Icon>
            </IconStyle>
        </Style>
        <Style id="504">
            <IconStyle id="505">
                <color>ff008000</color>
                <colorMode>normal</colorMode>
                <scale>0.8</scale>
                <heading>0</heading>
                <Icon id="506">
                    <href>http://maps.google.com/mapfiles/kml/paddle/wht-circle.png</href>
                </Icon>
            </IconStyle>
        </Style>
        <Style id="509">
            <IconStyle id="510">
                <color>ff008000</color>
                <colorMode>normal</colorMode>
                <scale>0.8</scale>
                <heading>0</heading>
                <Icon id="511">
                    <href>http://maps.google.com/mapfiles/kml/paddle/wht-circle.png</href>
                </Icon>
            </IconStyle>
        </Style>
        <Style id="514">
            <IconStyle id="515">
                <color>ff008000</color>
                <colorMode>normal</colorMode>
                <scale>0.8</scale>
                <heading>0</heading>
                <Icon id="516">
                    <href>http://maps.google.com/mapfiles/kml/paddle/wht-circle.png</href>
                </Icon>
            </IconStyle>
        </Style>
        <Style id="519">
            <IconStyle id="520">
                <color>ff008000</color>
                <colorMode>normal</colorMode>
                <scale>0.8</scale>
                <heading>0</heading>
                <Icon id="521">
                    <href>http://maps.google.com/mapfiles/kml/paddle/wht-circle.png</href>
                </Icon>
            </IconStyle>
        </Style>
        <Style id="524">
            <IconStyle id="525">
                <color>ff008000</color>
                <colorMode>normal</colorMode>
                <scale>0.8</scale>
                <heading>0</heading>
                <Icon id="526">
                    <href>http://maps.google.com/mapfiles/kml/paddle/wht-circle.png</href>
                </Icon>
            </IconStyle>
        </Style>
        <Style id="529">
            <IconStyle id="530">
                <color>ff008000</color>
                <colorMode>normal</colorMode>
                <scale>0.8</scale>
                <heading>0</heading>
                <Icon id="531">
                    <href>http://maps.google.com/mapfiles/kml/paddle/wht-circle.png</href>
                </Icon>
            </IconStyle>
        </Style>
        <Style id="534">
            <IconStyle id="535">
                <color>ff008000</color>
                <colorMode>normal</colorMode>
                <scale>0.8</scale>
                <heading>0</heading>
                <Icon id="536">
                    <href>http://maps.google.com/mapfiles/kml/paddle/wht-circle.png</href>
                </Icon>
            </IconStyle>
        </Style>
        <Style id="539">
            <IconStyle id="540">
                <color>ff008000</color>
                <colorMode>normal</colorMode>
                <scale>0.8</scale>
                <heading>0</heading>
                <Icon id="541">
                    <href>http://maps.google.com/mapfiles/kml/paddle/wht-circle.png</href>
                </Icon>
            </IconStyle>
        </Style>
        <Style id="544">
            <IconStyle id="545">
                <color>ff008000</color>
                <colorMode>normal</colorMode>
                <scale>0.8</scale>
                <heading>0</heading>
                <Icon id="546">
                    <href>http://maps.google.com/mapfiles/kml/paddle/wht-circle.png</href>
                </Icon>
            </IconStyle>
        </Style>
        <Style id="549">
            <IconStyle id="550">
                <color>ff008000</color>
                <colorMode>normal</colorMode>
                <scale>0.8</scale>
                <heading>0</heading>
                <Icon id="551">
                    <href>http://maps.google.com/mapfiles/kml/paddle/wht-circle.png</href>
                </Icon>
            </IconStyle>
        </Style>
        <Style id="554">
            <IconStyle id="555">
                <color>ff008000</color>
                <colorMode>normal</colorMode>
                <scale>0.8</scale>
                <heading>0</heading>
                <Icon id="556">
                    <href>http://maps.google.com/mapfiles/kml/paddle/wht-circle.png</href>
                </Icon>
            </IconStyle>
        </Style>
        <Style id="559">
            <IconStyle id="560">
                <color>ff008000</color>
                <colorMode>normal</colorMode>
                <scale>0.8</scale>
                <heading>0</heading>
                <Icon id="561">
                    <href>http://maps.google.com/mapfiles/kml/paddle/wht-circle.png</href>
                </Icon>
            </IconStyle>
        </Style>
        <Style id="564">
            <IconStyle id="565">
                <color>ff008000</color>
                <colorMode>normal</colorMode>
                <scale>0.8</scale>
                <heading>0</heading>
                <Icon id="566">
                    <href>http://maps.google.com/mapfiles/kml/paddle/wht-circle.png</href>
                </Icon>
            </IconStyle>
        </Style>
        <Style id="569">
            <IconStyle id="570">
                <color>ff008000</color>
                <colorMode>normal</colorMode>
                <scale>0.8</scale>
                <heading>0</heading>
                <Icon id="571">
                    <href>http://maps.google.com/mapfiles/kml/paddle/wht-circle.png</href>
                </Icon>
            </IconStyle>
        </Style>
        <Style id="574">
            <IconStyle id="575">
                <color>ff008000</color>
                <colorMode>normal</colorMode>
                <scale>0.8</scale>
                <heading>0</heading>
                <Icon id="576">
                    <href>http://maps.google.com/mapfiles/kml/paddle/wht-circle.png</href>
                </Icon>
            </IconStyle>
        </Style>
        <Style id="579">
            <IconStyle id="580">
                <color>ff008000</color>
                <colorMode>normal</colorMode>
                <scale>0.8</scale>
                <heading>0</heading>
                <Icon id="581">
                    <href>http://maps.google.com/mapfiles/kml/paddle/wht-circle.png</href>
                </Icon>
            </IconStyle>
        </Style>
        <Style id="584">
            <IconStyle id="585">
                <color>ff008000</color>
                <colorMode>normal</colorMode>
                <scale>0.8</scale>
                <heading>0</heading>
                <Icon id="586">
                    <href>http://maps.google.com/mapfiles/kml/paddle/wht-circle.png</href>
                </Icon>
            </IconStyle>
        </Style>
        <Style id="589">
            <IconStyle id="590">
                <color>ff008000</color>
                <colorMode>normal</colorMode>
                <scale>0.8</scale>
                <heading>0</heading>
                <Icon id="591">
                    <href>http://maps.google.com/mapfiles/kml/paddle/wht-circle.png</href>
                </Icon>
            </IconStyle>
        </Style>
        <Style id="594">
            <IconStyle id="595">
                <color>ff008000</color>
                <colorMode>normal</colorMode>
                <scale>0.8</scale>
                <heading>0</heading>
                <Icon id="596">
                    <href>http://maps.google.com/mapfiles/kml/paddle/wht-circle.png</href>
                </Icon>
            </IconStyle>
        </Style>
        <Style id="599">
            <IconStyle id="600">
                <color>ff008000</color>
                <colorMode>normal</colorMode>
                <scale>0.8</scale>
                <heading>0</heading>
                <Icon id="601">
                    <href>http://maps.google.com/mapfiles/kml/paddle/wht-circle.png</href>
                </Icon>
            </IconStyle>
        </Style>
        <Style id="604">
            <IconStyle id="605">
                <color>ff008000</color>
                <colorMode>normal</colorMode>
                <scale>0.8</scale>
                <heading>0</heading>
                <Icon id="606">
                    <href>http://maps.google.com/mapfiles/kml/paddle/wht-circle.png</href>
                </Icon>
            </IconStyle>
        </Style>
        <Style id="609">
            <IconStyle id="610">
                <color>ff008000</color>
                <colorMode>normal</colorMode>
                <scale>0.8</scale>
                <heading>0</heading>
                <Icon id="611">
                    <href>http://maps.google.com/mapfiles/kml/paddle/wht-circle.png</href>
                </Icon>
            </IconStyle>
        </Style>
        <Style id="614">
            <IconStyle id="615">
                <color>ff008000</color>
                <colorMode>normal</colorMode>
                <scale>0.8</scale>
                <heading>0</heading>
                <Icon id="616">
                    <href>http://maps.google.com/mapfiles/kml/paddle/wht-circle.png</href>
                </Icon>
            </IconStyle>
        </Style>
        <Style id="619">
            <IconStyle id="620">
                <color>ff008000</color>
                <colorMode>normal</colorMode>
                <scale>0.8</scale>
                <heading>0</heading>
                <Icon id="621">
                    <href>http://maps.google.com/mapfiles/kml/paddle/wht-circle.png</href>
                </Icon>
            </IconStyle>
        </Style>
        <Style id="624">
            <IconStyle id="625">
                <color>ff008000</color>
                <colorMode>normal</colorMode>
                <scale>0.8</scale>
                <heading>0</heading>
                <Icon id="626">
                    <href>http://maps.google.com/mapfiles/kml/paddle/wht-circle.png</href>
                </Icon>
            </IconStyle>
        </Style>
        <Style id="629">
            <IconStyle id="630">
                <color>ff008000</color>
                <colorMode>normal</colorMode>
                <scale>0.8</scale>
                <heading>0</heading>
                <Icon id="631">
                    <href>http://maps.google.com/mapfiles/kml/paddle/wht-circle.png</href>
                </Icon>
            </IconStyle>
        </Style>
        <Style id="634">
            <IconStyle id="635">
                <color>ff008000</color>
                <colorMode>normal</colorMode>
                <scale>0.8</scale>
                <heading>0</heading>
                <Icon id="636">
                    <href>http://maps.google.com/mapfiles/kml/paddle/wht-circle.png</href>
                </Icon>
            </IconStyle>
        </Style>
        <Style id="639">
            <IconStyle id="640">
                <color>ff008000</color>
                <colorMode>normal</colorMode>
                <scale>0.8</scale>
                <heading>0</heading>
                <Icon id="641">
                    <href>http://maps.google.com/mapfiles/kml/paddle/wht-circle.png</href>
                </Icon>
            </IconStyle>
        </Style>
        <Style id="644">
            <IconStyle id="645">
                <color>ff008000</color>
                <colorMode>normal</colorMode>
                <scale>0.8</scale>
                <heading>0</heading>
                <Icon id="646">
                    <href>http://maps.google.com/mapfiles/kml/paddle/wht-circle.png</href>
                </Icon>
            </IconStyle>
        </Style>
        <Style id="649">
            <IconStyle id="650">
                <color>ff008000</color>
                <colorMode>normal</colorMode>
                <scale>0.8</scale>
                <heading>0</heading>
                <Icon id="651">
                    <href>http://maps.google.com/mapfiles/kml/paddle/wht-circle.png</href>
                </Icon>
            </IconStyle>
        </Style>
        <Style id="654">
            <IconStyle id="655">
                <color>ff008000</color>
                <colorMode>normal</colorMode>
                <scale>0.8</scale>
                <heading>0</heading>
                <Icon id="656">
                    <href>http://maps.google.com/mapfiles/kml/paddle/wht-circle.png</href>
                </Icon>
            </IconStyle>
        </Style>
        <Style id="659">
            <IconStyle id="660">
                <color>ff008000</color>
                <colorMode>normal</colorMode>
                <scale>0.8</scale>
                <heading>0</heading>
                <Icon id="661">
                    <href>http://maps.google.com/mapfiles/kml/paddle/wht-circle.png</href>
                </Icon>
            </IconStyle>
        </Style>
        <Style id="664">
            <IconStyle id="665">
                <color>ff008000</color>
                <colorMode>normal</colorMode>
                <scale>0.8</scale>
                <heading>0</heading>
                <Icon id="666">
                    <href>http://maps.google.com/mapfiles/kml/paddle/wht-circle.png</href>
                </Icon>
            </IconStyle>
        </Style>
        <Style id="669">
            <IconStyle id="670">
                <color>ff008000</color>
                <colorMode>normal</colorMode>
                <scale>0.8</scale>
                <heading>0</heading>
                <Icon id="671">
                    <href>http://maps.google.com/mapfiles/kml/paddle/wht-circle.png</href>
                </Icon>
            </IconStyle>
        </Style>
        <Style id="674">
            <IconStyle id="675">
                <color>ff008000</color>
                <colorMode>normal</colorMode>
                <scale>0.8</scale>
                <heading>0</heading>
                <Icon id="676">
                    <href>http://maps.google.com/mapfiles/kml/paddle/wht-circle.png</href>
                </Icon>
            </IconStyle>
        </Style>
        <Style id="679">
            <IconStyle id="680">
                <color>ff008000</color>
                <colorMode>normal</colorMode>
                <scale>0.8</scale>
                <heading>0</heading>
                <Icon id="681">
                    <href>http://maps.google.com/mapfiles/kml/paddle/wht-circle.png</href>
                </Icon>
            </IconStyle>
        </Style>
        <Style id="684">
            <IconStyle id="685">
                <color>ff008000</color>
                <colorMode>normal</colorMode>
                <scale>0.8</scale>
                <heading>0</heading>
                <Icon id="686">
                    <href>http://maps.google.com/mapfiles/kml/paddle/wht-circle.png</href>
                </Icon>
            </IconStyle>
        </Style>
        <Style id="689">
            <IconStyle id="690">
                <color>ff008000</color>
                <colorMode>normal</colorMode>
                <scale>0.8</scale>
                <heading>0</heading>
                <Icon id="691">
                    <href>http://maps.google.com/mapfiles/kml/paddle/wht-circle.png</href>
                </Icon>
            </IconStyle>
        </Style>
        <Style id="694">
            <IconStyle id="695">
                <color>ff008000</color>
                <colorMode>normal</colorMode>
                <scale>0.8</scale>
                <heading>0</heading>
                <Icon id="696">
                    <href>http://maps.google.com/mapfiles/kml/paddle/wht-circle.png</href>
                </Icon>
            </IconStyle>
        </Style>
        <Style id="699">
            <IconStyle id="700">
                <color>ff008000</color>
                <colorMode>normal</colorMode>
                <scale>0.8</scale>
                <heading>0</heading>
                <Icon id="701">
                    <href>http://maps.google.com/mapfiles/kml/paddle/wht-circle.png</href>
                </Icon>
            </IconStyle>
        </Style>
        <Style id="704">
            <IconStyle id="705">
                <color>ff008000</color>
                <colorMode>normal</colorMode>
                <scale>0.8</scale>
                <heading>0</heading>
                <Icon id="706">
                    <href>http://maps.google.com/mapfiles/kml/paddle/wht-circle.png</href>
                </Icon>
            </IconStyle>
        </Style>
        <Style id="709">
            <IconStyle id="710">
                <color>ff008000</color>
                <colorMode>normal</colorMode>
                <scale>0.8</scale>
                <heading>0</heading>
                <Icon id="711">
                    <href>http://maps.google.com/mapfiles/kml/paddle/wht-circle.png</href>
                </Icon>
            </IconStyle>
        </Style>
        <Style id="714">
            <IconStyle id="715">
                <color>ff008000</color>
                <colorMode>normal</colorMode>
                <scale>0.8</scale>
                <heading>0</heading>
                <Icon id="716">
                    <href>http://maps.google.com/mapfiles/kml/paddle/wht-circle.png</href>
                </Icon>
            </IconStyle>
        </Style>
        <Style id="719">
            <IconStyle id="720">
                <color>ff008000</color>
                <colorMode>normal</colorMode>
                <scale>0.8</scale>
                <heading>0</heading>
                <Icon id="721">
                    <href>http://maps.google.com/mapfiles/kml/paddle/wht-circle.png</href>
                </Icon>
            </IconStyle>
        </Style>
        <Style id="724">
            <IconStyle id="725">
                <color>ff008000</color>
                <colorMode>normal</colorMode>
                <scale>0.8</scale>
                <heading>0</heading>
                <Icon id="726">
                    <href>http://maps.google.com/mapfiles/kml/paddle/wht-circle.png</href>
                </Icon>
            </IconStyle>
        </Style>
        <Style id="729">
            <IconStyle id="730">
                <color>ff008000</color>
                <colorMode>normal</colorMode>
                <scale>0.8</scale>
                <heading>0</heading>
                <Icon id="731">
                    <href>http://maps.google.com/mapfiles/kml/paddle/wht-circle.png</href>
                </Icon>
            </IconStyle>
        </Style>
        <Style id="734">
            <IconStyle id="735">
                <color>ff008000</color>
                <colorMode>normal</colorMode>
                <scale>0.8</scale>
                <heading>0</heading>
                <Icon id="736">
                    <href>http://maps.google.com/mapfiles/kml/paddle/wht-circle.png</href>
                </Icon>
            </IconStyle>
        </Style>
        <Style id="739">
            <IconStyle id="740">
                <color>ff008000</color>
                <colorMode>normal</colorMode>
                <scale>0.8</scale>
                <heading>0</heading>
                <Icon id="741">
                    <href>http://maps.google.com/mapfiles/kml/paddle/wht-circle.png</href>
                </Icon>
            </IconStyle>
        </Style>
        <Style id="744">
            <IconStyle id="745">
                <color>ff008000</color>
                <colorMode>normal</colorMode>
                <scale>0.8</scale>
                <heading>0</heading>
                <Icon id="746">
                    <href>http://maps.google.com/mapfiles/kml/paddle/wht-circle.png</href>
                </Icon>
            </IconStyle>
        </Style>
        <Style id="749">
            <IconStyle id="750">
                <color>ff008000</color>
                <colorMode>normal</colorMode>
                <scale>0.8</scale>
                <heading>0</heading>
                <Icon id="751">
                    <href>http://maps.google.com/mapfiles/kml/paddle/wht-circle.png</href>
                </Icon>
            </IconStyle>
        </Style>
        <Style id="754">
            <IconStyle id="755">
                <color>ff008000</color>
                <colorMode>normal</colorMode>
                <scale>0.8</scale>
                <heading>0</heading>
                <Icon id="756">
                    <href>http://maps.google.com/mapfiles/kml/paddle/wht-circle.png</href>
                </Icon>
            </IconStyle>
        </Style>
        <Style id="759">
            <IconStyle id="760">
                <color>ff008000</color>
                <colorMode>normal</colorMode>
                <scale>0.8</scale>
                <heading>0</heading>
                <Icon id="761">
                    <href>http://maps.google.com/mapfiles/kml/paddle/wht-circle.png</href>
                </Icon>
            </IconStyle>
        </Style>
        <Style id="764">
            <IconStyle id="765">
                <color>ff008000</color>
                <colorMode>normal</colorMode>
                <scale>0.8</scale>
                <heading>0</heading>
                <Icon id="766">
                    <href>http://maps.google.com/mapfiles/kml/paddle/wht-circle.png</href>
                </Icon>
            </IconStyle>
        </Style>
        <Style id="769">
            <IconStyle id="770">
                <color>ff008000</color>
                <colorMode>normal</colorMode>
                <scale>0.8</scale>
                <heading>0</heading>
                <Icon id="771">
                    <href>http://maps.google.com/mapfiles/kml/paddle/wht-circle.png</href>
                </Icon>
            </IconStyle>
        </Style>
        <Style id="774">
            <IconStyle id="775">
                <color>ff008000</color>
                <colorMode>normal</colorMode>
                <scale>0.8</scale>
                <heading>0</heading>
                <Icon id="776">
                    <href>http://maps.google.com/mapfiles/kml/paddle/wht-circle.png</href>
                </Icon>
            </IconStyle>
        </Style>
        <Style id="779">
            <IconStyle id="780">
                <color>ff008000</color>
                <colorMode>normal</colorMode>
                <scale>0.8</scale>
                <heading>0</heading>
                <Icon id="781">
                    <href>http://maps.google.com/mapfiles/kml/paddle/wht-circle.png</href>
                </Icon>
            </IconStyle>
        </Style>
        <Style id="784">
            <IconStyle id="785">
                <color>ff008000</color>
                <colorMode>normal</colorMode>
                <scale>0.8</scale>
                <heading>0</heading>
                <Icon id="786">
                    <href>http://maps.google.com/mapfiles/kml/paddle/wht-circle.png</href>
                </Icon>
            </IconStyle>
        </Style>
        <Style id="789">
            <IconStyle id="790">
                <color>ff008000</color>
                <colorMode>normal</colorMode>
                <scale>0.8</scale>
                <heading>0</heading>
                <Icon id="791">
                    <href>http://maps.google.com/mapfiles/kml/paddle/wht-circle.png</href>
                </Icon>
            </IconStyle>
        </Style>
        <Style id="794">
            <IconStyle id="795">
                <color>ff008000</color>
                <colorMode>normal</colorMode>
                <scale>0.8</scale>
                <heading>0</heading>
                <Icon id="796">
                    <href>http://maps.google.com/mapfiles/kml/paddle/wht-circle.png</href>
                </Icon>
            </IconStyle>
        </Style>
        <Style id="799">
            <IconStyle id="800">
                <color>ff008000</color>
                <colorMode>normal</colorMode>
                <scale>0.8</scale>
                <heading>0</heading>
                <Icon id="801">
                    <href>http://maps.google.com/mapfiles/kml/paddle/wht-circle.png</href>
                </Icon>
            </IconStyle>
        </Style>
        <Style id="804">
            <IconStyle id="805">
                <color>ff008000</color>
                <colorMode>normal</colorMode>
                <scale>0.8</scale>
                <heading>0</heading>
                <Icon id="806">
                    <href>http://maps.google.com/mapfiles/kml/paddle/wht-circle.png</href>
                </Icon>
            </IconStyle>
        </Style>
        <Style id="809">
            <IconStyle id="810">
                <color>ff008000</color>
                <colorMode>normal</colorMode>
                <scale>0.8</scale>
                <heading>0</heading>
                <Icon id="811">
                    <href>http://maps.google.com/mapfiles/kml/paddle/wht-circle.png</href>
                </Icon>
            </IconStyle>
        </Style>
        <Style id="814">
            <IconStyle id="815">
                <color>ff008000</color>
                <colorMode>normal</colorMode>
                <scale>0.8</scale>
                <heading>0</heading>
                <Icon id="816">
                    <href>http://maps.google.com/mapfiles/kml/paddle/wht-circle.png</href>
                </Icon>
            </IconStyle>
        </Style>
        <Style id="819">
            <IconStyle id="820">
                <color>ff008000</color>
                <colorMode>normal</colorMode>
                <scale>0.8</scale>
                <heading>0</heading>
                <Icon id="821">
                    <href>http://maps.google.com/mapfiles/kml/paddle/wht-circle.png</href>
                </Icon>
            </IconStyle>
        </Style>
        <Style id="824">
            <IconStyle id="825">
                <color>ff008000</color>
                <colorMode>normal</colorMode>
                <scale>0.8</scale>
                <heading>0</heading>
                <Icon id="826">
                    <href>http://maps.google.com/mapfiles/kml/paddle/wht-circle.png</href>
                </Icon>
            </IconStyle>
        </Style>
        <Style id="829">
            <IconStyle id="830">
                <color>ff008000</color>
                <colorMode>normal</colorMode>
                <scale>0.8</scale>
                <heading>0</heading>
                <Icon id="831">
                    <href>http://maps.google.com/mapfiles/kml/paddle/wht-circle.png</href>
                </Icon>
            </IconStyle>
        </Style>
        <Style id="834">
            <IconStyle id="835">
                <color>ff008000</color>
                <colorMode>normal</colorMode>
                <scale>0.8</scale>
                <heading>0</heading>
                <Icon id="836">
                    <href>http://maps.google.com/mapfiles/kml/paddle/wht-circle.png</href>
                </Icon>
            </IconStyle>
        </Style>
        <Style id="839">
            <IconStyle id="840">
                <color>ff008000</color>
                <colorMode>normal</colorMode>
                <scale>0.8</scale>
                <heading>0</heading>
                <Icon id="841">
                    <href>http://maps.google.com/mapfiles/kml/paddle/wht-circle.png</href>
                </Icon>
            </IconStyle>
        </Style>
        <Style id="844">
            <IconStyle id="845">
                <color>ff008000</color>
                <colorMode>normal</colorMode>
                <scale>0.8</scale>
                <heading>0</heading>
                <Icon id="846">
                    <href>http://maps.google.com/mapfiles/kml/paddle/wht-circle.png</href>
                </Icon>
            </IconStyle>
        </Style>
        <Style id="849">
            <IconStyle id="850">
                <color>ff008000</color>
                <colorMode>normal</colorMode>
                <scale>0.8</scale>
                <heading>0</heading>
                <Icon id="851">
                    <href>http://maps.google.com/mapfiles/kml/paddle/wht-circle.png</href>
                </Icon>
            </IconStyle>
        </Style>
        <Style id="854">
            <IconStyle id="855">
                <color>ff008000</color>
                <colorMode>normal</colorMode>
                <scale>0.8</scale>
                <heading>0</heading>
                <Icon id="856">
                    <href>http://maps.google.com/mapfiles/kml/paddle/wht-circle.png</href>
                </Icon>
            </IconStyle>
        </Style>
        <Style id="859">
            <IconStyle id="860">
                <color>ff008000</color>
                <colorMode>normal</colorMode>
                <scale>0.8</scale>
                <heading>0</heading>
                <Icon id="861">
                    <href>http://maps.google.com/mapfiles/kml/paddle/wht-circle.png</href>
                </Icon>
            </IconStyle>
        </Style>
        <Style id="864">
            <IconStyle id="865">
                <color>ff008000</color>
                <colorMode>normal</colorMode>
                <scale>0.8</scale>
                <heading>0</heading>
                <Icon id="866">
                    <href>http://maps.google.com/mapfiles/kml/paddle/wht-circle.png</href>
                </Icon>
            </IconStyle>
        </Style>
        <Style id="869">
            <IconStyle id="870">
                <color>ff008000</color>
                <colorMode>normal</colorMode>
                <scale>0.8</scale>
                <heading>0</heading>
                <Icon id="871">
                    <href>http://maps.google.com/mapfiles/kml/paddle/wht-circle.png</href>
                </Icon>
            </IconStyle>
        </Style>
        <Style id="874">
            <IconStyle id="875">
                <color>ff008000</color>
                <colorMode>normal</colorMode>
                <scale>0.8</scale>
                <heading>0</heading>
                <Icon id="876">
                    <href>http://maps.google.com/mapfiles/kml/paddle/wht-circle.png</href>
                </Icon>
            </IconStyle>
        </Style>
        <Style id="879">
            <IconStyle id="880">
                <color>ff008000</color>
                <colorMode>normal</colorMode>
                <scale>0.8</scale>
                <heading>0</heading>
                <Icon id="881">
                    <href>http://maps.google.com/mapfiles/kml/paddle/wht-circle.png</href>
                </Icon>
            </IconStyle>
        </Style>
        <Style id="884">
            <IconStyle id="885">
                <color>ff008000</color>
                <colorMode>normal</colorMode>
                <scale>0.8</scale>
                <heading>0</heading>
                <Icon id="886">
                    <href>http://maps.google.com/mapfiles/kml/paddle/wht-circle.png</href>
                </Icon>
            </IconStyle>
        </Style>
        <Style id="889">
            <IconStyle id="890">
                <color>ff008000</color>
                <colorMode>normal</colorMode>
                <scale>0.8</scale>
                <heading>0</heading>
                <Icon id="891">
                    <href>http://maps.google.com/mapfiles/kml/paddle/wht-circle.png</href>
                </Icon>
            </IconStyle>
        </Style>
        <Style id="894">
            <IconStyle id="895">
                <color>ff008000</color>
                <colorMode>normal</colorMode>
                <scale>0.8</scale>
                <heading>0</heading>
                <Icon id="896">
                    <href>http://maps.google.com/mapfiles/kml/paddle/wht-circle.png</href>
                </Icon>
            </IconStyle>
        </Style>
        <Style id="899">
            <IconStyle id="900">
                <color>ff008000</color>
                <colorMode>normal</colorMode>
                <scale>0.8</scale>
                <heading>0</heading>
                <Icon id="901">
                    <href>http://maps.google.com/mapfiles/kml/paddle/wht-circle.png</href>
                </Icon>
            </IconStyle>
        </Style>
        <Style id="904">
            <IconStyle id="905">
                <color>ff008000</color>
                <colorMode>normal</colorMode>
                <scale>0.8</scale>
                <heading>0</heading>
                <Icon id="906">
                    <href>http://maps.google.com/mapfiles/kml/paddle/wht-circle.png</href>
                </Icon>
            </IconStyle>
        </Style>
        <Style id="909">
            <IconStyle id="910">
                <color>ff008000</color>
                <colorMode>normal</colorMode>
                <scale>0.8</scale>
                <heading>0</heading>
                <Icon id="911">
                    <href>http://maps.google.com/mapfiles/kml/paddle/wht-circle.png</href>
                </Icon>
            </IconStyle>
        </Style>
        <Style id="914">
            <IconStyle id="915">
                <color>ff008000</color>
                <colorMode>normal</colorMode>
                <scale>0.8</scale>
                <heading>0</heading>
                <Icon id="916">
                    <href>http://maps.google.com/mapfiles/kml/paddle/wht-circle.png</href>
                </Icon>
            </IconStyle>
        </Style>
        <Style id="919">
            <IconStyle id="920">
                <color>ff008000</color>
                <colorMode>normal</colorMode>
                <scale>0.8</scale>
                <heading>0</heading>
                <Icon id="921">
                    <href>http://maps.google.com/mapfiles/kml/paddle/wht-circle.png</href>
                </Icon>
            </IconStyle>
        </Style>
        <Style id="924">
            <IconStyle id="925">
                <color>ff008000</color>
                <colorMode>normal</colorMode>
                <scale>0.8</scale>
                <heading>0</heading>
                <Icon id="926">
                    <href>http://maps.google.com/mapfiles/kml/paddle/wht-circle.png</href>
                </Icon>
            </IconStyle>
        </Style>
        <Style id="929">
            <IconStyle id="930">
                <color>ff008000</color>
                <colorMode>normal</colorMode>
                <scale>0.8</scale>
                <heading>0</heading>
                <Icon id="931">
                    <href>http://maps.google.com/mapfiles/kml/paddle/wht-circle.png</href>
                </Icon>
            </IconStyle>
        </Style>
        <Style id="934">
            <IconStyle id="935">
                <color>ff008000</color>
                <colorMode>normal</colorMode>
                <scale>0.8</scale>
                <heading>0</heading>
                <Icon id="936">
                    <href>http://maps.google.com/mapfiles/kml/paddle/wht-circle.png</href>
                </Icon>
            </IconStyle>
        </Style>
        <Style id="939">
            <IconStyle id="940">
                <color>ff008000</color>
                <colorMode>normal</colorMode>
                <scale>0.8</scale>
                <heading>0</heading>
                <Icon id="941">
                    <href>http://maps.google.com/mapfiles/kml/paddle/wht-circle.png</href>
                </Icon>
            </IconStyle>
        </Style>
        <Style id="944">
            <IconStyle id="945">
                <color>ff008000</color>
                <colorMode>normal</colorMode>
                <scale>0.8</scale>
                <heading>0</heading>
                <Icon id="946">
                    <href>http://maps.google.com/mapfiles/kml/paddle/wht-circle.png</href>
                </Icon>
            </IconStyle>
        </Style>
        <Style id="949">
            <IconStyle id="950">
                <color>ff008000</color>
                <colorMode>normal</colorMode>
                <scale>0.8</scale>
                <heading>0</heading>
                <Icon id="951">
                    <href>http://maps.google.com/mapfiles/kml/paddle/wht-circle.png</href>
                </Icon>
            </IconStyle>
        </Style>
        <Style id="954">
            <IconStyle id="955">
                <color>ff008000</color>
                <colorMode>normal</colorMode>
                <scale>0.8</scale>
                <heading>0</heading>
                <Icon id="956">
                    <href>http://maps.google.com/mapfiles/kml/paddle/wht-circle.png</href>
                </Icon>
            </IconStyle>
        </Style>
        <Style id="959">
            <IconStyle id="960">
                <color>ff008000</color>
                <colorMode>normal</colorMode>
                <scale>0.8</scale>
                <heading>0</heading>
                <Icon id="961">
                    <href>http://maps.google.com/mapfiles/kml/paddle/wht-circle.png</href>
                </Icon>
            </IconStyle>
        </Style>
        <Style id="964">
            <IconStyle id="965">
                <color>ff008000</color>
                <colorMode>normal</colorMode>
                <scale>0.8</scale>
                <heading>0</heading>
                <Icon id="966">
                    <href>http://maps.google.com/mapfiles/kml/paddle/wht-circle.png</href>
                </Icon>
            </IconStyle>
        </Style>
        <Style id="969">
            <IconStyle id="970">
                <color>ff008000</color>
                <colorMode>normal</colorMode>
                <scale>0.8</scale>
                <heading>0</heading>
                <Icon id="971">
                    <href>http://maps.google.com/mapfiles/kml/paddle/wht-circle.png</href>
                </Icon>
            </IconStyle>
        </Style>
        <Style id="974">
            <IconStyle id="975">
                <color>ff008000</color>
                <colorMode>normal</colorMode>
                <scale>0.8</scale>
                <heading>0</heading>
                <Icon id="976">
                    <href>http://maps.google.com/mapfiles/kml/paddle/wht-circle.png</href>
                </Icon>
            </IconStyle>
        </Style>
        <Style id="979">
            <IconStyle id="980">
                <color>ff008000</color>
                <colorMode>normal</colorMode>
                <scale>0.8</scale>
                <heading>0</heading>
                <Icon id="981">
                    <href>http://maps.google.com/mapfiles/kml/paddle/wht-circle.png</href>
                </Icon>
            </IconStyle>
        </Style>
        <Style id="984">
            <IconStyle id="985">
                <color>ff008000</color>
                <colorMode>normal</colorMode>
                <scale>0.8</scale>
                <heading>0</heading>
                <Icon id="986">
                    <href>http://maps.google.com/mapfiles/kml/paddle/wht-circle.png</href>
                </Icon>
            </IconStyle>
        </Style>
        <Style id="989">
            <IconStyle id="990">
                <color>ff008000</color>
                <colorMode>normal</colorMode>
                <scale>0.8</scale>
                <heading>0</heading>
                <Icon id="991">
                    <href>http://maps.google.com/mapfiles/kml/paddle/wht-circle.png</href>
                </Icon>
            </IconStyle>
        </Style>
        <Style id="994">
            <IconStyle id="995">
                <color>ff008000</color>
                <colorMode>normal</colorMode>
                <scale>0.8</scale>
                <heading>0</heading>
                <Icon id="996">
                    <href>http://maps.google.com/mapfiles/kml/paddle/wht-circle.png</href>
                </Icon>
            </IconStyle>
        </Style>
        <Style id="999">
            <IconStyle id="1000">
                <color>ff008000</color>
                <colorMode>normal</colorMode>
                <scale>0.8</scale>
                <heading>0</heading>
                <Icon id="1001">
                    <href>http://maps.google.com/mapfiles/kml/paddle/wht-circle.png</href>
                </Icon>
            </IconStyle>
        </Style>
        <Style id="1004">
            <IconStyle id="1005">
                <color>ff008000</color>
                <colorMode>normal</colorMode>
                <scale>0.8</scale>
                <heading>0</heading>
                <Icon id="1006">
                    <href>http://maps.google.com/mapfiles/kml/paddle/wht-circle.png</href>
                </Icon>
            </IconStyle>
        </Style>
        <Style id="1009">
            <IconStyle id="1010">
                <color>ff008000</color>
                <colorMode>normal</colorMode>
                <scale>0.8</scale>
                <heading>0</heading>
                <Icon id="1011">
                    <href>http://maps.google.com/mapfiles/kml/paddle/wht-circle.png</href>
                </Icon>
            </IconStyle>
        </Style>
        <Style id="1014">
            <IconStyle id="1015">
                <color>ff008000</color>
                <colorMode>normal</colorMode>
                <scale>0.8</scale>
                <heading>0</heading>
                <Icon id="1016">
                    <href>http://maps.google.com/mapfiles/kml/paddle/wht-circle.png</href>
                </Icon>
            </IconStyle>
        </Style>
        <Style id="1019">
            <IconStyle id="1020">
                <color>ff008000</color>
                <colorMode>normal</colorMode>
                <scale>0.8</scale>
                <heading>0</heading>
                <Icon id="1021">
                    <href>http://maps.google.com/mapfiles/kml/paddle/wht-circle.png</href>
                </Icon>
            </IconStyle>
        </Style>
        <Style id="1024">
            <IconStyle id="1025">
                <color>ff008000</color>
                <colorMode>normal</colorMode>
                <scale>0.8</scale>
                <heading>0</heading>
                <Icon id="1026">
                    <href>http://maps.google.com/mapfiles/kml/paddle/wht-circle.png</href>
                </Icon>
            </IconStyle>
        </Style>
        <Style id="1029">
            <IconStyle id="1030">
                <color>ff008000</color>
                <colorMode>normal</colorMode>
                <scale>0.8</scale>
                <heading>0</heading>
                <Icon id="1031">
                    <href>http://maps.google.com/mapfiles/kml/paddle/wht-circle.png</href>
                </Icon>
            </IconStyle>
        </Style>
        <Style id="1034">
            <IconStyle id="1035">
                <color>ff008000</color>
                <colorMode>normal</colorMode>
                <scale>0.8</scale>
                <heading>0</heading>
                <Icon id="1036">
                    <href>http://maps.google.com/mapfiles/kml/paddle/wht-circle.png</href>
                </Icon>
            </IconStyle>
        </Style>
        <Style id="1039">
            <IconStyle id="1040">
                <color>ff008000</color>
                <colorMode>normal</colorMode>
                <scale>0.8</scale>
                <heading>0</heading>
                <Icon id="1041">
                    <href>http://maps.google.com/mapfiles/kml/paddle/wht-circle.png</href>
                </Icon>
            </IconStyle>
        </Style>
        <Style id="1044">
            <IconStyle id="1045">
                <color>ff008000</color>
                <colorMode>normal</colorMode>
                <scale>0.8</scale>
                <heading>0</heading>
                <Icon id="1046">
                    <href>http://maps.google.com/mapfiles/kml/paddle/wht-circle.png</href>
                </Icon>
            </IconStyle>
        </Style>
        <Style id="1049">
            <IconStyle id="1050">
                <color>ff008000</color>
                <colorMode>normal</colorMode>
                <scale>0.8</scale>
                <heading>0</heading>
                <Icon id="1051">
                    <href>http://maps.google.com/mapfiles/kml/paddle/wht-circle.png</href>
                </Icon>
            </IconStyle>
        </Style>
        <Style id="1054">
            <IconStyle id="1055">
                <color>ff008000</color>
                <colorMode>normal</colorMode>
                <scale>0.8</scale>
                <heading>0</heading>
                <Icon id="1056">
                    <href>http://maps.google.com/mapfiles/kml/paddle/wht-circle.png</href>
                </Icon>
            </IconStyle>
        </Style>
        <Style id="1059">
            <IconStyle id="1060">
                <color>ff008000</color>
                <colorMode>normal</colorMode>
                <scale>0.8</scale>
                <heading>0</heading>
                <Icon id="1061">
                    <href>http://maps.google.com/mapfiles/kml/paddle/wht-circle.png</href>
                </Icon>
            </IconStyle>
        </Style>
        <Style id="1064">
            <IconStyle id="1065">
                <color>ff008000</color>
                <colorMode>normal</colorMode>
                <scale>0.8</scale>
                <heading>0</heading>
                <Icon id="1066">
                    <href>http://maps.google.com/mapfiles/kml/paddle/wht-circle.png</href>
                </Icon>
            </IconStyle>
        </Style>
        <Style id="1069">
            <IconStyle id="1070">
                <color>ff008000</color>
                <colorMode>normal</colorMode>
                <scale>0.8</scale>
                <heading>0</heading>
                <Icon id="1071">
                    <href>http://maps.google.com/mapfiles/kml/paddle/wht-circle.png</href>
                </Icon>
            </IconStyle>
        </Style>
        <Style id="1074">
            <IconStyle id="1075">
                <color>ff008000</color>
                <colorMode>normal</colorMode>
                <scale>0.8</scale>
                <heading>0</heading>
                <Icon id="1076">
                    <href>http://maps.google.com/mapfiles/kml/paddle/wht-circle.png</href>
                </Icon>
            </IconStyle>
        </Style>
        <Style id="1079">
            <IconStyle id="1080">
                <color>ff008000</color>
                <colorMode>normal</colorMode>
                <scale>0.8</scale>
                <heading>0</heading>
                <Icon id="1081">
                    <href>http://maps.google.com/mapfiles/kml/paddle/wht-circle.png</href>
                </Icon>
            </IconStyle>
        </Style>
        <Style id="1084">
            <IconStyle id="1085">
                <color>ff008000</color>
                <colorMode>normal</colorMode>
                <scale>0.8</scale>
                <heading>0</heading>
                <Icon id="1086">
                    <href>http://maps.google.com/mapfiles/kml/paddle/wht-circle.png</href>
                </Icon>
            </IconStyle>
        </Style>
        <Style id="1089">
            <IconStyle id="1090">
                <color>ff008000</color>
                <colorMode>normal</colorMode>
                <scale>0.8</scale>
                <heading>0</heading>
                <Icon id="1091">
                    <href>http://maps.google.com/mapfiles/kml/paddle/wht-circle.png</href>
                </Icon>
            </IconStyle>
        </Style>
        <Style id="1094">
            <IconStyle id="1095">
                <color>ff008000</color>
                <colorMode>normal</colorMode>
                <scale>0.8</scale>
                <heading>0</heading>
                <Icon id="1096">
                    <href>http://maps.google.com/mapfiles/kml/paddle/wht-circle.png</href>
                </Icon>
            </IconStyle>
        </Style>
        <Style id="1099">
            <IconStyle id="1100">
                <color>ff008000</color>
                <colorMode>normal</colorMode>
                <scale>0.8</scale>
                <heading>0</heading>
                <Icon id="1101">
                    <href>http://maps.google.com/mapfiles/kml/paddle/wht-circle.png</href>
                </Icon>
            </IconStyle>
        </Style>
        <Style id="1104">
            <IconStyle id="1105">
                <color>ff008000</color>
                <colorMode>normal</colorMode>
                <scale>0.8</scale>
                <heading>0</heading>
                <Icon id="1106">
                    <href>http://maps.google.com/mapfiles/kml/paddle/wht-circle.png</href>
                </Icon>
            </IconStyle>
        </Style>
        <Style id="1109">
            <IconStyle id="1110">
                <color>ff008000</color>
                <colorMode>normal</colorMode>
                <scale>0.8</scale>
                <heading>0</heading>
                <Icon id="1111">
                    <href>http://maps.google.com/mapfiles/kml/paddle/wht-circle.png</href>
                </Icon>
            </IconStyle>
        </Style>
        <Style id="1114">
            <IconStyle id="1115">
                <color>ff008000</color>
                <colorMode>normal</colorMode>
                <scale>0.8</scale>
                <heading>0</heading>
                <Icon id="1116">
                    <href>http://maps.google.com/mapfiles/kml/paddle/wht-circle.png</href>
                </Icon>
            </IconStyle>
        </Style>
        <Style id="1119">
            <IconStyle id="1120">
                <color>ff008000</color>
                <colorMode>normal</colorMode>
                <scale>0.8</scale>
                <heading>0</heading>
                <Icon id="1121">
                    <href>http://maps.google.com/mapfiles/kml/paddle/wht-circle.png</href>
                </Icon>
            </IconStyle>
        </Style>
        <Style id="1124">
            <IconStyle id="1125">
                <color>ff008000</color>
                <colorMode>normal</colorMode>
                <scale>0.8</scale>
                <heading>0</heading>
                <Icon id="1126">
                    <href>http://maps.google.com/mapfiles/kml/paddle/wht-circle.png</href>
                </Icon>
            </IconStyle>
        </Style>
        <Style id="1129">
            <IconStyle id="1130">
                <color>ff008000</color>
                <colorMode>normal</colorMode>
                <scale>0.8</scale>
                <heading>0</heading>
                <Icon id="1131">
                    <href>http://maps.google.com/mapfiles/kml/paddle/wht-circle.png</href>
                </Icon>
            </IconStyle>
        </Style>
        <Style id="1134">
            <IconStyle id="1135">
                <color>ff008000</color>
                <colorMode>normal</colorMode>
                <scale>0.8</scale>
                <heading>0</heading>
                <Icon id="1136">
                    <href>http://maps.google.com/mapfiles/kml/paddle/wht-circle.png</href>
                </Icon>
            </IconStyle>
        </Style>
        <Style id="1139">
            <IconStyle id="1140">
                <color>ff008000</color>
                <colorMode>normal</colorMode>
                <scale>0.8</scale>
                <heading>0</heading>
                <Icon id="1141">
                    <href>http://maps.google.com/mapfiles/kml/paddle/wht-circle.png</href>
                </Icon>
            </IconStyle>
        </Style>
        <Style id="1144">
            <IconStyle id="1145">
                <color>ff008000</color>
                <colorMode>normal</colorMode>
                <scale>0.8</scale>
                <heading>0</heading>
                <Icon id="1146">
                    <href>http://maps.google.com/mapfiles/kml/paddle/wht-circle.png</href>
                </Icon>
            </IconStyle>
        </Style>
        <Style id="1149">
            <IconStyle id="1150">
                <color>ff008000</color>
                <colorMode>normal</colorMode>
                <scale>0.8</scale>
                <heading>0</heading>
                <Icon id="1151">
                    <href>http://maps.google.com/mapfiles/kml/paddle/wht-circle.png</href>
                </Icon>
            </IconStyle>
        </Style>
        <Style id="1154">
            <IconStyle id="1155">
                <color>ff008000</color>
                <colorMode>normal</colorMode>
                <scale>0.8</scale>
                <heading>0</heading>
                <Icon id="1156">
                    <href>http://maps.google.com/mapfiles/kml/paddle/wht-circle.png</href>
                </Icon>
            </IconStyle>
        </Style>
        <Style id="1159">
            <IconStyle id="1160">
                <color>ff008000</color>
                <colorMode>normal</colorMode>
                <scale>0.8</scale>
                <heading>0</heading>
                <Icon id="1161">
                    <href>http://maps.google.com/mapfiles/kml/paddle/wht-circle.png</href>
                </Icon>
            </IconStyle>
        </Style>
        <Style id="1164">
            <IconStyle id="1165">
                <color>ff008000</color>
                <colorMode>normal</colorMode>
                <scale>0.8</scale>
                <heading>0</heading>
                <Icon id="1166">
                    <href>http://maps.google.com/mapfiles/kml/paddle/wht-circle.png</href>
                </Icon>
            </IconStyle>
        </Style>
        <Style id="1169">
            <IconStyle id="1170">
                <color>ff008000</color>
                <colorMode>normal</colorMode>
                <scale>0.8</scale>
                <heading>0</heading>
                <Icon id="1171">
                    <href>http://maps.google.com/mapfiles/kml/paddle/wht-circle.png</href>
                </Icon>
            </IconStyle>
        </Style>
        <Style id="1174">
            <IconStyle id="1175">
                <color>ff008000</color>
                <colorMode>normal</colorMode>
                <scale>0.8</scale>
                <heading>0</heading>
                <Icon id="1176">
                    <href>http://maps.google.com/mapfiles/kml/paddle/wht-circle.png</href>
                </Icon>
            </IconStyle>
        </Style>
        <Style id="1179">
            <IconStyle id="1180">
                <color>ff008000</color>
                <colorMode>normal</colorMode>
                <scale>0.8</scale>
                <heading>0</heading>
                <Icon id="1181">
                    <href>http://maps.google.com/mapfiles/kml/paddle/wht-circle.png</href>
                </Icon>
            </IconStyle>
        </Style>
        <Style id="1184">
            <IconStyle id="1185">
                <color>ff008000</color>
                <colorMode>normal</colorMode>
                <scale>0.8</scale>
                <heading>0</heading>
                <Icon id="1186">
                    <href>http://maps.google.com/mapfiles/kml/paddle/wht-circle.png</href>
                </Icon>
            </IconStyle>
        </Style>
        <Style id="1189">
            <IconStyle id="1190">
                <color>ff008000</color>
                <colorMode>normal</colorMode>
                <scale>0.8</scale>
                <heading>0</heading>
                <Icon id="1191">
                    <href>http://maps.google.com/mapfiles/kml/paddle/wht-circle.png</href>
                </Icon>
            </IconStyle>
        </Style>
        <Style id="1194">
            <IconStyle id="1195">
                <color>ff008000</color>
                <colorMode>normal</colorMode>
                <scale>0.8</scale>
                <heading>0</heading>
                <Icon id="1196">
                    <href>http://maps.google.com/mapfiles/kml/paddle/wht-circle.png</href>
                </Icon>
            </IconStyle>
        </Style>
        <Style id="1199">
            <IconStyle id="1200">
                <color>ff008000</color>
                <colorMode>normal</colorMode>
                <scale>0.8</scale>
                <heading>0</heading>
                <Icon id="1201">
                    <href>http://maps.google.com/mapfiles/kml/paddle/wht-circle.png</href>
                </Icon>
            </IconStyle>
        </Style>
        <Style id="1204">
            <IconStyle id="1205">
                <color>ff008000</color>
                <colorMode>normal</colorMode>
                <scale>0.8</scale>
                <heading>0</heading>
                <Icon id="1206">
                    <href>http://maps.google.com/mapfiles/kml/paddle/wht-circle.png</href>
                </Icon>
            </IconStyle>
        </Style>
        <Style id="1209">
            <IconStyle id="1210">
                <color>ff008000</color>
                <colorMode>normal</colorMode>
                <scale>0.8</scale>
                <heading>0</heading>
                <Icon id="1211">
                    <href>http://maps.google.com/mapfiles/kml/paddle/wht-circle.png</href>
                </Icon>
            </IconStyle>
        </Style>
        <Style id="1214">
            <IconStyle id="1215">
                <color>ff008000</color>
                <colorMode>normal</colorMode>
                <scale>0.8</scale>
                <heading>0</heading>
                <Icon id="1216">
                    <href>http://maps.google.com/mapfiles/kml/paddle/wht-circle.png</href>
                </Icon>
            </IconStyle>
        </Style>
        <Style id="1219">
            <IconStyle id="1220">
                <color>ff008000</color>
                <colorMode>normal</colorMode>
                <scale>0.8</scale>
                <heading>0</heading>
                <Icon id="1221">
                    <href>http://maps.google.com/mapfiles/kml/paddle/wht-circle.png</href>
                </Icon>
            </IconStyle>
        </Style>
        <Style id="1224">
            <IconStyle id="1225">
                <color>ff008000</color>
                <colorMode>normal</colorMode>
                <scale>0.8</scale>
                <heading>0</heading>
                <Icon id="1226">
                    <href>http://maps.google.com/mapfiles/kml/paddle/wht-circle.png</href>
                </Icon>
            </IconStyle>
        </Style>
        <Style id="1229">
            <IconStyle id="1230">
                <color>ff008000</color>
                <colorMode>normal</colorMode>
                <scale>0.8</scale>
                <heading>0</heading>
                <Icon id="1231">
                    <href>http://maps.google.com/mapfiles/kml/paddle/wht-circle.png</href>
                </Icon>
            </IconStyle>
        </Style>
        <Style id="1234">
            <IconStyle id="1235">
                <color>ff008000</color>
                <colorMode>normal</colorMode>
                <scale>0.8</scale>
                <heading>0</heading>
                <Icon id="1236">
                    <href>http://maps.google.com/mapfiles/kml/paddle/wht-circle.png</href>
                </Icon>
            </IconStyle>
        </Style>
        <Style id="1239">
            <IconStyle id="1240">
                <color>ff008000</color>
                <colorMode>normal</colorMode>
                <scale>0.8</scale>
                <heading>0</heading>
                <Icon id="1241">
                    <href>http://maps.google.com/mapfiles/kml/paddle/wht-circle.png</href>
                </Icon>
            </IconStyle>
        </Style>
        <Style id="1244">
            <IconStyle id="1245">
                <color>ff008000</color>
                <colorMode>normal</colorMode>
                <scale>0.8</scale>
                <heading>0</heading>
                <Icon id="1246">
                    <href>http://maps.google.com/mapfiles/kml/paddle/wht-circle.png</href>
                </Icon>
            </IconStyle>
        </Style>
        <Style id="1249">
            <IconStyle id="1250">
                <color>ff008000</color>
                <colorMode>normal</colorMode>
                <scale>0.8</scale>
                <heading>0</heading>
                <Icon id="1251">
                    <href>http://maps.google.com/mapfiles/kml/paddle/wht-circle.png</href>
                </Icon>
            </IconStyle>
        </Style>
        <Style id="1254">
            <IconStyle id="1255">
                <color>ff008000</color>
                <colorMode>normal</colorMode>
                <scale>0.8</scale>
                <heading>0</heading>
                <Icon id="1256">
                    <href>http://maps.google.com/mapfiles/kml/paddle/wht-circle.png</href>
                </Icon>
            </IconStyle>
        </Style>
        <Style id="1259">
            <IconStyle id="1260">
                <color>ff008000</color>
                <colorMode>normal</colorMode>
                <scale>0.8</scale>
                <heading>0</heading>
                <Icon id="1261">
                    <href>http://maps.google.com/mapfiles/kml/paddle/wht-circle.png</href>
                </Icon>
            </IconStyle>
        </Style>
        <Style id="1264">
            <IconStyle id="1265">
                <color>ff008000</color>
                <colorMode>normal</colorMode>
                <scale>0.8</scale>
                <heading>0</heading>
                <Icon id="1266">
                    <href>http://maps.google.com/mapfiles/kml/paddle/wht-circle.png</href>
                </Icon>
            </IconStyle>
        </Style>
        <Style id="1269">
            <IconStyle id="1270">
                <color>ff008000</color>
                <colorMode>normal</colorMode>
                <scale>0.8</scale>
                <heading>0</heading>
                <Icon id="1271">
                    <href>http://maps.google.com/mapfiles/kml/paddle/wht-circle.png</href>
                </Icon>
            </IconStyle>
        </Style>
        <Style id="1274">
            <IconStyle id="1275">
                <color>ff008000</color>
                <colorMode>normal</colorMode>
                <scale>0.8</scale>
                <heading>0</heading>
                <Icon id="1276">
                    <href>http://maps.google.com/mapfiles/kml/paddle/wht-circle.png</href>
                </Icon>
            </IconStyle>
        </Style>
        <Style id="1279">
            <IconStyle id="1280">
                <color>ff008000</color>
                <colorMode>normal</colorMode>
                <scale>0.8</scale>
                <heading>0</heading>
                <Icon id="1281">
                    <href>http://maps.google.com/mapfiles/kml/paddle/wht-circle.png</href>
                </Icon>
            </IconStyle>
        </Style>
        <Style id="1284">
            <IconStyle id="1285">
                <color>ff008000</color>
                <colorMode>normal</colorMode>
                <scale>0.8</scale>
                <heading>0</heading>
                <Icon id="1286">
                    <href>http://maps.google.com/mapfiles/kml/paddle/wht-circle.png</href>
                </Icon>
            </IconStyle>
        </Style>
        <Style id="1289">
            <IconStyle id="1290">
                <color>ff008000</color>
                <colorMode>normal</colorMode>
                <scale>0.8</scale>
                <heading>0</heading>
                <Icon id="1291">
                    <href>http://maps.google.com/mapfiles/kml/paddle/wht-circle.png</href>
                </Icon>
            </IconStyle>
        </Style>
        <Style id="1294">
            <IconStyle id="1295">
                <color>ff008000</color>
                <colorMode>normal</colorMode>
                <scale>0.8</scale>
                <heading>0</heading>
                <Icon id="1296">
                    <href>http://maps.google.com/mapfiles/kml/paddle/wht-circle.png</href>
                </Icon>
            </IconStyle>
        </Style>
        <Style id="1299">
            <IconStyle id="1300">
                <color>ff008000</color>
                <colorMode>normal</colorMode>
                <scale>0.8</scale>
                <heading>0</heading>
                <Icon id="1301">
                    <href>http://maps.google.com/mapfiles/kml/paddle/wht-circle.png</href>
                </Icon>
            </IconStyle>
        </Style>
        <Style id="1304">
            <IconStyle id="1305">
                <color>ff008000</color>
                <colorMode>normal</colorMode>
                <scale>0.8</scale>
                <heading>0</heading>
                <Icon id="1306">
                    <href>http://maps.google.com/mapfiles/kml/paddle/wht-circle.png</href>
                </Icon>
            </IconStyle>
        </Style>
        <Style id="1309">
            <IconStyle id="1310">
                <color>ff008000</color>
                <colorMode>normal</colorMode>
                <scale>0.8</scale>
                <heading>0</heading>
                <Icon id="1311">
                    <href>http://maps.google.com/mapfiles/kml/paddle/wht-circle.png</href>
                </Icon>
            </IconStyle>
        </Style>
        <Style id="1314">
            <IconStyle id="1315">
                <color>ff008000</color>
                <colorMode>normal</colorMode>
                <scale>0.8</scale>
                <heading>0</heading>
                <Icon id="1316">
                    <href>http://maps.google.com/mapfiles/kml/paddle/wht-circle.png</href>
                </Icon>
            </IconStyle>
        </Style>
        <Style id="1319">
            <IconStyle id="1320">
                <color>ff008000</color>
                <colorMode>normal</colorMode>
                <scale>0.8</scale>
                <heading>0</heading>
                <Icon id="1321">
                    <href>http://maps.google.com/mapfiles/kml/paddle/wht-circle.png</href>
                </Icon>
            </IconStyle>
        </Style>
        <Style id="1324">
            <IconStyle id="1325">
                <color>ff008000</color>
                <colorMode>normal</colorMode>
                <scale>0.8</scale>
                <heading>0</heading>
                <Icon id="1326">
                    <href>http://maps.google.com/mapfiles/kml/paddle/wht-circle.png</href>
                </Icon>
            </IconStyle>
        </Style>
        <Style id="1329">
            <IconStyle id="1330">
                <color>ff008000</color>
                <colorMode>normal</colorMode>
                <scale>0.8</scale>
                <heading>0</heading>
                <Icon id="1331">
                    <href>http://maps.google.com/mapfiles/kml/paddle/wht-circle.png</href>
                </Icon>
            </IconStyle>
        </Style>
        <Style id="1334">
            <IconStyle id="1335">
                <color>ff008000</color>
                <colorMode>normal</colorMode>
                <scale>0.8</scale>
                <heading>0</heading>
                <Icon id="1336">
                    <href>http://maps.google.com/mapfiles/kml/paddle/wht-circle.png</href>
                </Icon>
            </IconStyle>
        </Style>
        <Style id="1339">
            <IconStyle id="1340">
                <color>ff008000</color>
                <colorMode>normal</colorMode>
                <scale>0.8</scale>
                <heading>0</heading>
                <Icon id="1341">
                    <href>http://maps.google.com/mapfiles/kml/paddle/wht-circle.png</href>
                </Icon>
            </IconStyle>
        </Style>
        <Style id="1344">
            <IconStyle id="1345">
                <color>ff008000</color>
                <colorMode>normal</colorMode>
                <scale>0.8</scale>
                <heading>0</heading>
                <Icon id="1346">
                    <href>http://maps.google.com/mapfiles/kml/paddle/wht-circle.png</href>
                </Icon>
            </IconStyle>
        </Style>
        <Style id="1349">
            <IconStyle id="1350">
                <color>ff008000</color>
                <colorMode>normal</colorMode>
                <scale>0.8</scale>
                <heading>0</heading>
                <Icon id="1351">
                    <href>http://maps.google.com/mapfiles/kml/paddle/wht-circle.png</href>
                </Icon>
            </IconStyle>
        </Style>
        <Style id="1354">
            <IconStyle id="1355">
                <color>ff008000</color>
                <colorMode>normal</colorMode>
                <scale>0.8</scale>
                <heading>0</heading>
                <Icon id="1356">
                    <href>http://maps.google.com/mapfiles/kml/paddle/wht-circle.png</href>
                </Icon>
            </IconStyle>
        </Style>
        <Style id="1359">
            <IconStyle id="1360">
                <color>ff008000</color>
                <colorMode>normal</colorMode>
                <scale>0.8</scale>
                <heading>0</heading>
                <Icon id="1361">
                    <href>http://maps.google.com/mapfiles/kml/paddle/wht-circle.png</href>
                </Icon>
            </IconStyle>
        </Style>
        <Style id="1364">
            <IconStyle id="1365">
                <color>ff008000</color>
                <colorMode>normal</colorMode>
                <scale>0.8</scale>
                <heading>0</heading>
                <Icon id="1366">
                    <href>http://maps.google.com/mapfiles/kml/paddle/wht-circle.png</href>
                </Icon>
            </IconStyle>
        </Style>
        <Style id="1369">
            <IconStyle id="1370">
                <color>ff008000</color>
                <colorMode>normal</colorMode>
                <scale>0.8</scale>
                <heading>0</heading>
                <Icon id="1371">
                    <href>http://maps.google.com/mapfiles/kml/paddle/wht-circle.png</href>
                </Icon>
            </IconStyle>
        </Style>
        <Style id="1374">
            <IconStyle id="1375">
                <color>ff008000</color>
                <colorMode>normal</colorMode>
                <scale>0.8</scale>
                <heading>0</heading>
                <Icon id="1376">
                    <href>http://maps.google.com/mapfiles/kml/paddle/wht-circle.png</href>
                </Icon>
            </IconStyle>
        </Style>
        <Style id="1379">
            <IconStyle id="1380">
                <color>ff008000</color>
                <colorMode>normal</colorMode>
                <scale>0.8</scale>
                <heading>0</heading>
                <Icon id="1381">
                    <href>http://maps.google.com/mapfiles/kml/paddle/wht-circle.png</href>
                </Icon>
            </IconStyle>
        </Style>
        <Style id="1384">
            <IconStyle id="1385">
                <color>ff008000</color>
                <colorMode>normal</colorMode>
                <scale>0.8</scale>
                <heading>0</heading>
                <Icon id="1386">
                    <href>http://maps.google.com/mapfiles/kml/paddle/wht-circle.png</href>
                </Icon>
            </IconStyle>
        </Style>
        <Style id="1389">
            <IconStyle id="1390">
                <color>ff008000</color>
                <colorMode>normal</colorMode>
                <scale>0.8</scale>
                <heading>0</heading>
                <Icon id="1391">
                    <href>http://maps.google.com/mapfiles/kml/paddle/wht-circle.png</href>
                </Icon>
            </IconStyle>
        </Style>
        <Style id="1394">
            <IconStyle id="1395">
                <color>ff008000</color>
                <colorMode>normal</colorMode>
                <scale>0.8</scale>
                <heading>0</heading>
                <Icon id="1396">
                    <href>http://maps.google.com/mapfiles/kml/paddle/wht-circle.png</href>
                </Icon>
            </IconStyle>
        </Style>
        <Style id="1399">
            <IconStyle id="1400">
                <color>ff008000</color>
                <colorMode>normal</colorMode>
                <scale>0.8</scale>
                <heading>0</heading>
                <Icon id="1401">
                    <href>http://maps.google.com/mapfiles/kml/paddle/wht-circle.png</href>
                </Icon>
            </IconStyle>
        </Style>
        <Style id="1404">
            <IconStyle id="1405">
                <color>ff008000</color>
                <colorMode>normal</colorMode>
                <scale>0.8</scale>
                <heading>0</heading>
                <Icon id="1406">
                    <href>http://maps.google.com/mapfiles/kml/paddle/wht-circle.png</href>
                </Icon>
            </IconStyle>
        </Style>
        <Style id="1409">
            <IconStyle id="1410">
                <color>ff008000</color>
                <colorMode>normal</colorMode>
                <scale>0.8</scale>
                <heading>0</heading>
                <Icon id="1411">
                    <href>http://maps.google.com/mapfiles/kml/paddle/wht-circle.png</href>
                </Icon>
            </IconStyle>
        </Style>
        <Style id="1414">
            <IconStyle id="1415">
                <color>ff008000</color>
                <colorMode>normal</colorMode>
                <scale>0.8</scale>
                <heading>0</heading>
                <Icon id="1416">
                    <href>http://maps.google.com/mapfiles/kml/paddle/wht-circle.png</href>
                </Icon>
            </IconStyle>
        </Style>
        <Style id="1419">
            <IconStyle id="1420">
                <color>ff008000</color>
                <colorMode>normal</colorMode>
                <scale>0.8</scale>
                <heading>0</heading>
                <Icon id="1421">
                    <href>http://maps.google.com/mapfiles/kml/paddle/wht-circle.png</href>
                </Icon>
            </IconStyle>
        </Style>
        <Style id="1424">
            <IconStyle id="1425">
                <color>ff008000</color>
                <colorMode>normal</colorMode>
                <scale>0.8</scale>
                <heading>0</heading>
                <Icon id="1426">
                    <href>http://maps.google.com/mapfiles/kml/paddle/wht-circle.png</href>
                </Icon>
            </IconStyle>
        </Style>
        <Style id="1429">
            <IconStyle id="1430">
                <color>ff008000</color>
                <colorMode>normal</colorMode>
                <scale>0.8</scale>
                <heading>0</heading>
                <Icon id="1431">
                    <href>http://maps.google.com/mapfiles/kml/paddle/wht-circle.png</href>
                </Icon>
            </IconStyle>
        </Style>
        <Style id="1434">
            <IconStyle id="1435">
                <color>ff008000</color>
                <colorMode>normal</colorMode>
                <scale>0.8</scale>
                <heading>0</heading>
                <Icon id="1436">
                    <href>http://maps.google.com/mapfiles/kml/paddle/wht-circle.png</href>
                </Icon>
            </IconStyle>
        </Style>
        <Style id="1439">
            <IconStyle id="1440">
                <color>ff008000</color>
                <colorMode>normal</colorMode>
                <scale>0.8</scale>
                <heading>0</heading>
                <Icon id="1441">
                    <href>http://maps.google.com/mapfiles/kml/paddle/wht-circle.png</href>
                </Icon>
            </IconStyle>
        </Style>
        <Style id="1444">
            <IconStyle id="1445">
                <color>ff008000</color>
                <colorMode>normal</colorMode>
                <scale>0.8</scale>
                <heading>0</heading>
                <Icon id="1446">
                    <href>http://maps.google.com/mapfiles/kml/paddle/wht-circle.png</href>
                </Icon>
            </IconStyle>
        </Style>
        <Style id="1449">
            <IconStyle id="1450">
                <color>ff008000</color>
                <colorMode>normal</colorMode>
                <scale>0.8</scale>
                <heading>0</heading>
                <Icon id="1451">
                    <href>http://maps.google.com/mapfiles/kml/paddle/wht-circle.png</href>
                </Icon>
            </IconStyle>
        </Style>
        <Style id="1454">
            <IconStyle id="1455">
                <color>ff008000</color>
                <colorMode>normal</colorMode>
                <scale>0.8</scale>
                <heading>0</heading>
                <Icon id="1456">
                    <href>http://maps.google.com/mapfiles/kml/paddle/wht-circle.png</href>
                </Icon>
            </IconStyle>
        </Style>
        <Style id="1459">
            <IconStyle id="1460">
                <color>ff008000</color>
                <colorMode>normal</colorMode>
                <scale>0.8</scale>
                <heading>0</heading>
                <Icon id="1461">
                    <href>http://maps.google.com/mapfiles/kml/paddle/wht-circle.png</href>
                </Icon>
            </IconStyle>
        </Style>
        <Style id="1464">
            <IconStyle id="1465">
                <color>ff008000</color>
                <colorMode>normal</colorMode>
                <scale>0.8</scale>
                <heading>0</heading>
                <Icon id="1466">
                    <href>http://maps.google.com/mapfiles/kml/paddle/wht-circle.png</href>
                </Icon>
            </IconStyle>
        </Style>
        <Style id="1469">
            <IconStyle id="1470">
                <color>ff008000</color>
                <colorMode>normal</colorMode>
                <scale>0.8</scale>
                <heading>0</heading>
                <Icon id="1471">
                    <href>http://maps.google.com/mapfiles/kml/paddle/wht-circle.png</href>
                </Icon>
            </IconStyle>
        </Style>
        <Style id="1474">
            <IconStyle id="1475">
                <color>ff008000</color>
                <colorMode>normal</colorMode>
                <scale>0.8</scale>
                <heading>0</heading>
                <Icon id="1476">
                    <href>http://maps.google.com/mapfiles/kml/paddle/wht-circle.png</href>
                </Icon>
            </IconStyle>
        </Style>
        <Style id="1479">
            <IconStyle id="1480">
                <color>ff008000</color>
                <colorMode>normal</colorMode>
                <scale>0.8</scale>
                <heading>0</heading>
                <Icon id="1481">
                    <href>http://maps.google.com/mapfiles/kml/paddle/wht-circle.png</href>
                </Icon>
            </IconStyle>
        </Style>
        <Style id="1484">
            <IconStyle id="1485">
                <color>ff008000</color>
                <colorMode>normal</colorMode>
                <scale>0.8</scale>
                <heading>0</heading>
                <Icon id="1486">
                    <href>http://maps.google.com/mapfiles/kml/paddle/wht-circle.png</href>
                </Icon>
            </IconStyle>
        </Style>
        <Style id="1489">
            <IconStyle id="1490">
                <color>ff008000</color>
                <colorMode>normal</colorMode>
                <scale>0.8</scale>
                <heading>0</heading>
                <Icon id="1491">
                    <href>http://maps.google.com/mapfiles/kml/paddle/wht-circle.png</href>
                </Icon>
            </IconStyle>
        </Style>
        <Style id="1494">
            <IconStyle id="1495">
                <color>ff008000</color>
                <colorMode>normal</colorMode>
                <scale>0.8</scale>
                <heading>0</heading>
                <Icon id="1496">
                    <href>http://maps.google.com/mapfiles/kml/paddle/wht-circle.png</href>
                </Icon>
            </IconStyle>
        </Style>
        <Style id="1499">
            <IconStyle id="1500">
                <color>ff008000</color>
                <colorMode>normal</colorMode>
                <scale>0.8</scale>
                <heading>0</heading>
                <Icon id="1501">
                    <href>http://maps.google.com/mapfiles/kml/paddle/wht-circle.png</href>
                </Icon>
            </IconStyle>
        </Style>
        <Style id="1504">
            <IconStyle id="1505">
                <color>ff008000</color>
                <colorMode>normal</colorMode>
                <scale>0.8</scale>
                <heading>0</heading>
                <Icon id="1506">
                    <href>http://maps.google.com/mapfiles/kml/paddle/wht-circle.png</href>
                </Icon>
            </IconStyle>
        </Style>
        <Style id="1509">
            <IconStyle id="1510">
                <color>ff008000</color>
                <colorMode>normal</colorMode>
                <scale>0.8</scale>
                <heading>0</heading>
                <Icon id="1511">
                    <href>http://maps.google.com/mapfiles/kml/paddle/wht-circle.png</href>
                </Icon>
            </IconStyle>
        </Style>
        <Style id="1514">
            <IconStyle id="1515">
                <color>ff008000</color>
                <colorMode>normal</colorMode>
                <scale>0.8</scale>
                <heading>0</heading>
                <Icon id="1516">
                    <href>http://maps.google.com/mapfiles/kml/paddle/wht-circle.png</href>
                </Icon>
            </IconStyle>
        </Style>
        <Style id="1519">
            <IconStyle id="1520">
                <color>ff008000</color>
                <colorMode>normal</colorMode>
                <scale>0.8</scale>
                <heading>0</heading>
                <Icon id="1521">
                    <href>http://maps.google.com/mapfiles/kml/paddle/wht-circle.png</href>
                </Icon>
            </IconStyle>
        </Style>
        <Style id="1524">
            <IconStyle id="1525">
                <color>ff008000</color>
                <colorMode>normal</colorMode>
                <scale>0.8</scale>
                <heading>0</heading>
                <Icon id="1526">
                    <href>http://maps.google.com/mapfiles/kml/paddle/wht-circle.png</href>
                </Icon>
            </IconStyle>
        </Style>
        <Style id="1529">
            <IconStyle id="1530">
                <color>ff008000</color>
                <colorMode>normal</colorMode>
                <scale>0.8</scale>
                <heading>0</heading>
                <Icon id="1531">
                    <href>http://maps.google.com/mapfiles/kml/paddle/wht-circle.png</href>
                </Icon>
            </IconStyle>
        </Style>
        <Style id="1534">
            <IconStyle id="1535">
                <color>ff008000</color>
                <colorMode>normal</colorMode>
                <scale>0.8</scale>
                <heading>0</heading>
                <Icon id="1536">
                    <href>http://maps.google.com/mapfiles/kml/paddle/wht-circle.png</href>
                </Icon>
            </IconStyle>
        </Style>
        <Style id="1539">
            <IconStyle id="1540">
                <color>ff008000</color>
                <colorMode>normal</colorMode>
                <scale>0.8</scale>
                <heading>0</heading>
                <Icon id="1541">
                    <href>http://maps.google.com/mapfiles/kml/paddle/wht-circle.png</href>
                </Icon>
            </IconStyle>
        </Style>
        <Style id="1544">
            <IconStyle id="1545">
                <color>ff008000</color>
                <colorMode>normal</colorMode>
                <scale>0.8</scale>
                <heading>0</heading>
                <Icon id="1546">
                    <href>http://maps.google.com/mapfiles/kml/paddle/wht-circle.png</href>
                </Icon>
            </IconStyle>
        </Style>
        <Style id="1549">
            <IconStyle id="1550">
                <color>ff008000</color>
                <colorMode>normal</colorMode>
                <scale>0.8</scale>
                <heading>0</heading>
                <Icon id="1551">
                    <href>http://maps.google.com/mapfiles/kml/paddle/wht-circle.png</href>
                </Icon>
            </IconStyle>
        </Style>
        <Style id="1554">
            <IconStyle id="1555">
                <color>ff008000</color>
                <colorMode>normal</colorMode>
                <scale>0.8</scale>
                <heading>0</heading>
                <Icon id="1556">
                    <href>http://maps.google.com/mapfiles/kml/paddle/wht-circle.png</href>
                </Icon>
            </IconStyle>
        </Style>
        <Style id="1559">
            <IconStyle id="1560">
                <color>ff008000</color>
                <colorMode>normal</colorMode>
                <scale>0.8</scale>
                <heading>0</heading>
                <Icon id="1561">
                    <href>http://maps.google.com/mapfiles/kml/paddle/wht-circle.png</href>
                </Icon>
            </IconStyle>
        </Style>
        <Style id="1564">
            <IconStyle id="1565">
                <color>ff008000</color>
                <colorMode>normal</colorMode>
                <scale>0.8</scale>
                <heading>0</heading>
                <Icon id="1566">
                    <href>http://maps.google.com/mapfiles/kml/paddle/wht-circle.png</href>
                </Icon>
            </IconStyle>
        </Style>
        <Style id="1569">
            <IconStyle id="1570">
                <color>ff008000</color>
                <colorMode>normal</colorMode>
                <scale>0.8</scale>
                <heading>0</heading>
                <Icon id="1571">
                    <href>http://maps.google.com/mapfiles/kml/paddle/wht-circle.png</href>
                </Icon>
            </IconStyle>
        </Style>
        <Style id="1574">
            <IconStyle id="1575">
                <color>ff008000</color>
                <colorMode>normal</colorMode>
                <scale>0.8</scale>
                <heading>0</heading>
                <Icon id="1576">
                    <href>http://maps.google.com/mapfiles/kml/paddle/wht-circle.png</href>
                </Icon>
            </IconStyle>
        </Style>
        <Style id="1579">
            <IconStyle id="1580">
                <color>ff008000</color>
                <colorMode>normal</colorMode>
                <scale>0.8</scale>
                <heading>0</heading>
                <Icon id="1581">
                    <href>http://maps.google.com/mapfiles/kml/paddle/wht-circle.png</href>
                </Icon>
            </IconStyle>
        </Style>
        <Style id="1584">
            <IconStyle id="1585">
                <color>ff008000</color>
                <colorMode>normal</colorMode>
                <scale>0.8</scale>
                <heading>0</heading>
                <Icon id="1586">
                    <href>http://maps.google.com/mapfiles/kml/paddle/wht-circle.png</href>
                </Icon>
            </IconStyle>
        </Style>
        <Style id="1589">
            <IconStyle id="1590">
                <color>ff008000</color>
                <colorMode>normal</colorMode>
                <scale>0.8</scale>
                <heading>0</heading>
                <Icon id="1591">
                    <href>http://maps.google.com/mapfiles/kml/paddle/wht-circle.png</href>
                </Icon>
            </IconStyle>
        </Style>
        <Style id="1594">
            <IconStyle id="1595">
                <color>ff008000</color>
                <colorMode>normal</colorMode>
                <scale>0.8</scale>
                <heading>0</heading>
                <Icon id="1596">
                    <href>http://maps.google.com/mapfiles/kml/paddle/wht-circle.png</href>
                </Icon>
            </IconStyle>
        </Style>
        <Style id="1599">
            <IconStyle id="1600">
                <color>ff008000</color>
                <colorMode>normal</colorMode>
                <scale>0.8</scale>
                <heading>0</heading>
                <Icon id="1601">
                    <href>http://maps.google.com/mapfiles/kml/paddle/wht-circle.png</href>
                </Icon>
            </IconStyle>
        </Style>
        <Style id="1604">
            <IconStyle id="1605">
                <color>ff008000</color>
                <colorMode>normal</colorMode>
                <scale>0.8</scale>
                <heading>0</heading>
                <Icon id="1606">
                    <href>http://maps.google.com/mapfiles/kml/paddle/wht-circle.png</href>
                </Icon>
            </IconStyle>
        </Style>
        <Style id="1609">
            <IconStyle id="1610">
                <color>ff008000</color>
                <colorMode>normal</colorMode>
                <scale>0.8</scale>
                <heading>0</heading>
                <Icon id="1611">
                    <href>http://maps.google.com/mapfiles/kml/paddle/wht-circle.png</href>
                </Icon>
            </IconStyle>
        </Style>
        <Style id="1614">
            <IconStyle id="1615">
                <color>ff008000</color>
                <colorMode>normal</colorMode>
                <scale>0.8</scale>
                <heading>0</heading>
                <Icon id="1616">
                    <href>http://maps.google.com/mapfiles/kml/paddle/wht-circle.png</href>
                </Icon>
            </IconStyle>
        </Style>
        <Style id="1619">
            <IconStyle id="1620">
                <color>ff008000</color>
                <colorMode>normal</colorMode>
                <scale>0.8</scale>
                <heading>0</heading>
                <Icon id="1621">
                    <href>http://maps.google.com/mapfiles/kml/paddle/wht-circle.png</href>
                </Icon>
            </IconStyle>
        </Style>
        <Style id="1624">
            <IconStyle id="1625">
                <color>ff008000</color>
                <colorMode>normal</colorMode>
                <scale>0.8</scale>
                <heading>0</heading>
                <Icon id="1626">
                    <href>http://maps.google.com/mapfiles/kml/paddle/wht-circle.png</href>
                </Icon>
            </IconStyle>
        </Style>
        <Style id="1629">
            <IconStyle id="1630">
                <color>ff008000</color>
                <colorMode>normal</colorMode>
                <scale>0.8</scale>
                <heading>0</heading>
                <Icon id="1631">
                    <href>http://maps.google.com/mapfiles/kml/paddle/wht-circle.png</href>
                </Icon>
            </IconStyle>
        </Style>
        <Style id="1634">
            <IconStyle id="1635">
                <color>ff008000</color>
                <colorMode>normal</colorMode>
                <scale>0.8</scale>
                <heading>0</heading>
                <Icon id="1636">
                    <href>http://maps.google.com/mapfiles/kml/paddle/wht-circle.png</href>
                </Icon>
            </IconStyle>
        </Style>
        <Style id="1639">
            <IconStyle id="1640">
                <color>ff008000</color>
                <colorMode>normal</colorMode>
                <scale>0.8</scale>
                <heading>0</heading>
                <Icon id="1641">
                    <href>http://maps.google.com/mapfiles/kml/paddle/wht-circle.png</href>
                </Icon>
            </IconStyle>
        </Style>
        <Style id="1644">
            <IconStyle id="1645">
                <color>ff008000</color>
                <colorMode>normal</colorMode>
                <scale>0.8</scale>
                <heading>0</heading>
                <Icon id="1646">
                    <href>http://maps.google.com/mapfiles/kml/paddle/wht-circle.png</href>
                </Icon>
            </IconStyle>
        </Style>
        <Style id="1649">
            <IconStyle id="1650">
                <color>ff008000</color>
                <colorMode>normal</colorMode>
                <scale>0.8</scale>
                <heading>0</heading>
                <Icon id="1651">
                    <href>http://maps.google.com/mapfiles/kml/paddle/wht-circle.png</href>
                </Icon>
            </IconStyle>
        </Style>
        <Style id="1654">
            <IconStyle id="1655">
                <color>ff008000</color>
                <colorMode>normal</colorMode>
                <scale>0.8</scale>
                <heading>0</heading>
                <Icon id="1656">
                    <href>http://maps.google.com/mapfiles/kml/paddle/wht-circle.png</href>
                </Icon>
            </IconStyle>
        </Style>
        <Style id="1659">
            <IconStyle id="1660">
                <color>ff008000</color>
                <colorMode>normal</colorMode>
                <scale>0.8</scale>
                <heading>0</heading>
                <Icon id="1661">
                    <href>http://maps.google.com/mapfiles/kml/paddle/wht-circle.png</href>
                </Icon>
            </IconStyle>
        </Style>
        <Style id="1664">
            <IconStyle id="1665">
                <color>ff008000</color>
                <colorMode>normal</colorMode>
                <scale>0.8</scale>
                <heading>0</heading>
                <Icon id="1666">
                    <href>http://maps.google.com/mapfiles/kml/paddle/wht-circle.png</href>
                </Icon>
            </IconStyle>
        </Style>
        <Style id="1669">
            <IconStyle id="1670">
                <color>ff008000</color>
                <colorMode>normal</colorMode>
                <scale>0.8</scale>
                <heading>0</heading>
                <Icon id="1671">
                    <href>http://maps.google.com/mapfiles/kml/paddle/wht-circle.png</href>
                </Icon>
            </IconStyle>
        </Style>
        <Style id="1674">
            <IconStyle id="1675">
                <color>ff008000</color>
                <colorMode>normal</colorMode>
                <scale>0.8</scale>
                <heading>0</heading>
                <Icon id="1676">
                    <href>http://maps.google.com/mapfiles/kml/paddle/wht-circle.png</href>
                </Icon>
            </IconStyle>
        </Style>
        <Style id="1679">
            <IconStyle id="1680">
                <color>ff008000</color>
                <colorMode>normal</colorMode>
                <scale>0.8</scale>
                <heading>0</heading>
                <Icon id="1681">
                    <href>http://maps.google.com/mapfiles/kml/paddle/wht-circle.png</href>
                </Icon>
            </IconStyle>
        </Style>
        <Style id="1684">
            <IconStyle id="1685">
                <color>ff008000</color>
                <colorMode>normal</colorMode>
                <scale>0.8</scale>
                <heading>0</heading>
                <Icon id="1686">
                    <href>http://maps.google.com/mapfiles/kml/paddle/wht-circle.png</href>
                </Icon>
            </IconStyle>
        </Style>
        <Style id="1689">
            <IconStyle id="1690">
                <color>ff008000</color>
                <colorMode>normal</colorMode>
                <scale>0.8</scale>
                <heading>0</heading>
                <Icon id="1691">
                    <href>http://maps.google.com/mapfiles/kml/paddle/wht-circle.png</href>
                </Icon>
            </IconStyle>
        </Style>
        <Style id="1694">
            <IconStyle id="1695">
                <color>ff008000</color>
                <colorMode>normal</colorMode>
                <scale>0.8</scale>
                <heading>0</heading>
                <Icon id="1696">
                    <href>http://maps.google.com/mapfiles/kml/paddle/wht-circle.png</href>
                </Icon>
            </IconStyle>
        </Style>
        <Style id="1699">
            <IconStyle id="1700">
                <color>ff008000</color>
                <colorMode>normal</colorMode>
                <scale>0.8</scale>
                <heading>0</heading>
                <Icon id="1701">
                    <href>http://maps.google.com/mapfiles/kml/paddle/wht-circle.png</href>
                </Icon>
            </IconStyle>
        </Style>
        <Style id="1704">
            <IconStyle id="1705">
                <color>ff008000</color>
                <colorMode>normal</colorMode>
                <scale>0.8</scale>
                <heading>0</heading>
                <Icon id="1706">
                    <href>http://maps.google.com/mapfiles/kml/paddle/wht-circle.png</href>
                </Icon>
            </IconStyle>
        </Style>
        <Style id="1709">
            <IconStyle id="1710">
                <color>ff008000</color>
                <colorMode>normal</colorMode>
                <scale>0.8</scale>
                <heading>0</heading>
                <Icon id="1711">
                    <href>http://maps.google.com/mapfiles/kml/paddle/wht-circle.png</href>
                </Icon>
            </IconStyle>
        </Style>
        <Style id="1714">
            <IconStyle id="1715">
                <color>ff008000</color>
                <colorMode>normal</colorMode>
                <scale>0.8</scale>
                <heading>0</heading>
                <Icon id="1716">
                    <href>http://maps.google.com/mapfiles/kml/paddle/wht-circle.png</href>
                </Icon>
            </IconStyle>
        </Style>
        <Style id="1719">
            <IconStyle id="1720">
                <color>ff008000</color>
                <colorMode>normal</colorMode>
                <scale>0.8</scale>
                <heading>0</heading>
                <Icon id="1721">
                    <href>http://maps.google.com/mapfiles/kml/paddle/wht-circle.png</href>
                </Icon>
            </IconStyle>
        </Style>
        <Style id="1724">
            <IconStyle id="1725">
                <color>ff008000</color>
                <colorMode>normal</colorMode>
                <scale>0.8</scale>
                <heading>0</heading>
                <Icon id="1726">
                    <href>http://maps.google.com/mapfiles/kml/paddle/wht-circle.png</href>
                </Icon>
            </IconStyle>
        </Style>
        <Style id="1729">
            <IconStyle id="1730">
                <color>ff008000</color>
                <colorMode>normal</colorMode>
                <scale>0.8</scale>
                <heading>0</heading>
                <Icon id="1731">
                    <href>http://maps.google.com/mapfiles/kml/paddle/wht-circle.png</href>
                </Icon>
            </IconStyle>
        </Style>
        <Style id="1734">
            <IconStyle id="1735">
                <color>ff008000</color>
                <colorMode>normal</colorMode>
                <scale>0.8</scale>
                <heading>0</heading>
                <Icon id="1736">
                    <href>http://maps.google.com/mapfiles/kml/paddle/wht-circle.png</href>
                </Icon>
            </IconStyle>
        </Style>
        <Style id="1739">
            <IconStyle id="1740">
                <color>ff008000</color>
                <colorMode>normal</colorMode>
                <scale>0.8</scale>
                <heading>0</heading>
                <Icon id="1741">
                    <href>http://maps.google.com/mapfiles/kml/paddle/wht-circle.png</href>
                </Icon>
            </IconStyle>
        </Style>
        <Style id="1744">
            <IconStyle id="1745">
                <color>ff008000</color>
                <colorMode>normal</colorMode>
                <scale>0.8</scale>
                <heading>0</heading>
                <Icon id="1746">
                    <href>http://maps.google.com/mapfiles/kml/paddle/wht-circle.png</href>
                </Icon>
            </IconStyle>
        </Style>
        <Style id="1749">
            <IconStyle id="1750">
                <color>ff008000</color>
                <colorMode>normal</colorMode>
                <scale>0.8</scale>
                <heading>0</heading>
                <Icon id="1751">
                    <href>http://maps.google.com/mapfiles/kml/paddle/wht-circle.png</href>
                </Icon>
            </IconStyle>
        </Style>
        <Style id="1754">
            <IconStyle id="1755">
                <color>ff008000</color>
                <colorMode>normal</colorMode>
                <scale>0.8</scale>
                <heading>0</heading>
                <Icon id="1756">
                    <href>http://maps.google.com/mapfiles/kml/paddle/wht-circle.png</href>
                </Icon>
            </IconStyle>
        </Style>
        <Style id="1759">
            <IconStyle id="1760">
                <color>ff008000</color>
                <colorMode>normal</colorMode>
                <scale>0.8</scale>
                <heading>0</heading>
                <Icon id="1761">
                    <href>http://maps.google.com/mapfiles/kml/paddle/wht-circle.png</href>
                </Icon>
            </IconStyle>
        </Style>
        <Style id="1764">
            <IconStyle id="1765">
                <color>ff008000</color>
                <colorMode>normal</colorMode>
                <scale>0.8</scale>
                <heading>0</heading>
                <Icon id="1766">
                    <href>http://maps.google.com/mapfiles/kml/paddle/wht-circle.png</href>
                </Icon>
            </IconStyle>
        </Style>
        <Style id="1769">
            <IconStyle id="1770">
                <color>ff008000</color>
                <colorMode>normal</colorMode>
                <scale>0.8</scale>
                <heading>0</heading>
                <Icon id="1771">
                    <href>http://maps.google.com/mapfiles/kml/paddle/wht-circle.png</href>
                </Icon>
            </IconStyle>
        </Style>
        <Style id="1774">
            <IconStyle id="1775">
                <color>ff008000</color>
                <colorMode>normal</colorMode>
                <scale>0.8</scale>
                <heading>0</heading>
                <Icon id="1776">
                    <href>http://maps.google.com/mapfiles/kml/paddle/wht-circle.png</href>
                </Icon>
            </IconStyle>
        </Style>
        <Style id="1779">
            <IconStyle id="1780">
                <color>ff008000</color>
                <colorMode>normal</colorMode>
                <scale>0.8</scale>
                <heading>0</heading>
                <Icon id="1781">
                    <href>http://maps.google.com/mapfiles/kml/paddle/wht-circle.png</href>
                </Icon>
            </IconStyle>
        </Style>
        <Style id="1784">
            <IconStyle id="1785">
                <color>ff008000</color>
                <colorMode>normal</colorMode>
                <scale>0.8</scale>
                <heading>0</heading>
                <Icon id="1786">
                    <href>http://maps.google.com/mapfiles/kml/paddle/wht-circle.png</href>
                </Icon>
            </IconStyle>
        </Style>
        <Style id="1789">
            <IconStyle id="1790">
                <color>ff008000</color>
                <colorMode>normal</colorMode>
                <scale>0.8</scale>
                <heading>0</heading>
                <Icon id="1791">
                    <href>http://maps.google.com/mapfiles/kml/paddle/wht-circle.png</href>
                </Icon>
            </IconStyle>
        </Style>
        <Style id="1794">
            <IconStyle id="1795">
                <color>ff008000</color>
                <colorMode>normal</colorMode>
                <scale>0.8</scale>
                <heading>0</heading>
                <Icon id="1796">
                    <href>http://maps.google.com/mapfiles/kml/paddle/wht-circle.png</href>
                </Icon>
            </IconStyle>
        </Style>
        <Style id="1799">
            <IconStyle id="1800">
                <color>ff008000</color>
                <colorMode>normal</colorMode>
                <scale>0.8</scale>
                <heading>0</heading>
                <Icon id="1801">
                    <href>http://maps.google.com/mapfiles/kml/paddle/wht-circle.png</href>
                </Icon>
            </IconStyle>
        </Style>
        <Style id="1804">
            <IconStyle id="1805">
                <color>ff008000</color>
                <colorMode>normal</colorMode>
                <scale>0.8</scale>
                <heading>0</heading>
                <Icon id="1806">
                    <href>http://maps.google.com/mapfiles/kml/paddle/wht-circle.png</href>
                </Icon>
            </IconStyle>
        </Style>
        <Style id="1809">
            <IconStyle id="1810">
                <color>ff008000</color>
                <colorMode>normal</colorMode>
                <scale>0.8</scale>
                <heading>0</heading>
                <Icon id="1811">
                    <href>http://maps.google.com/mapfiles/kml/paddle/wht-circle.png</href>
                </Icon>
            </IconStyle>
        </Style>
        <Style id="1814">
            <IconStyle id="1815">
                <color>ff008000</color>
                <colorMode>normal</colorMode>
                <scale>0.8</scale>
                <heading>0</heading>
                <Icon id="1816">
                    <href>http://maps.google.com/mapfiles/kml/paddle/wht-circle.png</href>
                </Icon>
            </IconStyle>
        </Style>
        <Style id="1819">
            <IconStyle id="1820">
                <color>ff008000</color>
                <colorMode>normal</colorMode>
                <scale>0.8</scale>
                <heading>0</heading>
                <Icon id="1821">
                    <href>http://maps.google.com/mapfiles/kml/paddle/wht-circle.png</href>
                </Icon>
            </IconStyle>
        </Style>
        <Style id="1824">
            <IconStyle id="1825">
                <color>ff008000</color>
                <colorMode>normal</colorMode>
                <scale>0.8</scale>
                <heading>0</heading>
                <Icon id="1826">
                    <href>http://maps.google.com/mapfiles/kml/paddle/wht-circle.png</href>
                </Icon>
            </IconStyle>
        </Style>
        <Style id="1829">
            <IconStyle id="1830">
                <color>ff008000</color>
                <colorMode>normal</colorMode>
                <scale>0.8</scale>
                <heading>0</heading>
                <Icon id="1831">
                    <href>http://maps.google.com/mapfiles/kml/paddle/wht-circle.png</href>
                </Icon>
            </IconStyle>
        </Style>
        <Style id="1834">
            <IconStyle id="1835">
                <color>ff008000</color>
                <colorMode>normal</colorMode>
                <scale>0.8</scale>
                <heading>0</heading>
                <Icon id="1836">
                    <href>http://maps.google.com/mapfiles/kml/paddle/wht-circle.png</href>
                </Icon>
            </IconStyle>
        </Style>
        <Style id="1839">
            <IconStyle id="1840">
                <color>ff008000</color>
                <colorMode>normal</colorMode>
                <scale>0.8</scale>
                <heading>0</heading>
                <Icon id="1841">
                    <href>http://maps.google.com/mapfiles/kml/paddle/wht-circle.png</href>
                </Icon>
            </IconStyle>
        </Style>
        <Style id="1844">
            <IconStyle id="1845">
                <color>ff008000</color>
                <colorMode>normal</colorMode>
                <scale>0.8</scale>
                <heading>0</heading>
                <Icon id="1846">
                    <href>http://maps.google.com/mapfiles/kml/paddle/wht-circle.png</href>
                </Icon>
            </IconStyle>
        </Style>
        <Style id="1849">
            <IconStyle id="1850">
                <color>ff008000</color>
                <colorMode>normal</colorMode>
                <scale>0.8</scale>
                <heading>0</heading>
                <Icon id="1851">
                    <href>http://maps.google.com/mapfiles/kml/paddle/wht-circle.png</href>
                </Icon>
            </IconStyle>
        </Style>
        <Style id="1854">
            <IconStyle id="1855">
                <color>ff008000</color>
                <colorMode>normal</colorMode>
                <scale>0.8</scale>
                <heading>0</heading>
                <Icon id="1856">
                    <href>http://maps.google.com/mapfiles/kml/paddle/wht-circle.png</href>
                </Icon>
            </IconStyle>
        </Style>
        <Style id="1859">
            <IconStyle id="1860">
                <color>ff008000</color>
                <colorMode>normal</colorMode>
                <scale>0.8</scale>
                <heading>0</heading>
                <Icon id="1861">
                    <href>http://maps.google.com/mapfiles/kml/paddle/wht-circle.png</href>
                </Icon>
            </IconStyle>
        </Style>
        <Style id="1864">
            <IconStyle id="1865">
                <color>ff008000</color>
                <colorMode>normal</colorMode>
                <scale>0.8</scale>
                <heading>0</heading>
                <Icon id="1866">
                    <href>http://maps.google.com/mapfiles/kml/paddle/wht-circle.png</href>
                </Icon>
            </IconStyle>
        </Style>
        <Style id="1869">
            <IconStyle id="1870">
                <color>ff008000</color>
                <colorMode>normal</colorMode>
                <scale>0.8</scale>
                <heading>0</heading>
                <Icon id="1871">
                    <href>http://maps.google.com/mapfiles/kml/paddle/wht-circle.png</href>
                </Icon>
            </IconStyle>
        </Style>
        <Style id="1874">
            <IconStyle id="1875">
                <color>ff008000</color>
                <colorMode>normal</colorMode>
                <scale>0.8</scale>
                <heading>0</heading>
                <Icon id="1876">
                    <href>http://maps.google.com/mapfiles/kml/paddle/wht-circle.png</href>
                </Icon>
            </IconStyle>
        </Style>
        <Style id="1879">
            <IconStyle id="1880">
                <color>ff008000</color>
                <colorMode>normal</colorMode>
                <scale>0.8</scale>
                <heading>0</heading>
                <Icon id="1881">
                    <href>http://maps.google.com/mapfiles/kml/paddle/wht-circle.png</href>
                </Icon>
            </IconStyle>
        </Style>
        <Style id="1884">
            <IconStyle id="1885">
                <color>ff008000</color>
                <colorMode>normal</colorMode>
                <scale>0.8</scale>
                <heading>0</heading>
                <Icon id="1886">
                    <href>http://maps.google.com/mapfiles/kml/paddle/wht-circle.png</href>
                </Icon>
            </IconStyle>
        </Style>
        <Style id="1889">
            <IconStyle id="1890">
                <color>ff008000</color>
                <colorMode>normal</colorMode>
                <scale>0.8</scale>
                <heading>0</heading>
                <Icon id="1891">
                    <href>http://maps.google.com/mapfiles/kml/paddle/wht-circle.png</href>
                </Icon>
            </IconStyle>
        </Style>
        <Style id="1894">
            <IconStyle id="1895">
                <color>ff008000</color>
                <colorMode>normal</colorMode>
                <scale>0.8</scale>
                <heading>0</heading>
                <Icon id="1896">
                    <href>http://maps.google.com/mapfiles/kml/paddle/wht-circle.png</href>
                </Icon>
            </IconStyle>
        </Style>
        <Style id="1899">
            <IconStyle id="1900">
                <color>ff008000</color>
                <colorMode>normal</colorMode>
                <scale>0.8</scale>
                <heading>0</heading>
                <Icon id="1901">
                    <href>http://maps.google.com/mapfiles/kml/paddle/wht-circle.png</href>
                </Icon>
            </IconStyle>
        </Style>
        <Style id="1904">
            <IconStyle id="1905">
                <color>ff008000</color>
                <colorMode>normal</colorMode>
                <scale>0.8</scale>
                <heading>0</heading>
                <Icon id="1906">
                    <href>http://maps.google.com/mapfiles/kml/paddle/wht-circle.png</href>
                </Icon>
            </IconStyle>
        </Style>
        <Style id="1909">
            <IconStyle id="1910">
                <color>ff008000</color>
                <colorMode>normal</colorMode>
                <scale>0.8</scale>
                <heading>0</heading>
                <Icon id="1911">
                    <href>http://maps.google.com/mapfiles/kml/paddle/wht-circle.png</href>
                </Icon>
            </IconStyle>
        </Style>
        <Style id="1914">
            <IconStyle id="1915">
                <color>ff008000</color>
                <colorMode>normal</colorMode>
                <scale>0.8</scale>
                <heading>0</heading>
                <Icon id="1916">
                    <href>http://maps.google.com/mapfiles/kml/paddle/wht-circle.png</href>
                </Icon>
            </IconStyle>
        </Style>
        <Style id="1919">
            <IconStyle id="1920">
                <color>ff008000</color>
                <colorMode>normal</colorMode>
                <scale>0.8</scale>
                <heading>0</heading>
                <Icon id="1921">
                    <href>http://maps.google.com/mapfiles/kml/paddle/wht-circle.png</href>
                </Icon>
            </IconStyle>
        </Style>
        <Style id="1924">
            <IconStyle id="1925">
                <color>ff008000</color>
                <colorMode>normal</colorMode>
                <scale>0.8</scale>
                <heading>0</heading>
                <Icon id="1926">
                    <href>http://maps.google.com/mapfiles/kml/paddle/wht-circle.png</href>
                </Icon>
            </IconStyle>
        </Style>
        <Style id="1929">
            <IconStyle id="1930">
                <color>ff008000</color>
                <colorMode>normal</colorMode>
                <scale>0.8</scale>
                <heading>0</heading>
                <Icon id="1931">
                    <href>http://maps.google.com/mapfiles/kml/paddle/wht-circle.png</href>
                </Icon>
            </IconStyle>
        </Style>
        <Style id="1934">
            <IconStyle id="1935">
                <color>ff008000</color>
                <colorMode>normal</colorMode>
                <scale>0.8</scale>
                <heading>0</heading>
                <Icon id="1936">
                    <href>http://maps.google.com/mapfiles/kml/paddle/wht-circle.png</href>
                </Icon>
            </IconStyle>
        </Style>
        <Style id="1939">
            <IconStyle id="1940">
                <color>ff008000</color>
                <colorMode>normal</colorMode>
                <scale>0.8</scale>
                <heading>0</heading>
                <Icon id="1941">
                    <href>http://maps.google.com/mapfiles/kml/paddle/wht-circle.png</href>
                </Icon>
            </IconStyle>
        </Style>
        <Style id="1944">
            <IconStyle id="1945">
                <color>ff008000</color>
                <colorMode>normal</colorMode>
                <scale>0.8</scale>
                <heading>0</heading>
                <Icon id="1946">
                    <href>http://maps.google.com/mapfiles/kml/paddle/wht-circle.png</href>
                </Icon>
            </IconStyle>
        </Style>
        <Style id="1949">
            <IconStyle id="1950">
                <color>ff008000</color>
                <colorMode>normal</colorMode>
                <scale>0.8</scale>
                <heading>0</heading>
                <Icon id="1951">
                    <href>http://maps.google.com/mapfiles/kml/paddle/wht-circle.png</href>
                </Icon>
            </IconStyle>
        </Style>
        <Style id="1954">
            <IconStyle id="1955">
                <color>ff008000</color>
                <colorMode>normal</colorMode>
                <scale>0.8</scale>
                <heading>0</heading>
                <Icon id="1956">
                    <href>http://maps.google.com/mapfiles/kml/paddle/wht-circle.png</href>
                </Icon>
            </IconStyle>
        </Style>
        <Style id="1959">
            <IconStyle id="1960">
                <color>ff008000</color>
                <colorMode>normal</colorMode>
                <scale>0.8</scale>
                <heading>0</heading>
                <Icon id="1961">
                    <href>http://maps.google.com/mapfiles/kml/paddle/wht-circle.png</href>
                </Icon>
            </IconStyle>
        </Style>
        <Style id="1964">
            <IconStyle id="1965">
                <color>ff008000</color>
                <colorMode>normal</colorMode>
                <scale>0.8</scale>
                <heading>0</heading>
                <Icon id="1966">
                    <href>http://maps.google.com/mapfiles/kml/paddle/wht-circle.png</href>
                </Icon>
            </IconStyle>
        </Style>
        <Style id="1969">
            <IconStyle id="1970">
                <color>ff008000</color>
                <colorMode>normal</colorMode>
                <scale>0.8</scale>
                <heading>0</heading>
                <Icon id="1971">
                    <href>http://maps.google.com/mapfiles/kml/paddle/wht-circle.png</href>
                </Icon>
            </IconStyle>
        </Style>
        <Style id="1974">
            <IconStyle id="1975">
                <color>ff008000</color>
                <colorMode>normal</colorMode>
                <scale>0.8</scale>
                <heading>0</heading>
                <Icon id="1976">
                    <href>http://maps.google.com/mapfiles/kml/paddle/wht-circle.png</href>
                </Icon>
            </IconStyle>
        </Style>
        <Style id="1979">
            <IconStyle id="1980">
                <color>ff008000</color>
                <colorMode>normal</colorMode>
                <scale>0.8</scale>
                <heading>0</heading>
                <Icon id="1981">
                    <href>http://maps.google.com/mapfiles/kml/paddle/wht-circle.png</href>
                </Icon>
            </IconStyle>
        </Style>
        <Style id="1984">
            <IconStyle id="1985">
                <color>ff008000</color>
                <colorMode>normal</colorMode>
                <scale>0.8</scale>
                <heading>0</heading>
                <Icon id="1986">
                    <href>http://maps.google.com/mapfiles/kml/paddle/wht-circle.png</href>
                </Icon>
            </IconStyle>
        </Style>
        <Style id="1989">
            <IconStyle id="1990">
                <color>ff008000</color>
                <colorMode>normal</colorMode>
                <scale>0.8</scale>
                <heading>0</heading>
                <Icon id="1991">
                    <href>http://maps.google.com/mapfiles/kml/paddle/wht-circle.png</href>
                </Icon>
            </IconStyle>
        </Style>
        <Style id="1994">
            <IconStyle id="1995">
                <color>ff008000</color>
                <colorMode>normal</colorMode>
                <scale>0.8</scale>
                <heading>0</heading>
                <Icon id="1996">
                    <href>http://maps.google.com/mapfiles/kml/paddle/wht-circle.png</href>
                </Icon>
            </IconStyle>
        </Style>
        <Style id="1999">
            <IconStyle id="2000">
                <color>ff008000</color>
                <colorMode>normal</colorMode>
                <scale>0.8</scale>
                <heading>0</heading>
                <Icon id="2001">
                    <href>http://maps.google.com/mapfiles/kml/paddle/wht-circle.png</href>
                </Icon>
            </IconStyle>
        </Style>
        <Style id="2004">
            <IconStyle id="2005">
                <color>ff008000</color>
                <colorMode>normal</colorMode>
                <scale>0.8</scale>
                <heading>0</heading>
                <Icon id="2006">
                    <href>http://maps.google.com/mapfiles/kml/paddle/wht-circle.png</href>
                </Icon>
            </IconStyle>
        </Style>
        <Style id="2009">
            <IconStyle id="2010">
                <color>ff008000</color>
                <colorMode>normal</colorMode>
                <scale>0.8</scale>
                <heading>0</heading>
                <Icon id="2011">
                    <href>http://maps.google.com/mapfiles/kml/paddle/wht-circle.png</href>
                </Icon>
            </IconStyle>
        </Style>
        <Style id="2014">
            <IconStyle id="2015">
                <color>ff008000</color>
                <colorMode>normal</colorMode>
                <scale>0.8</scale>
                <heading>0</heading>
                <Icon id="2016">
                    <href>http://maps.google.com/mapfiles/kml/paddle/wht-circle.png</href>
                </Icon>
            </IconStyle>
        </Style>
        <Style id="2019">
            <IconStyle id="2020">
                <color>ff008000</color>
                <colorMode>normal</colorMode>
                <scale>0.8</scale>
                <heading>0</heading>
                <Icon id="2021">
                    <href>http://maps.google.com/mapfiles/kml/paddle/wht-circle.png</href>
                </Icon>
            </IconStyle>
        </Style>
        <Style id="2024">
            <IconStyle id="2025">
                <color>ff008000</color>
                <colorMode>normal</colorMode>
                <scale>0.8</scale>
                <heading>0</heading>
                <Icon id="2026">
                    <href>http://maps.google.com/mapfiles/kml/paddle/wht-circle.png</href>
                </Icon>
            </IconStyle>
        </Style>
        <Style id="2029">
            <IconStyle id="2030">
                <color>ff008000</color>
                <colorMode>normal</colorMode>
                <scale>0.8</scale>
                <heading>0</heading>
                <Icon id="2031">
                    <href>http://maps.google.com/mapfiles/kml/paddle/wht-circle.png</href>
                </Icon>
            </IconStyle>
        </Style>
        <Style id="2034">
            <IconStyle id="2035">
                <color>ff008000</color>
                <colorMode>normal</colorMode>
                <scale>0.8</scale>
                <heading>0</heading>
                <Icon id="2036">
                    <href>http://maps.google.com/mapfiles/kml/paddle/wht-circle.png</href>
                </Icon>
            </IconStyle>
        </Style>
        <Style id="2039">
            <IconStyle id="2040">
                <color>ff008000</color>
                <colorMode>normal</colorMode>
                <scale>0.8</scale>
                <heading>0</heading>
                <Icon id="2041">
                    <href>http://maps.google.com/mapfiles/kml/paddle/wht-circle.png</href>
                </Icon>
            </IconStyle>
        </Style>
        <Style id="2044">
            <IconStyle id="2045">
                <color>ff008000</color>
                <colorMode>normal</colorMode>
                <scale>0.8</scale>
                <heading>0</heading>
                <Icon id="2046">
                    <href>http://maps.google.com/mapfiles/kml/paddle/wht-circle.png</href>
                </Icon>
            </IconStyle>
        </Style>
        <Style id="2049">
            <IconStyle id="2050">
                <color>ff008000</color>
                <colorMode>normal</colorMode>
                <scale>0.8</scale>
                <heading>0</heading>
                <Icon id="2051">
                    <href>http://maps.google.com/mapfiles/kml/paddle/wht-circle.png</href>
                </Icon>
            </IconStyle>
        </Style>
        <Style id="2054">
            <IconStyle id="2055">
                <color>ff008000</color>
                <colorMode>normal</colorMode>
                <scale>0.8</scale>
                <heading>0</heading>
                <Icon id="2056">
                    <href>http://maps.google.com/mapfiles/kml/paddle/wht-circle.png</href>
                </Icon>
            </IconStyle>
        </Style>
        <Style id="2059">
            <IconStyle id="2060">
                <color>ff008000</color>
                <colorMode>normal</colorMode>
                <scale>0.8</scale>
                <heading>0</heading>
                <Icon id="2061">
                    <href>http://maps.google.com/mapfiles/kml/paddle/wht-circle.png</href>
                </Icon>
            </IconStyle>
        </Style>
        <Style id="2064">
            <IconStyle id="2065">
                <color>ff008000</color>
                <colorMode>normal</colorMode>
                <scale>0.8</scale>
                <heading>0</heading>
                <Icon id="2066">
                    <href>http://maps.google.com/mapfiles/kml/paddle/wht-circle.png</href>
                </Icon>
            </IconStyle>
        </Style>
        <Style id="2069">
            <IconStyle id="2070">
                <color>ff008000</color>
                <colorMode>normal</colorMode>
                <scale>0.8</scale>
                <heading>0</heading>
                <Icon id="2071">
                    <href>http://maps.google.com/mapfiles/kml/paddle/wht-circle.png</href>
                </Icon>
            </IconStyle>
        </Style>
        <Style id="2074">
            <IconStyle id="2075">
                <color>ff008000</color>
                <colorMode>normal</colorMode>
                <scale>0.8</scale>
                <heading>0</heading>
                <Icon id="2076">
                    <href>http://maps.google.com/mapfiles/kml/paddle/wht-circle.png</href>
                </Icon>
            </IconStyle>
        </Style>
        <Style id="2079">
            <IconStyle id="2080">
                <color>ff008000</color>
                <colorMode>normal</colorMode>
                <scale>0.8</scale>
                <heading>0</heading>
                <Icon id="2081">
                    <href>http://maps.google.com/mapfiles/kml/paddle/wht-circle.png</href>
                </Icon>
            </IconStyle>
        </Style>
        <Style id="2084">
            <IconStyle id="2085">
                <color>ff008000</color>
                <colorMode>normal</colorMode>
                <scale>0.8</scale>
                <heading>0</heading>
                <Icon id="2086">
                    <href>http://maps.google.com/mapfiles/kml/paddle/wht-circle.png</href>
                </Icon>
            </IconStyle>
        </Style>
        <Style id="2089">
            <IconStyle id="2090">
                <color>ff008000</color>
                <colorMode>normal</colorMode>
                <scale>0.8</scale>
                <heading>0</heading>
                <Icon id="2091">
                    <href>http://maps.google.com/mapfiles/kml/paddle/wht-circle.png</href>
                </Icon>
            </IconStyle>
        </Style>
        <Style id="2094">
            <IconStyle id="2095">
                <color>ff008000</color>
                <colorMode>normal</colorMode>
                <scale>0.8</scale>
                <heading>0</heading>
                <Icon id="2096">
                    <href>http://maps.google.com/mapfiles/kml/paddle/wht-circle.png</href>
                </Icon>
            </IconStyle>
        </Style>
        <Style id="2099">
            <IconStyle id="2100">
                <color>ff008000</color>
                <colorMode>normal</colorMode>
                <scale>0.8</scale>
                <heading>0</heading>
                <Icon id="2101">
                    <href>http://maps.google.com/mapfiles/kml/paddle/wht-circle.png</href>
                </Icon>
            </IconStyle>
        </Style>
        <Style id="2104">
            <IconStyle id="2105">
                <color>ff008000</color>
                <colorMode>normal</colorMode>
                <scale>0.8</scale>
                <heading>0</heading>
                <Icon id="2106">
                    <href>http://maps.google.com/mapfiles/kml/paddle/wht-circle.png</href>
                </Icon>
            </IconStyle>
        </Style>
        <Style id="2109">
            <IconStyle id="2110">
                <color>ff008000</color>
                <colorMode>normal</colorMode>
                <scale>0.8</scale>
                <heading>0</heading>
                <Icon id="2111">
                    <href>http://maps.google.com/mapfiles/kml/paddle/wht-circle.png</href>
                </Icon>
            </IconStyle>
        </Style>
        <Style id="2114">
            <IconStyle id="2115">
                <color>ff008000</color>
                <colorMode>normal</colorMode>
                <scale>0.8</scale>
                <heading>0</heading>
                <Icon id="2116">
                    <href>http://maps.google.com/mapfiles/kml/paddle/wht-circle.png</href>
                </Icon>
            </IconStyle>
        </Style>
        <Style id="2119">
            <IconStyle id="2120">
                <color>ff008000</color>
                <colorMode>normal</colorMode>
                <scale>0.8</scale>
                <heading>0</heading>
                <Icon id="2121">
                    <href>http://maps.google.com/mapfiles/kml/paddle/wht-circle.png</href>
                </Icon>
            </IconStyle>
        </Style>
        <Style id="2124">
            <IconStyle id="2125">
                <color>ff008000</color>
                <colorMode>normal</colorMode>
                <scale>0.8</scale>
                <heading>0</heading>
                <Icon id="2126">
                    <href>http://maps.google.com/mapfiles/kml/paddle/wht-circle.png</href>
                </Icon>
            </IconStyle>
        </Style>
        <Style id="2129">
            <IconStyle id="2130">
                <color>ff008000</color>
                <colorMode>normal</colorMode>
                <scale>0.8</scale>
                <heading>0</heading>
                <Icon id="2131">
                    <href>http://maps.google.com/mapfiles/kml/paddle/wht-circle.png</href>
                </Icon>
            </IconStyle>
        </Style>
        <Style id="2134">
            <IconStyle id="2135">
                <color>ff008000</color>
                <colorMode>normal</colorMode>
                <scale>0.8</scale>
                <heading>0</heading>
                <Icon id="2136">
                    <href>http://maps.google.com/mapfiles/kml/paddle/wht-circle.png</href>
                </Icon>
            </IconStyle>
        </Style>
        <Style id="2139">
            <IconStyle id="2140">
                <color>ff008000</color>
                <colorMode>normal</colorMode>
                <scale>0.8</scale>
                <heading>0</heading>
                <Icon id="2141">
                    <href>http://maps.google.com/mapfiles/kml/paddle/wht-circle.png</href>
                </Icon>
            </IconStyle>
        </Style>
        <Style id="2144">
            <IconStyle id="2145">
                <color>ff008000</color>
                <colorMode>normal</colorMode>
                <scale>0.8</scale>
                <heading>0</heading>
                <Icon id="2146">
                    <href>http://maps.google.com/mapfiles/kml/paddle/wht-circle.png</href>
                </Icon>
            </IconStyle>
        </Style>
        <Style id="2149">
            <IconStyle id="2150">
                <color>ff008000</color>
                <colorMode>normal</colorMode>
                <scale>0.8</scale>
                <heading>0</heading>
                <Icon id="2151">
                    <href>http://maps.google.com/mapfiles/kml/paddle/wht-circle.png</href>
                </Icon>
            </IconStyle>
        </Style>
        <Style id="2154">
            <IconStyle id="2155">
                <color>ff008000</color>
                <colorMode>normal</colorMode>
                <scale>0.8</scale>
                <heading>0</heading>
                <Icon id="2156">
                    <href>http://maps.google.com/mapfiles/kml/paddle/wht-circle.png</href>
                </Icon>
            </IconStyle>
        </Style>
        <Style id="2159">
            <IconStyle id="2160">
                <color>ff008000</color>
                <colorMode>normal</colorMode>
                <scale>0.8</scale>
                <heading>0</heading>
                <Icon id="2161">
                    <href>http://maps.google.com/mapfiles/kml/paddle/wht-circle.png</href>
                </Icon>
            </IconStyle>
        </Style>
        <Style id="2164">
            <IconStyle id="2165">
                <color>ff008000</color>
                <colorMode>normal</colorMode>
                <scale>0.8</scale>
                <heading>0</heading>
                <Icon id="2166">
                    <href>http://maps.google.com/mapfiles/kml/paddle/wht-circle.png</href>
                </Icon>
            </IconStyle>
        </Style>
        <Style id="2169">
            <IconStyle id="2170">
                <color>ff008000</color>
                <colorMode>normal</colorMode>
                <scale>0.8</scale>
                <heading>0</heading>
                <Icon id="2171">
                    <href>http://maps.google.com/mapfiles/kml/paddle/wht-circle.png</href>
                </Icon>
            </IconStyle>
        </Style>
        <Style id="2174">
            <IconStyle id="2175">
                <color>ff008000</color>
                <colorMode>normal</colorMode>
                <scale>0.8</scale>
                <heading>0</heading>
                <Icon id="2176">
                    <href>http://maps.google.com/mapfiles/kml/paddle/wht-circle.png</href>
                </Icon>
            </IconStyle>
        </Style>
        <Style id="2179">
            <IconStyle id="2180">
                <color>ff008000</color>
                <colorMode>normal</colorMode>
                <scale>0.8</scale>
                <heading>0</heading>
                <Icon id="2181">
                    <href>http://maps.google.com/mapfiles/kml/paddle/wht-circle.png</href>
                </Icon>
            </IconStyle>
        </Style>
        <Style id="2184">
            <IconStyle id="2185">
                <color>ff008000</color>
                <colorMode>normal</colorMode>
                <scale>0.8</scale>
                <heading>0</heading>
                <Icon id="2186">
                    <href>http://maps.google.com/mapfiles/kml/paddle/wht-circle.png</href>
                </Icon>
            </IconStyle>
        </Style>
        <Style id="2189">
            <IconStyle id="2190">
                <color>ff008000</color>
                <colorMode>normal</colorMode>
                <scale>0.8</scale>
                <heading>0</heading>
                <Icon id="2191">
                    <href>http://maps.google.com/mapfiles/kml/paddle/wht-circle.png</href>
                </Icon>
            </IconStyle>
        </Style>
        <Style id="2194">
            <IconStyle id="2195">
                <color>ff008000</color>
                <colorMode>normal</colorMode>
                <scale>0.8</scale>
                <heading>0</heading>
                <Icon id="2196">
                    <href>http://maps.google.com/mapfiles/kml/paddle/wht-circle.png</href>
                </Icon>
            </IconStyle>
        </Style>
        <Style id="2199">
            <IconStyle id="2200">
                <color>ff008000</color>
                <colorMode>normal</colorMode>
                <scale>0.8</scale>
                <heading>0</heading>
                <Icon id="2201">
                    <href>http://maps.google.com/mapfiles/kml/paddle/wht-circle.png</href>
                </Icon>
            </IconStyle>
        </Style>
        <Style id="2204">
            <IconStyle id="2205">
                <color>ff008000</color>
                <colorMode>normal</colorMode>
                <scale>0.8</scale>
                <heading>0</heading>
                <Icon id="2206">
                    <href>http://maps.google.com/mapfiles/kml/paddle/wht-circle.png</href>
                </Icon>
            </IconStyle>
        </Style>
        <Style id="2209">
            <IconStyle id="2210">
                <color>ff008000</color>
                <colorMode>normal</colorMode>
                <scale>0.8</scale>
                <heading>0</heading>
                <Icon id="2211">
                    <href>http://maps.google.com/mapfiles/kml/paddle/wht-circle.png</href>
                </Icon>
            </IconStyle>
        </Style>
        <Style id="2214">
            <IconStyle id="2215">
                <color>ff008000</color>
                <colorMode>normal</colorMode>
                <scale>0.8</scale>
                <heading>0</heading>
                <Icon id="2216">
                    <href>http://maps.google.com/mapfiles/kml/paddle/wht-circle.png</href>
                </Icon>
            </IconStyle>
        </Style>
        <Style id="2219">
            <IconStyle id="2220">
                <color>ff008000</color>
                <colorMode>normal</colorMode>
                <scale>0.8</scale>
                <heading>0</heading>
                <Icon id="2221">
                    <href>http://maps.google.com/mapfiles/kml/paddle/wht-circle.png</href>
                </Icon>
            </IconStyle>
        </Style>
        <Style id="2224">
            <IconStyle id="2225">
                <color>ff008000</color>
                <colorMode>normal</colorMode>
                <scale>0.8</scale>
                <heading>0</heading>
                <Icon id="2226">
                    <href>http://maps.google.com/mapfiles/kml/paddle/wht-circle.png</href>
                </Icon>
            </IconStyle>
        </Style>
        <Style id="2229">
            <IconStyle id="2230">
                <color>ff008000</color>
                <colorMode>normal</colorMode>
                <scale>0.8</scale>
                <heading>0</heading>
                <Icon id="2231">
                    <href>http://maps.google.com/mapfiles/kml/paddle/wht-circle.png</href>
                </Icon>
            </IconStyle>
        </Style>
        <Style id="2234">
            <IconStyle id="2235">
                <color>ff008000</color>
                <colorMode>normal</colorMode>
                <scale>0.8</scale>
                <heading>0</heading>
                <Icon id="2236">
                    <href>http://maps.google.com/mapfiles/kml/paddle/wht-circle.png</href>
                </Icon>
            </IconStyle>
        </Style>
        <Style id="2239">
            <IconStyle id="2240">
                <color>ff008000</color>
                <colorMode>normal</colorMode>
                <scale>0.8</scale>
                <heading>0</heading>
                <Icon id="2241">
                    <href>http://maps.google.com/mapfiles/kml/paddle/wht-circle.png</href>
                </Icon>
            </IconStyle>
        </Style>
        <Style id="2244">
            <IconStyle id="2245">
                <color>ff008000</color>
                <colorMode>normal</colorMode>
                <scale>0.8</scale>
                <heading>0</heading>
                <Icon id="2246">
                    <href>http://maps.google.com/mapfiles/kml/paddle/wht-circle.png</href>
                </Icon>
            </IconStyle>
        </Style>
        <Style id="2249">
            <IconStyle id="2250">
                <color>ff008000</color>
                <colorMode>normal</colorMode>
                <scale>0.8</scale>
                <heading>0</heading>
                <Icon id="2251">
                    <href>http://maps.google.com/mapfiles/kml/paddle/wht-circle.png</href>
                </Icon>
            </IconStyle>
        </Style>
        <Style id="2254">
            <IconStyle id="2255">
                <color>ff008000</color>
                <colorMode>normal</colorMode>
                <scale>0.8</scale>
                <heading>0</heading>
                <Icon id="2256">
                    <href>http://maps.google.com/mapfiles/kml/paddle/wht-circle.png</href>
                </Icon>
            </IconStyle>
        </Style>
        <Style id="2259">
            <IconStyle id="2260">
                <color>ff008000</color>
                <colorMode>normal</colorMode>
                <scale>0.8</scale>
                <heading>0</heading>
                <Icon id="2261">
                    <href>http://maps.google.com/mapfiles/kml/paddle/wht-circle.png</href>
                </Icon>
            </IconStyle>
        </Style>
        <Style id="2264">
            <IconStyle id="2265">
                <color>ff008000</color>
                <colorMode>normal</colorMode>
                <scale>0.8</scale>
                <heading>0</heading>
                <Icon id="2266">
                    <href>http://maps.google.com/mapfiles/kml/paddle/wht-circle.png</href>
                </Icon>
            </IconStyle>
        </Style>
        <Style id="2269">
            <IconStyle id="2270">
                <color>ff008000</color>
                <colorMode>normal</colorMode>
                <scale>0.8</scale>
                <heading>0</heading>
                <Icon id="2271">
                    <href>http://maps.google.com/mapfiles/kml/paddle/wht-circle.png</href>
                </Icon>
            </IconStyle>
        </Style>
        <Style id="2274">
            <IconStyle id="2275">
                <color>ff008000</color>
                <colorMode>normal</colorMode>
                <scale>0.8</scale>
                <heading>0</heading>
                <Icon id="2276">
                    <href>http://maps.google.com/mapfiles/kml/paddle/wht-circle.png</href>
                </Icon>
            </IconStyle>
        </Style>
        <Style id="2279">
            <IconStyle id="2280">
                <color>ff008000</color>
                <colorMode>normal</colorMode>
                <scale>0.8</scale>
                <heading>0</heading>
                <Icon id="2281">
                    <href>http://maps.google.com/mapfiles/kml/paddle/wht-circle.png</href>
                </Icon>
            </IconStyle>
        </Style>
        <Style id="2284">
            <IconStyle id="2285">
                <color>ff008000</color>
                <colorMode>normal</colorMode>
                <scale>0.8</scale>
                <heading>0</heading>
                <Icon id="2286">
                    <href>http://maps.google.com/mapfiles/kml/paddle/wht-circle.png</href>
                </Icon>
            </IconStyle>
        </Style>
        <Style id="2289">
            <IconStyle id="2290">
                <color>ff008000</color>
                <colorMode>normal</colorMode>
                <scale>0.8</scale>
                <heading>0</heading>
                <Icon id="2291">
                    <href>http://maps.google.com/mapfiles/kml/paddle/wht-circle.png</href>
                </Icon>
            </IconStyle>
        </Style>
        <Style id="2294">
            <IconStyle id="2295">
                <color>ff008000</color>
                <colorMode>normal</colorMode>
                <scale>0.8</scale>
                <heading>0</heading>
                <Icon id="2296">
                    <href>http://maps.google.com/mapfiles/kml/paddle/wht-circle.png</href>
                </Icon>
            </IconStyle>
        </Style>
        <Style id="2299">
            <IconStyle id="2300">
                <color>ff008000</color>
                <colorMode>normal</colorMode>
                <scale>0.8</scale>
                <heading>0</heading>
                <Icon id="2301">
                    <href>http://maps.google.com/mapfiles/kml/paddle/wht-circle.png</href>
                </Icon>
            </IconStyle>
        </Style>
        <Style id="2304">
            <IconStyle id="2305">
                <color>ff008000</color>
                <colorMode>normal</colorMode>
                <scale>0.8</scale>
                <heading>0</heading>
                <Icon id="2306">
                    <href>http://maps.google.com/mapfiles/kml/paddle/wht-circle.png</href>
                </Icon>
            </IconStyle>
        </Style>
        <Style id="2309">
            <IconStyle id="2310">
                <color>ff008000</color>
                <colorMode>normal</colorMode>
                <scale>0.8</scale>
                <heading>0</heading>
                <Icon id="2311">
                    <href>http://maps.google.com/mapfiles/kml/paddle/wht-circle.png</href>
                </Icon>
            </IconStyle>
        </Style>
        <Style id="2314">
            <IconStyle id="2315">
                <color>ff008000</color>
                <colorMode>normal</colorMode>
                <scale>0.8</scale>
                <heading>0</heading>
                <Icon id="2316">
                    <href>http://maps.google.com/mapfiles/kml/paddle/wht-circle.png</href>
                </Icon>
            </IconStyle>
        </Style>
        <Style id="2319">
            <IconStyle id="2320">
                <color>ff008000</color>
                <colorMode>normal</colorMode>
                <scale>0.8</scale>
                <heading>0</heading>
                <Icon id="2321">
                    <href>http://maps.google.com/mapfiles/kml/paddle/wht-circle.png</href>
                </Icon>
            </IconStyle>
        </Style>
        <Style id="2324">
            <IconStyle id="2325">
                <color>ff008000</color>
                <colorMode>normal</colorMode>
                <scale>0.8</scale>
                <heading>0</heading>
                <Icon id="2326">
                    <href>http://maps.google.com/mapfiles/kml/paddle/wht-circle.png</href>
                </Icon>
            </IconStyle>
        </Style>
        <Style id="2329">
            <IconStyle id="2330">
                <color>ff008000</color>
                <colorMode>normal</colorMode>
                <scale>0.8</scale>
                <heading>0</heading>
                <Icon id="2331">
                    <href>http://maps.google.com/mapfiles/kml/paddle/wht-circle.png</href>
                </Icon>
            </IconStyle>
        </Style>
        <Style id="2334">
            <IconStyle id="2335">
                <color>ff008000</color>
                <colorMode>normal</colorMode>
                <scale>0.8</scale>
                <heading>0</heading>
                <Icon id="2336">
                    <href>http://maps.google.com/mapfiles/kml/paddle/wht-circle.png</href>
                </Icon>
            </IconStyle>
        </Style>
        <Style id="2339">
            <IconStyle id="2340">
                <color>ff008000</color>
                <colorMode>normal</colorMode>
                <scale>0.8</scale>
                <heading>0</heading>
                <Icon id="2341">
                    <href>http://maps.google.com/mapfiles/kml/paddle/wht-circle.png</href>
                </Icon>
            </IconStyle>
        </Style>
        <Style id="2344">
            <IconStyle id="2345">
                <color>ff008000</color>
                <colorMode>normal</colorMode>
                <scale>0.8</scale>
                <heading>0</heading>
                <Icon id="2346">
                    <href>http://maps.google.com/mapfiles/kml/paddle/wht-circle.png</href>
                </Icon>
            </IconStyle>
        </Style>
        <Style id="2349">
            <IconStyle id="2350">
                <color>ff008000</color>
                <colorMode>normal</colorMode>
                <scale>0.8</scale>
                <heading>0</heading>
                <Icon id="2351">
                    <href>http://maps.google.com/mapfiles/kml/paddle/wht-circle.png</href>
                </Icon>
            </IconStyle>
        </Style>
        <Style id="2354">
            <IconStyle id="2355">
                <color>ff008000</color>
                <colorMode>normal</colorMode>
                <scale>0.8</scale>
                <heading>0</heading>
                <Icon id="2356">
                    <href>http://maps.google.com/mapfiles/kml/paddle/wht-circle.png</href>
                </Icon>
            </IconStyle>
        </Style>
        <Style id="2359">
            <IconStyle id="2360">
                <color>ff008000</color>
                <colorMode>normal</colorMode>
                <scale>0.8</scale>
                <heading>0</heading>
                <Icon id="2361">
                    <href>http://maps.google.com/mapfiles/kml/paddle/wht-circle.png</href>
                </Icon>
            </IconStyle>
        </Style>
        <Style id="2364">
            <IconStyle id="2365">
                <color>ff008000</color>
                <colorMode>normal</colorMode>
                <scale>0.8</scale>
                <heading>0</heading>
                <Icon id="2366">
                    <href>http://maps.google.com/mapfiles/kml/paddle/wht-circle.png</href>
                </Icon>
            </IconStyle>
        </Style>
        <Style id="2369">
            <IconStyle id="2370">
                <color>ff008000</color>
                <colorMode>normal</colorMode>
                <scale>0.8</scale>
                <heading>0</heading>
                <Icon id="2371">
                    <href>http://maps.google.com/mapfiles/kml/paddle/wht-circle.png</href>
                </Icon>
            </IconStyle>
        </Style>
        <Style id="2374">
            <IconStyle id="2375">
                <color>ff008000</color>
                <colorMode>normal</colorMode>
                <scale>0.8</scale>
                <heading>0</heading>
                <Icon id="2376">
                    <href>http://maps.google.com/mapfiles/kml/paddle/wht-circle.png</href>
                </Icon>
            </IconStyle>
        </Style>
        <Style id="2379">
            <IconStyle id="2380">
                <color>ff008000</color>
                <colorMode>normal</colorMode>
                <scale>0.8</scale>
                <heading>0</heading>
                <Icon id="2381">
                    <href>http://maps.google.com/mapfiles/kml/paddle/wht-circle.png</href>
                </Icon>
            </IconStyle>
        </Style>
        <Style id="2384">
            <IconStyle id="2385">
                <color>ff008000</color>
                <colorMode>normal</colorMode>
                <scale>0.8</scale>
                <heading>0</heading>
                <Icon id="2386">
                    <href>http://maps.google.com/mapfiles/kml/paddle/wht-circle.png</href>
                </Icon>
            </IconStyle>
        </Style>
        <Style id="2389">
            <IconStyle id="2390">
                <color>ff008000</color>
                <colorMode>normal</colorMode>
                <scale>0.8</scale>
                <heading>0</heading>
                <Icon id="2391">
                    <href>http://maps.google.com/mapfiles/kml/paddle/wht-circle.png</href>
                </Icon>
            </IconStyle>
        </Style>
        <Style id="2394">
            <IconStyle id="2395">
                <color>ff008000</color>
                <colorMode>normal</colorMode>
                <scale>0.8</scale>
                <heading>0</heading>
                <Icon id="2396">
                    <href>http://maps.google.com/mapfiles/kml/paddle/wht-circle.png</href>
                </Icon>
            </IconStyle>
        </Style>
        <Style id="2399">
            <IconStyle id="2400">
                <color>ff008000</color>
                <colorMode>normal</colorMode>
                <scale>0.8</scale>
                <heading>0</heading>
                <Icon id="2401">
                    <href>http://maps.google.com/mapfiles/kml/paddle/wht-circle.png</href>
                </Icon>
            </IconStyle>
        </Style>
        <Style id="2404">
            <IconStyle id="2405">
                <color>ff008000</color>
                <colorMode>normal</colorMode>
                <scale>0.8</scale>
                <heading>0</heading>
                <Icon id="2406">
                    <href>http://maps.google.com/mapfiles/kml/paddle/wht-circle.png</href>
                </Icon>
            </IconStyle>
        </Style>
        <Style id="2409">
            <IconStyle id="2410">
                <color>ff008000</color>
                <colorMode>normal</colorMode>
                <scale>0.8</scale>
                <heading>0</heading>
                <Icon id="2411">
                    <href>http://maps.google.com/mapfiles/kml/paddle/wht-circle.png</href>
                </Icon>
            </IconStyle>
        </Style>
        <Style id="2414">
            <IconStyle id="2415">
                <color>ff008000</color>
                <colorMode>normal</colorMode>
                <scale>0.8</scale>
                <heading>0</heading>
                <Icon id="2416">
                    <href>http://maps.google.com/mapfiles/kml/paddle/wht-circle.png</href>
                </Icon>
            </IconStyle>
        </Style>
        <Style id="2419">
            <IconStyle id="2420">
                <color>ff008000</color>
                <colorMode>normal</colorMode>
                <scale>0.8</scale>
                <heading>0</heading>
                <Icon id="2421">
                    <href>http://maps.google.com/mapfiles/kml/paddle/wht-circle.png</href>
                </Icon>
            </IconStyle>
        </Style>
        <Style id="2424">
            <IconStyle id="2425">
                <color>ff008000</color>
                <colorMode>normal</colorMode>
                <scale>0.8</scale>
                <heading>0</heading>
                <Icon id="2426">
                    <href>http://maps.google.com/mapfiles/kml/paddle/wht-circle.png</href>
                </Icon>
            </IconStyle>
        </Style>
        <Style id="2429">
            <IconStyle id="2430">
                <color>ff008000</color>
                <colorMode>normal</colorMode>
                <scale>0.8</scale>
                <heading>0</heading>
                <Icon id="2431">
                    <href>http://maps.google.com/mapfiles/kml/paddle/wht-circle.png</href>
                </Icon>
            </IconStyle>
        </Style>
        <Style id="2434">
            <IconStyle id="2435">
                <color>ff008000</color>
                <colorMode>normal</colorMode>
                <scale>0.8</scale>
                <heading>0</heading>
                <Icon id="2436">
                    <href>http://maps.google.com/mapfiles/kml/paddle/wht-circle.png</href>
                </Icon>
            </IconStyle>
        </Style>
        <Style id="2439">
            <IconStyle id="2440">
                <color>ff008000</color>
                <colorMode>normal</colorMode>
                <scale>0.8</scale>
                <heading>0</heading>
                <Icon id="2441">
                    <href>http://maps.google.com/mapfiles/kml/paddle/wht-circle.png</href>
                </Icon>
            </IconStyle>
        </Style>
        <Style id="2444">
            <IconStyle id="2445">
                <color>ff008000</color>
                <colorMode>normal</colorMode>
                <scale>0.8</scale>
                <heading>0</heading>
                <Icon id="2446">
                    <href>http://maps.google.com/mapfiles/kml/paddle/wht-circle.png</href>
                </Icon>
            </IconStyle>
        </Style>
        <Style id="2449">
            <IconStyle id="2450">
                <color>ff008000</color>
                <colorMode>normal</colorMode>
                <scale>0.8</scale>
                <heading>0</heading>
                <Icon id="2451">
                    <href>http://maps.google.com/mapfiles/kml/paddle/wht-circle.png</href>
                </Icon>
            </IconStyle>
        </Style>
        <Style id="2454">
            <IconStyle id="2455">
                <color>ff008000</color>
                <colorMode>normal</colorMode>
                <scale>0.8</scale>
                <heading>0</heading>
                <Icon id="2456">
                    <href>http://maps.google.com/mapfiles/kml/paddle/wht-circle.png</href>
                </Icon>
            </IconStyle>
        </Style>
        <Style id="2459">
            <IconStyle id="2460">
                <color>ff008000</color>
                <colorMode>normal</colorMode>
                <scale>0.8</scale>
                <heading>0</heading>
                <Icon id="2461">
                    <href>http://maps.google.com/mapfiles/kml/paddle/wht-circle.png</href>
                </Icon>
            </IconStyle>
        </Style>
        <Style id="2464">
            <IconStyle id="2465">
                <color>ff008000</color>
                <colorMode>normal</colorMode>
                <scale>0.8</scale>
                <heading>0</heading>
                <Icon id="2466">
                    <href>http://maps.google.com/mapfiles/kml/paddle/wht-circle.png</href>
                </Icon>
            </IconStyle>
        </Style>
        <Style id="2469">
            <IconStyle id="2470">
                <color>ff008000</color>
                <colorMode>normal</colorMode>
                <scale>0.8</scale>
                <heading>0</heading>
                <Icon id="2471">
                    <href>http://maps.google.com/mapfiles/kml/paddle/wht-circle.png</href>
                </Icon>
            </IconStyle>
        </Style>
        <Style id="2474">
            <IconStyle id="2475">
                <color>ff008000</color>
                <colorMode>normal</colorMode>
                <scale>0.8</scale>
                <heading>0</heading>
                <Icon id="2476">
                    <href>http://maps.google.com/mapfiles/kml/paddle/wht-circle.png</href>
                </Icon>
            </IconStyle>
        </Style>
        <Style id="2479">
            <IconStyle id="2480">
                <color>ff008000</color>
                <colorMode>normal</colorMode>
                <scale>0.8</scale>
                <heading>0</heading>
                <Icon id="2481">
                    <href>http://maps.google.com/mapfiles/kml/paddle/wht-circle.png</href>
                </Icon>
            </IconStyle>
        </Style>
        <Style id="2484">
            <IconStyle id="2485">
                <color>ff008000</color>
                <colorMode>normal</colorMode>
                <scale>0.8</scale>
                <heading>0</heading>
                <Icon id="2486">
                    <href>http://maps.google.com/mapfiles/kml/paddle/wht-circle.png</href>
                </Icon>
            </IconStyle>
        </Style>
        <Style id="2489">
            <IconStyle id="2490">
                <color>ff008000</color>
                <colorMode>normal</colorMode>
                <scale>0.8</scale>
                <heading>0</heading>
                <Icon id="2491">
                    <href>http://maps.google.com/mapfiles/kml/paddle/wht-circle.png</href>
                </Icon>
            </IconStyle>
        </Style>
        <Style id="2494">
            <IconStyle id="2495">
                <color>ff008000</color>
                <colorMode>normal</colorMode>
                <scale>0.8</scale>
                <heading>0</heading>
                <Icon id="2496">
                    <href>http://maps.google.com/mapfiles/kml/paddle/wht-circle.png</href>
                </Icon>
            </IconStyle>
        </Style>
        <Style id="2499">
            <IconStyle id="2500">
                <color>ff008000</color>
                <colorMode>normal</colorMode>
                <scale>0.8</scale>
                <heading>0</heading>
                <Icon id="2501">
                    <href>http://maps.google.com/mapfiles/kml/paddle/wht-circle.png</href>
                </Icon>
            </IconStyle>
        </Style>
        <Style id="2504">
            <IconStyle id="2505">
                <color>ff008000</color>
                <colorMode>normal</colorMode>
                <scale>0.8</scale>
                <heading>0</heading>
                <Icon id="2506">
                    <href>http://maps.google.com/mapfiles/kml/paddle/wht-circle.png</href>
                </Icon>
            </IconStyle>
        </Style>
        <Style id="2509">
            <IconStyle id="2510">
                <color>ff008000</color>
                <colorMode>normal</colorMode>
                <scale>0.8</scale>
                <heading>0</heading>
                <Icon id="2511">
                    <href>http://maps.google.com/mapfiles/kml/paddle/wht-circle.png</href>
                </Icon>
            </IconStyle>
        </Style>
        <Style id="2514">
            <IconStyle id="2515">
                <color>ff008000</color>
                <colorMode>normal</colorMode>
                <scale>0.8</scale>
                <heading>0</heading>
                <Icon id="2516">
                    <href>http://maps.google.com/mapfiles/kml/paddle/wht-circle.png</href>
                </Icon>
            </IconStyle>
        </Style>
        <Style id="2519">
            <IconStyle id="2520">
                <color>ff008000</color>
                <colorMode>normal</colorMode>
                <scale>0.8</scale>
                <heading>0</heading>
                <Icon id="2521">
                    <href>http://maps.google.com/mapfiles/kml/paddle/wht-circle.png</href>
                </Icon>
            </IconStyle>
        </Style>
        <Style id="2524">
            <IconStyle id="2525">
                <color>ff008000</color>
                <colorMode>normal</colorMode>
                <scale>0.8</scale>
                <heading>0</heading>
                <Icon id="2526">
                    <href>http://maps.google.com/mapfiles/kml/paddle/wht-circle.png</href>
                </Icon>
            </IconStyle>
        </Style>
        <Style id="2529">
            <IconStyle id="2530">
                <color>ff008000</color>
                <colorMode>normal</colorMode>
                <scale>0.8</scale>
                <heading>0</heading>
                <Icon id="2531">
                    <href>http://maps.google.com/mapfiles/kml/paddle/wht-circle.png</href>
                </Icon>
            </IconStyle>
        </Style>
        <Style id="2534">
            <IconStyle id="2535">
                <color>ff008000</color>
                <colorMode>normal</colorMode>
                <scale>0.8</scale>
                <heading>0</heading>
                <Icon id="2536">
                    <href>http://maps.google.com/mapfiles/kml/paddle/wht-circle.png</href>
                </Icon>
            </IconStyle>
        </Style>
        <Style id="2539">
            <IconStyle id="2540">
                <color>ff008000</color>
                <colorMode>normal</colorMode>
                <scale>0.8</scale>
                <heading>0</heading>
                <Icon id="2541">
                    <href>http://maps.google.com/mapfiles/kml/paddle/wht-circle.png</href>
                </Icon>
            </IconStyle>
        </Style>
        <Style id="2544">
            <IconStyle id="2545">
                <color>ff008000</color>
                <colorMode>normal</colorMode>
                <scale>0.8</scale>
                <heading>0</heading>
                <Icon id="2546">
                    <href>http://maps.google.com/mapfiles/kml/paddle/wht-circle.png</href>
                </Icon>
            </IconStyle>
        </Style>
        <Style id="2549">
            <IconStyle id="2550">
                <color>ff008000</color>
                <colorMode>normal</colorMode>
                <scale>0.8</scale>
                <heading>0</heading>
                <Icon id="2551">
                    <href>http://maps.google.com/mapfiles/kml/paddle/wht-circle.png</href>
                </Icon>
            </IconStyle>
        </Style>
        <Style id="2554">
            <IconStyle id="2555">
                <color>ff008000</color>
                <colorMode>normal</colorMode>
                <scale>0.8</scale>
                <heading>0</heading>
                <Icon id="2556">
                    <href>http://maps.google.com/mapfiles/kml/paddle/wht-circle.png</href>
                </Icon>
            </IconStyle>
        </Style>
        <Style id="2559">
            <IconStyle id="2560">
                <color>ff008000</color>
                <colorMode>normal</colorMode>
                <scale>0.8</scale>
                <heading>0</heading>
                <Icon id="2561">
                    <href>http://maps.google.com/mapfiles/kml/paddle/wht-circle.png</href>
                </Icon>
            </IconStyle>
        </Style>
        <Style id="2564">
            <IconStyle id="2565">
                <color>ff008000</color>
                <colorMode>normal</colorMode>
                <scale>0.8</scale>
                <heading>0</heading>
                <Icon id="2566">
                    <href>http://maps.google.com/mapfiles/kml/paddle/wht-circle.png</href>
                </Icon>
            </IconStyle>
        </Style>
        <Style id="2569">
            <IconStyle id="2570">
                <color>ff008000</color>
                <colorMode>normal</colorMode>
                <scale>0.8</scale>
                <heading>0</heading>
                <Icon id="2571">
                    <href>http://maps.google.com/mapfiles/kml/paddle/wht-circle.png</href>
                </Icon>
            </IconStyle>
        </Style>
        <Style id="2574">
            <IconStyle id="2575">
                <color>ff008000</color>
                <colorMode>normal</colorMode>
                <scale>0.8</scale>
                <heading>0</heading>
                <Icon id="2576">
                    <href>http://maps.google.com/mapfiles/kml/paddle/wht-circle.png</href>
                </Icon>
            </IconStyle>
        </Style>
        <Style id="2579">
            <IconStyle id="2580">
                <color>ff008000</color>
                <colorMode>normal</colorMode>
                <scale>0.8</scale>
                <heading>0</heading>
                <Icon id="2581">
                    <href>http://maps.google.com/mapfiles/kml/paddle/wht-circle.png</href>
                </Icon>
            </IconStyle>
        </Style>
        <Style id="2584">
            <IconStyle id="2585">
                <color>ff008000</color>
                <colorMode>normal</colorMode>
                <scale>0.8</scale>
                <heading>0</heading>
                <Icon id="2586">
                    <href>http://maps.google.com/mapfiles/kml/paddle/wht-circle.png</href>
                </Icon>
            </IconStyle>
        </Style>
        <Style id="2589">
            <IconStyle id="2590">
                <color>ff008000</color>
                <colorMode>normal</colorMode>
                <scale>0.8</scale>
                <heading>0</heading>
                <Icon id="2591">
                    <href>http://maps.google.com/mapfiles/kml/paddle/wht-circle.png</href>
                </Icon>
            </IconStyle>
        </Style>
        <Style id="2594">
            <IconStyle id="2595">
                <color>ff008000</color>
                <colorMode>normal</colorMode>
                <scale>0.8</scale>
                <heading>0</heading>
                <Icon id="2596">
                    <href>http://maps.google.com/mapfiles/kml/paddle/wht-circle.png</href>
                </Icon>
            </IconStyle>
        </Style>
        <Style id="2599">
            <IconStyle id="2600">
                <color>ff008000</color>
                <colorMode>normal</colorMode>
                <scale>0.8</scale>
                <heading>0</heading>
                <Icon id="2601">
                    <href>http://maps.google.com/mapfiles/kml/paddle/wht-circle.png</href>
                </Icon>
            </IconStyle>
        </Style>
        <Style id="2604">
            <IconStyle id="2605">
                <color>ff008000</color>
                <colorMode>normal</colorMode>
                <scale>0.8</scale>
                <heading>0</heading>
                <Icon id="2606">
                    <href>http://maps.google.com/mapfiles/kml/paddle/wht-circle.png</href>
                </Icon>
            </IconStyle>
        </Style>
        <Style id="2609">
            <IconStyle id="2610">
                <color>ff008000</color>
                <colorMode>normal</colorMode>
                <scale>0.8</scale>
                <heading>0</heading>
                <Icon id="2611">
                    <href>http://maps.google.com/mapfiles/kml/paddle/wht-circle.png</href>
                </Icon>
            </IconStyle>
        </Style>
        <Style id="2614">
            <IconStyle id="2615">
                <color>ff008000</color>
                <colorMode>normal</colorMode>
                <scale>0.8</scale>
                <heading>0</heading>
                <Icon id="2616">
                    <href>http://maps.google.com/mapfiles/kml/paddle/wht-circle.png</href>
                </Icon>
            </IconStyle>
        </Style>
        <Style id="2619">
            <IconStyle id="2620">
                <color>ff008000</color>
                <colorMode>normal</colorMode>
                <scale>0.8</scale>
                <heading>0</heading>
                <Icon id="2621">
                    <href>http://maps.google.com/mapfiles/kml/paddle/wht-circle.png</href>
                </Icon>
            </IconStyle>
        </Style>
        <Style id="2624">
            <IconStyle id="2625">
                <color>ff008000</color>
                <colorMode>normal</colorMode>
                <scale>0.8</scale>
                <heading>0</heading>
                <Icon id="2626">
                    <href>http://maps.google.com/mapfiles/kml/paddle/wht-circle.png</href>
                </Icon>
            </IconStyle>
        </Style>
        <Style id="2629">
            <IconStyle id="2630">
                <color>ff008000</color>
                <colorMode>normal</colorMode>
                <scale>0.8</scale>
                <heading>0</heading>
                <Icon id="2631">
                    <href>http://maps.google.com/mapfiles/kml/paddle/wht-circle.png</href>
                </Icon>
            </IconStyle>
        </Style>
        <Style id="2634">
            <IconStyle id="2635">
                <color>ff008000</color>
                <colorMode>normal</colorMode>
                <scale>0.8</scale>
                <heading>0</heading>
                <Icon id="2636">
                    <href>http://maps.google.com/mapfiles/kml/paddle/wht-circle.png</href>
                </Icon>
            </IconStyle>
        </Style>
        <Style id="2639">
            <IconStyle id="2640">
                <color>ff008000</color>
                <colorMode>normal</colorMode>
                <scale>0.8</scale>
                <heading>0</heading>
                <Icon id="2641">
                    <href>http://maps.google.com/mapfiles/kml/paddle/wht-circle.png</href>
                </Icon>
            </IconStyle>
        </Style>
        <Style id="2644">
            <IconStyle id="2645">
                <color>ff008000</color>
                <colorMode>normal</colorMode>
                <scale>0.8</scale>
                <heading>0</heading>
                <Icon id="2646">
                    <href>http://maps.google.com/mapfiles/kml/paddle/wht-circle.png</href>
                </Icon>
            </IconStyle>
        </Style>
        <Style id="2649">
            <IconStyle id="2650">
                <color>ff008000</color>
                <colorMode>normal</colorMode>
                <scale>0.8</scale>
                <heading>0</heading>
                <Icon id="2651">
                    <href>http://maps.google.com/mapfiles/kml/paddle/wht-circle.png</href>
                </Icon>
            </IconStyle>
        </Style>
        <Style id="2654">
            <IconStyle id="2655">
                <color>ff008000</color>
                <colorMode>normal</colorMode>
                <scale>0.8</scale>
                <heading>0</heading>
                <Icon id="2656">
                    <href>http://maps.google.com/mapfiles/kml/paddle/wht-circle.png</href>
                </Icon>
            </IconStyle>
        </Style>
        <Style id="2659">
            <IconStyle id="2660">
                <color>ff008000</color>
                <colorMode>normal</colorMode>
                <scale>0.8</scale>
                <heading>0</heading>
                <Icon id="2661">
                    <href>http://maps.google.com/mapfiles/kml/paddle/wht-circle.png</href>
                </Icon>
            </IconStyle>
        </Style>
        <Style id="2664">
            <IconStyle id="2665">
                <color>ff008000</color>
                <colorMode>normal</colorMode>
                <scale>0.8</scale>
                <heading>0</heading>
                <Icon id="2666">
                    <href>http://maps.google.com/mapfiles/kml/paddle/wht-circle.png</href>
                </Icon>
            </IconStyle>
        </Style>
        <Style id="2669">
            <IconStyle id="2670">
                <color>ff008000</color>
                <colorMode>normal</colorMode>
                <scale>0.8</scale>
                <heading>0</heading>
                <Icon id="2671">
                    <href>http://maps.google.com/mapfiles/kml/paddle/wht-circle.png</href>
                </Icon>
            </IconStyle>
        </Style>
        <Style id="2674">
            <IconStyle id="2675">
                <color>ff008000</color>
                <colorMode>normal</colorMode>
                <scale>0.8</scale>
                <heading>0</heading>
                <Icon id="2676">
                    <href>http://maps.google.com/mapfiles/kml/paddle/wht-circle.png</href>
                </Icon>
            </IconStyle>
        </Style>
        <Style id="2679">
            <IconStyle id="2680">
                <color>ff008000</color>
                <colorMode>normal</colorMode>
                <scale>0.8</scale>
                <heading>0</heading>
                <Icon id="2681">
                    <href>http://maps.google.com/mapfiles/kml/paddle/wht-circle.png</href>
                </Icon>
            </IconStyle>
        </Style>
        <Style id="2684">
            <IconStyle id="2685">
                <color>ff008000</color>
                <colorMode>normal</colorMode>
                <scale>0.8</scale>
                <heading>0</heading>
                <Icon id="2686">
                    <href>http://maps.google.com/mapfiles/kml/paddle/wht-circle.png</href>
                </Icon>
            </IconStyle>
        </Style>
        <Style id="2689">
            <IconStyle id="2690">
                <color>ff008000</color>
                <colorMode>normal</colorMode>
                <scale>0.8</scale>
                <heading>0</heading>
                <Icon id="2691">
                    <href>http://maps.google.com/mapfiles/kml/paddle/wht-circle.png</href>
                </Icon>
            </IconStyle>
        </Style>
        <Style id="2694">
            <IconStyle id="2695">
                <color>ff008000</color>
                <colorMode>normal</colorMode>
                <scale>0.8</scale>
                <heading>0</heading>
                <Icon id="2696">
                    <href>http://maps.google.com/mapfiles/kml/paddle/wht-circle.png</href>
                </Icon>
            </IconStyle>
        </Style>
        <Style id="2699">
            <IconStyle id="2700">
                <color>ff008000</color>
                <colorMode>normal</colorMode>
                <scale>0.8</scale>
                <heading>0</heading>
                <Icon id="2701">
                    <href>http://maps.google.com/mapfiles/kml/paddle/wht-circle.png</href>
                </Icon>
            </IconStyle>
        </Style>
        <Style id="2704">
            <IconStyle id="2705">
                <color>ff008000</color>
                <colorMode>normal</colorMode>
                <scale>0.8</scale>
                <heading>0</heading>
                <Icon id="2706">
                    <href>http://maps.google.com/mapfiles/kml/paddle/wht-circle.png</href>
                </Icon>
            </IconStyle>
        </Style>
        <Style id="2709">
            <IconStyle id="2710">
                <color>ff008000</color>
                <colorMode>normal</colorMode>
                <scale>0.8</scale>
                <heading>0</heading>
                <Icon id="2711">
                    <href>http://maps.google.com/mapfiles/kml/paddle/wht-circle.png</href>
                </Icon>
            </IconStyle>
        </Style>
        <Style id="2714">
            <IconStyle id="2715">
                <color>ff008000</color>
                <colorMode>normal</colorMode>
                <scale>0.8</scale>
                <heading>0</heading>
                <Icon id="2716">
                    <href>http://maps.google.com/mapfiles/kml/paddle/wht-circle.png</href>
                </Icon>
            </IconStyle>
        </Style>
        <Style id="2719">
            <IconStyle id="2720">
                <color>ff008000</color>
                <colorMode>normal</colorMode>
                <scale>0.8</scale>
                <heading>0</heading>
                <Icon id="2721">
                    <href>http://maps.google.com/mapfiles/kml/paddle/wht-circle.png</href>
                </Icon>
            </IconStyle>
        </Style>
        <Style id="2724">
            <IconStyle id="2725">
                <color>ff008000</color>
                <colorMode>normal</colorMode>
                <scale>0.8</scale>
                <heading>0</heading>
                <Icon id="2726">
                    <href>http://maps.google.com/mapfiles/kml/paddle/wht-circle.png</href>
                </Icon>
            </IconStyle>
        </Style>
        <Style id="2729">
            <IconStyle id="2730">
                <color>ff008000</color>
                <colorMode>normal</colorMode>
                <scale>0.8</scale>
                <heading>0</heading>
                <Icon id="2731">
                    <href>http://maps.google.com/mapfiles/kml/paddle/wht-circle.png</href>
                </Icon>
            </IconStyle>
        </Style>
        <Style id="2734">
            <IconStyle id="2735">
                <color>ff008000</color>
                <colorMode>normal</colorMode>
                <scale>0.8</scale>
                <heading>0</heading>
                <Icon id="2736">
                    <href>http://maps.google.com/mapfiles/kml/paddle/wht-circle.png</href>
                </Icon>
            </IconStyle>
        </Style>
        <Style id="2739">
            <IconStyle id="2740">
                <color>ff008000</color>
                <colorMode>normal</colorMode>
                <scale>0.8</scale>
                <heading>0</heading>
                <Icon id="2741">
                    <href>http://maps.google.com/mapfiles/kml/paddle/wht-circle.png</href>
                </Icon>
            </IconStyle>
        </Style>
        <Style id="2744">
            <IconStyle id="2745">
                <color>ff008000</color>
                <colorMode>normal</colorMode>
                <scale>0.8</scale>
                <heading>0</heading>
                <Icon id="2746">
                    <href>http://maps.google.com/mapfiles/kml/paddle/wht-circle.png</href>
                </Icon>
            </IconStyle>
        </Style>
        <Style id="2749">
            <IconStyle id="2750">
                <color>ff008000</color>
                <colorMode>normal</colorMode>
                <scale>0.8</scale>
                <heading>0</heading>
                <Icon id="2751">
                    <href>http://maps.google.com/mapfiles/kml/paddle/wht-circle.png</href>
                </Icon>
            </IconStyle>
        </Style>
        <Style id="2754">
            <IconStyle id="2755">
                <color>ff008000</color>
                <colorMode>normal</colorMode>
                <scale>0.8</scale>
                <heading>0</heading>
                <Icon id="2756">
                    <href>http://maps.google.com/mapfiles/kml/paddle/wht-circle.png</href>
                </Icon>
            </IconStyle>
        </Style>
        <Style id="2759">
            <IconStyle id="2760">
                <color>ff008000</color>
                <colorMode>normal</colorMode>
                <scale>0.8</scale>
                <heading>0</heading>
                <Icon id="2761">
                    <href>http://maps.google.com/mapfiles/kml/paddle/wht-circle.png</href>
                </Icon>
            </IconStyle>
        </Style>
        <Style id="2764">
            <IconStyle id="2765">
                <color>ff008000</color>
                <colorMode>normal</colorMode>
                <scale>0.8</scale>
                <heading>0</heading>
                <Icon id="2766">
                    <href>http://maps.google.com/mapfiles/kml/paddle/wht-circle.png</href>
                </Icon>
            </IconStyle>
        </Style>
        <Style id="2769">
            <IconStyle id="2770">
                <color>ff008000</color>
                <colorMode>normal</colorMode>
                <scale>0.8</scale>
                <heading>0</heading>
                <Icon id="2771">
                    <href>http://maps.google.com/mapfiles/kml/paddle/wht-circle.png</href>
                </Icon>
            </IconStyle>
        </Style>
        <Style id="2774">
            <IconStyle id="2775">
                <color>ff008000</color>
                <colorMode>normal</colorMode>
                <scale>0.8</scale>
                <heading>0</heading>
                <Icon id="2776">
                    <href>http://maps.google.com/mapfiles/kml/paddle/wht-circle.png</href>
                </Icon>
            </IconStyle>
        </Style>
        <Style id="2779">
            <IconStyle id="2780">
                <color>ff008000</color>
                <colorMode>normal</colorMode>
                <scale>0.8</scale>
                <heading>0</heading>
                <Icon id="2781">
                    <href>http://maps.google.com/mapfiles/kml/paddle/wht-circle.png</href>
                </Icon>
            </IconStyle>
        </Style>
        <Style id="2784">
            <IconStyle id="2785">
                <color>ff008000</color>
                <colorMode>normal</colorMode>
                <scale>0.8</scale>
                <heading>0</heading>
                <Icon id="2786">
                    <href>http://maps.google.com/mapfiles/kml/paddle/wht-circle.png</href>
                </Icon>
            </IconStyle>
        </Style>
        <Style id="2789">
            <IconStyle id="2790">
                <color>ff008000</color>
                <colorMode>normal</colorMode>
                <scale>0.8</scale>
                <heading>0</heading>
                <Icon id="2791">
                    <href>http://maps.google.com/mapfiles/kml/paddle/wht-circle.png</href>
                </Icon>
            </IconStyle>
        </Style>
        <Style id="2794">
            <IconStyle id="2795">
                <color>ff008000</color>
                <colorMode>normal</colorMode>
                <scale>0.8</scale>
                <heading>0</heading>
                <Icon id="2796">
                    <href>http://maps.google.com/mapfiles/kml/paddle/wht-circle.png</href>
                </Icon>
            </IconStyle>
        </Style>
        <Style id="2799">
            <IconStyle id="2800">
                <color>ff008000</color>
                <colorMode>normal</colorMode>
                <scale>0.8</scale>
                <heading>0</heading>
                <Icon id="2801">
                    <href>http://maps.google.com/mapfiles/kml/paddle/wht-circle.png</href>
                </Icon>
            </IconStyle>
        </Style>
        <Style id="2804">
            <IconStyle id="2805">
                <color>ff008000</color>
                <colorMode>normal</colorMode>
                <scale>0.8</scale>
                <heading>0</heading>
                <Icon id="2806">
                    <href>http://maps.google.com/mapfiles/kml/paddle/wht-circle.png</href>
                </Icon>
            </IconStyle>
        </Style>
        <Style id="2809">
            <IconStyle id="2810">
                <color>ff008000</color>
                <colorMode>normal</colorMode>
                <scale>0.8</scale>
                <heading>0</heading>
                <Icon id="2811">
                    <href>http://maps.google.com/mapfiles/kml/paddle/wht-circle.png</href>
                </Icon>
            </IconStyle>
        </Style>
        <Style id="2814">
            <IconStyle id="2815">
                <color>ff008000</color>
                <colorMode>normal</colorMode>
                <scale>0.8</scale>
                <heading>0</heading>
                <Icon id="2816">
                    <href>http://maps.google.com/mapfiles/kml/paddle/wht-circle.png</href>
                </Icon>
            </IconStyle>
        </Style>
        <Style id="2819">
            <IconStyle id="2820">
                <color>ff008000</color>
                <colorMode>normal</colorMode>
                <scale>0.8</scale>
                <heading>0</heading>
                <Icon id="2821">
                    <href>http://maps.google.com/mapfiles/kml/paddle/wht-circle.png</href>
                </Icon>
            </IconStyle>
        </Style>
        <Style id="2824">
            <IconStyle id="2825">
                <color>ff008000</color>
                <colorMode>normal</colorMode>
                <scale>0.8</scale>
                <heading>0</heading>
                <Icon id="2826">
                    <href>http://maps.google.com/mapfiles/kml/paddle/wht-circle.png</href>
                </Icon>
            </IconStyle>
        </Style>
        <Style id="2829">
            <IconStyle id="2830">
                <color>ff008000</color>
                <colorMode>normal</colorMode>
                <scale>0.8</scale>
                <heading>0</heading>
                <Icon id="2831">
                    <href>http://maps.google.com/mapfiles/kml/paddle/wht-circle.png</href>
                </Icon>
            </IconStyle>
        </Style>
        <Style id="2834">
            <IconStyle id="2835">
                <color>ff008000</color>
                <colorMode>normal</colorMode>
                <scale>0.8</scale>
                <heading>0</heading>
                <Icon id="2836">
                    <href>http://maps.google.com/mapfiles/kml/paddle/wht-circle.png</href>
                </Icon>
            </IconStyle>
        </Style>
        <Style id="2839">
            <IconStyle id="2840">
                <color>ff008000</color>
                <colorMode>normal</colorMode>
                <scale>0.8</scale>
                <heading>0</heading>
                <Icon id="2841">
                    <href>http://maps.google.com/mapfiles/kml/paddle/wht-circle.png</href>
                </Icon>
            </IconStyle>
        </Style>
        <Style id="2844">
            <IconStyle id="2845">
                <color>ff008000</color>
                <colorMode>normal</colorMode>
                <scale>0.8</scale>
                <heading>0</heading>
                <Icon id="2846">
                    <href>http://maps.google.com/mapfiles/kml/paddle/wht-circle.png</href>
                </Icon>
            </IconStyle>
        </Style>
        <Style id="2849">
            <IconStyle id="2850">
                <color>ff008000</color>
                <colorMode>normal</colorMode>
                <scale>0.8</scale>
                <heading>0</heading>
                <Icon id="2851">
                    <href>http://maps.google.com/mapfiles/kml/paddle/wht-circle.png</href>
                </Icon>
            </IconStyle>
        </Style>
        <Style id="2854">
            <IconStyle id="2855">
                <color>ff008000</color>
                <colorMode>normal</colorMode>
                <scale>0.8</scale>
                <heading>0</heading>
                <Icon id="2856">
                    <href>http://maps.google.com/mapfiles/kml/paddle/wht-circle.png</href>
                </Icon>
            </IconStyle>
        </Style>
        <Style id="2859">
            <IconStyle id="2860">
                <color>ff008000</color>
                <colorMode>normal</colorMode>
                <scale>0.8</scale>
                <heading>0</heading>
                <Icon id="2861">
                    <href>http://maps.google.com/mapfiles/kml/paddle/wht-circle.png</href>
                </Icon>
            </IconStyle>
        </Style>
        <Style id="2864">
            <IconStyle id="2865">
                <color>ff008000</color>
                <colorMode>normal</colorMode>
                <scale>0.8</scale>
                <heading>0</heading>
                <Icon id="2866">
                    <href>http://maps.google.com/mapfiles/kml/paddle/wht-circle.png</href>
                </Icon>
            </IconStyle>
        </Style>
        <Style id="2869">
            <IconStyle id="2870">
                <color>ff008000</color>
                <colorMode>normal</colorMode>
                <scale>0.8</scale>
                <heading>0</heading>
                <Icon id="2871">
                    <href>http://maps.google.com/mapfiles/kml/paddle/wht-circle.png</href>
                </Icon>
            </IconStyle>
        </Style>
        <Style id="2874">
            <IconStyle id="2875">
                <color>ff008000</color>
                <colorMode>normal</colorMode>
                <scale>0.8</scale>
                <heading>0</heading>
                <Icon id="2876">
                    <href>http://maps.google.com/mapfiles/kml/paddle/wht-circle.png</href>
                </Icon>
            </IconStyle>
        </Style>
        <Style id="2879">
            <IconStyle id="2880">
                <color>ff008000</color>
                <colorMode>normal</colorMode>
                <scale>0.8</scale>
                <heading>0</heading>
                <Icon id="2881">
                    <href>http://maps.google.com/mapfiles/kml/paddle/wht-circle.png</href>
                </Icon>
            </IconStyle>
        </Style>
        <Style id="2884">
            <IconStyle id="2885">
                <color>ff008000</color>
                <colorMode>normal</colorMode>
                <scale>0.8</scale>
                <heading>0</heading>
                <Icon id="2886">
                    <href>http://maps.google.com/mapfiles/kml/paddle/wht-circle.png</href>
                </Icon>
            </IconStyle>
        </Style>
        <Style id="2889">
            <IconStyle id="2890">
                <color>ff008000</color>
                <colorMode>normal</colorMode>
                <scale>0.8</scale>
                <heading>0</heading>
                <Icon id="2891">
                    <href>http://maps.google.com/mapfiles/kml/paddle/wht-circle.png</href>
                </Icon>
            </IconStyle>
        </Style>
        <Style id="2894">
            <IconStyle id="2895">
                <color>ff008000</color>
                <colorMode>normal</colorMode>
                <scale>0.8</scale>
                <heading>0</heading>
                <Icon id="2896">
                    <href>http://maps.google.com/mapfiles/kml/paddle/wht-circle.png</href>
                </Icon>
            </IconStyle>
        </Style>
        <Style id="2899">
            <IconStyle id="2900">
                <color>ff008000</color>
                <colorMode>normal</colorMode>
                <scale>0.8</scale>
                <heading>0</heading>
                <Icon id="2901">
                    <href>http://maps.google.com/mapfiles/kml/paddle/wht-circle.png</href>
                </Icon>
            </IconStyle>
        </Style>
        <Style id="2904">
            <IconStyle id="2905">
                <color>ff008000</color>
                <colorMode>normal</colorMode>
                <scale>0.8</scale>
                <heading>0</heading>
                <Icon id="2906">
                    <href>http://maps.google.com/mapfiles/kml/paddle/wht-circle.png</href>
                </Icon>
            </IconStyle>
        </Style>
        <Style id="2909">
            <IconStyle id="2910">
                <color>ff008000</color>
                <colorMode>normal</colorMode>
                <scale>0.8</scale>
                <heading>0</heading>
                <Icon id="2911">
                    <href>http://maps.google.com/mapfiles/kml/paddle/wht-circle.png</href>
                </Icon>
            </IconStyle>
        </Style>
        <Style id="2914">
            <IconStyle id="2915">
                <color>ff008000</color>
                <colorMode>normal</colorMode>
                <scale>0.8</scale>
                <heading>0</heading>
                <Icon id="2916">
                    <href>http://maps.google.com/mapfiles/kml/paddle/wht-circle.png</href>
                </Icon>
            </IconStyle>
        </Style>
        <Style id="2919">
            <IconStyle id="2920">
                <color>ff008000</color>
                <colorMode>normal</colorMode>
                <scale>0.8</scale>
                <heading>0</heading>
                <Icon id="2921">
                    <href>http://maps.google.com/mapfiles/kml/paddle/wht-circle.png</href>
                </Icon>
            </IconStyle>
        </Style>
        <Style id="2924">
            <IconStyle id="2925">
                <color>ff008000</color>
                <colorMode>normal</colorMode>
                <scale>0.8</scale>
                <heading>0</heading>
                <Icon id="2926">
                    <href>http://maps.google.com/mapfiles/kml/paddle/wht-circle.png</href>
                </Icon>
            </IconStyle>
        </Style>
        <Style id="2929">
            <IconStyle id="2930">
                <color>ff008000</color>
                <colorMode>normal</colorMode>
                <scale>0.8</scale>
                <heading>0</heading>
                <Icon id="2931">
                    <href>http://maps.google.com/mapfiles/kml/paddle/wht-circle.png</href>
                </Icon>
            </IconStyle>
        </Style>
        <Style id="2934">
            <IconStyle id="2935">
                <color>ff008000</color>
                <colorMode>normal</colorMode>
                <scale>0.8</scale>
                <heading>0</heading>
                <Icon id="2936">
                    <href>http://maps.google.com/mapfiles/kml/paddle/wht-circle.png</href>
                </Icon>
            </IconStyle>
        </Style>
        <Style id="2939">
            <IconStyle id="2940">
                <color>ff008000</color>
                <colorMode>normal</colorMode>
                <scale>0.8</scale>
                <heading>0</heading>
                <Icon id="2941">
                    <href>http://maps.google.com/mapfiles/kml/paddle/wht-circle.png</href>
                </Icon>
            </IconStyle>
        </Style>
        <Style id="2944">
            <IconStyle id="2945">
                <color>ff008000</color>
                <colorMode>normal</colorMode>
                <scale>0.8</scale>
                <heading>0</heading>
                <Icon id="2946">
                    <href>http://maps.google.com/mapfiles/kml/paddle/wht-circle.png</href>
                </Icon>
            </IconStyle>
        </Style>
        <Style id="2949">
            <IconStyle id="2950">
                <color>ff008000</color>
                <colorMode>normal</colorMode>
                <scale>0.8</scale>
                <heading>0</heading>
                <Icon id="2951">
                    <href>http://maps.google.com/mapfiles/kml/paddle/wht-circle.png</href>
                </Icon>
            </IconStyle>
        </Style>
        <Style id="2954">
            <IconStyle id="2955">
                <color>ff008000</color>
                <colorMode>normal</colorMode>
                <scale>0.8</scale>
                <heading>0</heading>
                <Icon id="2956">
                    <href>http://maps.google.com/mapfiles/kml/paddle/wht-circle.png</href>
                </Icon>
            </IconStyle>
        </Style>
        <Style id="2959">
            <IconStyle id="2960">
                <color>ff008000</color>
                <colorMode>normal</colorMode>
                <scale>0.8</scale>
                <heading>0</heading>
                <Icon id="2961">
                    <href>http://maps.google.com/mapfiles/kml/paddle/wht-circle.png</href>
                </Icon>
            </IconStyle>
        </Style>
        <Style id="2964">
            <IconStyle id="2965">
                <color>ff008000</color>
                <colorMode>normal</colorMode>
                <scale>0.8</scale>
                <heading>0</heading>
                <Icon id="2966">
                    <href>http://maps.google.com/mapfiles/kml/paddle/wht-circle.png</href>
                </Icon>
            </IconStyle>
        </Style>
        <Style id="2969">
            <IconStyle id="2970">
                <color>ff008000</color>
                <colorMode>normal</colorMode>
                <scale>0.8</scale>
                <heading>0</heading>
                <Icon id="2971">
                    <href>http://maps.google.com/mapfiles/kml/paddle/wht-circle.png</href>
                </Icon>
            </IconStyle>
        </Style>
        <Style id="2974">
            <IconStyle id="2975">
                <color>ff008000</color>
                <colorMode>normal</colorMode>
                <scale>0.8</scale>
                <heading>0</heading>
                <Icon id="2976">
                    <href>http://maps.google.com/mapfiles/kml/paddle/wht-circle.png</href>
                </Icon>
            </IconStyle>
        </Style>
        <Style id="2979">
            <IconStyle id="2980">
                <color>ff008000</color>
                <colorMode>normal</colorMode>
                <scale>0.8</scale>
                <heading>0</heading>
                <Icon id="2981">
                    <href>http://maps.google.com/mapfiles/kml/paddle/wht-circle.png</href>
                </Icon>
            </IconStyle>
        </Style>
        <Style id="2984">
            <IconStyle id="2985">
                <color>ff008000</color>
                <colorMode>normal</colorMode>
                <scale>0.8</scale>
                <heading>0</heading>
                <Icon id="2986">
                    <href>http://maps.google.com/mapfiles/kml/paddle/wht-circle.png</href>
                </Icon>
            </IconStyle>
        </Style>
        <Style id="2989">
            <IconStyle id="2990">
                <color>ff008000</color>
                <colorMode>normal</colorMode>
                <scale>0.8</scale>
                <heading>0</heading>
                <Icon id="2991">
                    <href>http://maps.google.com/mapfiles/kml/paddle/wht-circle.png</href>
                </Icon>
            </IconStyle>
        </Style>
        <Style id="2994">
            <IconStyle id="2995">
                <color>ff008000</color>
                <colorMode>normal</colorMode>
                <scale>0.8</scale>
                <heading>0</heading>
                <Icon id="2996">
                    <href>http://maps.google.com/mapfiles/kml/paddle/wht-circle.png</href>
                </Icon>
            </IconStyle>
        </Style>
        <Style id="2999">
            <IconStyle id="3000">
                <color>ff008000</color>
                <colorMode>normal</colorMode>
                <scale>0.8</scale>
                <heading>0</heading>
                <Icon id="3001">
                    <href>http://maps.google.com/mapfiles/kml/paddle/wht-circle.png</href>
                </Icon>
            </IconStyle>
        </Style>
        <Style id="3004">
            <IconStyle id="3005">
                <color>ff008000</color>
                <colorMode>normal</colorMode>
                <scale>0.8</scale>
                <heading>0</heading>
                <Icon id="3006">
                    <href>http://maps.google.com/mapfiles/kml/paddle/wht-circle.png</href>
                </Icon>
            </IconStyle>
        </Style>
        <Style id="3009">
            <IconStyle id="3010">
                <color>ff008000</color>
                <colorMode>normal</colorMode>
                <scale>0.8</scale>
                <heading>0</heading>
                <Icon id="3011">
                    <href>http://maps.google.com/mapfiles/kml/paddle/wht-circle.png</href>
                </Icon>
            </IconStyle>
        </Style>
        <Style id="3014">
            <IconStyle id="3015">
                <color>ff008000</color>
                <colorMode>normal</colorMode>
                <scale>0.8</scale>
                <heading>0</heading>
                <Icon id="3016">
                    <href>http://maps.google.com/mapfiles/kml/paddle/wht-circle.png</href>
                </Icon>
            </IconStyle>
        </Style>
        <Style id="3019">
            <IconStyle id="3020">
                <color>ff008000</color>
                <colorMode>normal</colorMode>
                <scale>0.8</scale>
                <heading>0</heading>
                <Icon id="3021">
                    <href>http://maps.google.com/mapfiles/kml/paddle/wht-circle.png</href>
                </Icon>
            </IconStyle>
        </Style>
        <Style id="3024">
            <IconStyle id="3025">
                <color>ff008000</color>
                <colorMode>normal</colorMode>
                <scale>0.8</scale>
                <heading>0</heading>
                <Icon id="3026">
                    <href>http://maps.google.com/mapfiles/kml/paddle/wht-circle.png</href>
                </Icon>
            </IconStyle>
        </Style>
        <Style id="3029">
            <IconStyle id="3030">
                <color>ff008000</color>
                <colorMode>normal</colorMode>
                <scale>0.8</scale>
                <heading>0</heading>
                <Icon id="3031">
                    <href>http://maps.google.com/mapfiles/kml/paddle/wht-circle.png</href>
                </Icon>
            </IconStyle>
        </Style>
        <Style id="3034">
            <IconStyle id="3035">
                <color>ff008000</color>
                <colorMode>normal</colorMode>
                <scale>0.8</scale>
                <heading>0</heading>
                <Icon id="3036">
                    <href>http://maps.google.com/mapfiles/kml/paddle/wht-circle.png</href>
                </Icon>
            </IconStyle>
        </Style>
        <Style id="3039">
            <IconStyle id="3040">
                <color>ff008000</color>
                <colorMode>normal</colorMode>
                <scale>0.8</scale>
                <heading>0</heading>
                <Icon id="3041">
                    <href>http://maps.google.com/mapfiles/kml/paddle/wht-circle.png</href>
                </Icon>
            </IconStyle>
        </Style>
        <Style id="3044">
            <IconStyle id="3045">
                <color>ff008000</color>
                <colorMode>normal</colorMode>
                <scale>0.8</scale>
                <heading>0</heading>
                <Icon id="3046">
                    <href>http://maps.google.com/mapfiles/kml/paddle/wht-circle.png</href>
                </Icon>
            </IconStyle>
        </Style>
        <Style id="3049">
            <IconStyle id="3050">
                <color>ff008000</color>
                <colorMode>normal</colorMode>
                <scale>0.8</scale>
                <heading>0</heading>
                <Icon id="3051">
                    <href>http://maps.google.com/mapfiles/kml/paddle/wht-circle.png</href>
                </Icon>
            </IconStyle>
        </Style>
        <Style id="3054">
            <IconStyle id="3055">
                <color>ff008000</color>
                <colorMode>normal</colorMode>
                <scale>0.8</scale>
                <heading>0</heading>
                <Icon id="3056">
                    <href>http://maps.google.com/mapfiles/kml/paddle/wht-circle.png</href>
                </Icon>
            </IconStyle>
        </Style>
        <Style id="3059">
            <IconStyle id="3060">
                <color>ff008000</color>
                <colorMode>normal</colorMode>
                <scale>0.8</scale>
                <heading>0</heading>
                <Icon id="3061">
                    <href>http://maps.google.com/mapfiles/kml/paddle/wht-circle.png</href>
                </Icon>
            </IconStyle>
        </Style>
        <Style id="3064">
            <IconStyle id="3065">
                <color>ff008000</color>
                <colorMode>normal</colorMode>
                <scale>0.8</scale>
                <heading>0</heading>
                <Icon id="3066">
                    <href>http://maps.google.com/mapfiles/kml/paddle/wht-circle.png</href>
                </Icon>
            </IconStyle>
        </Style>
        <Style id="3069">
            <IconStyle id="3070">
                <color>ff008000</color>
                <colorMode>normal</colorMode>
                <scale>0.8</scale>
                <heading>0</heading>
                <Icon id="3071">
                    <href>http://maps.google.com/mapfiles/kml/paddle/wht-circle.png</href>
                </Icon>
            </IconStyle>
        </Style>
        <Style id="3074">
            <IconStyle id="3075">
                <color>ff008000</color>
                <colorMode>normal</colorMode>
                <scale>0.8</scale>
                <heading>0</heading>
                <Icon id="3076">
                    <href>http://maps.google.com/mapfiles/kml/paddle/wht-circle.png</href>
                </Icon>
            </IconStyle>
        </Style>
        <Style id="3079">
            <IconStyle id="3080">
                <color>ff008000</color>
                <colorMode>normal</colorMode>
                <scale>0.8</scale>
                <heading>0</heading>
                <Icon id="3081">
                    <href>http://maps.google.com/mapfiles/kml/paddle/wht-circle.png</href>
                </Icon>
            </IconStyle>
        </Style>
        <Style id="3084">
            <IconStyle id="3085">
                <color>ff008000</color>
                <colorMode>normal</colorMode>
                <scale>0.8</scale>
                <heading>0</heading>
                <Icon id="3086">
                    <href>http://maps.google.com/mapfiles/kml/paddle/wht-circle.png</href>
                </Icon>
            </IconStyle>
        </Style>
        <Style id="3089">
            <IconStyle id="3090">
                <color>ff008000</color>
                <colorMode>normal</colorMode>
                <scale>0.8</scale>
                <heading>0</heading>
                <Icon id="3091">
                    <href>http://maps.google.com/mapfiles/kml/paddle/wht-circle.png</href>
                </Icon>
            </IconStyle>
        </Style>
        <Style id="3094">
            <IconStyle id="3095">
                <color>ff008000</color>
                <colorMode>normal</colorMode>
                <scale>0.8</scale>
                <heading>0</heading>
                <Icon id="3096">
                    <href>http://maps.google.com/mapfiles/kml/paddle/wht-circle.png</href>
                </Icon>
            </IconStyle>
        </Style>
        <Style id="3099">
            <IconStyle id="3100">
                <color>ff008000</color>
                <colorMode>normal</colorMode>
                <scale>0.8</scale>
                <heading>0</heading>
                <Icon id="3101">
                    <href>http://maps.google.com/mapfiles/kml/paddle/wht-circle.png</href>
                </Icon>
            </IconStyle>
        </Style>
        <Style id="3104">
            <IconStyle id="3105">
                <color>ff008000</color>
                <colorMode>normal</colorMode>
                <scale>0.8</scale>
                <heading>0</heading>
                <Icon id="3106">
                    <href>http://maps.google.com/mapfiles/kml/paddle/wht-circle.png</href>
                </Icon>
            </IconStyle>
        </Style>
        <Style id="3109">
            <IconStyle id="3110">
                <color>ff008000</color>
                <colorMode>normal</colorMode>
                <scale>0.8</scale>
                <heading>0</heading>
                <Icon id="3111">
                    <href>http://maps.google.com/mapfiles/kml/paddle/wht-circle.png</href>
                </Icon>
            </IconStyle>
        </Style>
        <Style id="3114">
            <IconStyle id="3115">
                <color>ff008000</color>
                <colorMode>normal</colorMode>
                <scale>0.8</scale>
                <heading>0</heading>
                <Icon id="3116">
                    <href>http://maps.google.com/mapfiles/kml/paddle/wht-circle.png</href>
                </Icon>
            </IconStyle>
        </Style>
        <Style id="3119">
            <IconStyle id="3120">
                <color>ff008000</color>
                <colorMode>normal</colorMode>
                <scale>0.8</scale>
                <heading>0</heading>
                <Icon id="3121">
                    <href>http://maps.google.com/mapfiles/kml/paddle/wht-circle.png</href>
                </Icon>
            </IconStyle>
        </Style>
        <Style id="3124">
            <IconStyle id="3125">
                <color>ff008000</color>
                <colorMode>normal</colorMode>
                <scale>0.8</scale>
                <heading>0</heading>
                <Icon id="3126">
                    <href>http://maps.google.com/mapfiles/kml/paddle/wht-circle.png</href>
                </Icon>
            </IconStyle>
        </Style>
        <Style id="3129">
            <IconStyle id="3130">
                <color>ff008000</color>
                <colorMode>normal</colorMode>
                <scale>0.8</scale>
                <heading>0</heading>
                <Icon id="3131">
                    <href>http://maps.google.com/mapfiles/kml/paddle/wht-circle.png</href>
                </Icon>
            </IconStyle>
        </Style>
        <Style id="3134">
            <IconStyle id="3135">
                <color>ff008000</color>
                <colorMode>normal</colorMode>
                <scale>0.8</scale>
                <heading>0</heading>
                <Icon id="3136">
                    <href>http://maps.google.com/mapfiles/kml/paddle/wht-circle.png</href>
                </Icon>
            </IconStyle>
        </Style>
        <Style id="3139">
            <IconStyle id="3140">
                <color>ff008000</color>
                <colorMode>normal</colorMode>
                <scale>0.8</scale>
                <heading>0</heading>
                <Icon id="3141">
                    <href>http://maps.google.com/mapfiles/kml/paddle/wht-circle.png</href>
                </Icon>
            </IconStyle>
        </Style>
        <Style id="3144">
            <IconStyle id="3145">
                <color>ff008000</color>
                <colorMode>normal</colorMode>
                <scale>0.8</scale>
                <heading>0</heading>
                <Icon id="3146">
                    <href>http://maps.google.com/mapfiles/kml/paddle/wht-circle.png</href>
                </Icon>
            </IconStyle>
        </Style>
        <Style id="3149">
            <IconStyle id="3150">
                <color>ff008000</color>
                <colorMode>normal</colorMode>
                <scale>0.8</scale>
                <heading>0</heading>
                <Icon id="3151">
                    <href>http://maps.google.com/mapfiles/kml/paddle/wht-circle.png</href>
                </Icon>
            </IconStyle>
        </Style>
        <Style id="3154">
            <IconStyle id="3155">
                <color>ff008000</color>
                <colorMode>normal</colorMode>
                <scale>0.8</scale>
                <heading>0</heading>
                <Icon id="3156">
                    <href>http://maps.google.com/mapfiles/kml/paddle/wht-circle.png</href>
                </Icon>
            </IconStyle>
        </Style>
        <Style id="3159">
            <IconStyle id="3160">
                <color>ff008000</color>
                <colorMode>normal</colorMode>
                <scale>0.8</scale>
                <heading>0</heading>
                <Icon id="3161">
                    <href>http://maps.google.com/mapfiles/kml/paddle/wht-circle.png</href>
                </Icon>
            </IconStyle>
        </Style>
        <Style id="3164">
            <IconStyle id="3165">
                <color>ff008000</color>
                <colorMode>normal</colorMode>
                <scale>0.8</scale>
                <heading>0</heading>
                <Icon id="3166">
                    <href>http://maps.google.com/mapfiles/kml/paddle/wht-circle.png</href>
                </Icon>
            </IconStyle>
        </Style>
        <Style id="3169">
            <IconStyle id="3170">
                <color>ff008000</color>
                <colorMode>normal</colorMode>
                <scale>0.8</scale>
                <heading>0</heading>
                <Icon id="3171">
                    <href>http://maps.google.com/mapfiles/kml/paddle/wht-circle.png</href>
                </Icon>
            </IconStyle>
        </Style>
        <Style id="3174">
            <IconStyle id="3175">
                <color>ff008000</color>
                <colorMode>normal</colorMode>
                <scale>0.8</scale>
                <heading>0</heading>
                <Icon id="3176">
                    <href>http://maps.google.com/mapfiles/kml/paddle/wht-circle.png</href>
                </Icon>
            </IconStyle>
        </Style>
        <name>Santa Ines (Ground Camera)</name>
        <Placemark id="3">
            <name>20260106_134521.jpg</name>
            <description>
                
        
<![CDATA[
        <b>File:</b> 20260106_134521.jpg<br>
        <b>Site:</b> Santa Ines<br>
        <b>Camera:</b> Ground (Celular)<br>
        <b>Coordinates:</b> -34.475482, -70.953751<br>
        <b>UMAP X:</b> 2.5607433<br>
        <b>UMAP Y:</b> -0.19690602<br>
        ]]>                
        
            </description>
            <styleUrl>#4</styleUrl>
            <Point id="2">
                <coordinates>-70.9537511,-34.4754821,0.0</coordinates>
            </Point>
        </Placemark>
        <Placemark id="8">
            <name>20260106_134522.jpg</name>
            <description>
                
        
<![CDATA[
        <b>File:</b> 20260106_134522.jpg<br>
        <b>Site:</b> Santa Ines<br>
        <b>Camera:</b> Ground (Celular)<br>
        <b>Coordinates:</b> -34.475482, -70.953751<br>
        <b>UMAP X:</b> 2.3147638<br>
        <b>UMAP Y:</b> -0.16821134<br>
        ]]>                
        
            </description>
            <styleUrl>#9</styleUrl>
            <Point id="7">
                <coordinates>-70.9537511,-34.4754821,0.0</coordinates>
            </Point>
        </Placemark>
        <Placemark id="13">
            <name>20260106_134534.jpg</name>
            <description>
                
        
<![CDATA[
        <b>File:</b> 20260106_134534.jpg<br>
        <b>Site:</b> Santa Ines<br>
        <b>Camera:</b> Ground (Celular)<br>
        <b>Coordinates:</b> -34.475482, -70.953751<br>
        <b>UMAP X:</b> 2.0322554<br>
        <b>UMAP Y:</b> 0.4701739<br>
        ]]>                
        
            </description>
            <styleUrl>#14</styleUrl>
            <Point id="12">
                <coordinates>-70.9537511,-34.4754821,0.0</coordinates>
            </Point>
        </Placemark>
        <Placemark id="18">
            <name>20260106_134541.jpg</name>
            <description>
                
        
<![CDATA[
        <b>File:</b> 20260106_134541.jpg<br>
        <b>Site:</b> Santa Ines<br>
        <b>Camera:</b> Ground (Celular)<br>
        <b>Coordinates:</b> -34.475482, -70.953751<br>
        <b>UMAP X:</b> 1.084182<br>
        <b>UMAP Y:</b> 0.0670557<br>
        ]]>                
        
            </description>
            <styleUrl>#19</styleUrl>
            <Point id="17">
                <coordinates>-70.9537511,-34.4754821,0.0</coordinates>
            </Point>
        </Placemark>
        <Placemark id="23">
            <name>20260106_134542.jpg</name>
            <description>
                
        
<![CDATA[
        <b>File:</b> 20260106_134542.jpg<br>
        <b>Site:</b> Santa Ines<br>
        <b>Camera:</b> Ground (Celular)<br>
        <b>Coordinates:</b> -34.475482, -70.953751<br>
        <b>UMAP X:</b> 2.4218705<br>
        <b>UMAP Y:</b> -0.49144077<br>
        ]]>                
        
            </description>
            <styleUrl>#24</styleUrl>
            <Point id="22">
                <coordinates>-70.9537511,-34.4754821,0.0</coordinates>
            </Point>
        </Placemark>
        <Placemark id="28">
            <name>20260106_134551.jpg</name>
            <description>
                
        
<![CDATA[
        <b>File:</b> 20260106_134551.jpg<br>
        <b>Site:</b> Santa Ines<br>
        <b>Camera:</b> Ground (Celular)<br>
        <b>Coordinates:</b> -34.475482, -70.953751<br>
        <b>UMAP X:</b> 2.2379103<br>
        <b>UMAP Y:</b> 0.31594628<br>
        ]]>                
        
            </description>
            <styleUrl>#29</styleUrl>
            <Point id="27">
                <coordinates>-70.9537511,-34.4754821,0.0</coordinates>
            </Point>
        </Placemark>
        <Placemark id="33">
            <name>20260106_134554.jpg</name>
            <description>
                
        
<![CDATA[
        <b>File:</b> 20260106_134554.jpg<br>
        <b>Site:</b> Santa Ines<br>
        <b>Camera:</b> Ground (Celular)<br>
        <b>Coordinates:</b> -34.475482, -70.953751<br>
        <b>UMAP X:</b> 2.6383169<br>
        <b>UMAP Y:</b> -0.026397694<br>
        ]]>                
        
            </description>
            <styleUrl>#34</styleUrl>
            <Point id="32">
                <coordinates>-70.9537511,-34.4754821,0.0</coordinates>
            </Point>
        </Placemark>
        <Placemark id="38">
            <name>20260106_134556.jpg</name>
            <description>
                
        
<![CDATA[
        <b>File:</b> 20260106_134556.jpg<br>
        <b>Site:</b> Santa Ines<br>
        <b>Camera:</b> Ground (Celular)<br>
        <b>Coordinates:</b> -34.475482, -70.953751<br>
        <b>UMAP X:</b> 1.270121<br>
        <b>UMAP Y:</b> 0.3432614<br>
        ]]>                
        
            </description>
            <styleUrl>#39</styleUrl>
            <Point id="37">
                <coordinates>-70.9537511,-34.4754821,0.0</coordinates>
            </Point>
        </Placemark>
        <Placemark id="43">
            <name>20260106_134600.jpg</name>
            <description>
                
        
<![CDATA[
        <b>File:</b> 20260106_134600.jpg<br>
        <b>Site:</b> Santa Ines<br>
        <b>Camera:</b> Ground (Celular)<br>
        <b>Coordinates:</b> -34.475482, -70.953751<br>
        <b>UMAP X:</b> 2.8928552<br>
        <b>UMAP Y:</b> 0.30630273<br>
        ]]>                
        
            </description>
            <styleUrl>#44</styleUrl>
            <Point id="42">
                <coordinates>-70.9537511,-34.4754821,0.0</coordinates>
            </Point>
        </Placemark>
        <Placemark id="48">
            <name>20260106_134601.jpg</name>
            <description>
                
        
<![CDATA[
        <b>File:</b> 20260106_134601.jpg<br>
        <b>Site:</b> Santa Ines<br>
        <b>Camera:</b> Ground (Celular)<br>
        <b>Coordinates:</b> -34.475482, -70.953751<br>
        <b>UMAP X:</b> 2.4257596<br>
        <b>UMAP Y:</b> 0.08067353<br>
        ]]>                
        
            </description>
            <styleUrl>#49</styleUrl>
            <Point id="47">
                <coordinates>-70.9537511,-34.4754821,0.0</coordinates>
            </Point>
        </Placemark>
        <Placemark id="53">
            <name>20260106_134605.jpg</name>
            <description>
                
        
<![CDATA[
        <b>File:</b> 20260106_134605.jpg<br>
        <b>Site:</b> Santa Ines<br>
        <b>Camera:</b> Ground (Celular)<br>
        <b>Coordinates:</b> -34.475277, -70.950407<br>
        <b>UMAP X:</b> 2.3909125<br>
        <b>UMAP Y:</b> 0.053170912<br>
        ]]>                
        
            </description>
            <styleUrl>#54</styleUrl>
            <Point id="52">
                <coordinates>-70.95040749972223,-34.4752772,0.0</coordinates>
            </Point>
        </Placemark>
        <Placemark id="58">
            <name>20260106_134610.jpg</name>
            <description>
                
        
<![CDATA[
        <b>File:</b> 20260106_134610.jpg<br>
        <b>Site:</b> Santa Ines<br>
        <b>Camera:</b> Ground (Celular)<br>
        <b>Coordinates:</b> -34.474316, -70.952968<br>
        <b>UMAP X:</b> 2.5762064<br>
        <b>UMAP Y:</b> -0.55882454<br>
        ]]>                
        
            </description>
            <styleUrl>#59</styleUrl>
            <Point id="57">
                <coordinates>-70.9529681,-34.474315599722225,0.0</coordinates>
            </Point>
        </Placemark>
        <Placemark id="63">
            <name>20260106_134634.jpg</name>
            <description>
                
        
<![CDATA[
        <b>File:</b> 20260106_134634.jpg<br>
        <b>Site:</b> Santa Ines<br>
        <b>Camera:</b> Ground (Celular)<br>
        <b>Coordinates:</b> -34.474317, -70.952903<br>
        <b>UMAP X:</b> 2.625291<br>
        <b>UMAP Y:</b> -0.30297664<br>
        ]]>                
        
            </description>
            <styleUrl>#64</styleUrl>
            <Point id="62">
                <coordinates>-70.9529026,-34.4743167,0.0</coordinates>
            </Point>
        </Placemark>
        <Placemark id="68">
            <name>20260106_134640.jpg</name>
            <description>
                
        
<![CDATA[
        <b>File:</b> 20260106_134640.jpg<br>
        <b>Site:</b> Santa Ines<br>
        <b>Camera:</b> Ground (Celular)<br>
        <b>Coordinates:</b> -34.474317, -70.952903<br>
        <b>UMAP X:</b> 2.820305<br>
        <b>UMAP Y:</b> 0.21212426<br>
        ]]>                
        
            </description>
            <styleUrl>#69</styleUrl>
            <Point id="67">
                <coordinates>-70.9529026,-34.4743167,0.0</coordinates>
            </Point>
        </Placemark>
        <Placemark id="73">
            <name>20260106_134644.jpg</name>
            <description>
                
        
<![CDATA[
        <b>File:</b> 20260106_134644.jpg<br>
        <b>Site:</b> Santa Ines<br>
        <b>Camera:</b> Ground (Celular)<br>
        <b>Coordinates:</b> -34.474317, -70.952903<br>
        <b>UMAP X:</b> 2.5343118<br>
        <b>UMAP Y:</b> -0.028807968<br>
        ]]>                
        
            </description>
            <styleUrl>#74</styleUrl>
            <Point id="72">
                <coordinates>-70.9529026,-34.4743167,0.0</coordinates>
            </Point>
        </Placemark>
        <Placemark id="78">
            <name>20260106_134646.jpg</name>
            <description>
                
        
<![CDATA[
        <b>File:</b> 20260106_134646.jpg<br>
        <b>Site:</b> Santa Ines<br>
        <b>Camera:</b> Ground (Celular)<br>
        <b>Coordinates:</b> -34.474317, -70.952903<br>
        <b>UMAP X:</b> 2.839072<br>
        <b>UMAP Y:</b> 0.033009015<br>
        ]]>                
        
            </description>
            <styleUrl>#79</styleUrl>
            <Point id="77">
                <coordinates>-70.9529026,-34.4743167,0.0</coordinates>
            </Point>
        </Placemark>
        <Placemark id="83">
            <name>20260106_134650.jpg</name>
            <description>
                
        
<![CDATA[
        <b>File:</b> 20260106_134650.jpg<br>
        <b>Site:</b> Santa Ines<br>
        <b>Camera:</b> Ground (Celular)<br>
        <b>Coordinates:</b> -34.474317, -70.952903<br>
        <b>UMAP X:</b> 2.7851315<br>
        <b>UMAP Y:</b> -0.20588759<br>
        ]]>                
        
            </description>
            <styleUrl>#84</styleUrl>
            <Point id="82">
                <coordinates>-70.9529026,-34.4743167,0.0</coordinates>
            </Point>
        </Placemark>
        <Placemark id="88">
            <name>20260106_134652.jpg</name>
            <description>
                
        
<![CDATA[
        <b>File:</b> 20260106_134652.jpg<br>
        <b>Site:</b> Santa Ines<br>
        <b>Camera:</b> Ground (Celular)<br>
        <b>Coordinates:</b> -34.474317, -70.952903<br>
        <b>UMAP X:</b> 2.6285686<br>
        <b>UMAP Y:</b> 0.0974272<br>
        ]]>                
        
            </description>
            <styleUrl>#89</styleUrl>
            <Point id="87">
                <coordinates>-70.9529026,-34.4743167,0.0</coordinates>
            </Point>
        </Placemark>
        <Placemark id="93">
            <name>20260106_134653.jpg</name>
            <description>
                
        
<![CDATA[
        <b>File:</b> 20260106_134653.jpg<br>
        <b>Site:</b> Santa Ines<br>
        <b>Camera:</b> Ground (Celular)<br>
        <b>Coordinates:</b> -34.474317, -70.952903<br>
        <b>UMAP X:</b> 2.3966284<br>
        <b>UMAP Y:</b> 0.2345579<br>
        ]]>                
        
            </description>
            <styleUrl>#94</styleUrl>
            <Point id="92">
                <coordinates>-70.9529026,-34.4743167,0.0</coordinates>
            </Point>
        </Placemark>
        <Placemark id="98">
            <name>20260106_134657.jpg</name>
            <description>
                
        
<![CDATA[
        <b>File:</b> 20260106_134657.jpg<br>
        <b>Site:</b> Santa Ines<br>
        <b>Camera:</b> Ground (Celular)<br>
        <b>Coordinates:</b> -34.474317, -70.952903<br>
        <b>UMAP X:</b> 2.6324344<br>
        <b>UMAP Y:</b> 0.3617474<br>
        ]]>                
        
            </description>
            <styleUrl>#99</styleUrl>
            <Point id="97">
                <coordinates>-70.9529026,-34.4743167,0.0</coordinates>
            </Point>
        </Placemark>
        <Placemark id="103">
            <name>20260106_134705.jpg</name>
            <description>
                
        
<![CDATA[
        <b>File:</b> 20260106_134705.jpg<br>
        <b>Site:</b> Santa Ines<br>
        <b>Camera:</b> Ground (Celular)<br>
        <b>Coordinates:</b> -34.474317, -70.952903<br>
        <b>UMAP X:</b> 2.1871192<br>
        <b>UMAP Y:</b> -0.3823938<br>
        ]]>                
        
            </description>
            <styleUrl>#104</styleUrl>
            <Point id="102">
                <coordinates>-70.9529026,-34.4743167,0.0</coordinates>
            </Point>
        </Placemark>
        <Placemark id="108">
            <name>20260106_134708.jpg</name>
            <description>
                
        
<![CDATA[
        <b>File:</b> 20260106_134708.jpg<br>
        <b>Site:</b> Santa Ines<br>
        <b>Camera:</b> Ground (Celular)<br>
        <b>Coordinates:</b> -34.474317, -70.952903<br>
        <b>UMAP X:</b> 2.8091922<br>
        <b>UMAP Y:</b> -0.13078032<br>
        ]]>                
        
            </description>
            <styleUrl>#109</styleUrl>
            <Point id="107">
                <coordinates>-70.9529026,-34.4743167,0.0</coordinates>
            </Point>
        </Placemark>
        <Placemark id="113">
            <name>20260106_134713.jpg</name>
            <description>
                
        
<![CDATA[
        <b>File:</b> 20260106_134713.jpg<br>
        <b>Site:</b> Santa Ines<br>
        <b>Camera:</b> Ground (Celular)<br>
        <b>Coordinates:</b> -34.474395, -70.952658<br>
        <b>UMAP X:</b> 2.827114<br>
        <b>UMAP Y:</b> 0.15516868<br>
        ]]>                
        
            </description>
            <styleUrl>#114</styleUrl>
            <Point id="112">
                <coordinates>-70.9526582,-34.474394799722226,0.0</coordinates>
            </Point>
        </Placemark>
        <Placemark id="118">
            <name>20260106_134721.jpg</name>
            <description>
                
        
<![CDATA[
        <b>File:</b> 20260106_134721.jpg<br>
        <b>Site:</b> Santa Ines<br>
        <b>Camera:</b> Ground (Celular)<br>
        <b>Coordinates:</b> -34.474395, -70.952658<br>
        <b>UMAP X:</b> 2.529534<br>
        <b>UMAP Y:</b> -0.009837584<br>
        ]]>                
        
            </description>
            <styleUrl>#119</styleUrl>
            <Point id="117">
                <coordinates>-70.9526582,-34.474394799722226,0.0</coordinates>
            </Point>
        </Placemark>
        <Placemark id="123">
            <name>20260106_134724.jpg</name>
            <description>
                
        
<![CDATA[
        <b>File:</b> 20260106_134724.jpg<br>
        <b>Site:</b> Santa Ines<br>
        <b>Camera:</b> Ground (Celular)<br>
        <b>Coordinates:</b> -34.474395, -70.952658<br>
        <b>UMAP X:</b> 3.0467606<br>
        <b>UMAP Y:</b> -0.19676657<br>
        ]]>                
        
            </description>
            <styleUrl>#124</styleUrl>
            <Point id="122">
                <coordinates>-70.9526582,-34.474394799722226,0.0</coordinates>
            </Point>
        </Placemark>
        <Placemark id="128">
            <name>20260106_134726.jpg</name>
            <description>
                
        
<![CDATA[
        <b>File:</b> 20260106_134726.jpg<br>
        <b>Site:</b> Santa Ines<br>
        <b>Camera:</b> Ground (Celular)<br>
        <b>Coordinates:</b> -34.474395, -70.952658<br>
        <b>UMAP X:</b> 1.6152089<br>
        <b>UMAP Y:</b> -0.044326533<br>
        ]]>                
        
            </description>
            <styleUrl>#129</styleUrl>
            <Point id="127">
                <coordinates>-70.9526582,-34.474394799722226,0.0</coordinates>
            </Point>
        </Placemark>
        <Placemark id="133">
            <name>20260106_134733.jpg</name>
            <description>
                
        
<![CDATA[
        <b>File:</b> 20260106_134733.jpg<br>
        <b>Site:</b> Santa Ines<br>
        <b>Camera:</b> Ground (Celular)<br>
        <b>Coordinates:</b> -34.474395, -70.952658<br>
        <b>UMAP X:</b> 2.3629088<br>
        <b>UMAP Y:</b> 0.5214547<br>
        ]]>                
        
            </description>
            <styleUrl>#134</styleUrl>
            <Point id="132">
                <coordinates>-70.9526582,-34.474394799722226,0.0</coordinates>
            </Point>
        </Placemark>
        <Placemark id="138">
            <name>20260106_134735.jpg</name>
            <description>
                
        
<![CDATA[
        <b>File:</b> 20260106_134735.jpg<br>
        <b>Site:</b> Santa Ines<br>
        <b>Camera:</b> Ground (Celular)<br>
        <b>Coordinates:</b> -34.474395, -70.952658<br>
        <b>UMAP X:</b> 1.2492918<br>
        <b>UMAP Y:</b> 0.47983798<br>
        ]]>                
        
            </description>
            <styleUrl>#139</styleUrl>
            <Point id="137">
                <coordinates>-70.9526582,-34.474394799722226,0.0</coordinates>
            </Point>
        </Placemark>
        <Placemark id="143">
            <name>20260106_134738.jpg</name>
            <description>
                
        
<![CDATA[
        <b>File:</b> 20260106_134738.jpg<br>
        <b>Site:</b> Santa Ines<br>
        <b>Camera:</b> Ground (Celular)<br>
        <b>Coordinates:</b> -34.474395, -70.952658<br>
        <b>UMAP X:</b> 2.1125638<br>
        <b>UMAP Y:</b> -0.3524188<br>
        ]]>                
        
            </description>
            <styleUrl>#144</styleUrl>
            <Point id="142">
                <coordinates>-70.9526582,-34.474394799722226,0.0</coordinates>
            </Point>
        </Placemark>
        <Placemark id="148">
            <name>20260106_134741.jpg</name>
            <description>
                
        
<![CDATA[
        <b>File:</b> 20260106_134741.jpg<br>
        <b>Site:</b> Santa Ines<br>
        <b>Camera:</b> Ground (Celular)<br>
        <b>Coordinates:</b> -34.474395, -70.952658<br>
        <b>UMAP X:</b> 2.4466743<br>
        <b>UMAP Y:</b> 0.542241<br>
        ]]>                
        
            </description>
            <styleUrl>#149</styleUrl>
            <Point id="147">
                <coordinates>-70.9526582,-34.474394799722226,0.0</coordinates>
            </Point>
        </Placemark>
        <Placemark id="153">
            <name>20260106_134742.jpg</name>
            <description>
                
        
<![CDATA[
        <b>File:</b> 20260106_134742.jpg<br>
        <b>Site:</b> Santa Ines<br>
        <b>Camera:</b> Ground (Celular)<br>
        <b>Coordinates:</b> -34.474395, -70.952658<br>
        <b>UMAP X:</b> 1.1964326<br>
        <b>UMAP Y:</b> 0.30158156<br>
        ]]>                
        
            </description>
            <styleUrl>#154</styleUrl>
            <Point id="152">
                <coordinates>-70.9526582,-34.474394799722226,0.0</coordinates>
            </Point>
        </Placemark>
        <Placemark id="158">
            <name>20260106_134745.jpg</name>
            <description>
                
        
<![CDATA[
        <b>File:</b> 20260106_134745.jpg<br>
        <b>Site:</b> Santa Ines<br>
        <b>Camera:</b> Ground (Celular)<br>
        <b>Coordinates:</b> -34.474395, -70.952658<br>
        <b>UMAP X:</b> 2.7757523<br>
        <b>UMAP Y:</b> -0.39399126<br>
        ]]>                
        
            </description>
            <styleUrl>#159</styleUrl>
            <Point id="157">
                <coordinates>-70.9526582,-34.474394799722226,0.0</coordinates>
            </Point>
        </Placemark>
        <Placemark id="163">
            <name>20260106_134748.jpg</name>
            <description>
                
        
<![CDATA[
        <b>File:</b> 20260106_134748.jpg<br>
        <b>Site:</b> Santa Ines<br>
        <b>Camera:</b> Ground (Celular)<br>
        <b>Coordinates:</b> -34.474395, -70.952658<br>
        <b>UMAP X:</b> 1.8263322<br>
        <b>UMAP Y:</b> -0.4169535<br>
        ]]>                
        
            </description>
            <styleUrl>#164</styleUrl>
            <Point id="162">
                <coordinates>-70.9526582,-34.474394799722226,0.0</coordinates>
            </Point>
        </Placemark>
        <Placemark id="168">
            <name>20260106_134750.jpg</name>
            <description>
                
        
<![CDATA[
        <b>File:</b> 20260106_134750.jpg<br>
        <b>Site:</b> Santa Ines<br>
        <b>Camera:</b> Ground (Celular)<br>
        <b>Coordinates:</b> -34.474395, -70.952658<br>
        <b>UMAP X:</b> 1.2397714<br>
        <b>UMAP Y:</b> 0.5039239<br>
        ]]>                
        
            </description>
            <styleUrl>#169</styleUrl>
            <Point id="167">
                <coordinates>-70.9526582,-34.474394799722226,0.0</coordinates>
            </Point>
        </Placemark>
        <Placemark id="173">
            <name>20260106_134752.jpg</name>
            <description>
                
        
<![CDATA[
        <b>File:</b> 20260106_134752.jpg<br>
        <b>Site:</b> Santa Ines<br>
        <b>Camera:</b> Ground (Celular)<br>
        <b>Coordinates:</b> -34.474395, -70.952658<br>
        <b>UMAP X:</b> 2.775582<br>
        <b>UMAP Y:</b> 0.110528804<br>
        ]]>                
        
            </description>
            <styleUrl>#174</styleUrl>
            <Point id="172">
                <coordinates>-70.9526582,-34.474394799722226,0.0</coordinates>
            </Point>
        </Placemark>
        <Placemark id="178">
            <name>20260106_134755.jpg</name>
            <description>
                
        
<![CDATA[
        <b>File:</b> 20260106_134755.jpg<br>
        <b>Site:</b> Santa Ines<br>
        <b>Camera:</b> Ground (Celular)<br>
        <b>Coordinates:</b> -34.474395, -70.952658<br>
        <b>UMAP X:</b> 1.3461794<br>
        <b>UMAP Y:</b> 0.41707823<br>
        ]]>                
        
            </description>
            <styleUrl>#179</styleUrl>
            <Point id="177">
                <coordinates>-70.9526582,-34.474394799722226,0.0</coordinates>
            </Point>
        </Placemark>
        <Placemark id="183">
            <name>20260106_134758.jpg</name>
            <description>
                
        
<![CDATA[
        <b>File:</b> 20260106_134758.jpg<br>
        <b>Site:</b> Santa Ines<br>
        <b>Camera:</b> Ground (Celular)<br>
        <b>Coordinates:</b> -34.474395, -70.952658<br>
        <b>UMAP X:</b> 2.7095437<br>
        <b>UMAP Y:</b> -0.4082824<br>
        ]]>                
        
            </description>
            <styleUrl>#184</styleUrl>
            <Point id="182">
                <coordinates>-70.9526582,-34.474394799722226,0.0</coordinates>
            </Point>
        </Placemark>
        <Placemark id="188">
            <name>20260106_134802.jpg</name>
            <description>
                
        
<![CDATA[
        <b>File:</b> 20260106_134802.jpg<br>
        <b>Site:</b> Santa Ines<br>
        <b>Camera:</b> Ground (Celular)<br>
        <b>Coordinates:</b> -34.474395, -70.952658<br>
        <b>UMAP X:</b> 0.9006827<br>
        <b>UMAP Y:</b> -0.12523738<br>
        ]]>                
        
            </description>
            <styleUrl>#189</styleUrl>
            <Point id="187">
                <coordinates>-70.9526582,-34.474394799722226,0.0</coordinates>
            </Point>
        </Placemark>
        <Placemark id="193">
            <name>20260106_134807.jpg</name>
            <description>
                
        
<![CDATA[
        <b>File:</b> 20260106_134807.jpg<br>
        <b>Site:</b> Santa Ines<br>
        <b>Camera:</b> Ground (Celular)<br>
        <b>Coordinates:</b> -34.474395, -70.952658<br>
        <b>UMAP X:</b> 3.023234<br>
        <b>UMAP Y:</b> -0.11003026<br>
        ]]>                
        
            </description>
            <styleUrl>#194</styleUrl>
            <Point id="192">
                <coordinates>-70.9526582,-34.474394799722226,0.0</coordinates>
            </Point>
        </Placemark>
        <Placemark id="198">
            <name>20260106_134809.jpg</name>
            <description>
                
        
<![CDATA[
        <b>File:</b> 20260106_134809.jpg<br>
        <b>Site:</b> Santa Ines<br>
        <b>Camera:</b> Ground (Celular)<br>
        <b>Coordinates:</b> -34.474395, -70.952658<br>
        <b>UMAP X:</b> 1.2808378<br>
        <b>UMAP Y:</b> -0.44950914<br>
        ]]>                
        
            </description>
            <styleUrl>#199</styleUrl>
            <Point id="197">
                <coordinates>-70.9526582,-34.474394799722226,0.0</coordinates>
            </Point>
        </Placemark>
        <Placemark id="203">
            <name>20260106_134811.jpg</name>
            <description>
                
        
<![CDATA[
        <b>File:</b> 20260106_134811.jpg<br>
        <b>Site:</b> Santa Ines<br>
        <b>Camera:</b> Ground (Celular)<br>
        <b>Coordinates:</b> -34.474395, -70.952658<br>
        <b>UMAP X:</b> 1.323571<br>
        <b>UMAP Y:</b> -0.42866886<br>
        ]]>                
        
            </description>
            <styleUrl>#204</styleUrl>
            <Point id="202">
                <coordinates>-70.9526582,-34.474394799722226,0.0</coordinates>
            </Point>
        </Placemark>
        <Placemark id="208">
            <name>20260106_134817.jpg</name>
            <description>
                
        
<![CDATA[
        <b>File:</b> 20260106_134817.jpg<br>
        <b>Site:</b> Santa Ines<br>
        <b>Camera:</b> Ground (Celular)<br>
        <b>Coordinates:</b> -34.474395, -70.952658<br>
        <b>UMAP X:</b> 2.7069721<br>
        <b>UMAP Y:</b> -0.2022344<br>
        ]]>                
        
            </description>
            <styleUrl>#209</styleUrl>
            <Point id="207">
                <coordinates>-70.9526582,-34.474394799722226,0.0</coordinates>
            </Point>
        </Placemark>
        <Placemark id="213">
            <name>20260106_134821.jpg</name>
            <description>
                
        
<![CDATA[
        <b>File:</b> 20260106_134821.jpg<br>
        <b>Site:</b> Santa Ines<br>
        <b>Camera:</b> Ground (Celular)<br>
        <b>Coordinates:</b> -34.474395, -70.952658<br>
        <b>UMAP X:</b> 1.6549088<br>
        <b>UMAP Y:</b> -0.57215524<br>
        ]]>                
        
            </description>
            <styleUrl>#214</styleUrl>
            <Point id="212">
                <coordinates>-70.9526582,-34.474394799722226,0.0</coordinates>
            </Point>
        </Placemark>
        <Placemark id="218">
            <name>20260106_134823.jpg</name>
            <description>
                
        
<![CDATA[
        <b>File:</b> 20260106_134823.jpg<br>
        <b>Site:</b> Santa Ines<br>
        <b>Camera:</b> Ground (Celular)<br>
        <b>Coordinates:</b> -34.474395, -70.952658<br>
        <b>UMAP X:</b> 1.237096<br>
        <b>UMAP Y:</b> 0.031008074<br>
        ]]>                
        
            </description>
            <styleUrl>#219</styleUrl>
            <Point id="217">
                <coordinates>-70.9526582,-34.474394799722226,0.0</coordinates>
            </Point>
        </Placemark>
        <Placemark id="223">
            <name>20260106_134824.jpg</name>
            <description>
                
        
<![CDATA[
        <b>File:</b> 20260106_134824.jpg<br>
        <b>Site:</b> Santa Ines<br>
        <b>Camera:</b> Ground (Celular)<br>
        <b>Coordinates:</b> -34.474395, -70.952658<br>
        <b>UMAP X:</b> 1.0982693<br>
        <b>UMAP Y:</b> 0.28232607<br>
        ]]>                
        
            </description>
            <styleUrl>#224</styleUrl>
            <Point id="222">
                <coordinates>-70.9526582,-34.474394799722226,0.0</coordinates>
            </Point>
        </Placemark>
        <Placemark id="228">
            <name>20260106_134827.jpg</name>
            <description>
                
        
<![CDATA[
        <b>File:</b> 20260106_134827.jpg<br>
        <b>Site:</b> Santa Ines<br>
        <b>Camera:</b> Ground (Celular)<br>
        <b>Coordinates:</b> -34.474395, -70.952658<br>
        <b>UMAP X:</b> 2.0868628<br>
        <b>UMAP Y:</b> 0.5177368<br>
        ]]>                
        
            </description>
            <styleUrl>#229</styleUrl>
            <Point id="227">
                <coordinates>-70.9526582,-34.474394799722226,0.0</coordinates>
            </Point>
        </Placemark>
        <Placemark id="233">
            <name>20260106_134828.jpg</name>
            <description>
                
        
<![CDATA[
        <b>File:</b> 20260106_134828.jpg<br>
        <b>Site:</b> Santa Ines<br>
        <b>Camera:</b> Ground (Celular)<br>
        <b>Coordinates:</b> -34.474395, -70.952658<br>
        <b>UMAP X:</b> 2.2946293<br>
        <b>UMAP Y:</b> 0.008674333<br>
        ]]>                
        
            </description>
            <styleUrl>#234</styleUrl>
            <Point id="232">
                <coordinates>-70.9526582,-34.474394799722226,0.0</coordinates>
            </Point>
        </Placemark>
        <Placemark id="238">
            <name>20260106_134830.jpg</name>
            <description>
                
        
<![CDATA[
        <b>File:</b> 20260106_134830.jpg<br>
        <b>Site:</b> Santa Ines<br>
        <b>Camera:</b> Ground (Celular)<br>
        <b>Coordinates:</b> -34.474395, -70.952658<br>
        <b>UMAP X:</b> 2.7608798<br>
        <b>UMAP Y:</b> -0.14791456<br>
        ]]>                
        
            </description>
            <styleUrl>#239</styleUrl>
            <Point id="237">
                <coordinates>-70.9526582,-34.474394799722226,0.0</coordinates>
            </Point>
        </Placemark>
        <Placemark id="243">
            <name>20260106_134831.jpg</name>
            <description>
                
        
<![CDATA[
        <b>File:</b> 20260106_134831.jpg<br>
        <b>Site:</b> Santa Ines<br>
        <b>Camera:</b> Ground (Celular)<br>
        <b>Coordinates:</b> -34.474395, -70.952658<br>
        <b>UMAP X:</b> 3.0631664<br>
        <b>UMAP Y:</b> -0.13464582<br>
        ]]>                
        
            </description>
            <styleUrl>#244</styleUrl>
            <Point id="242">
                <coordinates>-70.9526582,-34.474394799722226,0.0</coordinates>
            </Point>
        </Placemark>
        <Placemark id="248">
            <name>20260106_134834.jpg</name>
            <description>
                
        
<![CDATA[
        <b>File:</b> 20260106_134834.jpg<br>
        <b>Site:</b> Santa Ines<br>
        <b>Camera:</b> Ground (Celular)<br>
        <b>Coordinates:</b> -34.474395, -70.952658<br>
        <b>UMAP X:</b> 1.5762746<br>
        <b>UMAP Y:</b> 0.22881933<br>
        ]]>                
        
            </description>
            <styleUrl>#249</styleUrl>
            <Point id="247">
                <coordinates>-70.9526582,-34.474394799722226,0.0</coordinates>
            </Point>
        </Placemark>
        <Placemark id="253">
            <name>20260106_134837.jpg</name>
            <description>
                
        
<![CDATA[
        <b>File:</b> 20260106_134837.jpg<br>
        <b>Site:</b> Santa Ines<br>
        <b>Camera:</b> Ground (Celular)<br>
        <b>Coordinates:</b> -34.474464, -70.952429<br>
        <b>UMAP X:</b> 11.618402<br>
        <b>UMAP Y:</b> 8.591178<br>
        ]]>                
        
            </description>
            <styleUrl>#254</styleUrl>
            <Point id="252">
                <coordinates>-70.9524288,-34.474463999722225,0.0</coordinates>
            </Point>
        </Placemark>
        <Placemark id="258">
            <name>20260106_134841.jpg</name>
            <description>
                
        
<![CDATA[
        <b>File:</b> 20260106_134841.jpg<br>
        <b>Site:</b> Santa Ines<br>
        <b>Camera:</b> Ground (Celular)<br>
        <b>Coordinates:</b> -34.474492, -70.952399<br>
        <b>UMAP X:</b> 2.3769734<br>
        <b>UMAP Y:</b> -0.5948166<br>
        ]]>                
        
            </description>
            <styleUrl>#259</styleUrl>
            <Point id="257">
                <coordinates>-70.9523994,-34.4744924,0.0</coordinates>
            </Point>
        </Placemark>
        <Placemark id="263">
            <name>20260106_134844.jpg</name>
            <description>
                
        
<![CDATA[
        <b>File:</b> 20260106_134844.jpg<br>
        <b>Site:</b> Santa Ines<br>
        <b>Camera:</b> Ground (Celular)<br>
        <b>Coordinates:</b> -34.474492, -70.952399<br>
        <b>UMAP X:</b> 1.0364418<br>
        <b>UMAP Y:</b> -0.21001926<br>
        ]]>                
        
            </description>
            <styleUrl>#264</styleUrl>
            <Point id="262">
                <coordinates>-70.9523994,-34.4744924,0.0</coordinates>
            </Point>
        </Placemark>
        <Placemark id="268">
            <name>20260106_134850.jpg</name>
            <description>
                
        
<![CDATA[
        <b>File:</b> 20260106_134850.jpg<br>
        <b>Site:</b> Santa Ines<br>
        <b>Camera:</b> Ground (Celular)<br>
        <b>Coordinates:</b> -34.474491, -70.952350<br>
        <b>UMAP X:</b> 1.6767625<br>
        <b>UMAP Y:</b> -0.67549235<br>
        ]]>                
        
            </description>
            <styleUrl>#269</styleUrl>
            <Point id="267">
                <coordinates>-70.95235019972222,-34.4744912,0.0</coordinates>
            </Point>
        </Placemark>
        <Placemark id="273">
            <name>20260106_134852.jpg</name>
            <description>
                
        
<![CDATA[
        <b>File:</b> 20260106_134852.jpg<br>
        <b>Site:</b> Santa Ines<br>
        <b>Camera:</b> Ground (Celular)<br>
        <b>Coordinates:</b> -34.474491, -70.952335<br>
        <b>UMAP X:</b> 1.8757935<br>
        <b>UMAP Y:</b> -0.68258715<br>
        ]]>                
        
            </description>
            <styleUrl>#274</styleUrl>
            <Point id="272">
                <coordinates>-70.95233469972223,-34.474491,0.0</coordinates>
            </Point>
        </Placemark>
        <Placemark id="278">
            <name>20260106_134854.jpg</name>
            <description>
                
        
<![CDATA[
        <b>File:</b> 20260106_134854.jpg<br>
        <b>Site:</b> Santa Ines<br>
        <b>Camera:</b> Ground (Celular)<br>
        <b>Coordinates:</b> -34.474493, -70.952330<br>
        <b>UMAP X:</b> 1.8086338<br>
        <b>UMAP Y:</b> -0.5797731<br>
        ]]>                
        
            </description>
            <styleUrl>#279</styleUrl>
            <Point id="277">
                <coordinates>-70.9523295,-34.4744929,0.0</coordinates>
            </Point>
        </Placemark>
        <Placemark id="283">
            <name>20260106_134858.jpg</name>
            <description>
                
        
<![CDATA[
        <b>File:</b> 20260106_134858.jpg<br>
        <b>Site:</b> Santa Ines<br>
        <b>Camera:</b> Ground (Celular)<br>
        <b>Coordinates:</b> -34.474493, -70.952330<br>
        <b>UMAP X:</b> 2.9825985<br>
        <b>UMAP Y:</b> -0.14818946<br>
        ]]>                
        
            </description>
            <styleUrl>#284</styleUrl>
            <Point id="282">
                <coordinates>-70.9523295,-34.4744929,0.0</coordinates>
            </Point>
        </Placemark>
        <Placemark id="288">
            <name>20260106_134901.jpg</name>
            <description>
                
        
<![CDATA[
        <b>File:</b> 20260106_134901.jpg<br>
        <b>Site:</b> Santa Ines<br>
        <b>Camera:</b> Ground (Celular)<br>
        <b>Coordinates:</b> -34.474493, -70.952330<br>
        <b>UMAP X:</b> 2.981768<br>
        <b>UMAP Y:</b> 0.25791636<br>
        ]]>                
        
            </description>
            <styleUrl>#289</styleUrl>
            <Point id="287">
                <coordinates>-70.9523295,-34.4744929,0.0</coordinates>
            </Point>
        </Placemark>
        <Placemark id="293">
            <name>20260106_134911.jpg</name>
            <description>
                
        
<![CDATA[
        <b>File:</b> 20260106_134911.jpg<br>
        <b>Site:</b> Santa Ines<br>
        <b>Camera:</b> Ground (Celular)<br>
        <b>Coordinates:</b> -34.474529, -70.952312<br>
        <b>UMAP X:</b> 0.9857633<br>
        <b>UMAP Y:</b> 0.09662355<br>
        ]]>                
        
            </description>
            <styleUrl>#294</styleUrl>
            <Point id="292">
                <coordinates>-70.9523123,-34.47452919972223,0.0</coordinates>
            </Point>
        </Placemark>
        <Placemark id="298">
            <name>20260106_134915.jpg</name>
            <description>
                
        
<![CDATA[
        <b>File:</b> 20260106_134915.jpg<br>
        <b>Site:</b> Santa Ines<br>
        <b>Camera:</b> Ground (Celular)<br>
        <b>Coordinates:</b> -34.474521, -70.952250<br>
        <b>UMAP X:</b> 0.8849481<br>
        <b>UMAP Y:</b> 0.20005648<br>
        ]]>                
        
            </description>
            <styleUrl>#299</styleUrl>
            <Point id="297">
                <coordinates>-70.9522496,-34.4745208,0.0</coordinates>
            </Point>
        </Placemark>
        <Placemark id="303">
            <name>20260106_134918.jpg</name>
            <description>
                
        
<![CDATA[
        <b>File:</b> 20260106_134918.jpg<br>
        <b>Site:</b> Santa Ines<br>
        <b>Camera:</b> Ground (Celular)<br>
        <b>Coordinates:</b> -34.474525, -70.952238<br>
        <b>UMAP X:</b> 1.8838158<br>
        <b>UMAP Y:</b> 0.59577084<br>
        ]]>                
        
            </description>
            <styleUrl>#304</styleUrl>
            <Point id="302">
                <coordinates>-70.9522378,-34.4745252,0.0</coordinates>
            </Point>
        </Placemark>
        <Placemark id="308">
            <name>20260106_134925.jpg</name>
            <description>
                
        
<![CDATA[
        <b>File:</b> 20260106_134925.jpg<br>
        <b>Site:</b> Santa Ines<br>
        <b>Camera:</b> Ground (Celular)<br>
        <b>Coordinates:</b> -34.474535, -70.952200<br>
        <b>UMAP X:</b> 1.4140679<br>
        <b>UMAP Y:</b> 0.37139353<br>
        ]]>                
        
            </description>
            <styleUrl>#309</styleUrl>
            <Point id="307">
                <coordinates>-70.95219969972223,-34.474535,0.0</coordinates>
            </Point>
        </Placemark>
        <Placemark id="313">
            <name>20260106_134926.jpg</name>
            <description>
                
        
<![CDATA[
        <b>File:</b> 20260106_134926.jpg<br>
        <b>Site:</b> Santa Ines<br>
        <b>Camera:</b> Ground (Celular)<br>
        <b>Coordinates:</b> -34.474535, -70.952200<br>
        <b>UMAP X:</b> 1.9232764<br>
        <b>UMAP Y:</b> 0.8563198<br>
        ]]>                
        
            </description>
            <styleUrl>#314</styleUrl>
            <Point id="312">
                <coordinates>-70.95219969972223,-34.474535,0.0</coordinates>
            </Point>
        </Placemark>
        <Placemark id="318">
            <name>20260106_134929.jpg</name>
            <description>
                
        
<![CDATA[
        <b>File:</b> 20260106_134929.jpg<br>
        <b>Site:</b> Santa Ines<br>
        <b>Camera:</b> Ground (Celular)<br>
        <b>Coordinates:</b> -34.474535, -70.952200<br>
        <b>UMAP X:</b> 1.4151057<br>
        <b>UMAP Y:</b> -0.25926095<br>
        ]]>                
        
            </description>
            <styleUrl>#319</styleUrl>
            <Point id="317">
                <coordinates>-70.95219969972223,-34.474535,0.0</coordinates>
            </Point>
        </Placemark>
        <Placemark id="323">
            <name>20260106_134933.jpg</name>
            <description>
                
        
<![CDATA[
        <b>File:</b> 20260106_134933.jpg<br>
        <b>Site:</b> Santa Ines<br>
        <b>Camera:</b> Ground (Celular)<br>
        <b>Coordinates:</b> -34.474536, -70.952177<br>
        <b>UMAP X:</b> 2.0582325<br>
        <b>UMAP Y:</b> -0.5442999<br>
        ]]>                
        
            </description>
            <styleUrl>#324</styleUrl>
            <Point id="322">
                <coordinates>-70.9521773,-34.474535699722225,0.0</coordinates>
            </Point>
        </Placemark>
        <Placemark id="328">
            <name>20260106_134940.jpg</name>
            <description>
                
        
<![CDATA[
        <b>File:</b> 20260106_134940.jpg<br>
        <b>Site:</b> Santa Ines<br>
        <b>Camera:</b> Ground (Celular)<br>
        <b>Coordinates:</b> -34.474551, -70.952145<br>
        <b>UMAP X:</b> 1.6534058<br>
        <b>UMAP Y:</b> 0.05794734<br>
        ]]>                
        
            </description>
            <styleUrl>#329</styleUrl>
            <Point id="327">
                <coordinates>-70.95214479972222,-34.4745512,0.0</coordinates>
            </Point>
        </Placemark>
        <Placemark id="333">
            <name>20260106_134944.jpg</name>
            <description>
                
        
<![CDATA[
        <b>File:</b> 20260106_134944.jpg<br>
        <b>Site:</b> Santa Ines<br>
        <b>Camera:</b> Ground (Celular)<br>
        <b>Coordinates:</b> -34.474557, -70.952127<br>
        <b>UMAP X:</b> 2.3296356<br>
        <b>UMAP Y:</b> 0.17981434<br>
        ]]>                
        
            </description>
            <styleUrl>#334</styleUrl>
            <Point id="332">
                <coordinates>-70.952127,-34.47455659972223,0.0</coordinates>
            </Point>
        </Placemark>
        <Placemark id="338">
            <name>20260106_134948.jpg</name>
            <description>
                
        
<![CDATA[
        <b>File:</b> 20260106_134948.jpg<br>
        <b>Site:</b> Santa Ines<br>
        <b>Camera:</b> Ground (Celular)<br>
        <b>Coordinates:</b> -34.474557, -70.952125<br>
        <b>UMAP X:</b> 1.5274358<br>
        <b>UMAP Y:</b> -0.4521929<br>
        ]]>                
        
            </description>
            <styleUrl>#339</styleUrl>
            <Point id="337">
                <coordinates>-70.95212539972222,-34.4745567,0.0</coordinates>
            </Point>
        </Placemark>
        <Placemark id="343">
            <name>20260106_134952.jpg</name>
            <description>
                
        
<![CDATA[
        <b>File:</b> 20260106_134952.jpg<br>
        <b>Site:</b> Santa Ines<br>
        <b>Camera:</b> Ground (Celular)<br>
        <b>Coordinates:</b> -34.474568, -70.952104<br>
        <b>UMAP X:</b> 1.0863479<br>
        <b>UMAP Y:</b> -0.05032802<br>
        ]]>                
        
            </description>
            <styleUrl>#344</styleUrl>
            <Point id="342">
                <coordinates>-70.9521036,-34.474567899722224,0.0</coordinates>
            </Point>
        </Placemark>
        <Placemark id="348">
            <name>20260106_134955.jpg</name>
            <description>
                
        
<![CDATA[
        <b>File:</b> 20260106_134955.jpg<br>
        <b>Site:</b> Santa Ines<br>
        <b>Camera:</b> Ground (Celular)<br>
        <b>Coordinates:</b> -34.474567, -70.952102<br>
        <b>UMAP X:</b> 2.0898907<br>
        <b>UMAP Y:</b> -0.21964711<br>
        ]]>                
        
            </description>
            <styleUrl>#349</styleUrl>
            <Point id="347">
                <coordinates>-70.9521016,-34.47456749972223,0.0</coordinates>
            </Point>
        </Placemark>
        <Placemark id="353">
            <name>20260106_135003.jpg</name>
            <description>
                
        
<![CDATA[
        <b>File:</b> 20260106_135003.jpg<br>
        <b>Site:</b> Santa Ines<br>
        <b>Camera:</b> Ground (Celular)<br>
        <b>Coordinates:</b> -34.474572, -70.952060<br>
        <b>UMAP X:</b> 2.3138738<br>
        <b>UMAP Y:</b> -0.43275917<br>
        ]]>                
        
            </description>
            <styleUrl>#354</styleUrl>
            <Point id="352">
                <coordinates>-70.9520602,-34.474572299722226,0.0</coordinates>
            </Point>
        </Placemark>
        <Placemark id="358">
            <name>20260106_135005.jpg</name>
            <description>
                
        
<![CDATA[
        <b>File:</b> 20260106_135005.jpg<br>
        <b>Site:</b> Santa Ines<br>
        <b>Camera:</b> Ground (Celular)<br>
        <b>Coordinates:</b> -34.474573, -70.952041<br>
        <b>UMAP X:</b> 2.0352817<br>
        <b>UMAP Y:</b> -0.35707912<br>
        ]]>                
        
            </description>
            <styleUrl>#359</styleUrl>
            <Point id="357">
                <coordinates>-70.9520413,-34.4745733,0.0</coordinates>
            </Point>
        </Placemark>
        <Placemark id="363">
            <name>20260106_135006.jpg</name>
            <description>
                
        
<![CDATA[
        <b>File:</b> 20260106_135006.jpg<br>
        <b>Site:</b> Santa Ines<br>
        <b>Camera:</b> Ground (Celular)<br>
        <b>Coordinates:</b> -34.474578, -70.952034<br>
        <b>UMAP X:</b> 1.6704376<br>
        <b>UMAP Y:</b> -0.6899664<br>
        ]]>                
        
            </description>
            <styleUrl>#364</styleUrl>
            <Point id="362">
                <coordinates>-70.9520341,-34.474578299722225,0.0</coordinates>
            </Point>
        </Placemark>
        <Placemark id="368">
            <name>20260106_135008.jpg</name>
            <description>
                
        
<![CDATA[
        <b>File:</b> 20260106_135008.jpg<br>
        <b>Site:</b> Santa Ines<br>
        <b>Camera:</b> Ground (Celular)<br>
        <b>Coordinates:</b> -34.474577, -70.952032<br>
        <b>UMAP X:</b> 2.173176<br>
        <b>UMAP Y:</b> -0.14905396<br>
        ]]>                
        
            </description>
            <styleUrl>#369</styleUrl>
            <Point id="367">
                <coordinates>-70.952032,-34.474576999722224,0.0</coordinates>
            </Point>
        </Placemark>
        <Placemark id="373">
            <name>20260106_135013.jpg</name>
            <description>
                
        
<![CDATA[
        <b>File:</b> 20260106_135013.jpg<br>
        <b>Site:</b> Santa Ines<br>
        <b>Camera:</b> Ground (Celular)<br>
        <b>Coordinates:</b> -34.474585, -70.952011<br>
        <b>UMAP X:</b> 2.47635<br>
        <b>UMAP Y:</b> -0.5173679<br>
        ]]>                
        
            </description>
            <styleUrl>#374</styleUrl>
            <Point id="372">
                <coordinates>-70.95201149972222,-34.474584999722225,0.0</coordinates>
            </Point>
        </Placemark>
        <Placemark id="378">
            <name>20260106_135017.jpg</name>
            <description>
                
        
<![CDATA[
        <b>File:</b> 20260106_135017.jpg<br>
        <b>Site:</b> Santa Ines<br>
        <b>Camera:</b> Ground (Celular)<br>
        <b>Coordinates:</b> -34.474587, -70.952008<br>
        <b>UMAP X:</b> 1.5765222<br>
        <b>UMAP Y:</b> -0.5638893<br>
        ]]>                
        
            </description>
            <styleUrl>#379</styleUrl>
            <Point id="377">
                <coordinates>-70.9520083,-34.474586799722225,0.0</coordinates>
            </Point>
        </Placemark>
        <Placemark id="383">
            <name>20260106_135021.jpg</name>
            <description>
                
        
<![CDATA[
        <b>File:</b> 20260106_135021.jpg<br>
        <b>Site:</b> Santa Ines<br>
        <b>Camera:</b> Ground (Celular)<br>
        <b>Coordinates:</b> -34.474593, -70.951968<br>
        <b>UMAP X:</b> 2.563418<br>
        <b>UMAP Y:</b> -0.5392611<br>
        ]]>                
        
            </description>
            <styleUrl>#384</styleUrl>
            <Point id="382">
                <coordinates>-70.9519678,-34.474593499722225,0.0</coordinates>
            </Point>
        </Placemark>
        <Placemark id="388">
            <name>20260106_135026.jpg</name>
            <description>
                
        
<![CDATA[
        <b>File:</b> 20260106_135026.jpg<br>
        <b>Site:</b> Santa Ines<br>
        <b>Camera:</b> Ground (Celular)<br>
        <b>Coordinates:</b> -34.474610, -70.951933<br>
        <b>UMAP X:</b> 1.8385745<br>
        <b>UMAP Y:</b> -0.28257993<br>
        ]]>                
        
            </description>
            <styleUrl>#389</styleUrl>
            <Point id="387">
                <coordinates>-70.9519331,-34.4746097,0.0</coordinates>
            </Point>
        </Placemark>
        <Placemark id="393">
            <name>20260106_135028.jpg</name>
            <description>
                
        
<![CDATA[
        <b>File:</b> 20260106_135028.jpg<br>
        <b>Site:</b> Santa Ines<br>
        <b>Camera:</b> Ground (Celular)<br>
        <b>Coordinates:</b> -34.474610, -70.951932<br>
        <b>UMAP X:</b> 1.8872659<br>
        <b>UMAP Y:</b> -0.46972734<br>
        ]]>                
        
            </description>
            <styleUrl>#394</styleUrl>
            <Point id="392">
                <coordinates>-70.9519319,-34.4746102,0.0</coordinates>
            </Point>
        </Placemark>
        <Placemark id="398">
            <name>20260106_135035.jpg</name>
            <description>
                
        
<![CDATA[
        <b>File:</b> 20260106_135035.jpg<br>
        <b>Site:</b> Santa Ines<br>
        <b>Camera:</b> Ground (Celular)<br>
        <b>Coordinates:</b> -34.474623, -70.951890<br>
        <b>UMAP X:</b> 2.948297<br>
        <b>UMAP Y:</b> -0.30243117<br>
        ]]>                
        
            </description>
            <styleUrl>#399</styleUrl>
            <Point id="397">
                <coordinates>-70.9518903,-34.474622599722224,0.0</coordinates>
            </Point>
        </Placemark>
        <Placemark id="403">
            <name>20260106_135038.jpg</name>
            <description>
                
        
<![CDATA[
        <b>File:</b> 20260106_135038.jpg<br>
        <b>Site:</b> Santa Ines<br>
        <b>Camera:</b> Ground (Celular)<br>
        <b>Coordinates:</b> -34.474623, -70.951890<br>
        <b>UMAP X:</b> 2.6507864<br>
        <b>UMAP Y:</b> -0.62070584<br>
        ]]>                
        
            </description>
            <styleUrl>#404</styleUrl>
            <Point id="402">
                <coordinates>-70.9518903,-34.474622599722224,0.0</coordinates>
            </Point>
        </Placemark>
        <Placemark id="408">
            <name>20260106_135042.jpg</name>
            <description>
                
        
<![CDATA[
        <b>File:</b> 20260106_135042.jpg<br>
        <b>Site:</b> Santa Ines<br>
        <b>Camera:</b> Ground (Celular)<br>
        <b>Coordinates:</b> -34.474632, -70.951870<br>
        <b>UMAP X:</b> 1.1614454<br>
        <b>UMAP Y:</b> -0.04210756<br>
        ]]>                
        
            </description>
            <styleUrl>#409</styleUrl>
            <Point id="407">
                <coordinates>-70.95187049972222,-34.4746323,0.0</coordinates>
            </Point>
        </Placemark>
        <Placemark id="413">
            <name>20260106_135044.jpg</name>
            <description>
                
        
<![CDATA[
        <b>File:</b> 20260106_135044.jpg<br>
        <b>Site:</b> Santa Ines<br>
        <b>Camera:</b> Ground (Celular)<br>
        <b>Coordinates:</b> -34.474635, -70.951867<br>
        <b>UMAP X:</b> 1.0294855<br>
        <b>UMAP Y:</b> 0.33232966<br>
        ]]>                
        
            </description>
            <styleUrl>#414</styleUrl>
            <Point id="412">
                <coordinates>-70.9518668,-34.4746345,0.0</coordinates>
            </Point>
        </Placemark>
        <Placemark id="418">
            <name>20260106_135049.jpg</name>
            <description>
                
        
<![CDATA[
        <b>File:</b> 20260106_135049.jpg<br>
        <b>Site:</b> Santa Ines<br>
        <b>Camera:</b> Ground (Celular)<br>
        <b>Coordinates:</b> -34.474639, -70.951835<br>
        <b>UMAP X:</b> 1.0482447<br>
        <b>UMAP Y:</b> -0.018396333<br>
        ]]>                
        
            </description>
            <styleUrl>#419</styleUrl>
            <Point id="417">
                <coordinates>-70.9518352,-34.4746389,0.0</coordinates>
            </Point>
        </Placemark>
        <Placemark id="423">
            <name>20260106_135051.jpg</name>
            <description>
                
        
<![CDATA[
        <b>File:</b> 20260106_135051.jpg<br>
        <b>Site:</b> Santa Ines<br>
        <b>Camera:</b> Ground (Celular)<br>
        <b>Coordinates:</b> -34.474639, -70.951835<br>
        <b>UMAP X:</b> 1.1124182<br>
        <b>UMAP Y:</b> 0.38803002<br>
        ]]>                
        
            </description>
            <styleUrl>#424</styleUrl>
            <Point id="422">
                <coordinates>-70.9518352,-34.4746389,0.0</coordinates>
            </Point>
        </Placemark>
        <Placemark id="428">
            <name>20260106_135054.jpg</name>
            <description>
                
        
<![CDATA[
        <b>File:</b> 20260106_135054.jpg<br>
        <b>Site:</b> Santa Ines<br>
        <b>Camera:</b> Ground (Celular)<br>
        <b>Coordinates:</b> -34.474645, -70.951817<br>
        <b>UMAP X:</b> 1.2567294<br>
        <b>UMAP Y:</b> 0.058190744<br>
        ]]>                
        
            </description>
            <styleUrl>#429</styleUrl>
            <Point id="427">
                <coordinates>-70.951817,-34.4746448,0.0</coordinates>
            </Point>
        </Placemark>
        <Placemark id="433">
            <name>20260106_135056.jpg</name>
            <description>
                
        
<![CDATA[
        <b>File:</b> 20260106_135056.jpg<br>
        <b>Site:</b> Santa Ines<br>
        <b>Camera:</b> Ground (Celular)<br>
        <b>Coordinates:</b> -34.474646, -70.951810<br>
        <b>UMAP X:</b> 2.7375455<br>
        <b>UMAP Y:</b> -0.2409496<br>
        ]]>                
        
            </description>
            <styleUrl>#434</styleUrl>
            <Point id="432">
                <coordinates>-70.9518098,-34.474645799722225,0.0</coordinates>
            </Point>
        </Placemark>
        <Placemark id="438">
            <name>20260106_135100.jpg</name>
            <description>
                
        
<![CDATA[
        <b>File:</b> 20260106_135100.jpg<br>
        <b>Site:</b> Santa Ines<br>
        <b>Camera:</b> Ground (Celular)<br>
        <b>Coordinates:</b> -34.474650, -70.951791<br>
        <b>UMAP X:</b> 2.6130455<br>
        <b>UMAP Y:</b> -0.40863907<br>
        ]]>                
        
            </description>
            <styleUrl>#439</styleUrl>
            <Point id="437">
                <coordinates>-70.95179149972222,-34.47464959972223,0.0</coordinates>
            </Point>
        </Placemark>
        <Placemark id="443">
            <name>20260106_135102.jpg</name>
            <description>
                
        
<![CDATA[
        <b>File:</b> 20260106_135102.jpg<br>
        <b>Site:</b> Santa Ines<br>
        <b>Camera:</b> Ground (Celular)<br>
        <b>Coordinates:</b> -34.474651, -70.951784<br>
        <b>UMAP X:</b> 1.7180178<br>
        <b>UMAP Y:</b> -0.68281585<br>
        ]]>                
        
            </description>
            <styleUrl>#444</styleUrl>
            <Point id="442">
                <coordinates>-70.95178439972223,-34.47465079972223,0.0</coordinates>
            </Point>
        </Placemark>
        <Placemark id="448">
            <name>20260106_135106.jpg</name>
            <description>
                
        
<![CDATA[
        <b>File:</b> 20260106_135106.jpg<br>
        <b>Site:</b> Santa Ines<br>
        <b>Camera:</b> Ground (Celular)<br>
        <b>Coordinates:</b> -34.474651, -70.951784<br>
        <b>UMAP X:</b> 2.3969443<br>
        <b>UMAP Y:</b> 0.5451629<br>
        ]]>                
        
            </description>
            <styleUrl>#449</styleUrl>
            <Point id="447">
                <coordinates>-70.95178439972223,-34.47465079972223,0.0</coordinates>
            </Point>
        </Placemark>
        <Placemark id="453">
            <name>20260106_135108.jpg</name>
            <description>
                
        
<![CDATA[
        <b>File:</b> 20260106_135108.jpg<br>
        <b>Site:</b> Santa Ines<br>
        <b>Camera:</b> Ground (Celular)<br>
        <b>Coordinates:</b> -34.474660, -70.951773<br>
        <b>UMAP X:</b> 1.8908774<br>
        <b>UMAP Y:</b> 0.7508689<br>
        ]]>                
        
            </description>
            <styleUrl>#454</styleUrl>
            <Point id="452">
                <coordinates>-70.95177309972223,-34.474660499722226,0.0</coordinates>
            </Point>
        </Placemark>
        <Placemark id="458">
            <name>20260106_135118.jpg</name>
            <description>
                
        
<![CDATA[
        <b>File:</b> 20260106_135118.jpg<br>
        <b>Site:</b> Santa Ines<br>
        <b>Camera:</b> Ground (Celular)<br>
        <b>Coordinates:</b> -34.474673, -70.951714<br>
        <b>UMAP X:</b> 0.928571<br>
        <b>UMAP Y:</b> -0.17037618<br>
        ]]>                
        
            </description>
            <styleUrl>#459</styleUrl>
            <Point id="457">
                <coordinates>-70.9517144,-34.474673099722224,0.0</coordinates>
            </Point>
        </Placemark>
        <Placemark id="463">
            <name>20260106_135120.jpg</name>
            <description>
                
        
<![CDATA[
        <b>File:</b> 20260106_135120.jpg<br>
        <b>Site:</b> Santa Ines<br>
        <b>Camera:</b> Ground (Celular)<br>
        <b>Coordinates:</b> -34.474680, -70.951692<br>
        <b>UMAP X:</b> 0.8988805<br>
        <b>UMAP Y:</b> -0.12328233<br>
        ]]>                
        
            </description>
            <styleUrl>#464</styleUrl>
            <Point id="462">
                <coordinates>-70.9516923,-34.474680499722226,0.0</coordinates>
            </Point>
        </Placemark>
        <Placemark id="468">
            <name>20260106_135123.jpg</name>
            <description>
                
        
<![CDATA[
        <b>File:</b> 20260106_135123.jpg<br>
        <b>Site:</b> Santa Ines<br>
        <b>Camera:</b> Ground (Celular)<br>
        <b>Coordinates:</b> -34.474683, -70.951675<br>
        <b>UMAP X:</b> 1.7346902<br>
        <b>UMAP Y:</b> -0.6750892<br>
        ]]>                
        
            </description>
            <styleUrl>#469</styleUrl>
            <Point id="467">
                <coordinates>-70.9516753,-34.4746834,0.0</coordinates>
            </Point>
        </Placemark>
        <Placemark id="473">
            <name>20260106_135125.jpg</name>
            <description>
                
        
<![CDATA[
        <b>File:</b> 20260106_135125.jpg<br>
        <b>Site:</b> Santa Ines<br>
        <b>Camera:</b> Ground (Celular)<br>
        <b>Coordinates:</b> -34.474683, -70.951675<br>
        <b>UMAP X:</b> 2.514009<br>
        <b>UMAP Y:</b> -0.57968247<br>
        ]]>                
        
            </description>
            <styleUrl>#474</styleUrl>
            <Point id="472">
                <coordinates>-70.9516753,-34.4746834,0.0</coordinates>
            </Point>
        </Placemark>
        <Placemark id="478">
            <name>20260106_135126.jpg</name>
            <description>
                
        
<![CDATA[
        <b>File:</b> 20260106_135126.jpg<br>
        <b>Site:</b> Santa Ines<br>
        <b>Camera:</b> Ground (Celular)<br>
        <b>Coordinates:</b> -34.474683, -70.951675<br>
        <b>UMAP X:</b> 2.2277217<br>
        <b>UMAP Y:</b> -0.5827757<br>
        ]]>                
        
            </description>
            <styleUrl>#479</styleUrl>
            <Point id="477">
                <coordinates>-70.9516753,-34.4746834,0.0</coordinates>
            </Point>
        </Placemark>
        <Placemark id="483">
            <name>20260106_135129.jpg</name>
            <description>
                
        
<![CDATA[
        <b>File:</b> 20260106_135129.jpg<br>
        <b>Site:</b> Santa Ines<br>
        <b>Camera:</b> Ground (Celular)<br>
        <b>Coordinates:</b> -34.474696, -70.951649<br>
        <b>UMAP X:</b> 1.1318727<br>
        <b>UMAP Y:</b> 0.39313486<br>
        ]]>                
        
            </description>
            <styleUrl>#484</styleUrl>
            <Point id="482">
                <coordinates>-70.95164909972223,-34.474696199722224,0.0</coordinates>
            </Point>
        </Placemark>
        <Placemark id="488">
            <name>20260106_135137.jpg</name>
            <description>
                
        
<![CDATA[
        <b>File:</b> 20260106_135137.jpg<br>
        <b>Site:</b> Santa Ines<br>
        <b>Camera:</b> Ground (Celular)<br>
        <b>Coordinates:</b> -34.474698, -70.951609<br>
        <b>UMAP X:</b> 1.5846518<br>
        <b>UMAP Y:</b> -0.64692<br>
        ]]>                
        
            </description>
            <styleUrl>#489</styleUrl>
            <Point id="487">
                <coordinates>-70.95160939972223,-34.4746983,0.0</coordinates>
            </Point>
        </Placemark>
        <Placemark id="493">
            <name>20260106_135139.jpg</name>
            <description>
                
        
<![CDATA[
        <b>File:</b> 20260106_135139.jpg<br>
        <b>Site:</b> Santa Ines<br>
        <b>Camera:</b> Ground (Celular)<br>
        <b>Coordinates:</b> -34.474700, -70.951605<br>
        <b>UMAP X:</b> 0.9415769<br>
        <b>UMAP Y:</b> -0.3275686<br>
        ]]>                
        
            </description>
            <styleUrl>#494</styleUrl>
            <Point id="492">
                <coordinates>-70.95160529972223,-34.474699899722225,0.0</coordinates>
            </Point>
        </Placemark>
        <Placemark id="498">
            <name>20260106_135142.jpg</name>
            <description>
                
        
<![CDATA[
        <b>File:</b> 20260106_135142.jpg<br>
        <b>Site:</b> Santa Ines<br>
        <b>Camera:</b> Ground (Celular)<br>
        <b>Coordinates:</b> -34.474705, -70.951588<br>
        <b>UMAP X:</b> 1.8161333<br>
        <b>UMAP Y:</b> -0.57801366<br>
        ]]>                
        
            </description>
            <styleUrl>#499</styleUrl>
            <Point id="497">
                <coordinates>-70.95158809972223,-34.474705399722225,0.0</coordinates>
            </Point>
        </Placemark>
        <Placemark id="503">
            <name>20260106_135144.jpg</name>
            <description>
                
        
<![CDATA[
        <b>File:</b> 20260106_135144.jpg<br>
        <b>Site:</b> Santa Ines<br>
        <b>Camera:</b> Ground (Celular)<br>
        <b>Coordinates:</b> -34.474707, -70.951580<br>
        <b>UMAP X:</b> 2.4506247<br>
        <b>UMAP Y:</b> -0.61308664<br>
        ]]>                
        
            </description>
            <styleUrl>#504</styleUrl>
            <Point id="502">
                <coordinates>-70.9515796,-34.4747071,0.0</coordinates>
            </Point>
        </Placemark>
        <Placemark id="508">
            <name>20260106_135145.jpg</name>
            <description>
                
        
<![CDATA[
        <b>File:</b> 20260106_135145.jpg<br>
        <b>Site:</b> Santa Ines<br>
        <b>Camera:</b> Ground (Celular)<br>
        <b>Coordinates:</b> -34.474707, -70.951575<br>
        <b>UMAP X:</b> 1.271784<br>
        <b>UMAP Y:</b> 0.18246768<br>
        ]]>                
        
            </description>
            <styleUrl>#509</styleUrl>
            <Point id="507">
                <coordinates>-70.9515748,-34.474707199722225,0.0</coordinates>
            </Point>
        </Placemark>
        <Placemark id="513">
            <name>20260106_135148.jpg</name>
            <description>
                
        
<![CDATA[
        <b>File:</b> 20260106_135148.jpg<br>
        <b>Site:</b> Santa Ines<br>
        <b>Camera:</b> Ground (Celular)<br>
        <b>Coordinates:</b> -34.474717, -70.951562<br>
        <b>UMAP X:</b> 1.539644<br>
        <b>UMAP Y:</b> 0.42971322<br>
        ]]>                
        
            </description>
            <styleUrl>#514</styleUrl>
            <Point id="512">
                <coordinates>-70.9515623,-34.474717499722225,0.0</coordinates>
            </Point>
        </Placemark>
        <Placemark id="518">
            <name>20260106_135151.jpg</name>
            <description>
                
        
<![CDATA[
        <b>File:</b> 20260106_135151.jpg<br>
        <b>Site:</b> Santa Ines<br>
        <b>Camera:</b> Ground (Celular)<br>
        <b>Coordinates:</b> -34.474719, -70.951558<br>
        <b>UMAP X:</b> 0.95564723<br>
        <b>UMAP Y:</b> -0.29048535<br>
        ]]>                
        
            </description>
            <styleUrl>#519</styleUrl>
            <Point id="517">
                <coordinates>-70.95155769972223,-34.47471889972223,0.0</coordinates>
            </Point>
        </Placemark>
        <Placemark id="523">
            <name>20260106_135152.jpg</name>
            <description>
                
        
<![CDATA[
        <b>File:</b> 20260106_135152.jpg<br>
        <b>Site:</b> Santa Ines<br>
        <b>Camera:</b> Ground (Celular)<br>
        <b>Coordinates:</b> -34.474720, -70.951554<br>
        <b>UMAP X:</b> 1.7805244<br>
        <b>UMAP Y:</b> -0.5292836<br>
        ]]>                
        
            </description>
            <styleUrl>#524</styleUrl>
            <Point id="522">
                <coordinates>-70.9515544,-34.4747198,0.0</coordinates>
            </Point>
        </Placemark>
        <Placemark id="528">
            <name>20260106_135154.jpg</name>
            <description>
                
        
<![CDATA[
        <b>File:</b> 20260106_135154.jpg<br>
        <b>Site:</b> Santa Ines<br>
        <b>Camera:</b> Ground (Celular)<br>
        <b>Coordinates:</b> -34.474720, -70.951554<br>
        <b>UMAP X:</b> 1.9252498<br>
        <b>UMAP Y:</b> 0.23536605<br>
        ]]>                
        
            </description>
            <styleUrl>#529</styleUrl>
            <Point id="527">
                <coordinates>-70.9515544,-34.4747198,0.0</coordinates>
            </Point>
        </Placemark>
        <Placemark id="533">
            <name>20260106_135156.jpg</name>
            <description>
                
        
<![CDATA[
        <b>File:</b> 20260106_135156.jpg<br>
        <b>Site:</b> Santa Ines<br>
        <b>Camera:</b> Ground (Celular)<br>
        <b>Coordinates:</b> -34.474718, -70.951542<br>
        <b>UMAP X:</b> 0.9518054<br>
        <b>UMAP Y:</b> 0.059203662<br>
        ]]>                
        
            </description>
            <styleUrl>#534</styleUrl>
            <Point id="532">
                <coordinates>-70.9515415,-34.474718,0.0</coordinates>
            </Point>
        </Placemark>
        <Placemark id="538">
            <name>20260106_135158.jpg</name>
            <description>
                
        
<![CDATA[
        <b>File:</b> 20260106_135158.jpg<br>
        <b>Site:</b> Santa Ines<br>
        <b>Camera:</b> Ground (Celular)<br>
        <b>Coordinates:</b> -34.474718, -70.951542<br>
        <b>UMAP X:</b> 0.9917609<br>
        <b>UMAP Y:</b> 0.12222259<br>
        ]]>                
        
            </description>
            <styleUrl>#539</styleUrl>
            <Point id="537">
                <coordinates>-70.9515415,-34.4747179,0.0</coordinates>
            </Point>
        </Placemark>
        <Placemark id="543">
            <name>20260106_135201.jpg</name>
            <description>
                
        
<![CDATA[
        <b>File:</b> 20260106_135201.jpg<br>
        <b>Site:</b> Santa Ines<br>
        <b>Camera:</b> Ground (Celular)<br>
        <b>Coordinates:</b> -34.474718, -70.951542<br>
        <b>UMAP X:</b> 1.6784636<br>
        <b>UMAP Y:</b> -0.5049409<br>
        ]]>                
        
            </description>
            <styleUrl>#544</styleUrl>
            <Point id="542">
                <coordinates>-70.9515415,-34.4747179,0.0</coordinates>
            </Point>
        </Placemark>
        <Placemark id="548">
            <name>20260108_070245.jpg</name>
            <description>
                
        
<![CDATA[
        <b>File:</b> 20260108_070245.jpg<br>
        <b>Site:</b> Santa Ines<br>
        <b>Camera:</b> Ground (Celular)<br>
        <b>Coordinates:</b> -34.473954, -70.952968<br>
        <b>UMAP X:</b> 8.41892<br>
        <b>UMAP Y:</b> 12.010605<br>
        ]]>                
        
            </description>
            <styleUrl>#549</styleUrl>
            <Point id="547">
                <coordinates>-70.95296759972223,-34.473953799722224,0.0</coordinates>
            </Point>
        </Placemark>
        <Placemark id="553">
            <name>20260108_070253.jpg</name>
            <description>
                
        
<![CDATA[
        <b>File:</b> 20260108_070253.jpg<br>
        <b>Site:</b> Santa Ines<br>
        <b>Camera:</b> Ground (Celular)<br>
        <b>Coordinates:</b> -34.473954, -70.952968<br>
        <b>UMAP X:</b> 7.9602304<br>
        <b>UMAP Y:</b> 12.03532<br>
        ]]>                
        
            </description>
            <styleUrl>#554</styleUrl>
            <Point id="552">
                <coordinates>-70.95296759972223,-34.473953799722224,0.0</coordinates>
            </Point>
        </Placemark>
        <Placemark id="558">
            <name>20260108_070259.jpg</name>
            <description>
                
        
<![CDATA[
        <b>File:</b> 20260108_070259.jpg<br>
        <b>Site:</b> Santa Ines<br>
        <b>Camera:</b> Ground (Celular)<br>
        <b>Coordinates:</b> -34.473954, -70.952968<br>
        <b>UMAP X:</b> 8.720054<br>
        <b>UMAP Y:</b> 13.352334<br>
        ]]>                
        
            </description>
            <styleUrl>#559</styleUrl>
            <Point id="557">
                <coordinates>-70.95296759972223,-34.473953799722224,0.0</coordinates>
            </Point>
        </Placemark>
        <Placemark id="563">
            <name>20260108_070304.jpg</name>
            <description>
                
        
<![CDATA[
        <b>File:</b> 20260108_070304.jpg<br>
        <b>Site:</b> Santa Ines<br>
        <b>Camera:</b> Ground (Celular)<br>
        <b>Coordinates:</b> -34.473954, -70.952968<br>
        <b>UMAP X:</b> 7.6946464<br>
        <b>UMAP Y:</b> 10.33068<br>
        ]]>                
        
            </description>
            <styleUrl>#564</styleUrl>
            <Point id="562">
                <coordinates>-70.95296759972223,-34.473953799722224,0.0</coordinates>
            </Point>
        </Placemark>
        <Placemark id="568">
            <name>20260108_070306.jpg</name>
            <description>
                
        
<![CDATA[
        <b>File:</b> 20260108_070306.jpg<br>
        <b>Site:</b> Santa Ines<br>
        <b>Camera:</b> Ground (Celular)<br>
        <b>Coordinates:</b> -34.473954, -70.952968<br>
        <b>UMAP X:</b> 9.2897625<br>
        <b>UMAP Y:</b> 8.953915<br>
        ]]>                
        
            </description>
            <styleUrl>#569</styleUrl>
            <Point id="567">
                <coordinates>-70.95296759972223,-34.473953799722224,0.0</coordinates>
            </Point>
        </Placemark>
        <Placemark id="573">
            <name>20260108_070312.jpg</name>
            <description>
                
        
<![CDATA[
        <b>File:</b> 20260108_070312.jpg<br>
        <b>Site:</b> Santa Ines<br>
        <b>Camera:</b> Ground (Celular)<br>
        <b>Coordinates:</b> -34.473954, -70.952968<br>
        <b>UMAP X:</b> 7.990104<br>
        <b>UMAP Y:</b> 9.52914<br>
        ]]>                
        
            </description>
            <styleUrl>#574</styleUrl>
            <Point id="572">
                <coordinates>-70.95296759972223,-34.473953799722224,0.0</coordinates>
            </Point>
        </Placemark>
        <Placemark id="578">
            <name>20260108_070313.jpg</name>
            <description>
                
        
<![CDATA[
        <b>File:</b> 20260108_070313.jpg<br>
        <b>Site:</b> Santa Ines<br>
        <b>Camera:</b> Ground (Celular)<br>
        <b>Coordinates:</b> -34.473954, -70.952968<br>
        <b>UMAP X:</b> 8.662353<br>
        <b>UMAP Y:</b> 12.423137<br>
        ]]>                
        
            </description>
            <styleUrl>#579</styleUrl>
            <Point id="577">
                <coordinates>-70.95296759972223,-34.473953799722224,0.0</coordinates>
            </Point>
        </Placemark>
        <Placemark id="583">
            <name>20260108_070316.jpg</name>
            <description>
                
        
<![CDATA[
        <b>File:</b> 20260108_070316.jpg<br>
        <b>Site:</b> Santa Ines<br>
        <b>Camera:</b> Ground (Celular)<br>
        <b>Coordinates:</b> -34.473954, -70.952968<br>
        <b>UMAP X:</b> 7.6989317<br>
        <b>UMAP Y:</b> 12.538705<br>
        ]]>                
        
            </description>
            <styleUrl>#584</styleUrl>
            <Point id="582">
                <coordinates>-70.95296759972223,-34.473953799722224,0.0</coordinates>
            </Point>
        </Placemark>
        <Placemark id="588">
            <name>20260108_070321.jpg</name>
            <description>
                
        
<![CDATA[
        <b>File:</b> 20260108_070321.jpg<br>
        <b>Site:</b> Santa Ines<br>
        <b>Camera:</b> Ground (Celular)<br>
        <b>Coordinates:</b> -34.473954, -70.952968<br>
        <b>UMAP X:</b> 7.6863456<br>
        <b>UMAP Y:</b> 10.247168<br>
        ]]>                
        
            </description>
            <styleUrl>#589</styleUrl>
            <Point id="587">
                <coordinates>-70.95296759972223,-34.473953799722224,0.0</coordinates>
            </Point>
        </Placemark>
        <Placemark id="593">
            <name>20260108_070323.jpg</name>
            <description>
                
        
<![CDATA[
        <b>File:</b> 20260108_070323.jpg<br>
        <b>Site:</b> Santa Ines<br>
        <b>Camera:</b> Ground (Celular)<br>
        <b>Coordinates:</b> -34.473970, -70.952906<br>
        <b>UMAP X:</b> 8.576678<br>
        <b>UMAP Y:</b> 12.485785<br>
        ]]>                
        
            </description>
            <styleUrl>#594</styleUrl>
            <Point id="592">
                <coordinates>-70.95290629972223,-34.473969699722225,0.0</coordinates>
            </Point>
        </Placemark>
        <Placemark id="598">
            <name>20260108_070329.jpg</name>
            <description>
                
        
<![CDATA[
        <b>File:</b> 20260108_070329.jpg<br>
        <b>Site:</b> Santa Ines<br>
        <b>Camera:</b> Ground (Celular)<br>
        <b>Coordinates:</b> -34.473971, -70.952902<br>
        <b>UMAP X:</b> 8.121664<br>
        <b>UMAP Y:</b> 13.444566<br>
        ]]>                
        
            </description>
            <styleUrl>#599</styleUrl>
            <Point id="597">
                <coordinates>-70.95290239972222,-34.4739706,0.0</coordinates>
            </Point>
        </Placemark>
        <Placemark id="603">
            <name>20260108_070332.jpg</name>
            <description>
                
        
<![CDATA[
        <b>File:</b> 20260108_070332.jpg<br>
        <b>Site:</b> Santa Ines<br>
        <b>Camera:</b> Ground (Celular)<br>
        <b>Coordinates:</b> -34.473971, -70.952902<br>
        <b>UMAP X:</b> 8.182046<br>
        <b>UMAP Y:</b> 12.9190445<br>
        ]]>                
        
            </description>
            <styleUrl>#604</styleUrl>
            <Point id="602">
                <coordinates>-70.95290239972222,-34.4739706,0.0</coordinates>
            </Point>
        </Placemark>
        <Placemark id="608">
            <name>20260108_070336.jpg</name>
            <description>
                
        
<![CDATA[
        <b>File:</b> 20260108_070336.jpg<br>
        <b>Site:</b> Santa Ines<br>
        <b>Camera:</b> Ground (Celular)<br>
        <b>Coordinates:</b> -34.473971, -70.952902<br>
        <b>UMAP X:</b> 7.939594<br>
        <b>UMAP Y:</b> 12.931381<br>
        ]]>                
        
            </description>
            <styleUrl>#609</styleUrl>
            <Point id="607">
                <coordinates>-70.95290239972222,-34.4739706,0.0</coordinates>
            </Point>
        </Placemark>
        <Placemark id="613">
            <name>20260108_070338.jpg</name>
            <description>
                
        
<![CDATA[
        <b>File:</b> 20260108_070338.jpg<br>
        <b>Site:</b> Santa Ines<br>
        <b>Camera:</b> Ground (Celular)<br>
        <b>Coordinates:</b> -34.473971, -70.952902<br>
        <b>UMAP X:</b> 7.9540563<br>
        <b>UMAP Y:</b> 13.061164<br>
        ]]>                
        
            </description>
            <styleUrl>#614</styleUrl>
            <Point id="612">
                <coordinates>-70.95290239972222,-34.4739706,0.0</coordinates>
            </Point>
        </Placemark>
        <Placemark id="618">
            <name>20260108_070339.jpg</name>
            <description>
                
        
<![CDATA[
        <b>File:</b> 20260108_070339.jpg<br>
        <b>Site:</b> Santa Ines<br>
        <b>Camera:</b> Ground (Celular)<br>
        <b>Coordinates:</b> -34.473971, -70.952902<br>
        <b>UMAP X:</b> 9.478389<br>
        <b>UMAP Y:</b> 13.926057<br>
        ]]>                
        
            </description>
            <styleUrl>#619</styleUrl>
            <Point id="617">
                <coordinates>-70.95290239972222,-34.4739706,0.0</coordinates>
            </Point>
        </Placemark>
        <Placemark id="623">
            <name>20260108_070341.jpg</name>
            <description>
                
        
<![CDATA[
        <b>File:</b> 20260108_070341.jpg<br>
        <b>Site:</b> Santa Ines<br>
        <b>Camera:</b> Ground (Celular)<br>
        <b>Coordinates:</b> -34.473971, -70.952902<br>
        <b>UMAP X:</b> 8.360343<br>
        <b>UMAP Y:</b> 13.617889<br>
        ]]>                
        
            </description>
            <styleUrl>#624</styleUrl>
            <Point id="622">
                <coordinates>-70.95290239972222,-34.4739706,0.0</coordinates>
            </Point>
        </Placemark>
        <Placemark id="628">
            <name>20260108_070343.jpg</name>
            <description>
                
        
<![CDATA[
        <b>File:</b> 20260108_070343.jpg<br>
        <b>Site:</b> Santa Ines<br>
        <b>Camera:</b> Ground (Celular)<br>
        <b>Coordinates:</b> -34.473971, -70.952902<br>
        <b>UMAP X:</b> 8.644116<br>
        <b>UMAP Y:</b> 13.545556<br>
        ]]>                
        
            </description>
            <styleUrl>#629</styleUrl>
            <Point id="627">
                <coordinates>-70.95290239972222,-34.4739706,0.0</coordinates>
            </Point>
        </Placemark>
        <Placemark id="633">
            <name>20260108_070347.jpg</name>
            <description>
                
        
<![CDATA[
        <b>File:</b> 20260108_070347.jpg<br>
        <b>Site:</b> Santa Ines<br>
        <b>Camera:</b> Ground (Celular)<br>
        <b>Coordinates:</b> -34.473971, -70.952902<br>
        <b>UMAP X:</b> 8.211605<br>
        <b>UMAP Y:</b> 12.813819<br>
        ]]>                
        
            </description>
            <styleUrl>#634</styleUrl>
            <Point id="632">
                <coordinates>-70.95290239972222,-34.4739706,0.0</coordinates>
            </Point>
        </Placemark>
        <Placemark id="638">
            <name>20260108_070349.jpg</name>
            <description>
                
        
<![CDATA[
        <b>File:</b> 20260108_070349.jpg<br>
        <b>Site:</b> Santa Ines<br>
        <b>Camera:</b> Ground (Celular)<br>
        <b>Coordinates:</b> -34.473971, -70.952902<br>
        <b>UMAP X:</b> 7.982335<br>
        <b>UMAP Y:</b> 13.848122<br>
        ]]>                
        
            </description>
            <styleUrl>#639</styleUrl>
            <Point id="637">
                <coordinates>-70.95290239972222,-34.4739706,0.0</coordinates>
            </Point>
        </Placemark>
        <Placemark id="643">
            <name>20260108_070352.jpg</name>
            <description>
                
        
<![CDATA[
        <b>File:</b> 20260108_070352.jpg<br>
        <b>Site:</b> Santa Ines<br>
        <b>Camera:</b> Ground (Celular)<br>
        <b>Coordinates:</b> -34.473971, -70.952902<br>
        <b>UMAP X:</b> 7.844143<br>
        <b>UMAP Y:</b> 13.211201<br>
        ]]>                
        
            </description>
            <styleUrl>#644</styleUrl>
            <Point id="642">
                <coordinates>-70.95290239972222,-34.4739706,0.0</coordinates>
            </Point>
        </Placemark>
        <Placemark id="648">
            <name>20260108_070401.jpg</name>
            <description>
                
        
<![CDATA[
        <b>File:</b> 20260108_070401.jpg<br>
        <b>Site:</b> Santa Ines<br>
        <b>Camera:</b> Ground (Celular)<br>
        <b>Coordinates:</b> -34.473971, -70.952902<br>
        <b>UMAP X:</b> 9.750649<br>
        <b>UMAP Y:</b> 13.8611<br>
        ]]>                
        
            </description>
            <styleUrl>#649</styleUrl>
            <Point id="647">
                <coordinates>-70.95290239972222,-34.4739706,0.0</coordinates>
            </Point>
        </Placemark>
        <Placemark id="653">
            <name>20260108_070402.jpg</name>
            <description>
                
        
<![CDATA[
        <b>File:</b> 20260108_070402.jpg<br>
        <b>Site:</b> Santa Ines<br>
        <b>Camera:</b> Ground (Celular)<br>
        <b>Coordinates:</b> -34.473971, -70.952902<br>
        <b>UMAP X:</b> 8.176198<br>
        <b>UMAP Y:</b> 12.605321<br>
        ]]>                
        
            </description>
            <styleUrl>#654</styleUrl>
            <Point id="652">
                <coordinates>-70.95290239972222,-34.4739706,0.0</coordinates>
            </Point>
        </Placemark>
        <Placemark id="658">
            <name>20260108_070404.jpg</name>
            <description>
                
        
<![CDATA[
        <b>File:</b> 20260108_070404.jpg<br>
        <b>Site:</b> Santa Ines<br>
        <b>Camera:</b> Ground (Celular)<br>
        <b>Coordinates:</b> -34.473971, -70.952902<br>
        <b>UMAP X:</b> 8.517927<br>
        <b>UMAP Y:</b> 13.64696<br>
        ]]>                
        
            </description>
            <styleUrl>#659</styleUrl>
            <Point id="657">
                <coordinates>-70.95290239972222,-34.4739706,0.0</coordinates>
            </Point>
        </Placemark>
        <Placemark id="663">
            <name>20260108_070406.jpg</name>
            <description>
                
        
<![CDATA[
        <b>File:</b> 20260108_070406.jpg<br>
        <b>Site:</b> Santa Ines<br>
        <b>Camera:</b> Ground (Celular)<br>
        <b>Coordinates:</b> -34.473971, -70.952902<br>
        <b>UMAP X:</b> 7.993878<br>
        <b>UMAP Y:</b> 13.707665<br>
        ]]>                
        
            </description>
            <styleUrl>#664</styleUrl>
            <Point id="662">
                <coordinates>-70.95290239972222,-34.4739706,0.0</coordinates>
            </Point>
        </Placemark>
        <Placemark id="668">
            <name>20260108_070414.jpg</name>
            <description>
                
        
<![CDATA[
        <b>File:</b> 20260108_070414.jpg<br>
        <b>Site:</b> Santa Ines<br>
        <b>Camera:</b> Ground (Celular)<br>
        <b>Coordinates:</b> -34.474018, -70.952845<br>
        <b>UMAP X:</b> 8.653945<br>
        <b>UMAP Y:</b> 13.380133<br>
        ]]>                
        
            </description>
            <styleUrl>#669</styleUrl>
            <Point id="667">
                <coordinates>-70.9528453,-34.47401789972223,0.0</coordinates>
            </Point>
        </Placemark>
        <Placemark id="673">
            <name>20260108_070416.jpg</name>
            <description>
                
        
<![CDATA[
        <b>File:</b> 20260108_070416.jpg<br>
        <b>Site:</b> Santa Ines<br>
        <b>Camera:</b> Ground (Celular)<br>
        <b>Coordinates:</b> -34.474018, -70.952845<br>
        <b>UMAP X:</b> 7.885788<br>
        <b>UMAP Y:</b> 13.129986<br>
        ]]>                
        
            </description>
            <styleUrl>#674</styleUrl>
            <Point id="672">
                <coordinates>-70.9528453,-34.47401789972223,0.0</coordinates>
            </Point>
        </Placemark>
        <Placemark id="678">
            <name>20260108_070420.jpg</name>
            <description>
                
        
<![CDATA[
        <b>File:</b> 20260108_070420.jpg<br>
        <b>Site:</b> Santa Ines<br>
        <b>Camera:</b> Ground (Celular)<br>
        <b>Coordinates:</b> -34.474018, -70.952845<br>
        <b>UMAP X:</b> 7.7832255<br>
        <b>UMAP Y:</b> 12.656342<br>
        ]]>                
        
            </description>
            <styleUrl>#679</styleUrl>
            <Point id="677">
                <coordinates>-70.9528453,-34.47401789972223,0.0</coordinates>
            </Point>
        </Placemark>
        <Placemark id="683">
            <name>20260108_070422.jpg</name>
            <description>
                
        
<![CDATA[
        <b>File:</b> 20260108_070422.jpg<br>
        <b>Site:</b> Santa Ines<br>
        <b>Camera:</b> Ground (Celular)<br>
        <b>Coordinates:</b> -34.474018, -70.952845<br>
        <b>UMAP X:</b> 7.9627337<br>
        <b>UMAP Y:</b> 13.359286<br>
        ]]>                
        
            </description>
            <styleUrl>#684</styleUrl>
            <Point id="682">
                <coordinates>-70.9528453,-34.47401789972223,0.0</coordinates>
            </Point>
        </Placemark>
        <Placemark id="688">
            <name>20260108_070431.jpg</name>
            <description>
                
        
<![CDATA[
        <b>File:</b> 20260108_070431.jpg<br>
        <b>Site:</b> Santa Ines<br>
        <b>Camera:</b> Ground (Celular)<br>
        <b>Coordinates:</b> -34.474018, -70.952845<br>
        <b>UMAP X:</b> 7.9851823<br>
        <b>UMAP Y:</b> 12.3894415<br>
        ]]>                
        
            </description>
            <styleUrl>#689</styleUrl>
            <Point id="687">
                <coordinates>-70.9528453,-34.47401789972223,0.0</coordinates>
            </Point>
        </Placemark>
        <Placemark id="693">
            <name>20260108_070437.jpg</name>
            <description>
                
        
<![CDATA[
        <b>File:</b> 20260108_070437.jpg<br>
        <b>Site:</b> Santa Ines<br>
        <b>Camera:</b> Ground (Celular)<br>
        <b>Coordinates:</b> -34.474018, -70.952845<br>
        <b>UMAP X:</b> 10.659319<br>
        <b>UMAP Y:</b> 12.541671<br>
        ]]>                
        
            </description>
            <styleUrl>#694</styleUrl>
            <Point id="692">
                <coordinates>-70.9528453,-34.47401789972223,0.0</coordinates>
            </Point>
        </Placemark>
        <Placemark id="698">
            <name>20260108_070439.jpg</name>
            <description>
                
        
<![CDATA[
        <b>File:</b> 20260108_070439.jpg<br>
        <b>Site:</b> Santa Ines<br>
        <b>Camera:</b> Ground (Celular)<br>
        <b>Coordinates:</b> -34.474018, -70.952845<br>
        <b>UMAP X:</b> 8.411962<br>
        <b>UMAP Y:</b> 13.735997<br>
        ]]>                
        
            </description>
            <styleUrl>#699</styleUrl>
            <Point id="697">
                <coordinates>-70.9528453,-34.47401789972223,0.0</coordinates>
            </Point>
        </Placemark>
        <Placemark id="703">
            <name>20260108_070443.jpg</name>
            <description>
                
        
<![CDATA[
        <b>File:</b> 20260108_070443.jpg<br>
        <b>Site:</b> Santa Ines<br>
        <b>Camera:</b> Ground (Celular)<br>
        <b>Coordinates:</b> -34.474018, -70.952845<br>
        <b>UMAP X:</b> 8.346054<br>
        <b>UMAP Y:</b> 13.762418<br>
        ]]>                
        
            </description>
            <styleUrl>#704</styleUrl>
            <Point id="702">
                <coordinates>-70.9528453,-34.47401789972223,0.0</coordinates>
            </Point>
        </Placemark>
        <Placemark id="708">
            <name>20260108_070446.jpg</name>
            <description>
                
        
<![CDATA[
        <b>File:</b> 20260108_070446.jpg<br>
        <b>Site:</b> Santa Ines<br>
        <b>Camera:</b> Ground (Celular)<br>
        <b>Coordinates:</b> -34.474018, -70.952845<br>
        <b>UMAP X:</b> 8.014072<br>
        <b>UMAP Y:</b> 13.785388<br>
        ]]>                
        
            </description>
            <styleUrl>#709</styleUrl>
            <Point id="707">
                <coordinates>-70.9528453,-34.47401789972223,0.0</coordinates>
            </Point>
        </Placemark>
        <Placemark id="713">
            <name>20260108_070453.jpg</name>
            <description>
                
        
<![CDATA[
        <b>File:</b> 20260108_070453.jpg<br>
        <b>Site:</b> Santa Ines<br>
        <b>Camera:</b> Ground (Celular)<br>
        <b>Coordinates:</b> -34.474018, -70.952845<br>
        <b>UMAP X:</b> 8.20799<br>
        <b>UMAP Y:</b> 13.748538<br>
        ]]>                
        
            </description>
            <styleUrl>#714</styleUrl>
            <Point id="712">
                <coordinates>-70.9528453,-34.47401789972223,0.0</coordinates>
            </Point>
        </Placemark>
        <Placemark id="718">
            <name>20260108_070503.jpg</name>
            <description>
                
        
<![CDATA[
        <b>File:</b> 20260108_070503.jpg<br>
        <b>Site:</b> Santa Ines<br>
        <b>Camera:</b> Ground (Celular)<br>
        <b>Coordinates:</b> -34.474026, -70.952726<br>
        <b>UMAP X:</b> 8.122356<br>
        <b>UMAP Y:</b> 12.991305<br>
        ]]>                
        
            </description>
            <styleUrl>#719</styleUrl>
            <Point id="717">
                <coordinates>-70.9527262,-34.4740259,0.0</coordinates>
            </Point>
        </Placemark>
        <Placemark id="723">
            <name>20260108_070514.jpg</name>
            <description>
                
        
<![CDATA[
        <b>File:</b> 20260108_070514.jpg<br>
        <b>Site:</b> Santa Ines<br>
        <b>Camera:</b> Ground (Celular)<br>
        <b>Coordinates:</b> -34.474026, -70.952726<br>
        <b>UMAP X:</b> 8.81737<br>
        <b>UMAP Y:</b> 13.460783<br>
        ]]>                
        
            </description>
            <styleUrl>#724</styleUrl>
            <Point id="722">
                <coordinates>-70.9527262,-34.4740259,0.0</coordinates>
            </Point>
        </Placemark>
        <Placemark id="728">
            <name>20260108_070516.jpg</name>
            <description>
                
        
<![CDATA[
        <b>File:</b> 20260108_070516.jpg<br>
        <b>Site:</b> Santa Ines<br>
        <b>Camera:</b> Ground (Celular)<br>
        <b>Coordinates:</b> -34.474026, -70.952726<br>
        <b>UMAP X:</b> 9.294516<br>
        <b>UMAP Y:</b> 13.688231<br>
        ]]>                
        
            </description>
            <styleUrl>#729</styleUrl>
            <Point id="727">
                <coordinates>-70.9527262,-34.4740259,0.0</coordinates>
            </Point>
        </Placemark>
        <Placemark id="733">
            <name>20260108_070519.jpg</name>
            <description>
                
        
<![CDATA[
        <b>File:</b> 20260108_070519.jpg<br>
        <b>Site:</b> Santa Ines<br>
        <b>Camera:</b> Ground (Celular)<br>
        <b>Coordinates:</b> -34.474026, -70.952726<br>
        <b>UMAP X:</b> 8.903399<br>
        <b>UMAP Y:</b> 13.488845<br>
        ]]>                
        
            </description>
            <styleUrl>#734</styleUrl>
            <Point id="732">
                <coordinates>-70.9527262,-34.4740259,0.0</coordinates>
            </Point>
        </Placemark>
        <Placemark id="738">
            <name>20260108_070522.jpg</name>
            <description>
                
        
<![CDATA[
        <b>File:</b> 20260108_070522.jpg<br>
        <b>Site:</b> Santa Ines<br>
        <b>Camera:</b> Ground (Celular)<br>
        <b>Coordinates:</b> -34.474026, -70.952726<br>
        <b>UMAP X:</b> 9.534322<br>
        <b>UMAP Y:</b> 13.93884<br>
        ]]>                
        
            </description>
            <styleUrl>#739</styleUrl>
            <Point id="737">
                <coordinates>-70.9527262,-34.4740259,0.0</coordinates>
            </Point>
        </Placemark>
        <Placemark id="743">
            <name>20260108_070526.jpg</name>
            <description>
                
        
<![CDATA[
        <b>File:</b> 20260108_070526.jpg<br>
        <b>Site:</b> Santa Ines<br>
        <b>Camera:</b> Ground (Celular)<br>
        <b>Coordinates:</b> -34.474026, -70.952726<br>
        <b>UMAP X:</b> 7.849349<br>
        <b>UMAP Y:</b> 12.990088<br>
        ]]>                
        
            </description>
            <styleUrl>#744</styleUrl>
            <Point id="742">
                <coordinates>-70.9527262,-34.4740259,0.0</coordinates>
            </Point>
        </Placemark>
        <Placemark id="748">
            <name>20260108_070528.jpg</name>
            <description>
                
        
<![CDATA[
        <b>File:</b> 20260108_070528.jpg<br>
        <b>Site:</b> Santa Ines<br>
        <b>Camera:</b> Ground (Celular)<br>
        <b>Coordinates:</b> -34.474026, -70.952726<br>
        <b>UMAP X:</b> 8.696026<br>
        <b>UMAP Y:</b> 12.918773<br>
        ]]>                
        
            </description>
            <styleUrl>#749</styleUrl>
            <Point id="747">
                <coordinates>-70.9527262,-34.4740259,0.0</coordinates>
            </Point>
        </Placemark>
        <Placemark id="753">
            <name>20260108_070532.jpg</name>
            <description>
                
        
<![CDATA[
        <b>File:</b> 20260108_070532.jpg<br>
        <b>Site:</b> Santa Ines<br>
        <b>Camera:</b> Ground (Celular)<br>
        <b>Coordinates:</b> -34.474026, -70.952726<br>
        <b>UMAP X:</b> 7.9676185<br>
        <b>UMAP Y:</b> 13.667922<br>
        ]]>                
        
            </description>
            <styleUrl>#754</styleUrl>
            <Point id="752">
                <coordinates>-70.9527262,-34.4740259,0.0</coordinates>
            </Point>
        </Placemark>
        <Placemark id="758">
            <name>20260108_070534.jpg</name>
            <description>
                
        
<![CDATA[
        <b>File:</b> 20260108_070534.jpg<br>
        <b>Site:</b> Santa Ines<br>
        <b>Camera:</b> Ground (Celular)<br>
        <b>Coordinates:</b> -34.474026, -70.952726<br>
        <b>UMAP X:</b> 7.9153347<br>
        <b>UMAP Y:</b> 13.768905<br>
        ]]>                
        
            </description>
            <styleUrl>#759</styleUrl>
            <Point id="757">
                <coordinates>-70.9527262,-34.4740259,0.0</coordinates>
            </Point>
        </Placemark>
        <Placemark id="763">
            <name>20260108_070536.jpg</name>
            <description>
                
        
<![CDATA[
        <b>File:</b> 20260108_070536.jpg<br>
        <b>Site:</b> Santa Ines<br>
        <b>Camera:</b> Ground (Celular)<br>
        <b>Coordinates:</b> -34.474026, -70.952726<br>
        <b>UMAP X:</b> 9.589438<br>
        <b>UMAP Y:</b> 13.910348<br>
        ]]>                
        
            </description>
            <styleUrl>#764</styleUrl>
            <Point id="762">
                <coordinates>-70.9527262,-34.4740259,0.0</coordinates>
            </Point>
        </Placemark>
        <Placemark id="768">
            <name>20260108_070541.jpg</name>
            <description>
                
        
<![CDATA[
        <b>File:</b> 20260108_070541.jpg<br>
        <b>Site:</b> Santa Ines<br>
        <b>Camera:</b> Ground (Celular)<br>
        <b>Coordinates:</b> -34.474026, -70.952726<br>
        <b>UMAP X:</b> 7.9129076<br>
        <b>UMAP Y:</b> 13.594642<br>
        ]]>                
        
            </description>
            <styleUrl>#769</styleUrl>
            <Point id="767">
                <coordinates>-70.9527262,-34.4740259,0.0</coordinates>
            </Point>
        </Placemark>
        <Placemark id="773">
            <name>20260108_070542.jpg</name>
            <description>
                
        
<![CDATA[
        <b>File:</b> 20260108_070542.jpg<br>
        <b>Site:</b> Santa Ines<br>
        <b>Camera:</b> Ground (Celular)<br>
        <b>Coordinates:</b> -34.474026, -70.952726<br>
        <b>UMAP X:</b> 7.7923346<br>
        <b>UMAP Y:</b> 12.246482<br>
        ]]>                
        
            </description>
            <styleUrl>#774</styleUrl>
            <Point id="772">
                <coordinates>-70.9527262,-34.4740259,0.0</coordinates>
            </Point>
        </Placemark>
        <Placemark id="778">
            <name>20260108_070544.jpg</name>
            <description>
                
        
<![CDATA[
        <b>File:</b> 20260108_070544.jpg<br>
        <b>Site:</b> Santa Ines<br>
        <b>Camera:</b> Ground (Celular)<br>
        <b>Coordinates:</b> -34.474026, -70.952726<br>
        <b>UMAP X:</b> 7.9352283<br>
        <b>UMAP Y:</b> 13.633152<br>
        ]]>                
        
            </description>
            <styleUrl>#779</styleUrl>
            <Point id="777">
                <coordinates>-70.9527262,-34.4740259,0.0</coordinates>
            </Point>
        </Placemark>
        <Placemark id="783">
            <name>20260108_070556.jpg</name>
            <description>
                
        
<![CDATA[
        <b>File:</b> 20260108_070556.jpg<br>
        <b>Site:</b> Santa Ines<br>
        <b>Camera:</b> Ground (Celular)<br>
        <b>Coordinates:</b> -34.474026, -70.952726<br>
        <b>UMAP X:</b> 8.241606<br>
        <b>UMAP Y:</b> 13.499849<br>
        ]]>                
        
            </description>
            <styleUrl>#784</styleUrl>
            <Point id="782">
                <coordinates>-70.9527262,-34.4740259,0.0</coordinates>
            </Point>
        </Placemark>
        <Placemark id="788">
            <name>20260108_070601.jpg</name>
            <description>
                
        
<![CDATA[
        <b>File:</b> 20260108_070601.jpg<br>
        <b>Site:</b> Santa Ines<br>
        <b>Camera:</b> Ground (Celular)<br>
        <b>Coordinates:</b> -34.474099, -70.952469<br>
        <b>UMAP X:</b> 12.302004<br>
        <b>UMAP Y:</b> 7.500228<br>
        ]]>                
        
            </description>
            <styleUrl>#789</styleUrl>
            <Point id="787">
                <coordinates>-70.9524686,-34.47409869972223,0.0</coordinates>
            </Point>
        </Placemark>
        <Placemark id="793">
            <name>20260108_070603.jpg</name>
            <description>
                
        
<![CDATA[
        <b>File:</b> 20260108_070603.jpg<br>
        <b>Site:</b> Santa Ines<br>
        <b>Camera:</b> Ground (Celular)<br>
        <b>Coordinates:</b> -34.474099, -70.952469<br>
        <b>UMAP X:</b> 8.329829<br>
        <b>UMAP Y:</b> 12.759719<br>
        ]]>                
        
            </description>
            <styleUrl>#794</styleUrl>
            <Point id="792">
                <coordinates>-70.9524686,-34.47409869972223,0.0</coordinates>
            </Point>
        </Placemark>
        <Placemark id="798">
            <name>20260108_070606.jpg</name>
            <description>
                
        
<![CDATA[
        <b>File:</b> 20260108_070606.jpg<br>
        <b>Site:</b> Santa Ines<br>
        <b>Camera:</b> Ground (Celular)<br>
        <b>Coordinates:</b> -34.474099, -70.952469<br>
        <b>UMAP X:</b> 7.998729<br>
        <b>UMAP Y:</b> 13.716999<br>
        ]]>                
        
            </description>
            <styleUrl>#799</styleUrl>
            <Point id="797">
                <coordinates>-70.9524686,-34.47409869972223,0.0</coordinates>
            </Point>
        </Placemark>
        <Placemark id="803">
            <name>20260108_070609.jpg</name>
            <description>
                
        
<![CDATA[
        <b>File:</b> 20260108_070609.jpg<br>
        <b>Site:</b> Santa Ines<br>
        <b>Camera:</b> Ground (Celular)<br>
        <b>Coordinates:</b> -34.474099, -70.952469<br>
        <b>UMAP X:</b> 9.4891405<br>
        <b>UMAP Y:</b> 13.867185<br>
        ]]>                
        
            </description>
            <styleUrl>#804</styleUrl>
            <Point id="802">
                <coordinates>-70.9524686,-34.47409869972223,0.0</coordinates>
            </Point>
        </Placemark>
        <Placemark id="808">
            <name>20260108_070614.jpg</name>
            <description>
                
        
<![CDATA[
        <b>File:</b> 20260108_070614.jpg<br>
        <b>Site:</b> Santa Ines<br>
        <b>Camera:</b> Ground (Celular)<br>
        <b>Coordinates:</b> -34.474099, -70.952469<br>
        <b>UMAP X:</b> 8.495634<br>
        <b>UMAP Y:</b> 12.862102<br>
        ]]>                
        
            </description>
            <styleUrl>#809</styleUrl>
            <Point id="807">
                <coordinates>-70.9524686,-34.47409869972223,0.0</coordinates>
            </Point>
        </Placemark>
        <Placemark id="813">
            <name>20260108_070618.jpg</name>
            <description>
                
        
<![CDATA[
        <b>File:</b> 20260108_070618.jpg<br>
        <b>Site:</b> Santa Ines<br>
        <b>Camera:</b> Ground (Celular)<br>
        <b>Coordinates:</b> -34.474099, -70.952469<br>
        <b>UMAP X:</b> 8.470362<br>
        <b>UMAP Y:</b> 13.301999<br>
        ]]>                
        
            </description>
            <styleUrl>#814</styleUrl>
            <Point id="812">
                <coordinates>-70.9524686,-34.47409869972223,0.0</coordinates>
            </Point>
        </Placemark>
        <Placemark id="818">
            <name>20260108_070622.jpg</name>
            <description>
                
        
<![CDATA[
        <b>File:</b> 20260108_070622.jpg<br>
        <b>Site:</b> Santa Ines<br>
        <b>Camera:</b> Ground (Celular)<br>
        <b>Coordinates:</b> -34.474099, -70.952469<br>
        <b>UMAP X:</b> 11.988735<br>
        <b>UMAP Y:</b> 8.174531<br>
        ]]>                
        
            </description>
            <styleUrl>#819</styleUrl>
            <Point id="817">
                <coordinates>-70.9524686,-34.47409869972223,0.0</coordinates>
            </Point>
        </Placemark>
        <Placemark id="823">
            <name>20260108_070624.jpg</name>
            <description>
                
        
<![CDATA[
        <b>File:</b> 20260108_070624.jpg<br>
        <b>Site:</b> Santa Ines<br>
        <b>Camera:</b> Ground (Celular)<br>
        <b>Coordinates:</b> -34.474099, -70.952469<br>
        <b>UMAP X:</b> 10.030916<br>
        <b>UMAP Y:</b> 13.471536<br>
        ]]>                
        
            </description>
            <styleUrl>#824</styleUrl>
            <Point id="822">
                <coordinates>-70.9524686,-34.47409869972223,0.0</coordinates>
            </Point>
        </Placemark>
        <Placemark id="828">
            <name>20260108_070630.jpg</name>
            <description>
                
        
<![CDATA[
        <b>File:</b> 20260108_070630.jpg<br>
        <b>Site:</b> Santa Ines<br>
        <b>Camera:</b> Ground (Celular)<br>
        <b>Coordinates:</b> -34.474099, -70.952469<br>
        <b>UMAP X:</b> 10.056797<br>
        <b>UMAP Y:</b> 12.058445<br>
        ]]>                
        
            </description>
            <styleUrl>#829</styleUrl>
            <Point id="827">
                <coordinates>-70.9524686,-34.47409869972223,0.0</coordinates>
            </Point>
        </Placemark>
        <Placemark id="833">
            <name>20260108_070633.jpg</name>
            <description>
                
        
<![CDATA[
        <b>File:</b> 20260108_070633.jpg<br>
        <b>Site:</b> Santa Ines<br>
        <b>Camera:</b> Ground (Celular)<br>
        <b>Coordinates:</b> -34.474099, -70.952469<br>
        <b>UMAP X:</b> 10.45597<br>
        <b>UMAP Y:</b> 13.111786<br>
        ]]>                
        
            </description>
            <styleUrl>#834</styleUrl>
            <Point id="832">
                <coordinates>-70.9524686,-34.47409869972223,0.0</coordinates>
            </Point>
        </Placemark>
        <Placemark id="838">
            <name>20260108_070637.jpg</name>
            <description>
                
        
<![CDATA[
        <b>File:</b> 20260108_070637.jpg<br>
        <b>Site:</b> Santa Ines<br>
        <b>Camera:</b> Ground (Celular)<br>
        <b>Coordinates:</b> -34.474099, -70.952469<br>
        <b>UMAP X:</b> 9.427268<br>
        <b>UMAP Y:</b> 12.308777<br>
        ]]>                
        
            </description>
            <styleUrl>#839</styleUrl>
            <Point id="837">
                <coordinates>-70.9524686,-34.47409869972223,0.0</coordinates>
            </Point>
        </Placemark>
        <Placemark id="843">
            <name>20260108_070641.jpg</name>
            <description>
                
        
<![CDATA[
        <b>File:</b> 20260108_070641.jpg<br>
        <b>Site:</b> Santa Ines<br>
        <b>Camera:</b> Ground (Celular)<br>
        <b>Coordinates:</b> -34.474099, -70.952469<br>
        <b>UMAP X:</b> 9.825497<br>
        <b>UMAP Y:</b> 12.623321<br>
        ]]>                
        
            </description>
            <styleUrl>#844</styleUrl>
            <Point id="842">
                <coordinates>-70.9524686,-34.47409869972223,0.0</coordinates>
            </Point>
        </Placemark>
        <Placemark id="848">
            <name>20260108_070643.jpg</name>
            <description>
                
        
<![CDATA[
        <b>File:</b> 20260108_070643.jpg<br>
        <b>Site:</b> Santa Ines<br>
        <b>Camera:</b> Ground (Celular)<br>
        <b>Coordinates:</b> -34.474121, -70.952329<br>
        <b>UMAP X:</b> 9.195293<br>
        <b>UMAP Y:</b> 13.084587<br>
        ]]>                
        
            </description>
            <styleUrl>#849</styleUrl>
            <Point id="847">
                <coordinates>-70.9523286,-34.474121099722225,0.0</coordinates>
            </Point>
        </Placemark>
        <Placemark id="853">
            <name>20260108_070648.jpg</name>
            <description>
                
        
<![CDATA[
        <b>File:</b> 20260108_070648.jpg<br>
        <b>Site:</b> Santa Ines<br>
        <b>Camera:</b> Ground (Celular)<br>
        <b>Coordinates:</b> -34.474130, -70.952324<br>
        <b>UMAP X:</b> 9.202513<br>
        <b>UMAP Y:</b> 13.557066<br>
        ]]>                
        
            </description>
            <styleUrl>#854</styleUrl>
            <Point id="852">
                <coordinates>-70.95232439972223,-34.474129699722226,0.0</coordinates>
            </Point>
        </Placemark>
        <Placemark id="858">
            <name>20260108_070653.jpg</name>
            <description>
                
        
<![CDATA[
        <b>File:</b> 20260108_070653.jpg<br>
        <b>Site:</b> Santa Ines<br>
        <b>Camera:</b> Ground (Celular)<br>
        <b>Coordinates:</b> -34.474130, -70.952324<br>
        <b>UMAP X:</b> 9.963872<br>
        <b>UMAP Y:</b> 12.705459<br>
        ]]>                
        
            </description>
            <styleUrl>#859</styleUrl>
            <Point id="857">
                <coordinates>-70.95232439972223,-34.474129699722226,0.0</coordinates>
            </Point>
        </Placemark>
        <Placemark id="863">
            <name>20260108_070658.jpg</name>
            <description>
                
        
<![CDATA[
        <b>File:</b> 20260108_070658.jpg<br>
        <b>Site:</b> Santa Ines<br>
        <b>Camera:</b> Ground (Celular)<br>
        <b>Coordinates:</b> -34.474130, -70.952324<br>
        <b>UMAP X:</b> 9.680398<br>
        <b>UMAP Y:</b> 13.550549<br>
        ]]>                
        
            </description>
            <styleUrl>#864</styleUrl>
            <Point id="862">
                <coordinates>-70.95232439972223,-34.474129699722226,0.0</coordinates>
            </Point>
        </Placemark>
        <Placemark id="868">
            <name>20260108_070701.jpg</name>
            <description>
                
        
<![CDATA[
        <b>File:</b> 20260108_070701.jpg<br>
        <b>Site:</b> Santa Ines<br>
        <b>Camera:</b> Ground (Celular)<br>
        <b>Coordinates:</b> -34.474130, -70.952324<br>
        <b>UMAP X:</b> 10.084978<br>
        <b>UMAP Y:</b> 12.37781<br>
        ]]>                
        
            </description>
            <styleUrl>#869</styleUrl>
            <Point id="867">
                <coordinates>-70.95232439972223,-34.474129699722226,0.0</coordinates>
            </Point>
        </Placemark>
        <Placemark id="873">
            <name>20260108_070704.jpg</name>
            <description>
                
        
<![CDATA[
        <b>File:</b> 20260108_070704.jpg<br>
        <b>Site:</b> Santa Ines<br>
        <b>Camera:</b> Ground (Celular)<br>
        <b>Coordinates:</b> -34.474130, -70.952324<br>
        <b>UMAP X:</b> 10.640655<br>
        <b>UMAP Y:</b> 12.95734<br>
        ]]>                
        
            </description>
            <styleUrl>#874</styleUrl>
            <Point id="872">
                <coordinates>-70.95232439972223,-34.474129699722226,0.0</coordinates>
            </Point>
        </Placemark>
        <Placemark id="878">
            <name>20260108_070706.jpg</name>
            <description>
                
        
<![CDATA[
        <b>File:</b> 20260108_070706.jpg<br>
        <b>Site:</b> Santa Ines<br>
        <b>Camera:</b> Ground (Celular)<br>
        <b>Coordinates:</b> -34.474130, -70.952324<br>
        <b>UMAP X:</b> 9.857571<br>
        <b>UMAP Y:</b> 13.21536<br>
        ]]>                
        
            </description>
            <styleUrl>#879</styleUrl>
            <Point id="877">
                <coordinates>-70.95232439972223,-34.474129699722226,0.0</coordinates>
            </Point>
        </Placemark>
        <Placemark id="883">
            <name>20260108_070708.jpg</name>
            <description>
                
        
<![CDATA[
        <b>File:</b> 20260108_070708.jpg<br>
        <b>Site:</b> Santa Ines<br>
        <b>Camera:</b> Ground (Celular)<br>
        <b>Coordinates:</b> -34.474130, -70.952324<br>
        <b>UMAP X:</b> 9.153625<br>
        <b>UMAP Y:</b> 13.188826<br>
        ]]>                
        
            </description>
            <styleUrl>#884</styleUrl>
            <Point id="882">
                <coordinates>-70.95232439972223,-34.474129699722226,0.0</coordinates>
            </Point>
        </Placemark>
        <Placemark id="888">
            <name>20260108_070712.jpg</name>
            <description>
                
        
<![CDATA[
        <b>File:</b> 20260108_070712.jpg<br>
        <b>Site:</b> Santa Ines<br>
        <b>Camera:</b> Ground (Celular)<br>
        <b>Coordinates:</b> -34.474130, -70.952324<br>
        <b>UMAP X:</b> 9.701887<br>
        <b>UMAP Y:</b> 13.520066<br>
        ]]>                
        
            </description>
            <styleUrl>#889</styleUrl>
            <Point id="887">
                <coordinates>-70.95232439972223,-34.474129699722226,0.0</coordinates>
            </Point>
        </Placemark>
        <Placemark id="893">
            <name>20260108_070716.jpg</name>
            <description>
                
        
<![CDATA[
        <b>File:</b> 20260108_070716.jpg<br>
        <b>Site:</b> Santa Ines<br>
        <b>Camera:</b> Ground (Celular)<br>
        <b>Coordinates:</b> -34.474130, -70.952324<br>
        <b>UMAP X:</b> 9.190009<br>
        <b>UMAP Y:</b> 12.919566<br>
        ]]>                
        
            </description>
            <styleUrl>#894</styleUrl>
            <Point id="892">
                <coordinates>-70.95232439972223,-34.474129699722226,0.0</coordinates>
            </Point>
        </Placemark>
        <Placemark id="898">
            <name>20260108_070722.jpg</name>
            <description>
                
        
<![CDATA[
        <b>File:</b> 20260108_070722.jpg<br>
        <b>Site:</b> Santa Ines<br>
        <b>Camera:</b> Ground (Celular)<br>
        <b>Coordinates:</b> -34.474130, -70.952324<br>
        <b>UMAP X:</b> 9.198912<br>
        <b>UMAP Y:</b> 13.500654<br>
        ]]>                
        
            </description>
            <styleUrl>#899</styleUrl>
            <Point id="897">
                <coordinates>-70.95232439972223,-34.474129699722226,0.0</coordinates>
            </Point>
        </Placemark>
        <Placemark id="903">
            <name>20260108_070730.jpg</name>
            <description>
                
        
<![CDATA[
        <b>File:</b> 20260108_070730.jpg<br>
        <b>Site:</b> Santa Ines<br>
        <b>Camera:</b> Ground (Celular)<br>
        <b>Coordinates:</b> -34.474130, -70.952324<br>
        <b>UMAP X:</b> 9.343626<br>
        <b>UMAP Y:</b> 13.247925<br>
        ]]>                
        
            </description>
            <styleUrl>#904</styleUrl>
            <Point id="902">
                <coordinates>-70.95232439972223,-34.474129699722226,0.0</coordinates>
            </Point>
        </Placemark>
        <Placemark id="908">
            <name>20260108_070731.jpg</name>
            <description>
                
        
<![CDATA[
        <b>File:</b> 20260108_070731.jpg<br>
        <b>Site:</b> Santa Ines<br>
        <b>Camera:</b> Ground (Celular)<br>
        <b>Coordinates:</b> -34.474130, -70.952324<br>
        <b>UMAP X:</b> 10.544756<br>
        <b>UMAP Y:</b> 12.968851<br>
        ]]>                
        
            </description>
            <styleUrl>#909</styleUrl>
            <Point id="907">
                <coordinates>-70.95232439972223,-34.474129699722226,0.0</coordinates>
            </Point>
        </Placemark>
        <Placemark id="913">
            <name>20260108_070737.jpg</name>
            <description>
                
        
<![CDATA[
        <b>File:</b> 20260108_070737.jpg<br>
        <b>Site:</b> Santa Ines<br>
        <b>Camera:</b> Ground (Celular)<br>
        <b>Coordinates:</b> -34.474130, -70.952324<br>
        <b>UMAP X:</b> 9.542469<br>
        <b>UMAP Y:</b> 13.493764<br>
        ]]>                
        
            </description>
            <styleUrl>#914</styleUrl>
            <Point id="912">
                <coordinates>-70.95232439972223,-34.474129699722226,0.0</coordinates>
            </Point>
        </Placemark>
        <Placemark id="918">
            <name>20260108_070742.jpg</name>
            <description>
                
        
<![CDATA[
        <b>File:</b> 20260108_070742.jpg<br>
        <b>Site:</b> Santa Ines<br>
        <b>Camera:</b> Ground (Celular)<br>
        <b>Coordinates:</b> -34.474192, -70.952114<br>
        <b>UMAP X:</b> 9.622844<br>
        <b>UMAP Y:</b> 13.696438<br>
        ]]>                
        
            </description>
            <styleUrl>#919</styleUrl>
            <Point id="917">
                <coordinates>-70.95211369972222,-34.47419239972223,0.0</coordinates>
            </Point>
        </Placemark>
        <Placemark id="923">
            <name>20260108_070745.jpg</name>
            <description>
                
        
<![CDATA[
        <b>File:</b> 20260108_070745.jpg<br>
        <b>Site:</b> Santa Ines<br>
        <b>Camera:</b> Ground (Celular)<br>
        <b>Coordinates:</b> -34.474192, -70.952114<br>
        <b>UMAP X:</b> 9.781731<br>
        <b>UMAP Y:</b> 9.12632<br>
        ]]>                
        
            </description>
            <styleUrl>#924</styleUrl>
            <Point id="922">
                <coordinates>-70.95211369972222,-34.47419239972223,0.0</coordinates>
            </Point>
        </Placemark>
        <Placemark id="928">
            <name>20260108_070746.jpg</name>
            <description>
                
        
<![CDATA[
        <b>File:</b> 20260108_070746.jpg<br>
        <b>Site:</b> Santa Ines<br>
        <b>Camera:</b> Ground (Celular)<br>
        <b>Coordinates:</b> -34.474192, -70.952114<br>
        <b>UMAP X:</b> 8.835711<br>
        <b>UMAP Y:</b> 12.55166<br>
        ]]>                
        
            </description>
            <styleUrl>#929</styleUrl>
            <Point id="927">
                <coordinates>-70.95211369972222,-34.47419239972223,0.0</coordinates>
            </Point>
        </Placemark>
        <Placemark id="933">
            <name>20260108_070750.jpg</name>
            <description>
                
        
<![CDATA[
        <b>File:</b> 20260108_070750.jpg<br>
        <b>Site:</b> Santa Ines<br>
        <b>Camera:</b> Ground (Celular)<br>
        <b>Coordinates:</b> -34.474192, -70.952114<br>
        <b>UMAP X:</b> 10.620818<br>
        <b>UMAP Y:</b> 12.429758<br>
        ]]>                
        
            </description>
            <styleUrl>#934</styleUrl>
            <Point id="932">
                <coordinates>-70.95211369972222,-34.47419239972223,0.0</coordinates>
            </Point>
        </Placemark>
        <Placemark id="938">
            <name>20260108_070759.jpg</name>
            <description>
                
        
<![CDATA[
        <b>File:</b> 20260108_070759.jpg<br>
        <b>Site:</b> Santa Ines<br>
        <b>Camera:</b> Ground (Celular)<br>
        <b>Coordinates:</b> -34.474192, -70.952114<br>
        <b>UMAP X:</b> 9.233865<br>
        <b>UMAP Y:</b> 12.606168<br>
        ]]>                
        
            </description>
            <styleUrl>#939</styleUrl>
            <Point id="937">
                <coordinates>-70.95211369972222,-34.47419239972223,0.0</coordinates>
            </Point>
        </Placemark>
        <Placemark id="943">
            <name>20260108_070807.jpg</name>
            <description>
                
        
<![CDATA[
        <b>File:</b> 20260108_070807.jpg<br>
        <b>Site:</b> Santa Ines<br>
        <b>Camera:</b> Ground (Celular)<br>
        <b>Coordinates:</b> -34.474192, -70.952114<br>
        <b>UMAP X:</b> 9.098452<br>
        <b>UMAP Y:</b> 13.116361<br>
        ]]>                
        
            </description>
            <styleUrl>#944</styleUrl>
            <Point id="942">
                <coordinates>-70.95211369972222,-34.47419239972223,0.0</coordinates>
            </Point>
        </Placemark>
        <Placemark id="948">
            <name>20260108_070809.jpg</name>
            <description>
                
        
<![CDATA[
        <b>File:</b> 20260108_070809.jpg<br>
        <b>Site:</b> Santa Ines<br>
        <b>Camera:</b> Ground (Celular)<br>
        <b>Coordinates:</b> -34.474192, -70.952114<br>
        <b>UMAP X:</b> 9.682873<br>
        <b>UMAP Y:</b> 13.731993<br>
        ]]>                
        
            </description>
            <styleUrl>#949</styleUrl>
            <Point id="947">
                <coordinates>-70.95211369972222,-34.47419239972223,0.0</coordinates>
            </Point>
        </Placemark>
        <Placemark id="953">
            <name>20260108_070814.jpg</name>
            <description>
                
        
<![CDATA[
        <b>File:</b> 20260108_070814.jpg<br>
        <b>Site:</b> Santa Ines<br>
        <b>Camera:</b> Ground (Celular)<br>
        <b>Coordinates:</b> -34.474192, -70.952114<br>
        <b>UMAP X:</b> 10.428365<br>
        <b>UMAP Y:</b> 12.733683<br>
        ]]>                
        
            </description>
            <styleUrl>#954</styleUrl>
            <Point id="952">
                <coordinates>-70.95211369972222,-34.47419239972223,0.0</coordinates>
            </Point>
        </Placemark>
        <Placemark id="958">
            <name>20260108_070822.jpg</name>
            <description>
                
        
<![CDATA[
        <b>File:</b> 20260108_070822.jpg<br>
        <b>Site:</b> Santa Ines<br>
        <b>Camera:</b> Ground (Celular)<br>
        <b>Coordinates:</b> -34.474192, -70.952114<br>
        <b>UMAP X:</b> 9.604187<br>
        <b>UMAP Y:</b> 13.346781<br>
        ]]>                
        
            </description>
            <styleUrl>#959</styleUrl>
            <Point id="957">
                <coordinates>-70.95211369972222,-34.47419239972223,0.0</coordinates>
            </Point>
        </Placemark>
        <Placemark id="963">
            <name>20260108_070828.jpg</name>
            <description>
                
        
<![CDATA[
        <b>File:</b> 20260108_070828.jpg<br>
        <b>Site:</b> Santa Ines<br>
        <b>Camera:</b> Ground (Celular)<br>
        <b>Coordinates:</b> -34.474192, -70.952114<br>
        <b>UMAP X:</b> 9.682807<br>
        <b>UMAP Y:</b> 12.260927<br>
        ]]>                
        
            </description>
            <styleUrl>#964</styleUrl>
            <Point id="962">
                <coordinates>-70.95211369972222,-34.47419239972223,0.0</coordinates>
            </Point>
        </Placemark>
        <Placemark id="968">
            <name>20260108_070830.jpg</name>
            <description>
                
        
<![CDATA[
        <b>File:</b> 20260108_070830.jpg<br>
        <b>Site:</b> Santa Ines<br>
        <b>Camera:</b> Ground (Celular)<br>
        <b>Coordinates:</b> -34.474192, -70.952114<br>
        <b>UMAP X:</b> 9.249479<br>
        <b>UMAP Y:</b> 12.059412<br>
        ]]>                
        
            </description>
            <styleUrl>#969</styleUrl>
            <Point id="967">
                <coordinates>-70.95211369972222,-34.47419239972223,0.0</coordinates>
            </Point>
        </Placemark>
        <Placemark id="973">
            <name>20260108_070839.jpg</name>
            <description>
                
        
<![CDATA[
        <b>File:</b> 20260108_070839.jpg<br>
        <b>Site:</b> Santa Ines<br>
        <b>Camera:</b> Ground (Celular)<br>
        <b>Coordinates:</b> -34.474261, -70.951876<br>
        <b>UMAP X:</b> 9.87422<br>
        <b>UMAP Y:</b> 12.810684<br>
        ]]>                
        
            </description>
            <styleUrl>#974</styleUrl>
            <Point id="972">
                <coordinates>-70.9518762,-34.474260999722226,0.0</coordinates>
            </Point>
        </Placemark>
        <Placemark id="978">
            <name>20260108_070846.jpg</name>
            <description>
                
        
<![CDATA[
        <b>File:</b> 20260108_070846.jpg<br>
        <b>Site:</b> Santa Ines<br>
        <b>Camera:</b> Ground (Celular)<br>
        <b>Coordinates:</b> -34.474261, -70.951876<br>
        <b>UMAP X:</b> 7.862113<br>
        <b>UMAP Y:</b> 13.47038<br>
        ]]>                
        
            </description>
            <styleUrl>#979</styleUrl>
            <Point id="977">
                <coordinates>-70.9518762,-34.474260999722226,0.0</coordinates>
            </Point>
        </Placemark>
        <Placemark id="983">
            <name>20260108_070849.jpg</name>
            <description>
                
        
<![CDATA[
        <b>File:</b> 20260108_070849.jpg<br>
        <b>Site:</b> Santa Ines<br>
        <b>Camera:</b> Ground (Celular)<br>
        <b>Coordinates:</b> -34.474261, -70.951876<br>
        <b>UMAP X:</b> 8.229002<br>
        <b>UMAP Y:</b> 12.884293<br>
        ]]>                
        
            </description>
            <styleUrl>#984</styleUrl>
            <Point id="982">
                <coordinates>-70.9518762,-34.474260999722226,0.0</coordinates>
            </Point>
        </Placemark>
        <Placemark id="988">
            <name>20260108_070924.jpg</name>
            <description>
                
        
<![CDATA[
        <b>File:</b> 20260108_070924.jpg<br>
        <b>Site:</b> Santa Ines<br>
        <b>Camera:</b> Ground (Celular)<br>
        <b>Coordinates:</b> -34.474298, -70.951668<br>
        <b>UMAP X:</b> 9.378929<br>
        <b>UMAP Y:</b> 12.554841<br>
        ]]>                
        
            </description>
            <styleUrl>#989</styleUrl>
            <Point id="987">
                <coordinates>-70.95166759972223,-34.47429819972223,0.0</coordinates>
            </Point>
        </Placemark>
        <Placemark id="993">
            <name>20260108_070930.jpg</name>
            <description>
                
        
<![CDATA[
        <b>File:</b> 20260108_070930.jpg<br>
        <b>Site:</b> Santa Ines<br>
        <b>Camera:</b> Ground (Celular)<br>
        <b>Coordinates:</b> -34.474308, -70.951652<br>
        <b>UMAP X:</b> 9.636917<br>
        <b>UMAP Y:</b> 13.801858<br>
        ]]>                
        
            </description>
            <styleUrl>#994</styleUrl>
            <Point id="992">
                <coordinates>-70.9516516,-34.474307699722225,0.0</coordinates>
            </Point>
        </Placemark>
        <Placemark id="998">
            <name>20260108_070942.jpg</name>
            <description>
                
        
<![CDATA[
        <b>File:</b> 20260108_070942.jpg<br>
        <b>Site:</b> Santa Ines<br>
        <b>Camera:</b> Ground (Celular)<br>
        <b>Coordinates:</b> -34.474308, -70.951652<br>
        <b>UMAP X:</b> 10.513387<br>
        <b>UMAP Y:</b> 12.705915<br>
        ]]>                
        
            </description>
            <styleUrl>#999</styleUrl>
            <Point id="997">
                <coordinates>-70.9516516,-34.474307699722225,0.0</coordinates>
            </Point>
        </Placemark>
        <Placemark id="1003">
            <name>20260108_070944.jpg</name>
            <description>
                
        
<![CDATA[
        <b>File:</b> 20260108_070944.jpg<br>
        <b>Site:</b> Santa Ines<br>
        <b>Camera:</b> Ground (Celular)<br>
        <b>Coordinates:</b> -34.474308, -70.951652<br>
        <b>UMAP X:</b> 9.4996395<br>
        <b>UMAP Y:</b> 12.464284<br>
        ]]>                
        
            </description>
            <styleUrl>#1004</styleUrl>
            <Point id="1002">
                <coordinates>-70.9516516,-34.474307699722225,0.0</coordinates>
            </Point>
        </Placemark>
        <Placemark id="1008">
            <name>20260108_070948.jpg</name>
            <description>
                
        
<![CDATA[
        <b>File:</b> 20260108_070948.jpg<br>
        <b>Site:</b> Santa Ines<br>
        <b>Camera:</b> Ground (Celular)<br>
        <b>Coordinates:</b> -34.474308, -70.951652<br>
        <b>UMAP X:</b> 10.642912<br>
        <b>UMAP Y:</b> 12.837662<br>
        ]]>                
        
            </description>
            <styleUrl>#1009</styleUrl>
            <Point id="1007">
                <coordinates>-70.9516516,-34.474307699722225,0.0</coordinates>
            </Point>
        </Placemark>
        <Placemark id="1013">
            <name>20260108_071907.jpg</name>
            <description>
                
        
<![CDATA[
        <b>File:</b> 20260108_071907.jpg<br>
        <b>Site:</b> Santa Ines<br>
        <b>Camera:</b> Ground (Celular)<br>
        <b>Coordinates:</b> -34.474356, -70.951501<br>
        <b>UMAP X:</b> 10.493833<br>
        <b>UMAP Y:</b> 13.087719<br>
        ]]>                
        
            </description>
            <styleUrl>#1014</styleUrl>
            <Point id="1012">
                <coordinates>-70.9515013,-34.4743561,0.0</coordinates>
            </Point>
        </Placemark>
        <Placemark id="1018">
            <name>20260108_071910.jpg</name>
            <description>
                
        
<![CDATA[
        <b>File:</b> 20260108_071910.jpg<br>
        <b>Site:</b> Santa Ines<br>
        <b>Camera:</b> Ground (Celular)<br>
        <b>Coordinates:</b> -34.474360, -70.951502<br>
        <b>UMAP X:</b> 10.558124<br>
        <b>UMAP Y:</b> 13.00466<br>
        ]]>                
        
            </description>
            <styleUrl>#1019</styleUrl>
            <Point id="1017">
                <coordinates>-70.9515023,-34.4743598,0.0</coordinates>
            </Point>
        </Placemark>
        <Placemark id="1023">
            <name>20260108_071915.jpg</name>
            <description>
                
        
<![CDATA[
        <b>File:</b> 20260108_071915.jpg<br>
        <b>Site:</b> Santa Ines<br>
        <b>Camera:</b> Ground (Celular)<br>
        <b>Coordinates:</b> -34.474360, -70.951502<br>
        <b>UMAP X:</b> 9.324551<br>
        <b>UMAP Y:</b> 13.195402<br>
        ]]>                
        
            </description>
            <styleUrl>#1024</styleUrl>
            <Point id="1022">
                <coordinates>-70.9515023,-34.4743598,0.0</coordinates>
            </Point>
        </Placemark>
        <Placemark id="1028">
            <name>20260108_071922.jpg</name>
            <description>
                
        
<![CDATA[
        <b>File:</b> 20260108_071922.jpg<br>
        <b>Site:</b> Santa Ines<br>
        <b>Camera:</b> Ground (Celular)<br>
        <b>Coordinates:</b> -34.474360, -70.951502<br>
        <b>UMAP X:</b> 9.91744<br>
        <b>UMAP Y:</b> 13.327482<br>
        ]]>                
        
            </description>
            <styleUrl>#1029</styleUrl>
            <Point id="1027">
                <coordinates>-70.9515023,-34.4743598,0.0</coordinates>
            </Point>
        </Placemark>
        <Placemark id="1033">
            <name>20260108_071925.jpg</name>
            <description>
                
        
<![CDATA[
        <b>File:</b> 20260108_071925.jpg<br>
        <b>Site:</b> Santa Ines<br>
        <b>Camera:</b> Ground (Celular)<br>
        <b>Coordinates:</b> -34.474360, -70.951502<br>
        <b>UMAP X:</b> 10.243252<br>
        <b>UMAP Y:</b> 12.324468<br>
        ]]>                
        
            </description>
            <styleUrl>#1034</styleUrl>
            <Point id="1032">
                <coordinates>-70.9515023,-34.4743598,0.0</coordinates>
            </Point>
        </Placemark>
        <Placemark id="1038">
            <name>20260108_071927.jpg</name>
            <description>
                
        
<![CDATA[
        <b>File:</b> 20260108_071927.jpg<br>
        <b>Site:</b> Santa Ines<br>
        <b>Camera:</b> Ground (Celular)<br>
        <b>Coordinates:</b> -34.474360, -70.951502<br>
        <b>UMAP X:</b> 9.943811<br>
        <b>UMAP Y:</b> 12.837977<br>
        ]]>                
        
            </description>
            <styleUrl>#1039</styleUrl>
            <Point id="1037">
                <coordinates>-70.9515023,-34.4743598,0.0</coordinates>
            </Point>
        </Placemark>
        <Placemark id="1043">
            <name>20260108_071934.jpg</name>
            <description>
                
        
<![CDATA[
        <b>File:</b> 20260108_071934.jpg<br>
        <b>Site:</b> Santa Ines<br>
        <b>Camera:</b> Ground (Celular)<br>
        <b>Coordinates:</b> -34.474360, -70.951502<br>
        <b>UMAP X:</b> 9.638635<br>
        <b>UMAP Y:</b> 13.640916<br>
        ]]>                
        
            </description>
            <styleUrl>#1044</styleUrl>
            <Point id="1042">
                <coordinates>-70.9515023,-34.4743598,0.0</coordinates>
            </Point>
        </Placemark>
        <Placemark id="1048">
            <name>20260108_071937.jpg</name>
            <description>
                
        
<![CDATA[
        <b>File:</b> 20260108_071937.jpg<br>
        <b>Site:</b> Santa Ines<br>
        <b>Camera:</b> Ground (Celular)<br>
        <b>Coordinates:</b> -34.474360, -70.951502<br>
        <b>UMAP X:</b> 8.410499<br>
        <b>UMAP Y:</b> 12.626085<br>
        ]]>                
        
            </description>
            <styleUrl>#1049</styleUrl>
            <Point id="1047">
                <coordinates>-70.9515023,-34.4743598,0.0</coordinates>
            </Point>
        </Placemark>
        <Placemark id="1053">
            <name>20260108_071941.jpg</name>
            <description>
                
        
<![CDATA[
        <b>File:</b> 20260108_071941.jpg<br>
        <b>Site:</b> Santa Ines<br>
        <b>Camera:</b> Ground (Celular)<br>
        <b>Coordinates:</b> -34.474360, -70.951502<br>
        <b>UMAP X:</b> 8.761831<br>
        <b>UMAP Y:</b> 12.824523<br>
        ]]>                
        
            </description>
            <styleUrl>#1054</styleUrl>
            <Point id="1052">
                <coordinates>-70.9515023,-34.4743598,0.0</coordinates>
            </Point>
        </Placemark>
        <Placemark id="1058">
            <name>20260108_071958.jpg</name>
            <description>
                
        
<![CDATA[
        <b>File:</b> 20260108_071958.jpg<br>
        <b>Site:</b> Santa Ines<br>
        <b>Camera:</b> Ground (Celular)<br>
        <b>Coordinates:</b> -34.474360, -70.951502<br>
        <b>UMAP X:</b> 9.565006<br>
        <b>UMAP Y:</b> 12.583805<br>
        ]]>                
        
            </description>
            <styleUrl>#1059</styleUrl>
            <Point id="1057">
                <coordinates>-70.9515023,-34.4743598,0.0</coordinates>
            </Point>
        </Placemark>
        <Placemark id="1063">
            <name>20260108_072001.jpg</name>
            <description>
                
        
<![CDATA[
        <b>File:</b> 20260108_072001.jpg<br>
        <b>Site:</b> Santa Ines<br>
        <b>Camera:</b> Ground (Celular)<br>
        <b>Coordinates:</b> -34.474422, -70.951258<br>
        <b>UMAP X:</b> 10.077507<br>
        <b>UMAP Y:</b> 13.139019<br>
        ]]>                
        
            </description>
            <styleUrl>#1064</styleUrl>
            <Point id="1062">
                <coordinates>-70.95125819972222,-34.4744223,0.0</coordinates>
            </Point>
        </Placemark>
        <Placemark id="1068">
            <name>20260108_072010.jpg</name>
            <description>
                
        
<![CDATA[
        <b>File:</b> 20260108_072010.jpg<br>
        <b>Site:</b> Santa Ines<br>
        <b>Camera:</b> Ground (Celular)<br>
        <b>Coordinates:</b> -34.474425, -70.951257<br>
        <b>UMAP X:</b> 8.986688<br>
        <b>UMAP Y:</b> 12.581633<br>
        ]]>                
        
            </description>
            <styleUrl>#1069</styleUrl>
            <Point id="1067">
                <coordinates>-70.95125679972223,-34.4744247,0.0</coordinates>
            </Point>
        </Placemark>
        <Placemark id="1073">
            <name>20260108_072018.jpg</name>
            <description>
                
        
<![CDATA[
        <b>File:</b> 20260108_072018.jpg<br>
        <b>Site:</b> Santa Ines<br>
        <b>Camera:</b> Ground (Celular)<br>
        <b>Coordinates:</b> -34.474425, -70.951257<br>
        <b>UMAP X:</b> 10.129987<br>
        <b>UMAP Y:</b> 13.313139<br>
        ]]>                
        
            </description>
            <styleUrl>#1074</styleUrl>
            <Point id="1072">
                <coordinates>-70.95125679972223,-34.4744247,0.0</coordinates>
            </Point>
        </Placemark>
        <Placemark id="1078">
            <name>20260108_072029.jpg</name>
            <description>
                
        
<![CDATA[
        <b>File:</b> 20260108_072029.jpg<br>
        <b>Site:</b> Santa Ines<br>
        <b>Camera:</b> Ground (Celular)<br>
        <b>Coordinates:</b> -34.474425, -70.951257<br>
        <b>UMAP X:</b> 9.644107<br>
        <b>UMAP Y:</b> 13.764673<br>
        ]]>                
        
            </description>
            <styleUrl>#1079</styleUrl>
            <Point id="1077">
                <coordinates>-70.95125679972223,-34.4744247,0.0</coordinates>
            </Point>
        </Placemark>
        <Placemark id="1083">
            <name>20260108_072035.jpg</name>
            <description>
                
        
<![CDATA[
        <b>File:</b> 20260108_072035.jpg<br>
        <b>Site:</b> Santa Ines<br>
        <b>Camera:</b> Ground (Celular)<br>
        <b>Coordinates:</b> -34.474425, -70.951257<br>
        <b>UMAP X:</b> 9.31766<br>
        <b>UMAP Y:</b> 13.536604<br>
        ]]>                
        
            </description>
            <styleUrl>#1084</styleUrl>
            <Point id="1082">
                <coordinates>-70.95125679972223,-34.4744247,0.0</coordinates>
            </Point>
        </Placemark>
        <Placemark id="1088">
            <name>20260108_072041.jpg</name>
            <description>
                
        
<![CDATA[
        <b>File:</b> 20260108_072041.jpg<br>
        <b>Site:</b> Santa Ines<br>
        <b>Camera:</b> Ground (Celular)<br>
        <b>Coordinates:</b> -34.474425, -70.951257<br>
        <b>UMAP X:</b> 10.028782<br>
        <b>UMAP Y:</b> 12.691918<br>
        ]]>                
        
            </description>
            <styleUrl>#1089</styleUrl>
            <Point id="1087">
                <coordinates>-70.95125679972223,-34.4744247,0.0</coordinates>
            </Point>
        </Placemark>
        <Placemark id="1093">
            <name>20260108_072043.jpg</name>
            <description>
                
        
<![CDATA[
        <b>File:</b> 20260108_072043.jpg<br>
        <b>Site:</b> Santa Ines<br>
        <b>Camera:</b> Ground (Celular)<br>
        <b>Coordinates:</b> -34.474425, -70.951257<br>
        <b>UMAP X:</b> 9.56552<br>
        <b>UMAP Y:</b> 13.610071<br>
        ]]>                
        
            </description>
            <styleUrl>#1094</styleUrl>
            <Point id="1092">
                <coordinates>-70.95125679972223,-34.4744247,0.0</coordinates>
            </Point>
        </Placemark>
        <Placemark id="1098">
            <name>20260108_072048.jpg</name>
            <description>
                
        
<![CDATA[
        <b>File:</b> 20260108_072048.jpg<br>
        <b>Site:</b> Santa Ines<br>
        <b>Camera:</b> Ground (Celular)<br>
        <b>Coordinates:</b> -34.474488, -70.951044<br>
        <b>UMAP X:</b> 10.494602<br>
        <b>UMAP Y:</b> 12.559088<br>
        ]]>                
        
            </description>
            <styleUrl>#1099</styleUrl>
            <Point id="1097">
                <coordinates>-70.9510443,-34.474487799722226,0.0</coordinates>
            </Point>
        </Placemark>
        <Placemark id="1103">
            <name>20260108_072054.jpg</name>
            <description>
                
        
<![CDATA[
        <b>File:</b> 20260108_072054.jpg<br>
        <b>Site:</b> Santa Ines<br>
        <b>Camera:</b> Ground (Celular)<br>
        <b>Coordinates:</b> -34.474488, -70.951044<br>
        <b>UMAP X:</b> 9.50594<br>
        <b>UMAP Y:</b> 13.450366<br>
        ]]>                
        
            </description>
            <styleUrl>#1104</styleUrl>
            <Point id="1102">
                <coordinates>-70.9510443,-34.474487799722226,0.0</coordinates>
            </Point>
        </Placemark>
        <Placemark id="1108">
            <name>20260108_072056.jpg</name>
            <description>
                
        
<![CDATA[
        <b>File:</b> 20260108_072056.jpg<br>
        <b>Site:</b> Santa Ines<br>
        <b>Camera:</b> Ground (Celular)<br>
        <b>Coordinates:</b> -34.474488, -70.951044<br>
        <b>UMAP X:</b> 9.74556<br>
        <b>UMAP Y:</b> 12.505172<br>
        ]]>                
        
            </description>
            <styleUrl>#1109</styleUrl>
            <Point id="1107">
                <coordinates>-70.9510443,-34.474487799722226,0.0</coordinates>
            </Point>
        </Placemark>
        <Placemark id="1113">
            <name>20260108_072101.jpg</name>
            <description>
                
        
<![CDATA[
        <b>File:</b> 20260108_072101.jpg<br>
        <b>Site:</b> Santa Ines<br>
        <b>Camera:</b> Ground (Celular)<br>
        <b>Coordinates:</b> -34.474488, -70.951044<br>
        <b>UMAP X:</b> 10.49008<br>
        <b>UMAP Y:</b> 12.510543<br>
        ]]>                
        
            </description>
            <styleUrl>#1114</styleUrl>
            <Point id="1112">
                <coordinates>-70.9510443,-34.474487799722226,0.0</coordinates>
            </Point>
        </Placemark>
        <Placemark id="1118">
            <name>20260108_072105.jpg</name>
            <description>
                
        
<![CDATA[
        <b>File:</b> 20260108_072105.jpg<br>
        <b>Site:</b> Santa Ines<br>
        <b>Camera:</b> Ground (Celular)<br>
        <b>Coordinates:</b> -34.474488, -70.951044<br>
        <b>UMAP X:</b> 9.993037<br>
        <b>UMAP Y:</b> 13.283813<br>
        ]]>                
        
            </description>
            <styleUrl>#1119</styleUrl>
            <Point id="1117">
                <coordinates>-70.9510443,-34.474487799722226,0.0</coordinates>
            </Point>
        </Placemark>
        <Placemark id="1123">
            <name>20260108_072109.jpg</name>
            <description>
                
        
<![CDATA[
        <b>File:</b> 20260108_072109.jpg<br>
        <b>Site:</b> Santa Ines<br>
        <b>Camera:</b> Ground (Celular)<br>
        <b>Coordinates:</b> -34.474488, -70.951044<br>
        <b>UMAP X:</b> 10.59352<br>
        <b>UMAP Y:</b> 12.567433<br>
        ]]>                
        
            </description>
            <styleUrl>#1124</styleUrl>
            <Point id="1122">
                <coordinates>-70.9510443,-34.474487799722226,0.0</coordinates>
            </Point>
        </Placemark>
        <Placemark id="1128">
            <name>20260108_072117.jpg</name>
            <description>
                
        
<![CDATA[
        <b>File:</b> 20260108_072117.jpg<br>
        <b>Site:</b> Santa Ines<br>
        <b>Camera:</b> Ground (Celular)<br>
        <b>Coordinates:</b> -34.474488, -70.951044<br>
        <b>UMAP X:</b> 10.292513<br>
        <b>UMAP Y:</b> 12.040933<br>
        ]]>                
        
            </description>
            <styleUrl>#1129</styleUrl>
            <Point id="1127">
                <coordinates>-70.9510443,-34.474487799722226,0.0</coordinates>
            </Point>
        </Placemark>
        <Placemark id="1133">
            <name>20260108_072120.jpg</name>
            <description>
                
        
<![CDATA[
        <b>File:</b> 20260108_072120.jpg<br>
        <b>Site:</b> Santa Ines<br>
        <b>Camera:</b> Ground (Celular)<br>
        <b>Coordinates:</b> -34.474488, -70.951044<br>
        <b>UMAP X:</b> 10.411616<br>
        <b>UMAP Y:</b> 12.958385<br>
        ]]>                
        
            </description>
            <styleUrl>#1134</styleUrl>
            <Point id="1132">
                <coordinates>-70.9510443,-34.474487799722226,0.0</coordinates>
            </Point>
        </Placemark>
        <Placemark id="1138">
            <name>20260108_072124.jpg</name>
            <description>
                
        
<![CDATA[
        <b>File:</b> 20260108_072124.jpg<br>
        <b>Site:</b> Santa Ines<br>
        <b>Camera:</b> Ground (Celular)<br>
        <b>Coordinates:</b> -34.474488, -70.951044<br>
        <b>UMAP X:</b> 9.101247<br>
        <b>UMAP Y:</b> 12.35355<br>
        ]]>                
        
            </description>
            <styleUrl>#1139</styleUrl>
            <Point id="1137">
                <coordinates>-70.9510443,-34.474487799722226,0.0</coordinates>
            </Point>
        </Placemark>
        <Placemark id="1143">
            <name>20260108_072128.jpg</name>
            <description>
                
        
<![CDATA[
        <b>File:</b> 20260108_072128.jpg<br>
        <b>Site:</b> Santa Ines<br>
        <b>Camera:</b> Ground (Celular)<br>
        <b>Coordinates:</b> -34.474488, -70.951044<br>
        <b>UMAP X:</b> 10.278237<br>
        <b>UMAP Y:</b> 12.610507<br>
        ]]>                
        
            </description>
            <styleUrl>#1144</styleUrl>
            <Point id="1142">
                <coordinates>-70.9510443,-34.474487799722226,0.0</coordinates>
            </Point>
        </Placemark>
        <Placemark id="1148">
            <name>20260108_072133.jpg</name>
            <description>
                
        
<![CDATA[
        <b>File:</b> 20260108_072133.jpg<br>
        <b>Site:</b> Santa Ines<br>
        <b>Camera:</b> Ground (Celular)<br>
        <b>Coordinates:</b> -34.474488, -70.951044<br>
        <b>UMAP X:</b> 9.638573<br>
        <b>UMAP Y:</b> 12.983045<br>
        ]]>                
        
            </description>
            <styleUrl>#1149</styleUrl>
            <Point id="1147">
                <coordinates>-70.9510443,-34.474487799722226,0.0</coordinates>
            </Point>
        </Placemark>
        <Placemark id="1153">
            <name>20260108_072140.jpg</name>
            <description>
                
        
<![CDATA[
        <b>File:</b> 20260108_072140.jpg<br>
        <b>Site:</b> Santa Ines<br>
        <b>Camera:</b> Ground (Celular)<br>
        <b>Coordinates:</b> -34.474488, -70.951044<br>
        <b>UMAP X:</b> 9.003992<br>
        <b>UMAP Y:</b> 10.193183<br>
        ]]>                
        
            </description>
            <styleUrl>#1154</styleUrl>
            <Point id="1152">
                <coordinates>-70.9510443,-34.474487799722226,0.0</coordinates>
            </Point>
        </Placemark>
        <Placemark id="1158">
            <name>20260108_072144.jpg</name>
            <description>
                
        
<![CDATA[
        <b>File:</b> 20260108_072144.jpg<br>
        <b>Site:</b> Santa Ines<br>
        <b>Camera:</b> Ground (Celular)<br>
        <b>Coordinates:</b> -34.474488, -70.951044<br>
        <b>UMAP X:</b> 9.185687<br>
        <b>UMAP Y:</b> 13.114918<br>
        ]]>                
        
            </description>
            <styleUrl>#1159</styleUrl>
            <Point id="1157">
                <coordinates>-70.9510443,-34.474487799722226,0.0</coordinates>
            </Point>
        </Placemark>
        <Placemark id="1163">
            <name>20260108_072148.jpg</name>
            <description>
                
        
<![CDATA[
        <b>File:</b> 20260108_072148.jpg<br>
        <b>Site:</b> Santa Ines<br>
        <b>Camera:</b> Ground (Celular)<br>
        <b>Coordinates:</b> -34.474557, -70.950847<br>
        <b>UMAP X:</b> 9.085213<br>
        <b>UMAP Y:</b> 12.156612<br>
        ]]>                
        
            </description>
            <styleUrl>#1164</styleUrl>
            <Point id="1162">
                <coordinates>-70.95084669972222,-34.47455719972223,0.0</coordinates>
            </Point>
        </Placemark>
        <Placemark id="1168">
            <name>20260108_072152.jpg</name>
            <description>
                
        
<![CDATA[
        <b>File:</b> 20260108_072152.jpg<br>
        <b>Site:</b> Santa Ines<br>
        <b>Camera:</b> Ground (Celular)<br>
        <b>Coordinates:</b> -34.474554, -70.950846<br>
        <b>UMAP X:</b> 10.116946<br>
        <b>UMAP Y:</b> 12.774368<br>
        ]]>                
        
            </description>
            <styleUrl>#1169</styleUrl>
            <Point id="1167">
                <coordinates>-70.95084629972223,-34.4745544,0.0</coordinates>
            </Point>
        </Placemark>
        <Placemark id="1173">
            <name>20260108_072159.jpg</name>
            <description>
                
        
<![CDATA[
        <b>File:</b> 20260108_072159.jpg<br>
        <b>Site:</b> Santa Ines<br>
        <b>Camera:</b> Ground (Celular)<br>
        <b>Coordinates:</b> -34.474554, -70.950846<br>
        <b>UMAP X:</b> 9.498353<br>
        <b>UMAP Y:</b> 13.426695<br>
        ]]>                
        
            </description>
            <styleUrl>#1174</styleUrl>
            <Point id="1172">
                <coordinates>-70.95084629972223,-34.4745544,0.0</coordinates>
            </Point>
        </Placemark>
        <Placemark id="1178">
            <name>20260108_072202.jpg</name>
            <description>
                
        
<![CDATA[
        <b>File:</b> 20260108_072202.jpg<br>
        <b>Site:</b> Santa Ines<br>
        <b>Camera:</b> Ground (Celular)<br>
        <b>Coordinates:</b> -34.474554, -70.950846<br>
        <b>UMAP X:</b> 10.585628<br>
        <b>UMAP Y:</b> 11.998093<br>
        ]]>                
        
            </description>
            <styleUrl>#1179</styleUrl>
            <Point id="1177">
                <coordinates>-70.95084629972223,-34.4745544,0.0</coordinates>
            </Point>
        </Placemark>
        <Placemark id="1183">
            <name>20260108_072205.jpg</name>
            <description>
                
        
<![CDATA[
        <b>File:</b> 20260108_072205.jpg<br>
        <b>Site:</b> Santa Ines<br>
        <b>Camera:</b> Ground (Celular)<br>
        <b>Coordinates:</b> -34.474554, -70.950846<br>
        <b>UMAP X:</b> 8.534644<br>
        <b>UMAP Y:</b> 12.559361<br>
        ]]>                
        
            </description>
            <styleUrl>#1184</styleUrl>
            <Point id="1182">
                <coordinates>-70.95084629972223,-34.4745544,0.0</coordinates>
            </Point>
        </Placemark>
        <Placemark id="1188">
            <name>20260108_072210.jpg</name>
            <description>
                
        
<![CDATA[
        <b>File:</b> 20260108_072210.jpg<br>
        <b>Site:</b> Santa Ines<br>
        <b>Camera:</b> Ground (Celular)<br>
        <b>Coordinates:</b> -34.474554, -70.950846<br>
        <b>UMAP X:</b> 10.64014<br>
        <b>UMAP Y:</b> 11.419136<br>
        ]]>                
        
            </description>
            <styleUrl>#1189</styleUrl>
            <Point id="1187">
                <coordinates>-70.95084629972223,-34.4745544,0.0</coordinates>
            </Point>
        </Placemark>
        <Placemark id="1193">
            <name>20260108_072213.jpg</name>
            <description>
                
        
<![CDATA[
        <b>File:</b> 20260108_072213.jpg<br>
        <b>Site:</b> Santa Ines<br>
        <b>Camera:</b> Ground (Celular)<br>
        <b>Coordinates:</b> -34.474554, -70.950846<br>
        <b>UMAP X:</b> 9.607072<br>
        <b>UMAP Y:</b> 11.959277<br>
        ]]>                
        
            </description>
            <styleUrl>#1194</styleUrl>
            <Point id="1192">
                <coordinates>-70.95084629972223,-34.4745544,0.0</coordinates>
            </Point>
        </Placemark>
        <Placemark id="1198">
            <name>20260108_072217.jpg</name>
            <description>
                
        
<![CDATA[
        <b>File:</b> 20260108_072217.jpg<br>
        <b>Site:</b> Santa Ines<br>
        <b>Camera:</b> Ground (Celular)<br>
        <b>Coordinates:</b> -34.474554, -70.950846<br>
        <b>UMAP X:</b> 7.989391<br>
        <b>UMAP Y:</b> 11.822111<br>
        ]]>                
        
            </description>
            <styleUrl>#1199</styleUrl>
            <Point id="1197">
                <coordinates>-70.95084629972223,-34.4745544,0.0</coordinates>
            </Point>
        </Placemark>
        <Placemark id="1203">
            <name>20260108_072222.jpg</name>
            <description>
                
        
<![CDATA[
        <b>File:</b> 20260108_072222.jpg<br>
        <b>Site:</b> Santa Ines<br>
        <b>Camera:</b> Ground (Celular)<br>
        <b>Coordinates:</b> -34.474554, -70.950846<br>
        <b>UMAP X:</b> 11.380707<br>
        <b>UMAP Y:</b> 9.559596<br>
        ]]>                
        
            </description>
            <styleUrl>#1204</styleUrl>
            <Point id="1202">
                <coordinates>-70.95084629972223,-34.4745544,0.0</coordinates>
            </Point>
        </Placemark>
        <Placemark id="1208">
            <name>20260108_072228.jpg</name>
            <description>
                
        
<![CDATA[
        <b>File:</b> 20260108_072228.jpg<br>
        <b>Site:</b> Santa Ines<br>
        <b>Camera:</b> Ground (Celular)<br>
        <b>Coordinates:</b> -34.474554, -70.950846<br>
        <b>UMAP X:</b> 8.88221<br>
        <b>UMAP Y:</b> 9.774628<br>
        ]]>                
        
            </description>
            <styleUrl>#1209</styleUrl>
            <Point id="1207">
                <coordinates>-70.95084629972223,-34.4745544,0.0</coordinates>
            </Point>
        </Placemark>
        <Placemark id="1213">
            <name>20260108_072239.jpg</name>
            <description>
                
        
<![CDATA[
        <b>File:</b> 20260108_072239.jpg<br>
        <b>Site:</b> Santa Ines<br>
        <b>Camera:</b> Ground (Celular)<br>
        <b>Coordinates:</b> -34.474554, -70.950846<br>
        <b>UMAP X:</b> 9.904037<br>
        <b>UMAP Y:</b> 12.182856<br>
        ]]>                
        
            </description>
            <styleUrl>#1214</styleUrl>
            <Point id="1212">
                <coordinates>-70.95084629972223,-34.4745544,0.0</coordinates>
            </Point>
        </Placemark>
        <Placemark id="1218">
            <name>20260108_072241.jpg</name>
            <description>
                
        
<![CDATA[
        <b>File:</b> 20260108_072241.jpg<br>
        <b>Site:</b> Santa Ines<br>
        <b>Camera:</b> Ground (Celular)<br>
        <b>Coordinates:</b> -34.474554, -70.950846<br>
        <b>UMAP X:</b> 10.5845585<br>
        <b>UMAP Y:</b> 12.887648<br>
        ]]>                
        
            </description>
            <styleUrl>#1219</styleUrl>
            <Point id="1217">
                <coordinates>-70.95084629972223,-34.4745544,0.0</coordinates>
            </Point>
        </Placemark>
        <Placemark id="1223">
            <name>20260108_072247.jpg</name>
            <description>
                
        
<![CDATA[
        <b>File:</b> 20260108_072247.jpg<br>
        <b>Site:</b> Santa Ines<br>
        <b>Camera:</b> Ground (Celular)<br>
        <b>Coordinates:</b> -34.474605, -70.950651<br>
        <b>UMAP X:</b> 8.389108<br>
        <b>UMAP Y:</b> 12.336839<br>
        ]]>                
        
            </description>
            <styleUrl>#1224</styleUrl>
            <Point id="1222">
                <coordinates>-70.95065089972222,-34.4746047,0.0</coordinates>
            </Point>
        </Placemark>
        <Placemark id="1228">
            <name>20260108_072251.jpg</name>
            <description>
                
        
<![CDATA[
        <b>File:</b> 20260108_072251.jpg<br>
        <b>Site:</b> Santa Ines<br>
        <b>Camera:</b> Ground (Celular)<br>
        <b>Coordinates:</b> -34.474609, -70.950643<br>
        <b>UMAP X:</b> 9.325886<br>
        <b>UMAP Y:</b> 13.15146<br>
        ]]>                
        
            </description>
            <styleUrl>#1229</styleUrl>
            <Point id="1227">
                <coordinates>-70.9506432,-34.474609299722225,0.0</coordinates>
            </Point>
        </Placemark>
        <Placemark id="1233">
            <name>20260108_072259.jpg</name>
            <description>
                
        
<![CDATA[
        <b>File:</b> 20260108_072259.jpg<br>
        <b>Site:</b> Santa Ines<br>
        <b>Camera:</b> Ground (Celular)<br>
        <b>Coordinates:</b> -34.474609, -70.950643<br>
        <b>UMAP X:</b> 10.843892<br>
        <b>UMAP Y:</b> 12.626887<br>
        ]]>                
        
            </description>
            <styleUrl>#1234</styleUrl>
            <Point id="1232">
                <coordinates>-70.9506432,-34.474609299722225,0.0</coordinates>
            </Point>
        </Placemark>
        <Placemark id="1238">
            <name>20260108_072302.jpg</name>
            <description>
                
        
<![CDATA[
        <b>File:</b> 20260108_072302.jpg<br>
        <b>Site:</b> Santa Ines<br>
        <b>Camera:</b> Ground (Celular)<br>
        <b>Coordinates:</b> -34.474609, -70.950643<br>
        <b>UMAP X:</b> 9.898061<br>
        <b>UMAP Y:</b> 13.081609<br>
        ]]>                
        
            </description>
            <styleUrl>#1239</styleUrl>
            <Point id="1237">
                <coordinates>-70.9506432,-34.474609299722225,0.0</coordinates>
            </Point>
        </Placemark>
        <Placemark id="1243">
            <name>20260108_072307.jpg</name>
            <description>
                
        
<![CDATA[
        <b>File:</b> 20260108_072307.jpg<br>
        <b>Site:</b> Santa Ines<br>
        <b>Camera:</b> Ground (Celular)<br>
        <b>Coordinates:</b> -34.474609, -70.950643<br>
        <b>UMAP X:</b> 9.125953<br>
        <b>UMAP Y:</b> 11.701928<br>
        ]]>                
        
            </description>
            <styleUrl>#1244</styleUrl>
            <Point id="1242">
                <coordinates>-70.9506432,-34.474609299722225,0.0</coordinates>
            </Point>
        </Placemark>
        <Placemark id="1248">
            <name>20260108_072311.jpg</name>
            <description>
                
        
<![CDATA[
        <b>File:</b> 20260108_072311.jpg<br>
        <b>Site:</b> Santa Ines<br>
        <b>Camera:</b> Ground (Celular)<br>
        <b>Coordinates:</b> -34.474609, -70.950643<br>
        <b>UMAP X:</b> 10.719356<br>
        <b>UMAP Y:</b> 12.702958<br>
        ]]>                
        
            </description>
            <styleUrl>#1249</styleUrl>
            <Point id="1247">
                <coordinates>-70.9506432,-34.474609299722225,0.0</coordinates>
            </Point>
        </Placemark>
        <Placemark id="1253">
            <name>20260108_072314.jpg</name>
            <description>
                
        
<![CDATA[
        <b>File:</b> 20260108_072314.jpg<br>
        <b>Site:</b> Santa Ines<br>
        <b>Camera:</b> Ground (Celular)<br>
        <b>Coordinates:</b> -34.474609, -70.950643<br>
        <b>UMAP X:</b> 9.458611<br>
        <b>UMAP Y:</b> 13.194091<br>
        ]]>                
        
            </description>
            <styleUrl>#1254</styleUrl>
            <Point id="1252">
                <coordinates>-70.9506432,-34.474609299722225,0.0</coordinates>
            </Point>
        </Placemark>
        <Placemark id="1258">
            <name>20260108_072317.jpg</name>
            <description>
                
        
<![CDATA[
        <b>File:</b> 20260108_072317.jpg<br>
        <b>Site:</b> Santa Ines<br>
        <b>Camera:</b> Ground (Celular)<br>
        <b>Coordinates:</b> -34.474609, -70.950643<br>
        <b>UMAP X:</b> 9.994094<br>
        <b>UMAP Y:</b> 11.833106<br>
        ]]>                
        
            </description>
            <styleUrl>#1259</styleUrl>
            <Point id="1257">
                <coordinates>-70.9506432,-34.474609299722225,0.0</coordinates>
            </Point>
        </Placemark>
        <Placemark id="1263">
            <name>20260108_072322.jpg</name>
            <description>
                
        
<![CDATA[
        <b>File:</b> 20260108_072322.jpg<br>
        <b>Site:</b> Santa Ines<br>
        <b>Camera:</b> Ground (Celular)<br>
        <b>Coordinates:</b> -34.474609, -70.950643<br>
        <b>UMAP X:</b> 8.832677<br>
        <b>UMAP Y:</b> 12.44223<br>
        ]]>                
        
            </description>
            <styleUrl>#1264</styleUrl>
            <Point id="1262">
                <coordinates>-70.9506432,-34.474609299722225,0.0</coordinates>
            </Point>
        </Placemark>
        <Placemark id="1268">
            <name>20260108_072327.jpg</name>
            <description>
                
        
<![CDATA[
        <b>File:</b> 20260108_072327.jpg<br>
        <b>Site:</b> Santa Ines<br>
        <b>Camera:</b> Ground (Celular)<br>
        <b>Coordinates:</b> -34.474609, -70.950643<br>
        <b>UMAP X:</b> 10.047844<br>
        <b>UMAP Y:</b> 12.175768<br>
        ]]>                
        
            </description>
            <styleUrl>#1269</styleUrl>
            <Point id="1267">
                <coordinates>-70.9506432,-34.474609299722225,0.0</coordinates>
            </Point>
        </Placemark>
        <Placemark id="1273">
            <name>20260108_072358.jpg</name>
            <description>
                
        
<![CDATA[
        <b>File:</b> 20260108_072358.jpg<br>
        <b>Site:</b> Santa Ines<br>
        <b>Camera:</b> Ground (Celular)<br>
        <b>Coordinates:</b> -34.474653, -70.950520<br>
        <b>UMAP X:</b> 10.679592<br>
        <b>UMAP Y:</b> 8.054531<br>
        ]]>                
        
            </description>
            <styleUrl>#1274</styleUrl>
            <Point id="1272">
                <coordinates>-70.95052019972222,-34.474652599722226,0.0</coordinates>
            </Point>
        </Placemark>
        <Placemark id="1278">
            <name>20260108_072402.jpg</name>
            <description>
                
        
<![CDATA[
        <b>File:</b> 20260108_072402.jpg<br>
        <b>Site:</b> Santa Ines<br>
        <b>Camera:</b> Ground (Celular)<br>
        <b>Coordinates:</b> -34.474653, -70.950520<br>
        <b>UMAP X:</b> 10.705326<br>
        <b>UMAP Y:</b> 10.80323<br>
        ]]>                
        
            </description>
            <styleUrl>#1279</styleUrl>
            <Point id="1277">
                <coordinates>-70.95052019972222,-34.474652599722226,0.0</coordinates>
            </Point>
        </Placemark>
        <Placemark id="1283">
            <name>20260108_072407.jpg</name>
            <description>
                
        
<![CDATA[
        <b>File:</b> 20260108_072407.jpg<br>
        <b>Site:</b> Santa Ines<br>
        <b>Camera:</b> Ground (Celular)<br>
        <b>Coordinates:</b> -34.474653, -70.950520<br>
        <b>UMAP X:</b> 9.459735<br>
        <b>UMAP Y:</b> 8.660232<br>
        ]]>                
        
            </description>
            <styleUrl>#1284</styleUrl>
            <Point id="1282">
                <coordinates>-70.95052019972222,-34.474652599722226,0.0</coordinates>
            </Point>
        </Placemark>
        <Placemark id="1288">
            <name>20260108_072417.jpg</name>
            <description>
                
        
<![CDATA[
        <b>File:</b> 20260108_072417.jpg<br>
        <b>Site:</b> Santa Ines<br>
        <b>Camera:</b> Ground (Celular)<br>
        <b>Coordinates:</b> -34.474653, -70.950520<br>
        <b>UMAP X:</b> 9.916047<br>
        <b>UMAP Y:</b> 8.236805<br>
        ]]>                
        
            </description>
            <styleUrl>#1289</styleUrl>
            <Point id="1287">
                <coordinates>-70.95052019972222,-34.474652599722226,0.0</coordinates>
            </Point>
        </Placemark>
        <Placemark id="1293">
            <name>20260108_072426.jpg</name>
            <description>
                
        
<![CDATA[
        <b>File:</b> 20260108_072426.jpg<br>
        <b>Site:</b> Santa Ines<br>
        <b>Camera:</b> Ground (Celular)<br>
        <b>Coordinates:</b> -34.474653, -70.950520<br>
        <b>UMAP X:</b> 8.7804165<br>
        <b>UMAP Y:</b> 10.980745<br>
        ]]>                
        
            </description>
            <styleUrl>#1294</styleUrl>
            <Point id="1292">
                <coordinates>-70.95052019972222,-34.474652599722226,0.0</coordinates>
            </Point>
        </Placemark>
        <Placemark id="1298">
            <name>20260108_072429.jpg</name>
            <description>
                
        
<![CDATA[
        <b>File:</b> 20260108_072429.jpg<br>
        <b>Site:</b> Santa Ines<br>
        <b>Camera:</b> Ground (Celular)<br>
        <b>Coordinates:</b> -34.474688, -70.950348<br>
        <b>UMAP X:</b> 9.0850525<br>
        <b>UMAP Y:</b> 11.230887<br>
        ]]>                
        
            </description>
            <styleUrl>#1299</styleUrl>
            <Point id="1297">
                <coordinates>-70.95034839972223,-34.474687699722224,0.0</coordinates>
            </Point>
        </Placemark>
        <Placemark id="1303">
            <name>20260108_072433.jpg</name>
            <description>
                
        
<![CDATA[
        <b>File:</b> 20260108_072433.jpg<br>
        <b>Site:</b> Santa Ines<br>
        <b>Camera:</b> Ground (Celular)<br>
        <b>Coordinates:</b> -34.474688, -70.950345<br>
        <b>UMAP X:</b> 8.956396<br>
        <b>UMAP Y:</b> 8.89464<br>
        ]]>                
        
            </description>
            <styleUrl>#1304</styleUrl>
            <Point id="1302">
                <coordinates>-70.9503454,-34.474688399722226,0.0</coordinates>
            </Point>
        </Placemark>
        <Placemark id="1308">
            <name>20260108_072437.jpg</name>
            <description>
                
        
<![CDATA[
        <b>File:</b> 20260108_072437.jpg<br>
        <b>Site:</b> Santa Ines<br>
        <b>Camera:</b> Ground (Celular)<br>
        <b>Coordinates:</b> -34.474688, -70.950345<br>
        <b>UMAP X:</b> 11.489843<br>
        <b>UMAP Y:</b> 8.586695<br>
        ]]>                
        
            </description>
            <styleUrl>#1309</styleUrl>
            <Point id="1307">
                <coordinates>-70.9503454,-34.474688399722226,0.0</coordinates>
            </Point>
        </Placemark>
        <Placemark id="1313">
            <name>20260108_072440.jpg</name>
            <description>
                
        
<![CDATA[
        <b>File:</b> 20260108_072440.jpg<br>
        <b>Site:</b> Santa Ines<br>
        <b>Camera:</b> Ground (Celular)<br>
        <b>Coordinates:</b> -34.474688, -70.950345<br>
        <b>UMAP X:</b> 11.3306<br>
        <b>UMAP Y:</b> 9.507844<br>
        ]]>                
        
            </description>
            <styleUrl>#1314</styleUrl>
            <Point id="1312">
                <coordinates>-70.9503454,-34.474688399722226,0.0</coordinates>
            </Point>
        </Placemark>
        <Placemark id="1318">
            <name>20260108_072449.jpg</name>
            <description>
                
        
<![CDATA[
        <b>File:</b> 20260108_072449.jpg<br>
        <b>Site:</b> Santa Ines<br>
        <b>Camera:</b> Ground (Celular)<br>
        <b>Coordinates:</b> -34.474688, -70.950345<br>
        <b>UMAP X:</b> 8.69448<br>
        <b>UMAP Y:</b> 8.458621<br>
        ]]>                
        
            </description>
            <styleUrl>#1319</styleUrl>
            <Point id="1317">
                <coordinates>-70.9503454,-34.474688399722226,0.0</coordinates>
            </Point>
        </Placemark>
        <Placemark id="1323">
            <name>20260108_072455.jpg</name>
            <description>
                
        
<![CDATA[
        <b>File:</b> 20260108_072455.jpg<br>
        <b>Site:</b> Santa Ines<br>
        <b>Camera:</b> Ground (Celular)<br>
        <b>Coordinates:</b> -34.474688, -70.950345<br>
        <b>UMAP X:</b> 8.7616205<br>
        <b>UMAP Y:</b> 12.047245<br>
        ]]>                
        
            </description>
            <styleUrl>#1324</styleUrl>
            <Point id="1322">
                <coordinates>-70.9503454,-34.474688399722226,0.0</coordinates>
            </Point>
        </Placemark>
        <Placemark id="1328">
            <name>20260108_072501.jpg</name>
            <description>
                
        
<![CDATA[
        <b>File:</b> 20260108_072501.jpg<br>
        <b>Site:</b> Santa Ines<br>
        <b>Camera:</b> Ground (Celular)<br>
        <b>Coordinates:</b> -34.474688, -70.950345<br>
        <b>UMAP X:</b> 8.608383<br>
        <b>UMAP Y:</b> 8.697444<br>
        ]]>                
        
            </description>
            <styleUrl>#1329</styleUrl>
            <Point id="1327">
                <coordinates>-70.9503454,-34.474688399722226,0.0</coordinates>
            </Point>
        </Placemark>
        <Placemark id="1333">
            <name>20260108_072504.jpg</name>
            <description>
                
        
<![CDATA[
        <b>File:</b> 20260108_072504.jpg<br>
        <b>Site:</b> Santa Ines<br>
        <b>Camera:</b> Ground (Celular)<br>
        <b>Coordinates:</b> -34.474688, -70.950345<br>
        <b>UMAP X:</b> 10.753996<br>
        <b>UMAP Y:</b> 8.140885<br>
        ]]>                
        
            </description>
            <styleUrl>#1334</styleUrl>
            <Point id="1332">
                <coordinates>-70.9503454,-34.474688399722226,0.0</coordinates>
            </Point>
        </Placemark>
        <Placemark id="1338">
            <name>20260108_072506.jpg</name>
            <description>
                
        
<![CDATA[
        <b>File:</b> 20260108_072506.jpg<br>
        <b>Site:</b> Santa Ines<br>
        <b>Camera:</b> Ground (Celular)<br>
        <b>Coordinates:</b> -34.474688, -70.950345<br>
        <b>UMAP X:</b> 11.463046<br>
        <b>UMAP Y:</b> 8.571125<br>
        ]]>                
        
            </description>
            <styleUrl>#1339</styleUrl>
            <Point id="1337">
                <coordinates>-70.9503454,-34.474688399722226,0.0</coordinates>
            </Point>
        </Placemark>
        <Placemark id="1343">
            <name>20260108_072510.jpg</name>
            <description>
                
        
<![CDATA[
        <b>File:</b> 20260108_072510.jpg<br>
        <b>Site:</b> Santa Ines<br>
        <b>Camera:</b> Ground (Celular)<br>
        <b>Coordinates:</b> -34.474688, -70.950345<br>
        <b>UMAP X:</b> 10.465154<br>
        <b>UMAP Y:</b> 10.214862<br>
        ]]>                
        
            </description>
            <styleUrl>#1344</styleUrl>
            <Point id="1342">
                <coordinates>-70.9503454,-34.474688399722226,0.0</coordinates>
            </Point>
        </Placemark>
        <Placemark id="1348">
            <name>20260108_072513.jpg</name>
            <description>
                
        
<![CDATA[
        <b>File:</b> 20260108_072513.jpg<br>
        <b>Site:</b> Santa Ines<br>
        <b>Camera:</b> Ground (Celular)<br>
        <b>Coordinates:</b> -34.474741, -70.950223<br>
        <b>UMAP X:</b> 8.309433<br>
        <b>UMAP Y:</b> 9.910876<br>
        ]]>                
        
            </description>
            <styleUrl>#1349</styleUrl>
            <Point id="1347">
                <coordinates>-70.95022289972222,-34.474741199722224,0.0</coordinates>
            </Point>
        </Placemark>
        <Placemark id="1353">
            <name>20260108_072520.jpg</name>
            <description>
                
        
<![CDATA[
        <b>File:</b> 20260108_072520.jpg<br>
        <b>Site:</b> Santa Ines<br>
        <b>Camera:</b> Ground (Celular)<br>
        <b>Coordinates:</b> -34.474747, -70.950209<br>
        <b>UMAP X:</b> 9.466716<br>
        <b>UMAP Y:</b> 9.189779<br>
        ]]>                
        
            </description>
            <styleUrl>#1354</styleUrl>
            <Point id="1352">
                <coordinates>-70.9502094,-34.4747472,0.0</coordinates>
            </Point>
        </Placemark>
        <Placemark id="1358">
            <name>20260108_072525.jpg</name>
            <description>
                
        
<![CDATA[
        <b>File:</b> 20260108_072525.jpg<br>
        <b>Site:</b> Santa Ines<br>
        <b>Camera:</b> Ground (Celular)<br>
        <b>Coordinates:</b> -34.474747, -70.950209<br>
        <b>UMAP X:</b> 9.229765<br>
        <b>UMAP Y:</b> 10.7097645<br>
        ]]>                
        
            </description>
            <styleUrl>#1359</styleUrl>
            <Point id="1357">
                <coordinates>-70.9502094,-34.4747472,0.0</coordinates>
            </Point>
        </Placemark>
        <Placemark id="1363">
            <name>20260108_072530.jpg</name>
            <description>
                
        
<![CDATA[
        <b>File:</b> 20260108_072530.jpg<br>
        <b>Site:</b> Santa Ines<br>
        <b>Camera:</b> Ground (Celular)<br>
        <b>Coordinates:</b> -34.474747, -70.950209<br>
        <b>UMAP X:</b> 11.189729<br>
        <b>UMAP Y:</b> 8.219834<br>
        ]]>                
        
            </description>
            <styleUrl>#1364</styleUrl>
            <Point id="1362">
                <coordinates>-70.9502094,-34.4747472,0.0</coordinates>
            </Point>
        </Placemark>
        <Placemark id="1368">
            <name>20260108_072533.jpg</name>
            <description>
                
        
<![CDATA[
        <b>File:</b> 20260108_072533.jpg<br>
        <b>Site:</b> Santa Ines<br>
        <b>Camera:</b> Ground (Celular)<br>
        <b>Coordinates:</b> -34.474747, -70.950209<br>
        <b>UMAP X:</b> 10.844701<br>
        <b>UMAP Y:</b> 10.229025<br>
        ]]>                
        
            </description>
            <styleUrl>#1369</styleUrl>
            <Point id="1367">
                <coordinates>-70.9502094,-34.4747472,0.0</coordinates>
            </Point>
        </Placemark>
        <Placemark id="1373">
            <name>20260108_072539.jpg</name>
            <description>
                
        
<![CDATA[
        <b>File:</b> 20260108_072539.jpg<br>
        <b>Site:</b> Santa Ines<br>
        <b>Camera:</b> Ground (Celular)<br>
        <b>Coordinates:</b> -34.474747, -70.950209<br>
        <b>UMAP X:</b> 10.408818<br>
        <b>UMAP Y:</b> 10.182244<br>
        ]]>                
        
            </description>
            <styleUrl>#1374</styleUrl>
            <Point id="1372">
                <coordinates>-70.9502094,-34.4747472,0.0</coordinates>
            </Point>
        </Placemark>
        <Placemark id="1378">
            <name>20260108_072541.jpg</name>
            <description>
                
        
<![CDATA[
        <b>File:</b> 20260108_072541.jpg<br>
        <b>Site:</b> Santa Ines<br>
        <b>Camera:</b> Ground (Celular)<br>
        <b>Coordinates:</b> -34.474747, -70.950209<br>
        <b>UMAP X:</b> 10.7098465<br>
        <b>UMAP Y:</b> 10.053804<br>
        ]]>                
        
            </description>
            <styleUrl>#1379</styleUrl>
            <Point id="1377">
                <coordinates>-70.9502094,-34.4747472,0.0</coordinates>
            </Point>
        </Placemark>
        <Placemark id="1383">
            <name>20260108_072552.jpg</name>
            <description>
                
        
<![CDATA[
        <b>File:</b> 20260108_072552.jpg<br>
        <b>Site:</b> Santa Ines<br>
        <b>Camera:</b> Ground (Celular)<br>
        <b>Coordinates:</b> -34.474747, -70.950209<br>
        <b>UMAP X:</b> 10.849385<br>
        <b>UMAP Y:</b> 10.123721<br>
        ]]>                
        
            </description>
            <styleUrl>#1384</styleUrl>
            <Point id="1382">
                <coordinates>-70.9502094,-34.4747472,0.0</coordinates>
            </Point>
        </Placemark>
        <Placemark id="1388">
            <name>20260108_072556.jpg</name>
            <description>
                
        
<![CDATA[
        <b>File:</b> 20260108_072556.jpg<br>
        <b>Site:</b> Santa Ines<br>
        <b>Camera:</b> Ground (Celular)<br>
        <b>Coordinates:</b> -34.474747, -70.950209<br>
        <b>UMAP X:</b> 9.734137<br>
        <b>UMAP Y:</b> 10.461752<br>
        ]]>                
        
            </description>
            <styleUrl>#1389</styleUrl>
            <Point id="1387">
                <coordinates>-70.9502094,-34.4747472,0.0</coordinates>
            </Point>
        </Placemark>
        <Placemark id="1393">
            <name>20260108_072604.jpg</name>
            <description>
                
        
<![CDATA[
        <b>File:</b> 20260108_072604.jpg<br>
        <b>Site:</b> Santa Ines<br>
        <b>Camera:</b> Ground (Celular)<br>
        <b>Coordinates:</b> -34.474747, -70.950209<br>
        <b>UMAP X:</b> 9.497426<br>
        <b>UMAP Y:</b> 8.77512<br>
        ]]>                
        
            </description>
            <styleUrl>#1394</styleUrl>
            <Point id="1392">
                <coordinates>-70.9502094,-34.4747472,0.0</coordinates>
            </Point>
        </Placemark>
        <Placemark id="1398">
            <name>20260108_072607.jpg</name>
            <description>
                
        
<![CDATA[
        <b>File:</b> 20260108_072607.jpg<br>
        <b>Site:</b> Santa Ines<br>
        <b>Camera:</b> Ground (Celular)<br>
        <b>Coordinates:</b> -34.474747, -70.950209<br>
        <b>UMAP X:</b> 8.879684<br>
        <b>UMAP Y:</b> 10.706598<br>
        ]]>                
        
            </description>
            <styleUrl>#1399</styleUrl>
            <Point id="1397">
                <coordinates>-70.9502094,-34.4747472,0.0</coordinates>
            </Point>
        </Placemark>
        <Placemark id="1403">
            <name>20260108_072610.jpg</name>
            <description>
                
        
<![CDATA[
        <b>File:</b> 20260108_072610.jpg<br>
        <b>Site:</b> Santa Ines<br>
        <b>Camera:</b> Ground (Celular)<br>
        <b>Coordinates:</b> -34.474781, -70.950026<br>
        <b>UMAP X:</b> 9.862264<br>
        <b>UMAP Y:</b> 10.612861<br>
        ]]>                
        
            </description>
            <styleUrl>#1404</styleUrl>
            <Point id="1402">
                <coordinates>-70.9500258,-34.474780699722224,0.0</coordinates>
            </Point>
        </Placemark>
        <Placemark id="1408">
            <name>20260108_072614.jpg</name>
            <description>
                
        
<![CDATA[
        <b>File:</b> 20260108_072614.jpg<br>
        <b>Site:</b> Santa Ines<br>
        <b>Camera:</b> Ground (Celular)<br>
        <b>Coordinates:</b> -34.474781, -70.950023<br>
        <b>UMAP X:</b> 8.9563055<br>
        <b>UMAP Y:</b> 11.721223<br>
        ]]>                
        
            </description>
            <styleUrl>#1409</styleUrl>
            <Point id="1407">
                <coordinates>-70.9500227,-34.474781299722224,0.0</coordinates>
            </Point>
        </Placemark>
        <Placemark id="1413">
            <name>20260108_072617.jpg</name>
            <description>
                
        
<![CDATA[
        <b>File:</b> 20260108_072617.jpg<br>
        <b>Site:</b> Santa Ines<br>
        <b>Camera:</b> Ground (Celular)<br>
        <b>Coordinates:</b> -34.474781, -70.950023<br>
        <b>UMAP X:</b> 11.164517<br>
        <b>UMAP Y:</b> 8.475796<br>
        ]]>                
        
            </description>
            <styleUrl>#1414</styleUrl>
            <Point id="1412">
                <coordinates>-70.9500227,-34.474781299722224,0.0</coordinates>
            </Point>
        </Placemark>
        <Placemark id="1418">
            <name>20260108_072619.jpg</name>
            <description>
                
        
<![CDATA[
        <b>File:</b> 20260108_072619.jpg<br>
        <b>Site:</b> Santa Ines<br>
        <b>Camera:</b> Ground (Celular)<br>
        <b>Coordinates:</b> -34.474781, -70.950023<br>
        <b>UMAP X:</b> 9.178608<br>
        <b>UMAP Y:</b> 9.131067<br>
        ]]>                
        
            </description>
            <styleUrl>#1419</styleUrl>
            <Point id="1417">
                <coordinates>-70.9500227,-34.474781299722224,0.0</coordinates>
            </Point>
        </Placemark>
        <Placemark id="1423">
            <name>20260108_072622.jpg</name>
            <description>
                
        
<![CDATA[
        <b>File:</b> 20260108_072622.jpg<br>
        <b>Site:</b> Santa Ines<br>
        <b>Camera:</b> Ground (Celular)<br>
        <b>Coordinates:</b> -34.474781, -70.950023<br>
        <b>UMAP X:</b> 10.378351<br>
        <b>UMAP Y:</b> 8.222401<br>
        ]]>                
        
            </description>
            <styleUrl>#1424</styleUrl>
            <Point id="1422">
                <coordinates>-70.9500227,-34.474781299722224,0.0</coordinates>
            </Point>
        </Placemark>
        <Placemark id="1428">
            <name>20260108_072630.jpg</name>
            <description>
                
        
<![CDATA[
        <b>File:</b> 20260108_072630.jpg<br>
        <b>Site:</b> Santa Ines<br>
        <b>Camera:</b> Ground (Celular)<br>
        <b>Coordinates:</b> -34.474781, -70.950023<br>
        <b>UMAP X:</b> 9.69329<br>
        <b>UMAP Y:</b> 9.047824<br>
        ]]>                
        
            </description>
            <styleUrl>#1429</styleUrl>
            <Point id="1427">
                <coordinates>-70.9500227,-34.474781299722224,0.0</coordinates>
            </Point>
        </Placemark>
        <Placemark id="1433">
            <name>20260108_072633.jpg</name>
            <description>
                
        
<![CDATA[
        <b>File:</b> 20260108_072633.jpg<br>
        <b>Site:</b> Santa Ines<br>
        <b>Camera:</b> Ground (Celular)<br>
        <b>Coordinates:</b> -34.474781, -70.950023<br>
        <b>UMAP X:</b> 10.558154<br>
        <b>UMAP Y:</b> 11.048332<br>
        ]]>                
        
            </description>
            <styleUrl>#1434</styleUrl>
            <Point id="1432">
                <coordinates>-70.9500227,-34.474781299722224,0.0</coordinates>
            </Point>
        </Placemark>
        <Placemark id="1438">
            <name>20260108_072636.jpg</name>
            <description>
                
        
<![CDATA[
        <b>File:</b> 20260108_072636.jpg<br>
        <b>Site:</b> Santa Ines<br>
        <b>Camera:</b> Ground (Celular)<br>
        <b>Coordinates:</b> -34.474781, -70.950023<br>
        <b>UMAP X:</b> 9.831905<br>
        <b>UMAP Y:</b> 8.2541275<br>
        ]]>                
        
            </description>
            <styleUrl>#1439</styleUrl>
            <Point id="1437">
                <coordinates>-70.9500227,-34.474781299722224,0.0</coordinates>
            </Point>
        </Placemark>
        <Placemark id="1443">
            <name>20260108_072641.jpg</name>
            <description>
                
        
<![CDATA[
        <b>File:</b> 20260108_072641.jpg<br>
        <b>Site:</b> Santa Ines<br>
        <b>Camera:</b> Ground (Celular)<br>
        <b>Coordinates:</b> -34.474781, -70.950023<br>
        <b>UMAP X:</b> 9.040896<br>
        <b>UMAP Y:</b> 10.696772<br>
        ]]>                
        
            </description>
            <styleUrl>#1444</styleUrl>
            <Point id="1442">
                <coordinates>-70.9500227,-34.474781299722224,0.0</coordinates>
            </Point>
        </Placemark>
        <Placemark id="1448">
            <name>20260108_072645.jpg</name>
            <description>
                
        
<![CDATA[
        <b>File:</b> 20260108_072645.jpg<br>
        <b>Site:</b> Santa Ines<br>
        <b>Camera:</b> Ground (Celular)<br>
        <b>Coordinates:</b> -34.474781, -70.950023<br>
        <b>UMAP X:</b> 8.582112<br>
        <b>UMAP Y:</b> 8.690331<br>
        ]]>                
        
            </description>
            <styleUrl>#1449</styleUrl>
            <Point id="1447">
                <coordinates>-70.9500227,-34.474781299722224,0.0</coordinates>
            </Point>
        </Placemark>
        <Placemark id="1453">
            <name>20260108_072649.jpg</name>
            <description>
                
        
<![CDATA[
        <b>File:</b> 20260108_072649.jpg<br>
        <b>Site:</b> Santa Ines<br>
        <b>Camera:</b> Ground (Celular)<br>
        <b>Coordinates:</b> -34.474781, -70.950023<br>
        <b>UMAP X:</b> 8.080985<br>
        <b>UMAP Y:</b> 11.190547<br>
        ]]>                
        
            </description>
            <styleUrl>#1454</styleUrl>
            <Point id="1452">
                <coordinates>-70.9500227,-34.474781299722224,0.0</coordinates>
            </Point>
        </Placemark>
        <Placemark id="1458">
            <name>20260108_072653.jpg</name>
            <description>
                
        
<![CDATA[
        <b>File:</b> 20260108_072653.jpg<br>
        <b>Site:</b> Santa Ines<br>
        <b>Camera:</b> Ground (Celular)<br>
        <b>Coordinates:</b> -34.474781, -70.950023<br>
        <b>UMAP X:</b> 9.340636<br>
        <b>UMAP Y:</b> 8.226966<br>
        ]]>                
        
            </description>
            <styleUrl>#1459</styleUrl>
            <Point id="1457">
                <coordinates>-70.9500227,-34.474781299722224,0.0</coordinates>
            </Point>
        </Placemark>
        <Placemark id="1463">
            <name>20260108_072658.jpg</name>
            <description>
                
        
<![CDATA[
        <b>File:</b> 20260108_072658.jpg<br>
        <b>Site:</b> Santa Ines<br>
        <b>Camera:</b> Ground (Celular)<br>
        <b>Coordinates:</b> -34.474781, -70.950023<br>
        <b>UMAP X:</b> 9.862894<br>
        <b>UMAP Y:</b> 10.503882<br>
        ]]>                
        
            </description>
            <styleUrl>#1464</styleUrl>
            <Point id="1462">
                <coordinates>-70.9500227,-34.474781299722224,0.0</coordinates>
            </Point>
        </Placemark>
        <Placemark id="1468">
            <name>20260108_072700.jpg</name>
            <description>
                
        
<![CDATA[
        <b>File:</b> 20260108_072700.jpg<br>
        <b>Site:</b> Santa Ines<br>
        <b>Camera:</b> Ground (Celular)<br>
        <b>Coordinates:</b> -34.474781, -70.950023<br>
        <b>UMAP X:</b> 8.291041<br>
        <b>UMAP Y:</b> 10.371334<br>
        ]]>                
        
            </description>
            <styleUrl>#1469</styleUrl>
            <Point id="1467">
                <coordinates>-70.9500227,-34.474781299722224,0.0</coordinates>
            </Point>
        </Placemark>
        <Placemark id="1473">
            <name>20260108_072705.jpg</name>
            <description>
                
        
<![CDATA[
        <b>File:</b> 20260108_072705.jpg<br>
        <b>Site:</b> Santa Ines<br>
        <b>Camera:</b> Ground (Celular)<br>
        <b>Coordinates:</b> -34.474781, -70.950023<br>
        <b>UMAP X:</b> 9.094257<br>
        <b>UMAP Y:</b> 8.533208<br>
        ]]>                
        
            </description>
            <styleUrl>#1474</styleUrl>
            <Point id="1472">
                <coordinates>-70.9500227,-34.474781299722224,0.0</coordinates>
            </Point>
        </Placemark>
        <Placemark id="1478">
            <name>20260108_072706.jpg</name>
            <description>
                
        
<![CDATA[
        <b>File:</b> 20260108_072706.jpg<br>
        <b>Site:</b> Santa Ines<br>
        <b>Camera:</b> Ground (Celular)<br>
        <b>Coordinates:</b> -34.474781, -70.950023<br>
        <b>UMAP X:</b> 10.904407<br>
        <b>UMAP Y:</b> 9.699491<br>
        ]]>                
        
            </description>
            <styleUrl>#1479</styleUrl>
            <Point id="1477">
                <coordinates>-70.9500227,-34.474781299722224,0.0</coordinates>
            </Point>
        </Placemark>
        <Placemark id="1483">
            <name>20260108_072716.jpg</name>
            <description>
                
        
<![CDATA[
        <b>File:</b> 20260108_072716.jpg<br>
        <b>Site:</b> Santa Ines<br>
        <b>Camera:</b> Ground (Celular)<br>
        <b>Coordinates:</b> -34.474838, -70.949799<br>
        <b>UMAP X:</b> 8.9323845<br>
        <b>UMAP Y:</b> 8.636331<br>
        ]]>                
        
            </description>
            <styleUrl>#1484</styleUrl>
            <Point id="1482">
                <coordinates>-70.9497989,-34.47483809972223,0.0</coordinates>
            </Point>
        </Placemark>
        <Placemark id="1488">
            <name>20260108_072718.jpg</name>
            <description>
                
        
<![CDATA[
        <b>File:</b> 20260108_072718.jpg<br>
        <b>Site:</b> Santa Ines<br>
        <b>Camera:</b> Ground (Celular)<br>
        <b>Coordinates:</b> -34.474838, -70.949799<br>
        <b>UMAP X:</b> 8.313384<br>
        <b>UMAP Y:</b> 9.212438<br>
        ]]>                
        
            </description>
            <styleUrl>#1489</styleUrl>
            <Point id="1487">
                <coordinates>-70.9497989,-34.47483809972223,0.0</coordinates>
            </Point>
        </Placemark>
        <Placemark id="1493">
            <name>20260108_072721.jpg</name>
            <description>
                
        
<![CDATA[
        <b>File:</b> 20260108_072721.jpg<br>
        <b>Site:</b> Santa Ines<br>
        <b>Camera:</b> Ground (Celular)<br>
        <b>Coordinates:</b> -34.474838, -70.949799<br>
        <b>UMAP X:</b> 8.125797<br>
        <b>UMAP Y:</b> 9.315254<br>
        ]]>                
        
            </description>
            <styleUrl>#1494</styleUrl>
            <Point id="1492">
                <coordinates>-70.9497989,-34.47483809972223,0.0</coordinates>
            </Point>
        </Placemark>
        <Placemark id="1498">
            <name>20260108_072726.jpg</name>
            <description>
                
        
<![CDATA[
        <b>File:</b> 20260108_072726.jpg<br>
        <b>Site:</b> Santa Ines<br>
        <b>Camera:</b> Ground (Celular)<br>
        <b>Coordinates:</b> -34.474838, -70.949799<br>
        <b>UMAP X:</b> 7.736639<br>
        <b>UMAP Y:</b> 10.866117<br>
        ]]>                
        
            </description>
            <styleUrl>#1499</styleUrl>
            <Point id="1497">
                <coordinates>-70.9497989,-34.47483809972223,0.0</coordinates>
            </Point>
        </Placemark>
        <Placemark id="1503">
            <name>20260108_072728.jpg</name>
            <description>
                
        
<![CDATA[
        <b>File:</b> 20260108_072728.jpg<br>
        <b>Site:</b> Santa Ines<br>
        <b>Camera:</b> Ground (Celular)<br>
        <b>Coordinates:</b> -34.474838, -70.949799<br>
        <b>UMAP X:</b> 8.812697<br>
        <b>UMAP Y:</b> 9.473425<br>
        ]]>                
        
            </description>
            <styleUrl>#1504</styleUrl>
            <Point id="1502">
                <coordinates>-70.9497989,-34.47483809972223,0.0</coordinates>
            </Point>
        </Placemark>
        <Placemark id="1508">
            <name>20260108_072734.jpg</name>
            <description>
                
        
<![CDATA[
        <b>File:</b> 20260108_072734.jpg<br>
        <b>Site:</b> Santa Ines<br>
        <b>Camera:</b> Ground (Celular)<br>
        <b>Coordinates:</b> -34.474838, -70.949799<br>
        <b>UMAP X:</b> 10.766842<br>
        <b>UMAP Y:</b> 9.818665<br>
        ]]>                
        
            </description>
            <styleUrl>#1509</styleUrl>
            <Point id="1507">
                <coordinates>-70.9497989,-34.47483809972223,0.0</coordinates>
            </Point>
        </Placemark>
        <Placemark id="1513">
            <name>20260108_072740.jpg</name>
            <description>
                
        
<![CDATA[
        <b>File:</b> 20260108_072740.jpg<br>
        <b>Site:</b> Santa Ines<br>
        <b>Camera:</b> Ground (Celular)<br>
        <b>Coordinates:</b> -34.474838, -70.949799<br>
        <b>UMAP X:</b> 7.8945074<br>
        <b>UMAP Y:</b> 10.79347<br>
        ]]>                
        
            </description>
            <styleUrl>#1514</styleUrl>
            <Point id="1512">
                <coordinates>-70.9497989,-34.47483809972223,0.0</coordinates>
            </Point>
        </Placemark>
        <Placemark id="1518">
            <name>20260108_072742.jpg</name>
            <description>
                
        
<![CDATA[
        <b>File:</b> 20260108_072742.jpg<br>
        <b>Site:</b> Santa Ines<br>
        <b>Camera:</b> Ground (Celular)<br>
        <b>Coordinates:</b> -34.474838, -70.949799<br>
        <b>UMAP X:</b> 10.710541<br>
        <b>UMAP Y:</b> 8.151446<br>
        ]]>                
        
            </description>
            <styleUrl>#1519</styleUrl>
            <Point id="1517">
                <coordinates>-70.9497989,-34.47483809972223,0.0</coordinates>
            </Point>
        </Placemark>
        <Placemark id="1523">
            <name>20260108_072747.jpg</name>
            <description>
                
        
<![CDATA[
        <b>File:</b> 20260108_072747.jpg<br>
        <b>Site:</b> Santa Ines<br>
        <b>Camera:</b> Ground (Celular)<br>
        <b>Coordinates:</b> -34.474838, -70.949799<br>
        <b>UMAP X:</b> 8.4430895<br>
        <b>UMAP Y:</b> 10.652982<br>
        ]]>                
        
            </description>
            <styleUrl>#1524</styleUrl>
            <Point id="1522">
                <coordinates>-70.9497989,-34.47483809972223,0.0</coordinates>
            </Point>
        </Placemark>
        <Placemark id="1528">
            <name>20260108_072749.jpg</name>
            <description>
                
        
<![CDATA[
        <b>File:</b> 20260108_072749.jpg<br>
        <b>Site:</b> Santa Ines<br>
        <b>Camera:</b> Ground (Celular)<br>
        <b>Coordinates:</b> -34.474838, -70.949799<br>
        <b>UMAP X:</b> 9.796536<br>
        <b>UMAP Y:</b> 10.614714<br>
        ]]>                
        
            </description>
            <styleUrl>#1529</styleUrl>
            <Point id="1527">
                <coordinates>-70.9497989,-34.47483809972223,0.0</coordinates>
            </Point>
        </Placemark>
        <Placemark id="1533">
            <name>20260108_072755.jpg</name>
            <description>
                
        
<![CDATA[
        <b>File:</b> 20260108_072755.jpg<br>
        <b>Site:</b> Santa Ines<br>
        <b>Camera:</b> Ground (Celular)<br>
        <b>Coordinates:</b> -34.474838, -70.949799<br>
        <b>UMAP X:</b> 10.328578<br>
        <b>UMAP Y:</b> 8.17331<br>
        ]]>                
        
            </description>
            <styleUrl>#1534</styleUrl>
            <Point id="1532">
                <coordinates>-70.9497989,-34.47483809972223,0.0</coordinates>
            </Point>
        </Placemark>
        <Placemark id="1538">
            <name>20260108_072759.jpg</name>
            <description>
                
        
<![CDATA[
        <b>File:</b> 20260108_072759.jpg<br>
        <b>Site:</b> Santa Ines<br>
        <b>Camera:</b> Ground (Celular)<br>
        <b>Coordinates:</b> -34.474838, -70.949799<br>
        <b>UMAP X:</b> 9.121636<br>
        <b>UMAP Y:</b> 9.085061<br>
        ]]>                
        
            </description>
            <styleUrl>#1539</styleUrl>
            <Point id="1537">
                <coordinates>-70.9497989,-34.47483809972223,0.0</coordinates>
            </Point>
        </Placemark>
        <Placemark id="1543">
            <name>20260108_072802.jpg</name>
            <description>
                
        
<![CDATA[
        <b>File:</b> 20260108_072802.jpg<br>
        <b>Site:</b> Santa Ines<br>
        <b>Camera:</b> Ground (Celular)<br>
        <b>Coordinates:</b> -34.474838, -70.949799<br>
        <b>UMAP X:</b> 8.214456<br>
        <b>UMAP Y:</b> 9.181448<br>
        ]]>                
        
            </description>
            <styleUrl>#1544</styleUrl>
            <Point id="1542">
                <coordinates>-70.9497989,-34.47483809972223,0.0</coordinates>
            </Point>
        </Placemark>
        <Placemark id="1548">
            <name>20260108_072804.jpg</name>
            <description>
                
        
<![CDATA[
        <b>File:</b> 20260108_072804.jpg<br>
        <b>Site:</b> Santa Ines<br>
        <b>Camera:</b> Ground (Celular)<br>
        <b>Coordinates:</b> -34.474912, -70.949575<br>
        <b>UMAP X:</b> 10.989307<br>
        <b>UMAP Y:</b> 7.9651575<br>
        ]]>                
        
            </description>
            <styleUrl>#1549</styleUrl>
            <Point id="1547">
                <coordinates>-70.9495754,-34.474912099722225,0.0</coordinates>
            </Point>
        </Placemark>
        <Placemark id="1553">
            <name>20260108_072807.jpg</name>
            <description>
                
        
<![CDATA[
        <b>File:</b> 20260108_072807.jpg<br>
        <b>Site:</b> Santa Ines<br>
        <b>Camera:</b> Ground (Celular)<br>
        <b>Coordinates:</b> -34.474914, -70.949570<br>
        <b>UMAP X:</b> 8.372063<br>
        <b>UMAP Y:</b> 9.358523<br>
        ]]>                
        
            </description>
            <styleUrl>#1554</styleUrl>
            <Point id="1552">
                <coordinates>-70.94957049972223,-34.4749142,0.0</coordinates>
            </Point>
        </Placemark>
        <Placemark id="1558">
            <name>20260108_072811.jpg</name>
            <description>
                
        
<![CDATA[
        <b>File:</b> 20260108_072811.jpg<br>
        <b>Site:</b> Santa Ines<br>
        <b>Camera:</b> Ground (Celular)<br>
        <b>Coordinates:</b> -34.474914, -70.949570<br>
        <b>UMAP X:</b> 7.8979607<br>
        <b>UMAP Y:</b> 9.749179<br>
        ]]>                
        
            </description>
            <styleUrl>#1559</styleUrl>
            <Point id="1557">
                <coordinates>-70.94957049972223,-34.4749142,0.0</coordinates>
            </Point>
        </Placemark>
        <Placemark id="1563">
            <name>20260108_072814.jpg</name>
            <description>
                
        
<![CDATA[
        <b>File:</b> 20260108_072814.jpg<br>
        <b>Site:</b> Santa Ines<br>
        <b>Camera:</b> Ground (Celular)<br>
        <b>Coordinates:</b> -34.474914, -70.949570<br>
        <b>UMAP X:</b> 10.989549<br>
        <b>UMAP Y:</b> 8.298066<br>
        ]]>                
        
            </description>
            <styleUrl>#1564</styleUrl>
            <Point id="1562">
                <coordinates>-70.94957049972223,-34.4749142,0.0</coordinates>
            </Point>
        </Placemark>
        <Placemark id="1568">
            <name>20260108_072817.jpg</name>
            <description>
                
        
<![CDATA[
        <b>File:</b> 20260108_072817.jpg<br>
        <b>Site:</b> Santa Ines<br>
        <b>Camera:</b> Ground (Celular)<br>
        <b>Coordinates:</b> -34.474914, -70.949570<br>
        <b>UMAP X:</b> 8.537311<br>
        <b>UMAP Y:</b> 11.438551<br>
        ]]>                
        
            </description>
            <styleUrl>#1569</styleUrl>
            <Point id="1567">
                <coordinates>-70.94957049972223,-34.4749142,0.0</coordinates>
            </Point>
        </Placemark>
        <Placemark id="1573">
            <name>20260108_072820.jpg</name>
            <description>
                
        
<![CDATA[
        <b>File:</b> 20260108_072820.jpg<br>
        <b>Site:</b> Santa Ines<br>
        <b>Camera:</b> Ground (Celular)<br>
        <b>Coordinates:</b> -34.474914, -70.949570<br>
        <b>UMAP X:</b> 9.982004<br>
        <b>UMAP Y:</b> 8.36588<br>
        ]]>                
        
            </description>
            <styleUrl>#1574</styleUrl>
            <Point id="1572">
                <coordinates>-70.94957049972223,-34.4749142,0.0</coordinates>
            </Point>
        </Placemark>
        <Placemark id="1578">
            <name>20260108_072823.jpg</name>
            <description>
                
        
<![CDATA[
        <b>File:</b> 20260108_072823.jpg<br>
        <b>Site:</b> Santa Ines<br>
        <b>Camera:</b> Ground (Celular)<br>
        <b>Coordinates:</b> -34.474914, -70.949570<br>
        <b>UMAP X:</b> 8.684883<br>
        <b>UMAP Y:</b> 9.261169<br>
        ]]>                
        
            </description>
            <styleUrl>#1579</styleUrl>
            <Point id="1577">
                <coordinates>-70.94957049972223,-34.4749142,0.0</coordinates>
            </Point>
        </Placemark>
        <Placemark id="1583">
            <name>20260108_072828.jpg</name>
            <description>
                
        
<![CDATA[
        <b>File:</b> 20260108_072828.jpg<br>
        <b>Site:</b> Santa Ines<br>
        <b>Camera:</b> Ground (Celular)<br>
        <b>Coordinates:</b> -34.474914, -70.949570<br>
        <b>UMAP X:</b> 9.416221<br>
        <b>UMAP Y:</b> 9.309461<br>
        ]]>                
        
            </description>
            <styleUrl>#1584</styleUrl>
            <Point id="1582">
                <coordinates>-70.94957049972223,-34.4749142,0.0</coordinates>
            </Point>
        </Placemark>
        <Placemark id="1588">
            <name>20260108_072831.jpg</name>
            <description>
                
        
<![CDATA[
        <b>File:</b> 20260108_072831.jpg<br>
        <b>Site:</b> Santa Ines<br>
        <b>Camera:</b> Ground (Celular)<br>
        <b>Coordinates:</b> -34.474914, -70.949570<br>
        <b>UMAP X:</b> 10.98006<br>
        <b>UMAP Y:</b> 8.690354<br>
        ]]>                
        
            </description>
            <styleUrl>#1589</styleUrl>
            <Point id="1587">
                <coordinates>-70.94957049972223,-34.4749142,0.0</coordinates>
            </Point>
        </Placemark>
        <Placemark id="1593">
            <name>20260108_072841.jpg</name>
            <description>
                
        
<![CDATA[
        <b>File:</b> 20260108_072841.jpg<br>
        <b>Site:</b> Santa Ines<br>
        <b>Camera:</b> Ground (Celular)<br>
        <b>Coordinates:</b> -34.474914, -70.949570<br>
        <b>UMAP X:</b> 9.495911<br>
        <b>UMAP Y:</b> 10.741403<br>
        ]]>                
        
            </description>
            <styleUrl>#1594</styleUrl>
            <Point id="1592">
                <coordinates>-70.94957049972223,-34.4749142,0.0</coordinates>
            </Point>
        </Placemark>
        <Placemark id="1598">
            <name>20260108_072843.jpg</name>
            <description>
                
        
<![CDATA[
        <b>File:</b> 20260108_072843.jpg<br>
        <b>Site:</b> Santa Ines<br>
        <b>Camera:</b> Ground (Celular)<br>
        <b>Coordinates:</b> -34.474914, -70.949570<br>
        <b>UMAP X:</b> 9.3405<br>
        <b>UMAP Y:</b> 10.871469<br>
        ]]>                
        
            </description>
            <styleUrl>#1599</styleUrl>
            <Point id="1597">
                <coordinates>-70.94957049972223,-34.4749142,0.0</coordinates>
            </Point>
        </Placemark>
        <Placemark id="1603">
            <name>20260108_072847.jpg</name>
            <description>
                
        
<![CDATA[
        <b>File:</b> 20260108_072847.jpg<br>
        <b>Site:</b> Santa Ines<br>
        <b>Camera:</b> Ground (Celular)<br>
        <b>Coordinates:</b> -34.474914, -70.949570<br>
        <b>UMAP X:</b> 9.82521<br>
        <b>UMAP Y:</b> 8.064955<br>
        ]]>                
        
            </description>
            <styleUrl>#1604</styleUrl>
            <Point id="1602">
                <coordinates>-70.94957049972223,-34.4749142,0.0</coordinates>
            </Point>
        </Placemark>
        <Placemark id="1608">
            <name>20260108_072849.jpg</name>
            <description>
                
        
<![CDATA[
        <b>File:</b> 20260108_072849.jpg<br>
        <b>Site:</b> Santa Ines<br>
        <b>Camera:</b> Ground (Celular)<br>
        <b>Coordinates:</b> -34.474914, -70.949570<br>
        <b>UMAP X:</b> 8.981877<br>
        <b>UMAP Y:</b> 8.31231<br>
        ]]>                
        
            </description>
            <styleUrl>#1609</styleUrl>
            <Point id="1607">
                <coordinates>-70.94957049972223,-34.4749142,0.0</coordinates>
            </Point>
        </Placemark>
        <Placemark id="1613">
            <name>20260108_072851.jpg</name>
            <description>
                
        
<![CDATA[
        <b>File:</b> 20260108_072851.jpg<br>
        <b>Site:</b> Santa Ines<br>
        <b>Camera:</b> Ground (Celular)<br>
        <b>Coordinates:</b> -34.474914, -70.949570<br>
        <b>UMAP X:</b> 9.949828<br>
        <b>UMAP Y:</b> 10.969982<br>
        ]]>                
        
            </description>
            <styleUrl>#1614</styleUrl>
            <Point id="1612">
                <coordinates>-70.94957049972223,-34.4749142,0.0</coordinates>
            </Point>
        </Placemark>
        <Placemark id="1618">
            <name>20260108_072855.jpg</name>
            <description>
                
        
<![CDATA[
        <b>File:</b> 20260108_072855.jpg<br>
        <b>Site:</b> Santa Ines<br>
        <b>Camera:</b> Ground (Celular)<br>
        <b>Coordinates:</b> -34.474982, -70.949344<br>
        <b>UMAP X:</b> 8.292974<br>
        <b>UMAP Y:</b> 8.854795<br>
        ]]>                
        
            </description>
            <styleUrl>#1619</styleUrl>
            <Point id="1617">
                <coordinates>-70.9493439,-34.474982099722226,0.0</coordinates>
            </Point>
        </Placemark>
        <Placemark id="1623">
            <name>20260108_072906.jpg</name>
            <description>
                
        
<![CDATA[
        <b>File:</b> 20260108_072906.jpg<br>
        <b>Site:</b> Santa Ines<br>
        <b>Camera:</b> Ground (Celular)<br>
        <b>Coordinates:</b> -34.474981, -70.949305<br>
        <b>UMAP X:</b> 8.482417<br>
        <b>UMAP Y:</b> 9.707979<br>
        ]]>                
        
            </description>
            <styleUrl>#1624</styleUrl>
            <Point id="1622">
                <coordinates>-70.94930549972223,-34.4749811,0.0</coordinates>
            </Point>
        </Placemark>
        <Placemark id="1628">
            <name>20260108_072915.jpg</name>
            <description>
                
        
<![CDATA[
        <b>File:</b> 20260108_072915.jpg<br>
        <b>Site:</b> Santa Ines<br>
        <b>Camera:</b> Ground (Celular)<br>
        <b>Coordinates:</b> -34.474981, -70.949305<br>
        <b>UMAP X:</b> 9.255867<br>
        <b>UMAP Y:</b> 10.340158<br>
        ]]>                
        
            </description>
            <styleUrl>#1629</styleUrl>
            <Point id="1627">
                <coordinates>-70.94930549972223,-34.4749811,0.0</coordinates>
            </Point>
        </Placemark>
        <Placemark id="1633">
            <name>20260108_072919.jpg</name>
            <description>
                
        
<![CDATA[
        <b>File:</b> 20260108_072919.jpg<br>
        <b>Site:</b> Santa Ines<br>
        <b>Camera:</b> Ground (Celular)<br>
        <b>Coordinates:</b> -34.474981, -70.949305<br>
        <b>UMAP X:</b> 7.7379613<br>
        <b>UMAP Y:</b> 10.787502<br>
        ]]>                
        
            </description>
            <styleUrl>#1634</styleUrl>
            <Point id="1632">
                <coordinates>-70.94930549972223,-34.4749811,0.0</coordinates>
            </Point>
        </Placemark>
        <Placemark id="1638">
            <name>20260108_072926.jpg</name>
            <description>
                
        
<![CDATA[
        <b>File:</b> 20260108_072926.jpg<br>
        <b>Site:</b> Santa Ines<br>
        <b>Camera:</b> Ground (Celular)<br>
        <b>Coordinates:</b> -34.474981, -70.949305<br>
        <b>UMAP X:</b> 10.4213915<br>
        <b>UMAP Y:</b> 10.768412<br>
        ]]>                
        
            </description>
            <styleUrl>#1639</styleUrl>
            <Point id="1637">
                <coordinates>-70.94930549972223,-34.4749811,0.0</coordinates>
            </Point>
        </Placemark>
        <Placemark id="1643">
            <name>20260108_072932.jpg</name>
            <description>
                
        
<![CDATA[
        <b>File:</b> 20260108_072932.jpg<br>
        <b>Site:</b> Santa Ines<br>
        <b>Camera:</b> Ground (Celular)<br>
        <b>Coordinates:</b> -34.474981, -70.949305<br>
        <b>UMAP X:</b> 8.1299305<br>
        <b>UMAP Y:</b> 11.374164<br>
        ]]>                
        
            </description>
            <styleUrl>#1644</styleUrl>
            <Point id="1642">
                <coordinates>-70.94930549972223,-34.4749811,0.0</coordinates>
            </Point>
        </Placemark>
        <Placemark id="1648">
            <name>20260108_072935.jpg</name>
            <description>
                
        
<![CDATA[
        <b>File:</b> 20260108_072935.jpg<br>
        <b>Site:</b> Santa Ines<br>
        <b>Camera:</b> Ground (Celular)<br>
        <b>Coordinates:</b> -34.474981, -70.949305<br>
        <b>UMAP X:</b> 11.214852<br>
        <b>UMAP Y:</b> 10.183592<br>
        ]]>                
        
            </description>
            <styleUrl>#1649</styleUrl>
            <Point id="1647">
                <coordinates>-70.94930549972223,-34.4749811,0.0</coordinates>
            </Point>
        </Placemark>
        <Placemark id="1653">
            <name>20260108_072938.jpg</name>
            <description>
                
        
<![CDATA[
        <b>File:</b> 20260108_072938.jpg<br>
        <b>Site:</b> Santa Ines<br>
        <b>Camera:</b> Ground (Celular)<br>
        <b>Coordinates:</b> -34.474981, -70.949305<br>
        <b>UMAP X:</b> 11.29138<br>
        <b>UMAP Y:</b> 9.968629<br>
        ]]>                
        
            </description>
            <styleUrl>#1654</styleUrl>
            <Point id="1652">
                <coordinates>-70.94930549972223,-34.4749811,0.0</coordinates>
            </Point>
        </Placemark>
        <Placemark id="1658">
            <name>20260108_072940.jpg</name>
            <description>
                
        
<![CDATA[
        <b>File:</b> 20260108_072940.jpg<br>
        <b>Site:</b> Santa Ines<br>
        <b>Camera:</b> Ground (Celular)<br>
        <b>Coordinates:</b> -34.474981, -70.949305<br>
        <b>UMAP X:</b> 8.387996<br>
        <b>UMAP Y:</b> 9.375465<br>
        ]]>                
        
            </description>
            <styleUrl>#1659</styleUrl>
            <Point id="1657">
                <coordinates>-70.94930549972223,-34.4749811,0.0</coordinates>
            </Point>
        </Placemark>
        <Placemark id="1663">
            <name>20260108_072943.jpg</name>
            <description>
                
        
<![CDATA[
        <b>File:</b> 20260108_072943.jpg<br>
        <b>Site:</b> Santa Ines<br>
        <b>Camera:</b> Ground (Celular)<br>
        <b>Coordinates:</b> -34.474981, -70.949305<br>
        <b>UMAP X:</b> 8.151053<br>
        <b>UMAP Y:</b> 10.693067<br>
        ]]>                
        
            </description>
            <styleUrl>#1664</styleUrl>
            <Point id="1662">
                <coordinates>-70.94930549972223,-34.4749811,0.0</coordinates>
            </Point>
        </Placemark>
        <Placemark id="1668">
            <name>20260108_072946.jpg</name>
            <description>
                
        
<![CDATA[
        <b>File:</b> 20260108_072946.jpg<br>
        <b>Site:</b> Santa Ines<br>
        <b>Camera:</b> Ground (Celular)<br>
        <b>Coordinates:</b> -34.474981, -70.949305<br>
        <b>UMAP X:</b> 8.963788<br>
        <b>UMAP Y:</b> 9.469984<br>
        ]]>                
        
            </description>
            <styleUrl>#1669</styleUrl>
            <Point id="1667">
                <coordinates>-70.94930549972223,-34.4749811,0.0</coordinates>
            </Point>
        </Placemark>
        <Placemark id="1673">
            <name>20260108_072951.jpg</name>
            <description>
                
        
<![CDATA[
        <b>File:</b> 20260108_072951.jpg<br>
        <b>Site:</b> Santa Ines<br>
        <b>Camera:</b> Ground (Celular)<br>
        <b>Coordinates:</b> -34.475034, -70.949115<br>
        <b>UMAP X:</b> 8.052701<br>
        <b>UMAP Y:</b> 9.8845415<br>
        ]]>                
        
            </description>
            <styleUrl>#1674</styleUrl>
            <Point id="1672">
                <coordinates>-70.9491146,-34.475034399722226,0.0</coordinates>
            </Point>
        </Placemark>
        <Placemark id="1678">
            <name>20260108_073018.jpg</name>
            <description>
                
        
<![CDATA[
        <b>File:</b> 20260108_073018.jpg<br>
        <b>Site:</b> Santa Ines<br>
        <b>Camera:</b> Ground (Celular)<br>
        <b>Coordinates:</b> -34.475034, -70.949115<br>
        <b>UMAP X:</b> 9.909958<br>
        <b>UMAP Y:</b> 9.931506<br>
        ]]>                
        
            </description>
            <styleUrl>#1679</styleUrl>
            <Point id="1677">
                <coordinates>-70.9491146,-34.475034399722226,0.0</coordinates>
            </Point>
        </Placemark>
        <Placemark id="1683">
            <name>20260108_073020.jpg</name>
            <description>
                
        
<![CDATA[
        <b>File:</b> 20260108_073020.jpg<br>
        <b>Site:</b> Santa Ines<br>
        <b>Camera:</b> Ground (Celular)<br>
        <b>Coordinates:</b> -34.475034, -70.949115<br>
        <b>UMAP X:</b> 8.544606<br>
        <b>UMAP Y:</b> 10.623966<br>
        ]]>                
        
            </description>
            <styleUrl>#1684</styleUrl>
            <Point id="1682">
                <coordinates>-70.9491146,-34.475034399722226,0.0</coordinates>
            </Point>
        </Placemark>
        <Placemark id="1688">
            <name>20260108_073026.jpg</name>
            <description>
                
        
<![CDATA[
        <b>File:</b> 20260108_073026.jpg<br>
        <b>Site:</b> Santa Ines<br>
        <b>Camera:</b> Ground (Celular)<br>
        <b>Coordinates:</b> -34.475034, -70.949115<br>
        <b>UMAP X:</b> 9.967757<br>
        <b>UMAP Y:</b> 9.152117<br>
        ]]>                
        
            </description>
            <styleUrl>#1689</styleUrl>
            <Point id="1687">
                <coordinates>-70.9491146,-34.475034399722226,0.0</coordinates>
            </Point>
        </Placemark>
        <Placemark id="1693">
            <name>20260108_073033.jpg</name>
            <description>
                
        
<![CDATA[
        <b>File:</b> 20260108_073033.jpg<br>
        <b>Site:</b> Santa Ines<br>
        <b>Camera:</b> Ground (Celular)<br>
        <b>Coordinates:</b> -34.475034, -70.949115<br>
        <b>UMAP X:</b> 9.717415<br>
        <b>UMAP Y:</b> 11.39832<br>
        ]]>                
        
            </description>
            <styleUrl>#1694</styleUrl>
            <Point id="1692">
                <coordinates>-70.9491146,-34.475034399722226,0.0</coordinates>
            </Point>
        </Placemark>
        <Placemark id="1698">
            <name>20260108_073037.jpg</name>
            <description>
                
        
<![CDATA[
        <b>File:</b> 20260108_073037.jpg<br>
        <b>Site:</b> Santa Ines<br>
        <b>Camera:</b> Ground (Celular)<br>
        <b>Coordinates:</b> -34.475118, -70.948853<br>
        <b>UMAP X:</b> 7.7591696<br>
        <b>UMAP Y:</b> 9.905143<br>
        ]]>                
        
            </description>
            <styleUrl>#1699</styleUrl>
            <Point id="1697">
                <coordinates>-70.9488529,-34.475118,0.0</coordinates>
            </Point>
        </Placemark>
        <Placemark id="1703">
            <name>20260108_073040.jpg</name>
            <description>
                
        
<![CDATA[
        <b>File:</b> 20260108_073040.jpg<br>
        <b>Site:</b> Santa Ines<br>
        <b>Camera:</b> Ground (Celular)<br>
        <b>Coordinates:</b> -34.475116, -70.948839<br>
        <b>UMAP X:</b> 8.020958<br>
        <b>UMAP Y:</b> 10.6222105<br>
        ]]>                
        
            </description>
            <styleUrl>#1704</styleUrl>
            <Point id="1702">
                <coordinates>-70.9488393,-34.4751155,0.0</coordinates>
            </Point>
        </Placemark>
        <Placemark id="1708">
            <name>20260108_073044.jpg</name>
            <description>
                
        
<![CDATA[
        <b>File:</b> 20260108_073044.jpg<br>
        <b>Site:</b> Santa Ines<br>
        <b>Camera:</b> Ground (Celular)<br>
        <b>Coordinates:</b> -34.475116, -70.948839<br>
        <b>UMAP X:</b> 8.397929<br>
        <b>UMAP Y:</b> 11.286518<br>
        ]]>                
        
            </description>
            <styleUrl>#1709</styleUrl>
            <Point id="1707">
                <coordinates>-70.9488393,-34.4751155,0.0</coordinates>
            </Point>
        </Placemark>
        <Placemark id="1713">
            <name>20260108_073055.jpg</name>
            <description>
                
        
<![CDATA[
        <b>File:</b> 20260108_073055.jpg<br>
        <b>Site:</b> Santa Ines<br>
        <b>Camera:</b> Ground (Celular)<br>
        <b>Coordinates:</b> -34.475116, -70.948839<br>
        <b>UMAP X:</b> 8.865186<br>
        <b>UMAP Y:</b> 10.873909<br>
        ]]>                
        
            </description>
            <styleUrl>#1714</styleUrl>
            <Point id="1712">
                <coordinates>-70.9488393,-34.4751155,0.0</coordinates>
            </Point>
        </Placemark>
        <Placemark id="1718">
            <name>20260108_073106.jpg</name>
            <description>
                
        
<![CDATA[
        <b>File:</b> 20260108_073106.jpg<br>
        <b>Site:</b> Santa Ines<br>
        <b>Camera:</b> Ground (Celular)<br>
        <b>Coordinates:</b> -34.475116, -70.948839<br>
        <b>UMAP X:</b> 8.457995<br>
        <b>UMAP Y:</b> 10.685367<br>
        ]]>                
        
            </description>
            <styleUrl>#1719</styleUrl>
            <Point id="1717">
                <coordinates>-70.9488393,-34.4751155,0.0</coordinates>
            </Point>
        </Placemark>
        <Placemark id="1723">
            <name>20260108_073118.jpg</name>
            <description>
                
        
<![CDATA[
        <b>File:</b> 20260108_073118.jpg<br>
        <b>Site:</b> Santa Ines<br>
        <b>Camera:</b> Ground (Celular)<br>
        <b>Coordinates:</b> -34.475116, -70.948839<br>
        <b>UMAP X:</b> 8.735692<br>
        <b>UMAP Y:</b> 11.738033<br>
        ]]>                
        
            </description>
            <styleUrl>#1724</styleUrl>
            <Point id="1722">
                <coordinates>-70.9488393,-34.4751155,0.0</coordinates>
            </Point>
        </Placemark>
        <Placemark id="1728">
            <name>20260108_073127.jpg</name>
            <description>
                
        
<![CDATA[
        <b>File:</b> 20260108_073127.jpg<br>
        <b>Site:</b> Santa Ines<br>
        <b>Camera:</b> Ground (Celular)<br>
        <b>Coordinates:</b> -34.475175, -70.948594<br>
        <b>UMAP X:</b> 10.769434<br>
        <b>UMAP Y:</b> 8.728795<br>
        ]]>                
        
            </description>
            <styleUrl>#1729</styleUrl>
            <Point id="1727">
                <coordinates>-70.94859429972223,-34.4751746,0.0</coordinates>
            </Point>
        </Placemark>
        <Placemark id="1733">
            <name>20260108_073130.jpg</name>
            <description>
                
        
<![CDATA[
        <b>File:</b> 20260108_073130.jpg<br>
        <b>Site:</b> Santa Ines<br>
        <b>Camera:</b> Ground (Celular)<br>
        <b>Coordinates:</b> -34.475175, -70.948594<br>
        <b>UMAP X:</b> 8.361437<br>
        <b>UMAP Y:</b> 11.546014<br>
        ]]>                
        
            </description>
            <styleUrl>#1734</styleUrl>
            <Point id="1732">
                <coordinates>-70.94859429972223,-34.4751746,0.0</coordinates>
            </Point>
        </Placemark>
        <Placemark id="1738">
            <name>20260108_073139.jpg</name>
            <description>
                
        
<![CDATA[
        <b>File:</b> 20260108_073139.jpg<br>
        <b>Site:</b> Santa Ines<br>
        <b>Camera:</b> Ground (Celular)<br>
        <b>Coordinates:</b> -34.475175, -70.948594<br>
        <b>UMAP X:</b> 7.698967<br>
        <b>UMAP Y:</b> 10.692578<br>
        ]]>                
        
            </description>
            <styleUrl>#1739</styleUrl>
            <Point id="1737">
                <coordinates>-70.94859429972223,-34.4751746,0.0</coordinates>
            </Point>
        </Placemark>
        <Placemark id="1743">
            <name>20260108_073144.jpg</name>
            <description>
                
        
<![CDATA[
        <b>File:</b> 20260108_073144.jpg<br>
        <b>Site:</b> Santa Ines<br>
        <b>Camera:</b> Ground (Celular)<br>
        <b>Coordinates:</b> -34.475175, -70.948594<br>
        <b>UMAP X:</b> 8.244186<br>
        <b>UMAP Y:</b> 10.307442<br>
        ]]>                
        
            </description>
            <styleUrl>#1744</styleUrl>
            <Point id="1742">
                <coordinates>-70.94859429972223,-34.4751746,0.0</coordinates>
            </Point>
        </Placemark>
        <Placemark id="1748">
            <name>20260108_073152.jpg</name>
            <description>
                
        
<![CDATA[
        <b>File:</b> 20260108_073152.jpg<br>
        <b>Site:</b> Santa Ines<br>
        <b>Camera:</b> Ground (Celular)<br>
        <b>Coordinates:</b> -34.475175, -70.948594<br>
        <b>UMAP X:</b> 10.49966<br>
        <b>UMAP Y:</b> 11.2155<br>
        ]]>                
        
            </description>
            <styleUrl>#1749</styleUrl>
            <Point id="1747">
                <coordinates>-70.94859429972223,-34.4751746,0.0</coordinates>
            </Point>
        </Placemark>
        <Placemark id="1753">
            <name>20260108_073157.jpg</name>
            <description>
                
        
<![CDATA[
        <b>File:</b> 20260108_073157.jpg<br>
        <b>Site:</b> Santa Ines<br>
        <b>Camera:</b> Ground (Celular)<br>
        <b>Coordinates:</b> -34.475175, -70.948594<br>
        <b>UMAP X:</b> 9.995886<br>
        <b>UMAP Y:</b> 8.306881<br>
        ]]>                
        
            </description>
            <styleUrl>#1754</styleUrl>
            <Point id="1752">
                <coordinates>-70.94859429972223,-34.4751746,0.0</coordinates>
            </Point>
        </Placemark>
        <Placemark id="1758">
            <name>20260108_073202.jpg</name>
            <description>
                
        
<![CDATA[
        <b>File:</b> 20260108_073202.jpg<br>
        <b>Site:</b> Santa Ines<br>
        <b>Camera:</b> Ground (Celular)<br>
        <b>Coordinates:</b> -34.475175, -70.948594<br>
        <b>UMAP X:</b> 7.754356<br>
        <b>UMAP Y:</b> 10.88791<br>
        ]]>                
        
            </description>
            <styleUrl>#1759</styleUrl>
            <Point id="1757">
                <coordinates>-70.94859429972223,-34.4751746,0.0</coordinates>
            </Point>
        </Placemark>
        <Placemark id="1763">
            <name>20260108_073213.jpg</name>
            <description>
                
        
<![CDATA[
        <b>File:</b> 20260108_073213.jpg<br>
        <b>Site:</b> Santa Ines<br>
        <b>Camera:</b> Ground (Celular)<br>
        <b>Coordinates:</b> -34.475249, -70.948364<br>
        <b>UMAP X:</b> 8.908663<br>
        <b>UMAP Y:</b> 10.842898<br>
        ]]>                
        
            </description>
            <styleUrl>#1764</styleUrl>
            <Point id="1762">
                <coordinates>-70.94836379972223,-34.475248899722224,0.0</coordinates>
            </Point>
        </Placemark>
        <Placemark id="1768">
            <name>20260108_073217.jpg</name>
            <description>
                
        
<![CDATA[
        <b>File:</b> 20260108_073217.jpg<br>
        <b>Site:</b> Santa Ines<br>
        <b>Camera:</b> Ground (Celular)<br>
        <b>Coordinates:</b> -34.475249, -70.948364<br>
        <b>UMAP X:</b> 8.737678<br>
        <b>UMAP Y:</b> 8.74527<br>
        ]]>                
        
            </description>
            <styleUrl>#1769</styleUrl>
            <Point id="1767">
                <coordinates>-70.94836379972223,-34.475248899722224,0.0</coordinates>
            </Point>
        </Placemark>
        <Placemark id="1773">
            <name>20260108_073225.jpg</name>
            <description>
                
        
<![CDATA[
        <b>File:</b> 20260108_073225.jpg<br>
        <b>Site:</b> Santa Ines<br>
        <b>Camera:</b> Ground (Celular)<br>
        <b>Coordinates:</b> -34.475249, -70.948364<br>
        <b>UMAP X:</b> 8.888078<br>
        <b>UMAP Y:</b> 10.999034<br>
        ]]>                
        
            </description>
            <styleUrl>#1774</styleUrl>
            <Point id="1772">
                <coordinates>-70.94836379972223,-34.475248899722224,0.0</coordinates>
            </Point>
        </Placemark>
        <Placemark id="1778">
            <name>20260108_073233.jpg</name>
            <description>
                
        
<![CDATA[
        <b>File:</b> 20260108_073233.jpg<br>
        <b>Site:</b> Santa Ines<br>
        <b>Camera:</b> Ground (Celular)<br>
        <b>Coordinates:</b> -34.475249, -70.948364<br>
        <b>UMAP X:</b> 9.210151<br>
        <b>UMAP Y:</b> 10.180237<br>
        ]]>                
        
            </description>
            <styleUrl>#1779</styleUrl>
            <Point id="1777">
                <coordinates>-70.94836379972223,-34.475248899722224,0.0</coordinates>
            </Point>
        </Placemark>
        <Placemark id="1783">
            <name>20260108_073243.jpg</name>
            <description>
                
        
<![CDATA[
        <b>File:</b> 20260108_073243.jpg<br>
        <b>Site:</b> Santa Ines<br>
        <b>Camera:</b> Ground (Celular)<br>
        <b>Coordinates:</b> -34.475249, -70.948364<br>
        <b>UMAP X:</b> 9.889181<br>
        <b>UMAP Y:</b> 11.858256<br>
        ]]>                
        
            </description>
            <styleUrl>#1784</styleUrl>
            <Point id="1782">
                <coordinates>-70.94836379972223,-34.475248899722224,0.0</coordinates>
            </Point>
        </Placemark>
        <Placemark id="1788">
            <name>20260108_073245.jpg</name>
            <description>
                
        
<![CDATA[
        <b>File:</b> 20260108_073245.jpg<br>
        <b>Site:</b> Santa Ines<br>
        <b>Camera:</b> Ground (Celular)<br>
        <b>Coordinates:</b> -34.475249, -70.948364<br>
        <b>UMAP X:</b> 10.572761<br>
        <b>UMAP Y:</b> 12.279066<br>
        ]]>                
        
            </description>
            <styleUrl>#1789</styleUrl>
            <Point id="1787">
                <coordinates>-70.94836379972223,-34.475248899722224,0.0</coordinates>
            </Point>
        </Placemark>
        <Placemark id="1793">
            <name>20260108_073251.jpg</name>
            <description>
                
        
<![CDATA[
        <b>File:</b> 20260108_073251.jpg<br>
        <b>Site:</b> Santa Ines<br>
        <b>Camera:</b> Ground (Celular)<br>
        <b>Coordinates:</b> -34.475249, -70.948364<br>
        <b>UMAP X:</b> 10.582375<br>
        <b>UMAP Y:</b> 10.515508<br>
        ]]>                
        
            </description>
            <styleUrl>#1794</styleUrl>
            <Point id="1792">
                <coordinates>-70.94836379972223,-34.475248899722224,0.0</coordinates>
            </Point>
        </Placemark>
        <Placemark id="1798">
            <name>20260108_073256.jpg</name>
            <description>
                
        
<![CDATA[
        <b>File:</b> 20260108_073256.jpg<br>
        <b>Site:</b> Santa Ines<br>
        <b>Camera:</b> Ground (Celular)<br>
        <b>Coordinates:</b> -34.475249, -70.948364<br>
        <b>UMAP X:</b> 8.566877<br>
        <b>UMAP Y:</b> 12.157159<br>
        ]]>                
        
            </description>
            <styleUrl>#1799</styleUrl>
            <Point id="1797">
                <coordinates>-70.94836379972223,-34.475248899722224,0.0</coordinates>
            </Point>
        </Placemark>
        <Placemark id="1803">
            <name>20260108_073302.jpg</name>
            <description>
                
        
<![CDATA[
        <b>File:</b> 20260108_073302.jpg<br>
        <b>Site:</b> Santa Ines<br>
        <b>Camera:</b> Ground (Celular)<br>
        <b>Coordinates:</b> -34.475306, -70.948164<br>
        <b>UMAP X:</b> 8.496214<br>
        <b>UMAP Y:</b> 11.922978<br>
        ]]>                
        
            </description>
            <styleUrl>#1804</styleUrl>
            <Point id="1802">
                <coordinates>-70.9481638,-34.4753059,0.0</coordinates>
            </Point>
        </Placemark>
        <Placemark id="1808">
            <name>20260108_073305.jpg</name>
            <description>
                
        
<![CDATA[
        <b>File:</b> 20260108_073305.jpg<br>
        <b>Site:</b> Santa Ines<br>
        <b>Camera:</b> Ground (Celular)<br>
        <b>Coordinates:</b> -34.475306, -70.948164<br>
        <b>UMAP X:</b> 10.812345<br>
        <b>UMAP Y:</b> 8.514356<br>
        ]]>                
        
            </description>
            <styleUrl>#1809</styleUrl>
            <Point id="1807">
                <coordinates>-70.9481638,-34.4753059,0.0</coordinates>
            </Point>
        </Placemark>
        <Placemark id="1813">
            <name>20260108_073313.jpg</name>
            <description>
                
        
<![CDATA[
        <b>File:</b> 20260108_073313.jpg<br>
        <b>Site:</b> Santa Ines<br>
        <b>Camera:</b> Ground (Celular)<br>
        <b>Coordinates:</b> -34.475306, -70.948164<br>
        <b>UMAP X:</b> 10.402525<br>
        <b>UMAP Y:</b> 10.659889<br>
        ]]>                
        
            </description>
            <styleUrl>#1814</styleUrl>
            <Point id="1812">
                <coordinates>-70.9481638,-34.4753059,0.0</coordinates>
            </Point>
        </Placemark>
        <Placemark id="1818">
            <name>20260108_073318.jpg</name>
            <description>
                
        
<![CDATA[
        <b>File:</b> 20260108_073318.jpg<br>
        <b>Site:</b> Santa Ines<br>
        <b>Camera:</b> Ground (Celular)<br>
        <b>Coordinates:</b> -34.475306, -70.948164<br>
        <b>UMAP X:</b> 8.356123<br>
        <b>UMAP Y:</b> 10.715255<br>
        ]]>                
        
            </description>
            <styleUrl>#1819</styleUrl>
            <Point id="1817">
                <coordinates>-70.9481638,-34.4753059,0.0</coordinates>
            </Point>
        </Placemark>
        <Placemark id="1823">
            <name>20260108_073322.jpg</name>
            <description>
                
        
<![CDATA[
        <b>File:</b> 20260108_073322.jpg<br>
        <b>Site:</b> Santa Ines<br>
        <b>Camera:</b> Ground (Celular)<br>
        <b>Coordinates:</b> -34.475306, -70.948164<br>
        <b>UMAP X:</b> 8.752261<br>
        <b>UMAP Y:</b> 12.119355<br>
        ]]>                
        
            </description>
            <styleUrl>#1824</styleUrl>
            <Point id="1822">
                <coordinates>-70.9481638,-34.4753059,0.0</coordinates>
            </Point>
        </Placemark>
        <Placemark id="1828">
            <name>20260108_073328.jpg</name>
            <description>
                
        
<![CDATA[
        <b>File:</b> 20260108_073328.jpg<br>
        <b>Site:</b> Santa Ines<br>
        <b>Camera:</b> Ground (Celular)<br>
        <b>Coordinates:</b> -34.475306, -70.948164<br>
        <b>UMAP X:</b> 8.6652355<br>
        <b>UMAP Y:</b> 9.026063<br>
        ]]>                
        
            </description>
            <styleUrl>#1829</styleUrl>
            <Point id="1827">
                <coordinates>-70.9481638,-34.4753059,0.0</coordinates>
            </Point>
        </Placemark>
        <Placemark id="1833">
            <name>20260108_073332.jpg</name>
            <description>
                
        
<![CDATA[
        <b>File:</b> 20260108_073332.jpg<br>
        <b>Site:</b> Santa Ines<br>
        <b>Camera:</b> Ground (Celular)<br>
        <b>Coordinates:</b> -34.475306, -70.948164<br>
        <b>UMAP X:</b> 9.2000265<br>
        <b>UMAP Y:</b> 12.006006<br>
        ]]>                
        
            </description>
            <styleUrl>#1834</styleUrl>
            <Point id="1832">
                <coordinates>-70.9481638,-34.4753059,0.0</coordinates>
            </Point>
        </Placemark>
        <Placemark id="1838">
            <name>20260108_073337.jpg</name>
            <description>
                
        
<![CDATA[
        <b>File:</b> 20260108_073337.jpg<br>
        <b>Site:</b> Santa Ines<br>
        <b>Camera:</b> Ground (Celular)<br>
        <b>Coordinates:</b> -34.475306, -70.948164<br>
        <b>UMAP X:</b> 10.576707<br>
        <b>UMAP Y:</b> 10.951608<br>
        ]]>                
        
            </description>
            <styleUrl>#1839</styleUrl>
            <Point id="1837">
                <coordinates>-70.9481638,-34.4753059,0.0</coordinates>
            </Point>
        </Placemark>
        <Placemark id="1843">
            <name>20260108_073343.jpg</name>
            <description>
                
        
<![CDATA[
        <b>File:</b> 20260108_073343.jpg<br>
        <b>Site:</b> Santa Ines<br>
        <b>Camera:</b> Ground (Celular)<br>
        <b>Coordinates:</b> -34.475306, -70.948164<br>
        <b>UMAP X:</b> 11.318082<br>
        <b>UMAP Y:</b> 9.968974<br>
        ]]>                
        
            </description>
            <styleUrl>#1844</styleUrl>
            <Point id="1842">
                <coordinates>-70.9481638,-34.4753059,0.0</coordinates>
            </Point>
        </Placemark>
        <Placemark id="1848">
            <name>20260108_073346.jpg</name>
            <description>
                
        
<![CDATA[
        <b>File:</b> 20260108_073346.jpg<br>
        <b>Site:</b> Santa Ines<br>
        <b>Camera:</b> Ground (Celular)<br>
        <b>Coordinates:</b> -34.475306, -70.948164<br>
        <b>UMAP X:</b> 10.473963<br>
        <b>UMAP Y:</b> 10.656706<br>
        ]]>                
        
            </description>
            <styleUrl>#1849</styleUrl>
            <Point id="1847">
                <coordinates>-70.9481638,-34.4753059,0.0</coordinates>
            </Point>
        </Placemark>
        <Placemark id="1853">
            <name>20260108_073359.jpg</name>
            <description>
                
        
<![CDATA[
        <b>File:</b> 20260108_073359.jpg<br>
        <b>Site:</b> Santa Ines<br>
        <b>Camera:</b> Ground (Celular)<br>
        <b>Coordinates:</b> -34.475393, -70.947917<br>
        <b>UMAP X:</b> 9.061206<br>
        <b>UMAP Y:</b> 11.779517<br>
        ]]>                
        
            </description>
            <styleUrl>#1854</styleUrl>
            <Point id="1852">
                <coordinates>-70.94791659972222,-34.4753928,0.0</coordinates>
            </Point>
        </Placemark>
        <Placemark id="1858">
            <name>20260108_073413.jpg</name>
            <description>
                
        
<![CDATA[
        <b>File:</b> 20260108_073413.jpg<br>
        <b>Site:</b> Santa Ines<br>
        <b>Camera:</b> Ground (Celular)<br>
        <b>Coordinates:</b> -34.475372, -70.947909<br>
        <b>UMAP X:</b> 9.734086<br>
        <b>UMAP Y:</b> 13.072919<br>
        ]]>                
        
            </description>
            <styleUrl>#1859</styleUrl>
            <Point id="1857">
                <coordinates>-70.94790949972223,-34.475372499722226,0.0</coordinates>
            </Point>
        </Placemark>
        <Placemark id="1863">
            <name>20260108_073417.jpg</name>
            <description>
                
        
<![CDATA[
        <b>File:</b> 20260108_073417.jpg<br>
        <b>Site:</b> Santa Ines<br>
        <b>Camera:</b> Ground (Celular)<br>
        <b>Coordinates:</b> -34.475372, -70.947909<br>
        <b>UMAP X:</b> 10.385197<br>
        <b>UMAP Y:</b> 10.814458<br>
        ]]>                
        
            </description>
            <styleUrl>#1864</styleUrl>
            <Point id="1862">
                <coordinates>-70.94790949972223,-34.475372499722226,0.0</coordinates>
            </Point>
        </Placemark>
        <Placemark id="1868">
            <name>20260108_073423.jpg</name>
            <description>
                
        
<![CDATA[
        <b>File:</b> 20260108_073423.jpg<br>
        <b>Site:</b> Santa Ines<br>
        <b>Camera:</b> Ground (Celular)<br>
        <b>Coordinates:</b> -34.475372, -70.947909<br>
        <b>UMAP X:</b> 8.3935375<br>
        <b>UMAP Y:</b> 11.716522<br>
        ]]>                
        
            </description>
            <styleUrl>#1869</styleUrl>
            <Point id="1867">
                <coordinates>-70.94790949972223,-34.475372499722226,0.0</coordinates>
            </Point>
        </Placemark>
        <Placemark id="1873">
            <name>20260108_073443.jpg</name>
            <description>
                
        
<![CDATA[
        <b>File:</b> 20260108_073443.jpg<br>
        <b>Site:</b> Santa Ines<br>
        <b>Camera:</b> Ground (Celular)<br>
        <b>Coordinates:</b> -34.475372, -70.947909<br>
        <b>UMAP X:</b> 10.320171<br>
        <b>UMAP Y:</b> 11.80805<br>
        ]]>                
        
            </description>
            <styleUrl>#1874</styleUrl>
            <Point id="1872">
                <coordinates>-70.94790949972223,-34.475372499722226,0.0</coordinates>
            </Point>
        </Placemark>
        <Placemark id="1878">
            <name>20260108_073548.jpg</name>
            <description>
                
        
<![CDATA[
        <b>File:</b> 20260108_073548.jpg<br>
        <b>Site:</b> Santa Ines<br>
        <b>Camera:</b> Ground (Celular)<br>
        <b>Coordinates:</b> -34.475350, -70.947825<br>
        <b>UMAP X:</b> 8.71344<br>
        <b>UMAP Y:</b> 11.933763<br>
        ]]>                
        
            </description>
            <styleUrl>#1879</styleUrl>
            <Point id="1877">
                <coordinates>-70.9478249,-34.4753496,0.0</coordinates>
            </Point>
        </Placemark>
        <Placemark id="1883">
            <name>20260108_073556.jpg</name>
            <description>
                
        
<![CDATA[
        <b>File:</b> 20260108_073556.jpg<br>
        <b>Site:</b> Santa Ines<br>
        <b>Camera:</b> Ground (Celular)<br>
        <b>Coordinates:</b> -34.475354, -70.947831<br>
        <b>UMAP X:</b> 10.185452<br>
        <b>UMAP Y:</b> 9.850924<br>
        ]]>                
        
            </description>
            <styleUrl>#1884</styleUrl>
            <Point id="1882">
                <coordinates>-70.94783069972223,-34.475354099722225,0.0</coordinates>
            </Point>
        </Placemark>
        <Placemark id="1888">
            <name>20260108_073604.jpg</name>
            <description>
                
        
<![CDATA[
        <b>File:</b> 20260108_073604.jpg<br>
        <b>Site:</b> Santa Ines<br>
        <b>Camera:</b> Ground (Celular)<br>
        <b>Coordinates:</b> -34.475354, -70.947831<br>
        <b>UMAP X:</b> 10.936191<br>
        <b>UMAP Y:</b> 10.047521<br>
        ]]>                
        
            </description>
            <styleUrl>#1889</styleUrl>
            <Point id="1887">
                <coordinates>-70.94783069972223,-34.475354099722225,0.0</coordinates>
            </Point>
        </Placemark>
        <Placemark id="1893">
            <name>20260108_073607.jpg</name>
            <description>
                
        
<![CDATA[
        <b>File:</b> 20260108_073607.jpg<br>
        <b>Site:</b> Santa Ines<br>
        <b>Camera:</b> Ground (Celular)<br>
        <b>Coordinates:</b> -34.475354, -70.947831<br>
        <b>UMAP X:</b> 11.47995<br>
        <b>UMAP Y:</b> 9.008188<br>
        ]]>                
        
            </description>
            <styleUrl>#1894</styleUrl>
            <Point id="1892">
                <coordinates>-70.94783069972223,-34.475354099722225,0.0</coordinates>
            </Point>
        </Placemark>
        <Placemark id="1898">
            <name>20260108_073611.jpg</name>
            <description>
                
        
<![CDATA[
        <b>File:</b> 20260108_073611.jpg<br>
        <b>Site:</b> Santa Ines<br>
        <b>Camera:</b> Ground (Celular)<br>
        <b>Coordinates:</b> -34.475354, -70.947831<br>
        <b>UMAP X:</b> 11.08466<br>
        <b>UMAP Y:</b> 9.505757<br>
        ]]>                
        
            </description>
            <styleUrl>#1899</styleUrl>
            <Point id="1897">
                <coordinates>-70.94783069972223,-34.475354099722225,0.0</coordinates>
            </Point>
        </Placemark>
        <Placemark id="1903">
            <name>20260108_073617.jpg</name>
            <description>
                
        
<![CDATA[
        <b>File:</b> 20260108_073617.jpg<br>
        <b>Site:</b> Santa Ines<br>
        <b>Camera:</b> Ground (Celular)<br>
        <b>Coordinates:</b> -34.475354, -70.947831<br>
        <b>UMAP X:</b> 10.85213<br>
        <b>UMAP Y:</b> 10.39483<br>
        ]]>                
        
            </description>
            <styleUrl>#1904</styleUrl>
            <Point id="1902">
                <coordinates>-70.94783069972223,-34.475354099722225,0.0</coordinates>
            </Point>
        </Placemark>
        <Placemark id="1908">
            <name>20260108_073632.jpg</name>
            <description>
                
        
<![CDATA[
        <b>File:</b> 20260108_073632.jpg<br>
        <b>Site:</b> Santa Ines<br>
        <b>Camera:</b> Ground (Celular)<br>
        <b>Coordinates:</b> -34.475285, -70.948059<br>
        <b>UMAP X:</b> 8.752547<br>
        <b>UMAP Y:</b> 11.510245<br>
        ]]>                
        
            </description>
            <styleUrl>#1909</styleUrl>
            <Point id="1907">
                <coordinates>-70.9480587,-34.4752852,0.0</coordinates>
            </Point>
        </Placemark>
        <Placemark id="1913">
            <name>20260108_073637.jpg</name>
            <description>
                
        
<![CDATA[
        <b>File:</b> 20260108_073637.jpg<br>
        <b>Site:</b> Santa Ines<br>
        <b>Camera:</b> Ground (Celular)<br>
        <b>Coordinates:</b> -34.475285, -70.948059<br>
        <b>UMAP X:</b> 10.694524<br>
        <b>UMAP Y:</b> 8.298081<br>
        ]]>                
        
            </description>
            <styleUrl>#1914</styleUrl>
            <Point id="1912">
                <coordinates>-70.9480587,-34.4752852,0.0</coordinates>
            </Point>
        </Placemark>
        <Placemark id="1918">
            <name>20260108_073642.jpg</name>
            <description>
                
        
<![CDATA[
        <b>File:</b> 20260108_073642.jpg<br>
        <b>Site:</b> Santa Ines<br>
        <b>Camera:</b> Ground (Celular)<br>
        <b>Coordinates:</b> -34.475285, -70.948059<br>
        <b>UMAP X:</b> 9.128638<br>
        <b>UMAP Y:</b> 9.215586<br>
        ]]>                
        
            </description>
            <styleUrl>#1919</styleUrl>
            <Point id="1917">
                <coordinates>-70.9480587,-34.4752852,0.0</coordinates>
            </Point>
        </Placemark>
        <Placemark id="1923">
            <name>20260108_073645.jpg</name>
            <description>
                
        
<![CDATA[
        <b>File:</b> 20260108_073645.jpg<br>
        <b>Site:</b> Santa Ines<br>
        <b>Camera:</b> Ground (Celular)<br>
        <b>Coordinates:</b> -34.475285, -70.948059<br>
        <b>UMAP X:</b> 10.680421<br>
        <b>UMAP Y:</b> 8.572271<br>
        ]]>                
        
            </description>
            <styleUrl>#1924</styleUrl>
            <Point id="1922">
                <coordinates>-70.9480587,-34.4752852,0.0</coordinates>
            </Point>
        </Placemark>
        <Placemark id="1928">
            <name>20260108_073653.jpg</name>
            <description>
                
        
<![CDATA[
        <b>File:</b> 20260108_073653.jpg<br>
        <b>Site:</b> Santa Ines<br>
        <b>Camera:</b> Ground (Celular)<br>
        <b>Coordinates:</b> -34.475285, -70.948059<br>
        <b>UMAP X:</b> 11.127806<br>
        <b>UMAP Y:</b> 8.186929<br>
        ]]>                
        
            </description>
            <styleUrl>#1929</styleUrl>
            <Point id="1927">
                <coordinates>-70.9480587,-34.4752852,0.0</coordinates>
            </Point>
        </Placemark>
        <Placemark id="1933">
            <name>20260108_073701.jpg</name>
            <description>
                
        
<![CDATA[
        <b>File:</b> 20260108_073701.jpg<br>
        <b>Site:</b> Santa Ines<br>
        <b>Camera:</b> Ground (Celular)<br>
        <b>Coordinates:</b> -34.475285, -70.948059<br>
        <b>UMAP X:</b> 8.899078<br>
        <b>UMAP Y:</b> 11.626545<br>
        ]]>                
        
            </description>
            <styleUrl>#1934</styleUrl>
            <Point id="1932">
                <coordinates>-70.9480587,-34.4752852,0.0</coordinates>
            </Point>
        </Placemark>
        <Placemark id="1938">
            <name>20260108_073707.jpg</name>
            <description>
                
        
<![CDATA[
        <b>File:</b> 20260108_073707.jpg<br>
        <b>Site:</b> Santa Ines<br>
        <b>Camera:</b> Ground (Celular)<br>
        <b>Coordinates:</b> -34.475285, -70.948059<br>
        <b>UMAP X:</b> 10.411862<br>
        <b>UMAP Y:</b> 8.536546<br>
        ]]>                
        
            </description>
            <styleUrl>#1939</styleUrl>
            <Point id="1937">
                <coordinates>-70.9480587,-34.4752852,0.0</coordinates>
            </Point>
        </Placemark>
        <Placemark id="1943">
            <name>20260108_073718.jpg</name>
            <description>
                
        
<![CDATA[
        <b>File:</b> 20260108_073718.jpg<br>
        <b>Site:</b> Santa Ines<br>
        <b>Camera:</b> Ground (Celular)<br>
        <b>Coordinates:</b> -34.475209, -70.948326<br>
        <b>UMAP X:</b> 10.145301<br>
        <b>UMAP Y:</b> 9.14568<br>
        ]]>                
        
            </description>
            <styleUrl>#1944</styleUrl>
            <Point id="1942">
                <coordinates>-70.9483259,-34.4752091,0.0</coordinates>
            </Point>
        </Placemark>
        <Placemark id="1948">
            <name>20260108_073720.jpg</name>
            <description>
                
        
<![CDATA[
        <b>File:</b> 20260108_073720.jpg<br>
        <b>Site:</b> Santa Ines<br>
        <b>Camera:</b> Ground (Celular)<br>
        <b>Coordinates:</b> -34.475209, -70.948326<br>
        <b>UMAP X:</b> 9.453819<br>
        <b>UMAP Y:</b> 11.654167<br>
        ]]>                
        
            </description>
            <styleUrl>#1949</styleUrl>
            <Point id="1947">
                <coordinates>-70.9483259,-34.4752091,0.0</coordinates>
            </Point>
        </Placemark>
        <Placemark id="1953">
            <name>20260108_073725.jpg</name>
            <description>
                
        
<![CDATA[
        <b>File:</b> 20260108_073725.jpg<br>
        <b>Site:</b> Santa Ines<br>
        <b>Camera:</b> Ground (Celular)<br>
        <b>Coordinates:</b> -34.475209, -70.948326<br>
        <b>UMAP X:</b> 11.201736<br>
        <b>UMAP Y:</b> 8.567978<br>
        ]]>                
        
            </description>
            <styleUrl>#1954</styleUrl>
            <Point id="1952">
                <coordinates>-70.9483259,-34.4752091,0.0</coordinates>
            </Point>
        </Placemark>
        <Placemark id="1958">
            <name>20260108_073728.jpg</name>
            <description>
                
        
<![CDATA[
        <b>File:</b> 20260108_073728.jpg<br>
        <b>Site:</b> Santa Ines<br>
        <b>Camera:</b> Ground (Celular)<br>
        <b>Coordinates:</b> -34.475209, -70.948326<br>
        <b>UMAP X:</b> 10.320789<br>
        <b>UMAP Y:</b> 10.284931<br>
        ]]>                
        
            </description>
            <styleUrl>#1959</styleUrl>
            <Point id="1957">
                <coordinates>-70.9483259,-34.4752091,0.0</coordinates>
            </Point>
        </Placemark>
        <Placemark id="1963">
            <name>20260108_073735.jpg</name>
            <description>
                
        
<![CDATA[
        <b>File:</b> 20260108_073735.jpg<br>
        <b>Site:</b> Santa Ines<br>
        <b>Camera:</b> Ground (Celular)<br>
        <b>Coordinates:</b> -34.475209, -70.948326<br>
        <b>UMAP X:</b> 8.232701<br>
        <b>UMAP Y:</b> 10.936534<br>
        ]]>                
        
            </description>
            <styleUrl>#1964</styleUrl>
            <Point id="1962">
                <coordinates>-70.9483259,-34.4752091,0.0</coordinates>
            </Point>
        </Placemark>
        <Placemark id="1968">
            <name>20260108_073738.jpg</name>
            <description>
                
        
<![CDATA[
        <b>File:</b> 20260108_073738.jpg<br>
        <b>Site:</b> Santa Ines<br>
        <b>Camera:</b> Ground (Celular)<br>
        <b>Coordinates:</b> -34.475209, -70.948326<br>
        <b>UMAP X:</b> 8.10261<br>
        <b>UMAP Y:</b> 10.159953<br>
        ]]>                
        
            </description>
            <styleUrl>#1969</styleUrl>
            <Point id="1967">
                <coordinates>-70.9483259,-34.4752091,0.0</coordinates>
            </Point>
        </Placemark>
        <Placemark id="1973">
            <name>20260108_073744.jpg</name>
            <description>
                
        
<![CDATA[
        <b>File:</b> 20260108_073744.jpg<br>
        <b>Site:</b> Santa Ines<br>
        <b>Camera:</b> Ground (Celular)<br>
        <b>Coordinates:</b> -34.475209, -70.948326<br>
        <b>UMAP X:</b> 8.470594<br>
        <b>UMAP Y:</b> 9.158318<br>
        ]]>                
        
            </description>
            <styleUrl>#1974</styleUrl>
            <Point id="1972">
                <coordinates>-70.9483259,-34.4752091,0.0</coordinates>
            </Point>
        </Placemark>
        <Placemark id="1978">
            <name>20260108_073754.jpg</name>
            <description>
                
        
<![CDATA[
        <b>File:</b> 20260108_073754.jpg<br>
        <b>Site:</b> Santa Ines<br>
        <b>Camera:</b> Ground (Celular)<br>
        <b>Coordinates:</b> -34.475209, -70.948326<br>
        <b>UMAP X:</b> 8.899077<br>
        <b>UMAP Y:</b> 9.05031<br>
        ]]>                
        
            </description>
            <styleUrl>#1979</styleUrl>
            <Point id="1977">
                <coordinates>-70.9483259,-34.4752091,0.0</coordinates>
            </Point>
        </Placemark>
        <Placemark id="1983">
            <name>20260108_073757.jpg</name>
            <description>
                
        
<![CDATA[
        <b>File:</b> 20260108_073757.jpg<br>
        <b>Site:</b> Santa Ines<br>
        <b>Camera:</b> Ground (Celular)<br>
        <b>Coordinates:</b> -34.475209, -70.948326<br>
        <b>UMAP X:</b> 7.823814<br>
        <b>UMAP Y:</b> 9.435293<br>
        ]]>                
        
            </description>
            <styleUrl>#1984</styleUrl>
            <Point id="1982">
                <coordinates>-70.9483259,-34.4752091,0.0</coordinates>
            </Point>
        </Placemark>
        <Placemark id="1988">
            <name>20260108_073800.jpg</name>
            <description>
                
        
<![CDATA[
        <b>File:</b> 20260108_073800.jpg<br>
        <b>Site:</b> Santa Ines<br>
        <b>Camera:</b> Ground (Celular)<br>
        <b>Coordinates:</b> -34.475209, -70.948326<br>
        <b>UMAP X:</b> 10.215214<br>
        <b>UMAP Y:</b> 11.276648<br>
        ]]>                
        
            </description>
            <styleUrl>#1989</styleUrl>
            <Point id="1987">
                <coordinates>-70.9483259,-34.4752091,0.0</coordinates>
            </Point>
        </Placemark>
        <Placemark id="1993">
            <name>20260108_073806.jpg</name>
            <description>
                
        
<![CDATA[
        <b>File:</b> 20260108_073806.jpg<br>
        <b>Site:</b> Santa Ines<br>
        <b>Camera:</b> Ground (Celular)<br>
        <b>Coordinates:</b> -34.475142, -70.948598<br>
        <b>UMAP X:</b> 7.909956<br>
        <b>UMAP Y:</b> 10.590808<br>
        ]]>                
        
            </description>
            <styleUrl>#1994</styleUrl>
            <Point id="1992">
                <coordinates>-70.94859789972223,-34.475141899722225,0.0</coordinates>
            </Point>
        </Placemark>
        <Placemark id="1998">
            <name>20260108_073810.jpg</name>
            <description>
                
        
<![CDATA[
        <b>File:</b> 20260108_073810.jpg<br>
        <b>Site:</b> Santa Ines<br>
        <b>Camera:</b> Ground (Celular)<br>
        <b>Coordinates:</b> -34.475142, -70.948598<br>
        <b>UMAP X:</b> 7.7610784<br>
        <b>UMAP Y:</b> 9.5279455<br>
        ]]>                
        
            </description>
            <styleUrl>#1999</styleUrl>
            <Point id="1997">
                <coordinates>-70.94859789972223,-34.475141899722225,0.0</coordinates>
            </Point>
        </Placemark>
        <Placemark id="2003">
            <name>20260108_073814.jpg</name>
            <description>
                
        
<![CDATA[
        <b>File:</b> 20260108_073814.jpg<br>
        <b>Site:</b> Santa Ines<br>
        <b>Camera:</b> Ground (Celular)<br>
        <b>Coordinates:</b> -34.475142, -70.948598<br>
        <b>UMAP X:</b> 9.580665<br>
        <b>UMAP Y:</b> 9.476301<br>
        ]]>                
        
            </description>
            <styleUrl>#2004</styleUrl>
            <Point id="2002">
                <coordinates>-70.94859789972223,-34.475141899722225,0.0</coordinates>
            </Point>
        </Placemark>
        <Placemark id="2008">
            <name>20260108_073818.jpg</name>
            <description>
                
        
<![CDATA[
        <b>File:</b> 20260108_073818.jpg<br>
        <b>Site:</b> Santa Ines<br>
        <b>Camera:</b> Ground (Celular)<br>
        <b>Coordinates:</b> -34.475142, -70.948598<br>
        <b>UMAP X:</b> 9.961489<br>
        <b>UMAP Y:</b> 9.659482<br>
        ]]>                
        
            </description>
            <styleUrl>#2009</styleUrl>
            <Point id="2007">
                <coordinates>-70.94859789972223,-34.475141899722225,0.0</coordinates>
            </Point>
        </Placemark>
        <Placemark id="2013">
            <name>20260108_073821.jpg</name>
            <description>
                
        
<![CDATA[
        <b>File:</b> 20260108_073821.jpg<br>
        <b>Site:</b> Santa Ines<br>
        <b>Camera:</b> Ground (Celular)<br>
        <b>Coordinates:</b> -34.475142, -70.948598<br>
        <b>UMAP X:</b> 9.73528<br>
        <b>UMAP Y:</b> 10.904394<br>
        ]]>                
        
            </description>
            <styleUrl>#2014</styleUrl>
            <Point id="2012">
                <coordinates>-70.94859789972223,-34.475141899722225,0.0</coordinates>
            </Point>
        </Placemark>
        <Placemark id="2018">
            <name>20260108_073835.jpg</name>
            <description>
                
        
<![CDATA[
        <b>File:</b> 20260108_073835.jpg<br>
        <b>Site:</b> Santa Ines<br>
        <b>Camera:</b> Ground (Celular)<br>
        <b>Coordinates:</b> -34.475142, -70.948598<br>
        <b>UMAP X:</b> 8.590006<br>
        <b>UMAP Y:</b> 10.331991<br>
        ]]>                
        
            </description>
            <styleUrl>#2019</styleUrl>
            <Point id="2017">
                <coordinates>-70.94859789972223,-34.475141899722225,0.0</coordinates>
            </Point>
        </Placemark>
        <Placemark id="2023">
            <name>20260108_073837.jpg</name>
            <description>
                
        
<![CDATA[
        <b>File:</b> 20260108_073837.jpg<br>
        <b>Site:</b> Santa Ines<br>
        <b>Camera:</b> Ground (Celular)<br>
        <b>Coordinates:</b> -34.475142, -70.948598<br>
        <b>UMAP X:</b> 10.742909<br>
        <b>UMAP Y:</b> 8.372612<br>
        ]]>                
        
            </description>
            <styleUrl>#2024</styleUrl>
            <Point id="2022">
                <coordinates>-70.94859789972223,-34.475141899722225,0.0</coordinates>
            </Point>
        </Placemark>
        <Placemark id="2028">
            <name>20260108_073839.jpg</name>
            <description>
                
        
<![CDATA[
        <b>File:</b> 20260108_073839.jpg<br>
        <b>Site:</b> Santa Ines<br>
        <b>Camera:</b> Ground (Celular)<br>
        <b>Coordinates:</b> -34.475142, -70.948598<br>
        <b>UMAP X:</b> 8.339244<br>
        <b>UMAP Y:</b> 10.949019<br>
        ]]>                
        
            </description>
            <styleUrl>#2029</styleUrl>
            <Point id="2027">
                <coordinates>-70.94859789972223,-34.475141899722225,0.0</coordinates>
            </Point>
        </Placemark>
        <Placemark id="2033">
            <name>20260108_073842.jpg</name>
            <description>
                
        
<![CDATA[
        <b>File:</b> 20260108_073842.jpg<br>
        <b>Site:</b> Santa Ines<br>
        <b>Camera:</b> Ground (Celular)<br>
        <b>Coordinates:</b> -34.475142, -70.948598<br>
        <b>UMAP X:</b> 9.224236<br>
        <b>UMAP Y:</b> 9.843634<br>
        ]]>                
        
            </description>
            <styleUrl>#2034</styleUrl>
            <Point id="2032">
                <coordinates>-70.94859789972223,-34.475141899722225,0.0</coordinates>
            </Point>
        </Placemark>
        <Placemark id="2038">
            <name>20260108_073853.jpg</name>
            <description>
                
        
<![CDATA[
        <b>File:</b> 20260108_073853.jpg<br>
        <b>Site:</b> Santa Ines<br>
        <b>Camera:</b> Ground (Celular)<br>
        <b>Coordinates:</b> -34.475061, -70.948886<br>
        <b>UMAP X:</b> 7.764862<br>
        <b>UMAP Y:</b> 11.050404<br>
        ]]>                
        
            </description>
            <styleUrl>#2039</styleUrl>
            <Point id="2037">
                <coordinates>-70.9488857,-34.47506119972223,0.0</coordinates>
            </Point>
        </Placemark>
        <Placemark id="2043">
            <name>20260108_073857.jpg</name>
            <description>
                
        
<![CDATA[
        <b>File:</b> 20260108_073857.jpg<br>
        <b>Site:</b> Santa Ines<br>
        <b>Camera:</b> Ground (Celular)<br>
        <b>Coordinates:</b> -34.475061, -70.948886<br>
        <b>UMAP X:</b> 8.06101<br>
        <b>UMAP Y:</b> 10.420671<br>
        ]]>                
        
            </description>
            <styleUrl>#2044</styleUrl>
            <Point id="2042">
                <coordinates>-70.9488857,-34.47506119972223,0.0</coordinates>
            </Point>
        </Placemark>
        <Placemark id="2048">
            <name>20260108_073905.jpg</name>
            <description>
                
        
<![CDATA[
        <b>File:</b> 20260108_073905.jpg<br>
        <b>Site:</b> Santa Ines<br>
        <b>Camera:</b> Ground (Celular)<br>
        <b>Coordinates:</b> -34.475061, -70.948886<br>
        <b>UMAP X:</b> 9.79395<br>
        <b>UMAP Y:</b> 11.168612<br>
        ]]>                
        
            </description>
            <styleUrl>#2049</styleUrl>
            <Point id="2047">
                <coordinates>-70.9488857,-34.47506119972223,0.0</coordinates>
            </Point>
        </Placemark>
        <Placemark id="2053">
            <name>20260108_073917.jpg</name>
            <description>
                
        
<![CDATA[
        <b>File:</b> 20260108_073917.jpg<br>
        <b>Site:</b> Santa Ines<br>
        <b>Camera:</b> Ground (Celular)<br>
        <b>Coordinates:</b> -34.475061, -70.948886<br>
        <b>UMAP X:</b> 8.493131<br>
        <b>UMAP Y:</b> 10.748644<br>
        ]]>                
        
            </description>
            <styleUrl>#2054</styleUrl>
            <Point id="2052">
                <coordinates>-70.9488857,-34.47506119972223,0.0</coordinates>
            </Point>
        </Placemark>
        <Placemark id="2058">
            <name>20260108_073921.jpg</name>
            <description>
                
        
<![CDATA[
        <b>File:</b> 20260108_073921.jpg<br>
        <b>Site:</b> Santa Ines<br>
        <b>Camera:</b> Ground (Celular)<br>
        <b>Coordinates:</b> -34.475061, -70.948886<br>
        <b>UMAP X:</b> 9.540038<br>
        <b>UMAP Y:</b> 10.92516<br>
        ]]>                
        
            </description>
            <styleUrl>#2059</styleUrl>
            <Point id="2057">
                <coordinates>-70.9488857,-34.47506119972223,0.0</coordinates>
            </Point>
        </Placemark>
        <Placemark id="2063">
            <name>20260108_073926.jpg</name>
            <description>
                
        
<![CDATA[
        <b>File:</b> 20260108_073926.jpg<br>
        <b>Site:</b> Santa Ines<br>
        <b>Camera:</b> Ground (Celular)<br>
        <b>Coordinates:</b> -34.475061, -70.948886<br>
        <b>UMAP X:</b> 8.789501<br>
        <b>UMAP Y:</b> 11.739195<br>
        ]]>                
        
            </description>
            <styleUrl>#2064</styleUrl>
            <Point id="2062">
                <coordinates>-70.9488857,-34.47506119972223,0.0</coordinates>
            </Point>
        </Placemark>
        <Placemark id="2068">
            <name>20260108_073928.jpg</name>
            <description>
                
        
<![CDATA[
        <b>File:</b> 20260108_073928.jpg<br>
        <b>Site:</b> Santa Ines<br>
        <b>Camera:</b> Ground (Celular)<br>
        <b>Coordinates:</b> -34.475061, -70.948886<br>
        <b>UMAP X:</b> 9.308129<br>
        <b>UMAP Y:</b> 11.251164<br>
        ]]>                
        
            </description>
            <styleUrl>#2069</styleUrl>
            <Point id="2067">
                <coordinates>-70.9488857,-34.47506119972223,0.0</coordinates>
            </Point>
        </Placemark>
        <Placemark id="2073">
            <name>20260108_073932.jpg</name>
            <description>
                
        
<![CDATA[
        <b>File:</b> 20260108_073932.jpg<br>
        <b>Site:</b> Santa Ines<br>
        <b>Camera:</b> Ground (Celular)<br>
        <b>Coordinates:</b> -34.475061, -70.948886<br>
        <b>UMAP X:</b> 9.030856<br>
        <b>UMAP Y:</b> 11.25885<br>
        ]]>                
        
            </description>
            <styleUrl>#2074</styleUrl>
            <Point id="2072">
                <coordinates>-70.9488857,-34.47506119972223,0.0</coordinates>
            </Point>
        </Placemark>
        <Placemark id="2078">
            <name>20260108_073940.jpg</name>
            <description>
                
        
<![CDATA[
        <b>File:</b> 20260108_073940.jpg<br>
        <b>Site:</b> Santa Ines<br>
        <b>Camera:</b> Ground (Celular)<br>
        <b>Coordinates:</b> -34.474994, -70.949130<br>
        <b>UMAP X:</b> 8.603964<br>
        <b>UMAP Y:</b> 9.39527<br>
        ]]>                
        
            </description>
            <styleUrl>#2079</styleUrl>
            <Point id="2077">
                <coordinates>-70.94913049972223,-34.474994199722225,0.0</coordinates>
            </Point>
        </Placemark>
        <Placemark id="2083">
            <name>20260108_073947.jpg</name>
            <description>
                
        
<![CDATA[
        <b>File:</b> 20260108_073947.jpg<br>
        <b>Site:</b> Santa Ines<br>
        <b>Camera:</b> Ground (Celular)<br>
        <b>Coordinates:</b> -34.474994, -70.949132<br>
        <b>UMAP X:</b> 9.134326<br>
        <b>UMAP Y:</b> 11.519148<br>
        ]]>                
        
            </description>
            <styleUrl>#2084</styleUrl>
            <Point id="2082">
                <coordinates>-70.94913209972222,-34.4749938,0.0</coordinates>
            </Point>
        </Placemark>
        <Placemark id="2088">
            <name>20260108_073956.jpg</name>
            <description>
                
        
<![CDATA[
        <b>File:</b> 20260108_073956.jpg<br>
        <b>Site:</b> Santa Ines<br>
        <b>Camera:</b> Ground (Celular)<br>
        <b>Coordinates:</b> -34.474994, -70.949132<br>
        <b>UMAP X:</b> 8.417235<br>
        <b>UMAP Y:</b> 9.586119<br>
        ]]>                
        
            </description>
            <styleUrl>#2089</styleUrl>
            <Point id="2087">
                <coordinates>-70.94913209972222,-34.4749938,0.0</coordinates>
            </Point>
        </Placemark>
        <Placemark id="2093">
            <name>20260108_074011.jpg</name>
            <description>
                
        
<![CDATA[
        <b>File:</b> 20260108_074011.jpg<br>
        <b>Site:</b> Santa Ines<br>
        <b>Camera:</b> Ground (Celular)<br>
        <b>Coordinates:</b> -34.474994, -70.949132<br>
        <b>UMAP X:</b> 8.107302<br>
        <b>UMAP Y:</b> 10.780994<br>
        ]]>                
        
            </description>
            <styleUrl>#2094</styleUrl>
            <Point id="2092">
                <coordinates>-70.94913209972222,-34.4749938,0.0</coordinates>
            </Point>
        </Placemark>
        <Placemark id="2098">
            <name>20260108_074015.jpg</name>
            <description>
                
        
<![CDATA[
        <b>File:</b> 20260108_074015.jpg<br>
        <b>Site:</b> Santa Ines<br>
        <b>Camera:</b> Ground (Celular)<br>
        <b>Coordinates:</b> -34.474994, -70.949132<br>
        <b>UMAP X:</b> 8.995685<br>
        <b>UMAP Y:</b> 13.160235<br>
        ]]>                
        
            </description>
            <styleUrl>#2099</styleUrl>
            <Point id="2097">
                <coordinates>-70.94913209972222,-34.4749938,0.0</coordinates>
            </Point>
        </Placemark>
        <Placemark id="2103">
            <name>20260108_074032.jpg</name>
            <description>
                
        
<![CDATA[
        <b>File:</b> 20260108_074032.jpg<br>
        <b>Site:</b> Santa Ines<br>
        <b>Camera:</b> Ground (Celular)<br>
        <b>Coordinates:</b> -34.474942, -70.949350<br>
        <b>UMAP X:</b> 9.5945015<br>
        <b>UMAP Y:</b> 11.056696<br>
        ]]>                
        
            </description>
            <styleUrl>#2104</styleUrl>
            <Point id="2102">
                <coordinates>-70.94934999972223,-34.4749422,0.0</coordinates>
            </Point>
        </Placemark>
        <Placemark id="2108">
            <name>20260108_074036.jpg</name>
            <description>
                
        
<![CDATA[
        <b>File:</b> 20260108_074036.jpg<br>
        <b>Site:</b> Santa Ines<br>
        <b>Camera:</b> Ground (Celular)<br>
        <b>Coordinates:</b> -34.474942, -70.949350<br>
        <b>UMAP X:</b> 8.930214<br>
        <b>UMAP Y:</b> 10.472943<br>
        ]]>                
        
            </description>
            <styleUrl>#2109</styleUrl>
            <Point id="2107">
                <coordinates>-70.94934999972223,-34.4749422,0.0</coordinates>
            </Point>
        </Placemark>
        <Placemark id="2113">
            <name>20260108_074040.jpg</name>
            <description>
                
        
<![CDATA[
        <b>File:</b> 20260108_074040.jpg<br>
        <b>Site:</b> Santa Ines<br>
        <b>Camera:</b> Ground (Celular)<br>
        <b>Coordinates:</b> -34.474942, -70.949350<br>
        <b>UMAP X:</b> 7.9651966<br>
        <b>UMAP Y:</b> 9.73816<br>
        ]]>                
        
            </description>
            <styleUrl>#2114</styleUrl>
            <Point id="2112">
                <coordinates>-70.94934999972223,-34.4749422,0.0</coordinates>
            </Point>
        </Placemark>
        <Placemark id="2118">
            <name>20260108_074044.jpg</name>
            <description>
                
        
<![CDATA[
        <b>File:</b> 20260108_074044.jpg<br>
        <b>Site:</b> Santa Ines<br>
        <b>Camera:</b> Ground (Celular)<br>
        <b>Coordinates:</b> -34.474942, -70.949350<br>
        <b>UMAP X:</b> 7.7461786<br>
        <b>UMAP Y:</b> 9.468173<br>
        ]]>                
        
            </description>
            <styleUrl>#2119</styleUrl>
            <Point id="2117">
                <coordinates>-70.94934999972223,-34.4749422,0.0</coordinates>
            </Point>
        </Placemark>
        <Placemark id="2123">
            <name>20260108_074046.jpg</name>
            <description>
                
        
<![CDATA[
        <b>File:</b> 20260108_074046.jpg<br>
        <b>Site:</b> Santa Ines<br>
        <b>Camera:</b> Ground (Celular)<br>
        <b>Coordinates:</b> -34.474942, -70.949350<br>
        <b>UMAP X:</b> 9.168773<br>
        <b>UMAP Y:</b> 8.289398<br>
        ]]>                
        
            </description>
            <styleUrl>#2124</styleUrl>
            <Point id="2122">
                <coordinates>-70.94934999972223,-34.4749422,0.0</coordinates>
            </Point>
        </Placemark>
        <Placemark id="2128">
            <name>20260108_074049.jpg</name>
            <description>
                
        
<![CDATA[
        <b>File:</b> 20260108_074049.jpg<br>
        <b>Site:</b> Santa Ines<br>
        <b>Camera:</b> Ground (Celular)<br>
        <b>Coordinates:</b> -34.474942, -70.949350<br>
        <b>UMAP X:</b> 9.656478<br>
        <b>UMAP Y:</b> 10.698331<br>
        ]]>                
        
            </description>
            <styleUrl>#2129</styleUrl>
            <Point id="2127">
                <coordinates>-70.94934999972223,-34.4749422,0.0</coordinates>
            </Point>
        </Placemark>
        <Placemark id="2133">
            <name>20260108_074051.jpg</name>
            <description>
                
        
<![CDATA[
        <b>File:</b> 20260108_074051.jpg<br>
        <b>Site:</b> Santa Ines<br>
        <b>Camera:</b> Ground (Celular)<br>
        <b>Coordinates:</b> -34.474942, -70.949350<br>
        <b>UMAP X:</b> 8.369569<br>
        <b>UMAP Y:</b> 10.088044<br>
        ]]>                
        
            </description>
            <styleUrl>#2134</styleUrl>
            <Point id="2132">
                <coordinates>-70.94934999972223,-34.4749422,0.0</coordinates>
            </Point>
        </Placemark>
        <Placemark id="2138">
            <name>20260108_074057.jpg</name>
            <description>
                
        
<![CDATA[
        <b>File:</b> 20260108_074057.jpg<br>
        <b>Site:</b> Santa Ines<br>
        <b>Camera:</b> Ground (Celular)<br>
        <b>Coordinates:</b> -34.474942, -70.949350<br>
        <b>UMAP X:</b> 9.830684<br>
        <b>UMAP Y:</b> 9.8821125<br>
        ]]>                
        
            </description>
            <styleUrl>#2139</styleUrl>
            <Point id="2137">
                <coordinates>-70.94934999972223,-34.4749422,0.0</coordinates>
            </Point>
        </Placemark>
        <Placemark id="2143">
            <name>20260108_074059.jpg</name>
            <description>
                
        
<![CDATA[
        <b>File:</b> 20260108_074059.jpg<br>
        <b>Site:</b> Santa Ines<br>
        <b>Camera:</b> Ground (Celular)<br>
        <b>Coordinates:</b> -34.474942, -70.949350<br>
        <b>UMAP X:</b> 10.523098<br>
        <b>UMAP Y:</b> 8.862319<br>
        ]]>                
        
            </description>
            <styleUrl>#2144</styleUrl>
            <Point id="2142">
                <coordinates>-70.94934999972223,-34.4749422,0.0</coordinates>
            </Point>
        </Placemark>
        <Placemark id="2148">
            <name>20260108_074102.jpg</name>
            <description>
                
        
<![CDATA[
        <b>File:</b> 20260108_074102.jpg<br>
        <b>Site:</b> Santa Ines<br>
        <b>Camera:</b> Ground (Celular)<br>
        <b>Coordinates:</b> -34.474942, -70.949350<br>
        <b>UMAP X:</b> 9.85455<br>
        <b>UMAP Y:</b> 8.919131<br>
        ]]>                
        
            </description>
            <styleUrl>#2149</styleUrl>
            <Point id="2147">
                <coordinates>-70.94934999972223,-34.4749422,0.0</coordinates>
            </Point>
        </Placemark>
        <Placemark id="2153">
            <name>20260108_074104.jpg</name>
            <description>
                
        
<![CDATA[
        <b>File:</b> 20260108_074104.jpg<br>
        <b>Site:</b> Santa Ines<br>
        <b>Camera:</b> Ground (Celular)<br>
        <b>Coordinates:</b> -34.474942, -70.949350<br>
        <b>UMAP X:</b> 10.595147<br>
        <b>UMAP Y:</b> 8.347959<br>
        ]]>                
        
            </description>
            <styleUrl>#2154</styleUrl>
            <Point id="2152">
                <coordinates>-70.94934999972223,-34.4749422,0.0</coordinates>
            </Point>
        </Placemark>
        <Placemark id="2158">
            <name>20260108_074108.jpg</name>
            <description>
                
        
<![CDATA[
        <b>File:</b> 20260108_074108.jpg<br>
        <b>Site:</b> Santa Ines<br>
        <b>Camera:</b> Ground (Celular)<br>
        <b>Coordinates:</b> -34.474942, -70.949350<br>
        <b>UMAP X:</b> 11.11354<br>
        <b>UMAP Y:</b> 8.098427<br>
        ]]>                
        
            </description>
            <styleUrl>#2159</styleUrl>
            <Point id="2157">
                <coordinates>-70.94934999972223,-34.4749422,0.0</coordinates>
            </Point>
        </Placemark>
        <Placemark id="2163">
            <name>20260108_074113.jpg</name>
            <description>
                
        
<![CDATA[
        <b>File:</b> 20260108_074113.jpg<br>
        <b>Site:</b> Santa Ines<br>
        <b>Camera:</b> Ground (Celular)<br>
        <b>Coordinates:</b> -34.474942, -70.949350<br>
        <b>UMAP X:</b> 8.896084<br>
        <b>UMAP Y:</b> 11.31837<br>
        ]]>                
        
            </description>
            <styleUrl>#2164</styleUrl>
            <Point id="2162">
                <coordinates>-70.94934999972223,-34.4749422,0.0</coordinates>
            </Point>
        </Placemark>
        <Placemark id="2168">
            <name>20260108_074116.jpg</name>
            <description>
                
        
<![CDATA[
        <b>File:</b> 20260108_074116.jpg<br>
        <b>Site:</b> Santa Ines<br>
        <b>Camera:</b> Ground (Celular)<br>
        <b>Coordinates:</b> -34.474942, -70.949350<br>
        <b>UMAP X:</b> 9.530307<br>
        <b>UMAP Y:</b> 11.113609<br>
        ]]>                
        
            </description>
            <styleUrl>#2169</styleUrl>
            <Point id="2167">
                <coordinates>-70.94934999972223,-34.4749422,0.0</coordinates>
            </Point>
        </Placemark>
        <Placemark id="2173">
            <name>20260108_074125.jpg</name>
            <description>
                
        
<![CDATA[
        <b>File:</b> 20260108_074125.jpg<br>
        <b>Site:</b> Santa Ines<br>
        <b>Camera:</b> Ground (Celular)<br>
        <b>Coordinates:</b> -34.474843, -70.949603<br>
        <b>UMAP X:</b> 8.336476<br>
        <b>UMAP Y:</b> 11.416821<br>
        ]]>                
        
            </description>
            <styleUrl>#2174</styleUrl>
            <Point id="2172">
                <coordinates>-70.94960269972222,-34.474842899722226,0.0</coordinates>
            </Point>
        </Placemark>
        <Placemark id="2178">
            <name>20260108_074128.jpg</name>
            <description>
                
        
<![CDATA[
        <b>File:</b> 20260108_074128.jpg<br>
        <b>Site:</b> Santa Ines<br>
        <b>Camera:</b> Ground (Celular)<br>
        <b>Coordinates:</b> -34.474862, -70.949649<br>
        <b>UMAP X:</b> 8.855456<br>
        <b>UMAP Y:</b> 8.192248<br>
        ]]>                
        
            </description>
            <styleUrl>#2179</styleUrl>
            <Point id="2177">
                <coordinates>-70.94964899972223,-34.474861699722226,0.0</coordinates>
            </Point>
        </Placemark>
        <Placemark id="2183">
            <name>20260108_074134.jpg</name>
            <description>
                
        
<![CDATA[
        <b>File:</b> 20260108_074134.jpg<br>
        <b>Site:</b> Santa Ines<br>
        <b>Camera:</b> Ground (Celular)<br>
        <b>Coordinates:</b> -34.474862, -70.949649<br>
        <b>UMAP X:</b> 8.02828<br>
        <b>UMAP Y:</b> 9.702199<br>
        ]]>                
        
            </description>
            <styleUrl>#2184</styleUrl>
            <Point id="2182">
                <coordinates>-70.94964899972223,-34.474861699722226,0.0</coordinates>
            </Point>
        </Placemark>
        <Placemark id="2188">
            <name>20260108_074142.jpg</name>
            <description>
                
        
<![CDATA[
        <b>File:</b> 20260108_074142.jpg<br>
        <b>Site:</b> Santa Ines<br>
        <b>Camera:</b> Ground (Celular)<br>
        <b>Coordinates:</b> -34.474862, -70.949649<br>
        <b>UMAP X:</b> 9.32038<br>
        <b>UMAP Y:</b> 8.448021<br>
        ]]>                
        
            </description>
            <styleUrl>#2189</styleUrl>
            <Point id="2187">
                <coordinates>-70.94964899972223,-34.474861699722226,0.0</coordinates>
            </Point>
        </Placemark>
        <Placemark id="2193">
            <name>20260108_074146.jpg</name>
            <description>
                
        
<![CDATA[
        <b>File:</b> 20260108_074146.jpg<br>
        <b>Site:</b> Santa Ines<br>
        <b>Camera:</b> Ground (Celular)<br>
        <b>Coordinates:</b> -34.474862, -70.949649<br>
        <b>UMAP X:</b> 9.281406<br>
        <b>UMAP Y:</b> 9.538532<br>
        ]]>                
        
            </description>
            <styleUrl>#2194</styleUrl>
            <Point id="2192">
                <coordinates>-70.94964899972223,-34.474861699722226,0.0</coordinates>
            </Point>
        </Placemark>
        <Placemark id="2198">
            <name>20260108_074149.jpg</name>
            <description>
                
        
<![CDATA[
        <b>File:</b> 20260108_074149.jpg<br>
        <b>Site:</b> Santa Ines<br>
        <b>Camera:</b> Ground (Celular)<br>
        <b>Coordinates:</b> -34.474862, -70.949649<br>
        <b>UMAP X:</b> 10.573721<br>
        <b>UMAP Y:</b> 8.215108<br>
        ]]>                
        
            </description>
            <styleUrl>#2199</styleUrl>
            <Point id="2197">
                <coordinates>-70.94964899972223,-34.474861699722226,0.0</coordinates>
            </Point>
        </Placemark>
        <Placemark id="2203">
            <name>20260108_074157.jpg</name>
            <description>
                
        
<![CDATA[
        <b>File:</b> 20260108_074157.jpg<br>
        <b>Site:</b> Santa Ines<br>
        <b>Camera:</b> Ground (Celular)<br>
        <b>Coordinates:</b> -34.474862, -70.949649<br>
        <b>UMAP X:</b> 8.697542<br>
        <b>UMAP Y:</b> 10.220304<br>
        ]]>                
        
            </description>
            <styleUrl>#2204</styleUrl>
            <Point id="2202">
                <coordinates>-70.94964899972223,-34.474861699722226,0.0</coordinates>
            </Point>
        </Placemark>
        <Placemark id="2208">
            <name>20260108_074206.jpg</name>
            <description>
                
        
<![CDATA[
        <b>File:</b> 20260108_074206.jpg<br>
        <b>Site:</b> Santa Ines<br>
        <b>Camera:</b> Ground (Celular)<br>
        <b>Coordinates:</b> -34.474862, -70.949649<br>
        <b>UMAP X:</b> 9.312127<br>
        <b>UMAP Y:</b> 8.20021<br>
        ]]>                
        
            </description>
            <styleUrl>#2209</styleUrl>
            <Point id="2207">
                <coordinates>-70.94964899972223,-34.474861699722226,0.0</coordinates>
            </Point>
        </Placemark>
        <Placemark id="2213">
            <name>20260108_074211.jpg</name>
            <description>
                
        
<![CDATA[
        <b>File:</b> 20260108_074211.jpg<br>
        <b>Site:</b> Santa Ines<br>
        <b>Camera:</b> Ground (Celular)<br>
        <b>Coordinates:</b> -34.474862, -70.949649<br>
        <b>UMAP X:</b> 8.604289<br>
        <b>UMAP Y:</b> 10.380118<br>
        ]]>                
        
            </description>
            <styleUrl>#2214</styleUrl>
            <Point id="2212">
                <coordinates>-70.94964899972223,-34.474861699722226,0.0</coordinates>
            </Point>
        </Placemark>
        <Placemark id="2218">
            <name>20260108_074213.jpg</name>
            <description>
                
        
<![CDATA[
        <b>File:</b> 20260108_074213.jpg<br>
        <b>Site:</b> Santa Ines<br>
        <b>Camera:</b> Ground (Celular)<br>
        <b>Coordinates:</b> -34.474862, -70.949649<br>
        <b>UMAP X:</b> 8.72933<br>
        <b>UMAP Y:</b> 10.104818<br>
        ]]>                
        
            </description>
            <styleUrl>#2219</styleUrl>
            <Point id="2217">
                <coordinates>-70.94964899972223,-34.474861699722226,0.0</coordinates>
            </Point>
        </Placemark>
        <Placemark id="2223">
            <name>20260108_074221.jpg</name>
            <description>
                
        
<![CDATA[
        <b>File:</b> 20260108_074221.jpg<br>
        <b>Site:</b> Santa Ines<br>
        <b>Camera:</b> Ground (Celular)<br>
        <b>Coordinates:</b> -34.474785, -70.949886<br>
        <b>UMAP X:</b> 10.787866<br>
        <b>UMAP Y:</b> 9.227797<br>
        ]]>                
        
            </description>
            <styleUrl>#2224</styleUrl>
            <Point id="2222">
                <coordinates>-70.94988619972223,-34.47478519972223,0.0</coordinates>
            </Point>
        </Placemark>
        <Placemark id="2228">
            <name>20260108_074227.jpg</name>
            <description>
                
        
<![CDATA[
        <b>File:</b> 20260108_074227.jpg<br>
        <b>Site:</b> Santa Ines<br>
        <b>Camera:</b> Ground (Celular)<br>
        <b>Coordinates:</b> -34.474790, -70.949879<br>
        <b>UMAP X:</b> 10.316498<br>
        <b>UMAP Y:</b> 8.183337<br>
        ]]>                
        
            </description>
            <styleUrl>#2229</styleUrl>
            <Point id="2227">
                <coordinates>-70.9498789,-34.47479009972223,0.0</coordinates>
            </Point>
        </Placemark>
        <Placemark id="2233">
            <name>20260108_074232.jpg</name>
            <description>
                
        
<![CDATA[
        <b>File:</b> 20260108_074232.jpg<br>
        <b>Site:</b> Santa Ines<br>
        <b>Camera:</b> Ground (Celular)<br>
        <b>Coordinates:</b> -34.474790, -70.949879<br>
        <b>UMAP X:</b> 9.004831<br>
        <b>UMAP Y:</b> 8.391424<br>
        ]]>                
        
            </description>
            <styleUrl>#2234</styleUrl>
            <Point id="2232">
                <coordinates>-70.9498789,-34.47479009972223,0.0</coordinates>
            </Point>
        </Placemark>
        <Placemark id="2238">
            <name>20260108_074237.jpg</name>
            <description>
                
        
<![CDATA[
        <b>File:</b> 20260108_074237.jpg<br>
        <b>Site:</b> Santa Ines<br>
        <b>Camera:</b> Ground (Celular)<br>
        <b>Coordinates:</b> -34.474790, -70.949879<br>
        <b>UMAP X:</b> 9.103423<br>
        <b>UMAP Y:</b> 8.37584<br>
        ]]>                
        
            </description>
            <styleUrl>#2239</styleUrl>
            <Point id="2237">
                <coordinates>-70.9498789,-34.47479009972223,0.0</coordinates>
            </Point>
        </Placemark>
        <Placemark id="2243">
            <name>20260108_074244.jpg</name>
            <description>
                
        
<![CDATA[
        <b>File:</b> 20260108_074244.jpg<br>
        <b>Site:</b> Santa Ines<br>
        <b>Camera:</b> Ground (Celular)<br>
        <b>Coordinates:</b> -34.474790, -70.949879<br>
        <b>UMAP X:</b> 11.4550495<br>
        <b>UMAP Y:</b> 8.944567<br>
        ]]>                
        
            </description>
            <styleUrl>#2244</styleUrl>
            <Point id="2242">
                <coordinates>-70.9498789,-34.47479009972223,0.0</coordinates>
            </Point>
        </Placemark>
        <Placemark id="2248">
            <name>20260108_074251.jpg</name>
            <description>
                
        
<![CDATA[
        <b>File:</b> 20260108_074251.jpg<br>
        <b>Site:</b> Santa Ines<br>
        <b>Camera:</b> Ground (Celular)<br>
        <b>Coordinates:</b> -34.474790, -70.949879<br>
        <b>UMAP X:</b> 9.908595<br>
        <b>UMAP Y:</b> 8.198397<br>
        ]]>                
        
            </description>
            <styleUrl>#2249</styleUrl>
            <Point id="2247">
                <coordinates>-70.9498789,-34.47479009972223,0.0</coordinates>
            </Point>
        </Placemark>
        <Placemark id="2253">
            <name>20260108_074253.jpg</name>
            <description>
                
        
<![CDATA[
        <b>File:</b> 20260108_074253.jpg<br>
        <b>Site:</b> Santa Ines<br>
        <b>Camera:</b> Ground (Celular)<br>
        <b>Coordinates:</b> -34.474790, -70.949879<br>
        <b>UMAP X:</b> 8.048039<br>
        <b>UMAP Y:</b> 10.614832<br>
        ]]>                
        
            </description>
            <styleUrl>#2254</styleUrl>
            <Point id="2252">
                <coordinates>-70.9498789,-34.47479009972223,0.0</coordinates>
            </Point>
        </Placemark>
        <Placemark id="2258">
            <name>20260108_074300.jpg</name>
            <description>
                
        
<![CDATA[
        <b>File:</b> 20260108_074300.jpg<br>
        <b>Site:</b> Santa Ines<br>
        <b>Camera:</b> Ground (Celular)<br>
        <b>Coordinates:</b> -34.474790, -70.949879<br>
        <b>UMAP X:</b> 10.87219<br>
        <b>UMAP Y:</b> 10.608037<br>
        ]]>                
        
            </description>
            <styleUrl>#2259</styleUrl>
            <Point id="2257">
                <coordinates>-70.9498789,-34.47479009972223,0.0</coordinates>
            </Point>
        </Placemark>
        <Placemark id="2263">
            <name>20260108_074305.jpg</name>
            <description>
                
        
<![CDATA[
        <b>File:</b> 20260108_074305.jpg<br>
        <b>Site:</b> Santa Ines<br>
        <b>Camera:</b> Ground (Celular)<br>
        <b>Coordinates:</b> -34.474790, -70.949879<br>
        <b>UMAP X:</b> 10.366417<br>
        <b>UMAP Y:</b> 9.7545185<br>
        ]]>                
        
            </description>
            <styleUrl>#2264</styleUrl>
            <Point id="2262">
                <coordinates>-70.9498789,-34.47479009972223,0.0</coordinates>
            </Point>
        </Placemark>
        <Placemark id="2268">
            <name>20260108_074310.jpg</name>
            <description>
                
        
<![CDATA[
        <b>File:</b> 20260108_074310.jpg<br>
        <b>Site:</b> Santa Ines<br>
        <b>Camera:</b> Ground (Celular)<br>
        <b>Coordinates:</b> -34.474735, -70.950081<br>
        <b>UMAP X:</b> 9.047698<br>
        <b>UMAP Y:</b> 10.994166<br>
        ]]>                
        
            </description>
            <styleUrl>#2269</styleUrl>
            <Point id="2267">
                <coordinates>-70.9500809,-34.4747354,0.0</coordinates>
            </Point>
        </Placemark>
        <Placemark id="2273">
            <name>20260108_074315.jpg</name>
            <description>
                
        
<![CDATA[
        <b>File:</b> 20260108_074315.jpg<br>
        <b>Site:</b> Santa Ines<br>
        <b>Camera:</b> Ground (Celular)<br>
        <b>Coordinates:</b> -34.474735, -70.950081<br>
        <b>UMAP X:</b> 9.898647<br>
        <b>UMAP Y:</b> 10.582821<br>
        ]]>                
        
            </description>
            <styleUrl>#2274</styleUrl>
            <Point id="2272">
                <coordinates>-70.9500809,-34.4747354,0.0</coordinates>
            </Point>
        </Placemark>
        <Placemark id="2278">
            <name>20260108_074316.jpg</name>
            <description>
                
        
<![CDATA[
        <b>File:</b> 20260108_074316.jpg<br>
        <b>Site:</b> Santa Ines<br>
        <b>Camera:</b> Ground (Celular)<br>
        <b>Coordinates:</b> -34.474735, -70.950081<br>
        <b>UMAP X:</b> 8.129448<br>
        <b>UMAP Y:</b> 10.424504<br>
        ]]>                
        
            </description>
            <styleUrl>#2279</styleUrl>
            <Point id="2277">
                <coordinates>-70.9500809,-34.4747354,0.0</coordinates>
            </Point>
        </Placemark>
        <Placemark id="2283">
            <name>20260108_074322.jpg</name>
            <description>
                
        
<![CDATA[
        <b>File:</b> 20260108_074322.jpg<br>
        <b>Site:</b> Santa Ines<br>
        <b>Camera:</b> Ground (Celular)<br>
        <b>Coordinates:</b> -34.474735, -70.950081<br>
        <b>UMAP X:</b> 8.814052<br>
        <b>UMAP Y:</b> 10.690349<br>
        ]]>                
        
            </description>
            <styleUrl>#2284</styleUrl>
            <Point id="2282">
                <coordinates>-70.9500809,-34.4747354,0.0</coordinates>
            </Point>
        </Placemark>
        <Placemark id="2288">
            <name>20260108_074324.jpg</name>
            <description>
                
        
<![CDATA[
        <b>File:</b> 20260108_074324.jpg<br>
        <b>Site:</b> Santa Ines<br>
        <b>Camera:</b> Ground (Celular)<br>
        <b>Coordinates:</b> -34.474735, -70.950081<br>
        <b>UMAP X:</b> 8.941317<br>
        <b>UMAP Y:</b> 8.891748<br>
        ]]>                
        
            </description>
            <styleUrl>#2289</styleUrl>
            <Point id="2287">
                <coordinates>-70.9500809,-34.4747354,0.0</coordinates>
            </Point>
        </Placemark>
        <Placemark id="2293">
            <name>20260108_074350.jpg</name>
            <description>
                
        
<![CDATA[
        <b>File:</b> 20260108_074350.jpg<br>
        <b>Site:</b> Santa Ines<br>
        <b>Camera:</b> Ground (Celular)<br>
        <b>Coordinates:</b> -34.474735, -70.950081<br>
        <b>UMAP X:</b> 10.87296<br>
        <b>UMAP Y:</b> 9.702839<br>
        ]]>                
        
            </description>
            <styleUrl>#2294</styleUrl>
            <Point id="2292">
                <coordinates>-70.9500809,-34.4747354,0.0</coordinates>
            </Point>
        </Placemark>
        <Placemark id="2298">
            <name>20260108_074354.jpg</name>
            <description>
                
        
<![CDATA[
        <b>File:</b> 20260108_074354.jpg<br>
        <b>Site:</b> Santa Ines<br>
        <b>Camera:</b> Ground (Celular)<br>
        <b>Coordinates:</b> -34.474759, -70.950244<br>
        <b>UMAP X:</b> 10.14452<br>
        <b>UMAP Y:</b> 10.312658<br>
        ]]>                
        
            </description>
            <styleUrl>#2299</styleUrl>
            <Point id="2297">
                <coordinates>-70.9502442,-34.4747586,0.0</coordinates>
            </Point>
        </Placemark>
        <Placemark id="2303">
            <name>20260108_074400.jpg</name>
            <description>
                
        
<![CDATA[
        <b>File:</b> 20260108_074400.jpg<br>
        <b>Site:</b> Santa Ines<br>
        <b>Camera:</b> Ground (Celular)<br>
        <b>Coordinates:</b> -34.474720, -70.950236<br>
        <b>UMAP X:</b> 10.428723<br>
        <b>UMAP Y:</b> 10.161836<br>
        ]]>                
        
            </description>
            <styleUrl>#2304</styleUrl>
            <Point id="2302">
                <coordinates>-70.9502363,-34.474719899722224,0.0</coordinates>
            </Point>
        </Placemark>
        <Placemark id="2308">
            <name>20260108_074404.jpg</name>
            <description>
                
        
<![CDATA[
        <b>File:</b> 20260108_074404.jpg<br>
        <b>Site:</b> Santa Ines<br>
        <b>Camera:</b> Ground (Celular)<br>
        <b>Coordinates:</b> -34.474720, -70.950236<br>
        <b>UMAP X:</b> 10.366458<br>
        <b>UMAP Y:</b> 9.837458<br>
        ]]>                
        
            </description>
            <styleUrl>#2309</styleUrl>
            <Point id="2307">
                <coordinates>-70.9502363,-34.474719899722224,0.0</coordinates>
            </Point>
        </Placemark>
        <Placemark id="2313">
            <name>20260108_074412.jpg</name>
            <description>
                
        
<![CDATA[
        <b>File:</b> 20260108_074412.jpg<br>
        <b>Site:</b> Santa Ines<br>
        <b>Camera:</b> Ground (Celular)<br>
        <b>Coordinates:</b> -34.474720, -70.950236<br>
        <b>UMAP X:</b> 10.826653<br>
        <b>UMAP Y:</b> 9.924502<br>
        ]]>                
        
            </description>
            <styleUrl>#2314</styleUrl>
            <Point id="2312">
                <coordinates>-70.9502363,-34.474719899722224,0.0</coordinates>
            </Point>
        </Placemark>
        <Placemark id="2318">
            <name>20260108_074416.jpg</name>
            <description>
                
        
<![CDATA[
        <b>File:</b> 20260108_074416.jpg<br>
        <b>Site:</b> Santa Ines<br>
        <b>Camera:</b> Ground (Celular)<br>
        <b>Coordinates:</b> -34.474720, -70.950236<br>
        <b>UMAP X:</b> 10.691587<br>
        <b>UMAP Y:</b> 10.520782<br>
        ]]>                
        
            </description>
            <styleUrl>#2319</styleUrl>
            <Point id="2317">
                <coordinates>-70.9502363,-34.474719899722224,0.0</coordinates>
            </Point>
        </Placemark>
        <Placemark id="2323">
            <name>20260108_074422.jpg</name>
            <description>
                
        
<![CDATA[
        <b>File:</b> 20260108_074422.jpg<br>
        <b>Site:</b> Santa Ines<br>
        <b>Camera:</b> Ground (Celular)<br>
        <b>Coordinates:</b> -34.474720, -70.950236<br>
        <b>UMAP X:</b> 9.367274<br>
        <b>UMAP Y:</b> 8.354796<br>
        ]]>                
        
            </description>
            <styleUrl>#2324</styleUrl>
            <Point id="2322">
                <coordinates>-70.9502363,-34.474719899722224,0.0</coordinates>
            </Point>
        </Placemark>
        <Placemark id="2328">
            <name>20260108_074425.jpg</name>
            <description>
                
        
<![CDATA[
        <b>File:</b> 20260108_074425.jpg<br>
        <b>Site:</b> Santa Ines<br>
        <b>Camera:</b> Ground (Celular)<br>
        <b>Coordinates:</b> -34.474720, -70.950236<br>
        <b>UMAP X:</b> 10.62915<br>
        <b>UMAP Y:</b> 9.690509<br>
        ]]>                
        
            </description>
            <styleUrl>#2329</styleUrl>
            <Point id="2327">
                <coordinates>-70.9502363,-34.474719899722224,0.0</coordinates>
            </Point>
        </Placemark>
        <Placemark id="2333">
            <name>20260108_074441.jpg</name>
            <description>
                
        
<![CDATA[
        <b>File:</b> 20260108_074441.jpg<br>
        <b>Site:</b> Santa Ines<br>
        <b>Camera:</b> Ground (Celular)<br>
        <b>Coordinates:</b> -34.474720, -70.950236<br>
        <b>UMAP X:</b> 11.554747<br>
        <b>UMAP Y:</b> 8.974035<br>
        ]]>                
        
            </description>
            <styleUrl>#2334</styleUrl>
            <Point id="2332">
                <coordinates>-70.9502363,-34.474719899722224,0.0</coordinates>
            </Point>
        </Placemark>
        <Placemark id="2338">
            <name>20260108_074443.jpg</name>
            <description>
                
        
<![CDATA[
        <b>File:</b> 20260108_074443.jpg<br>
        <b>Site:</b> Santa Ines<br>
        <b>Camera:</b> Ground (Celular)<br>
        <b>Coordinates:</b> -34.474720, -70.950236<br>
        <b>UMAP X:</b> 10.584396<br>
        <b>UMAP Y:</b> 9.509336<br>
        ]]>                
        
            </description>
            <styleUrl>#2339</styleUrl>
            <Point id="2337">
                <coordinates>-70.9502363,-34.474719899722224,0.0</coordinates>
            </Point>
        </Placemark>
        <Placemark id="2343">
            <name>20260108_074450.jpg</name>
            <description>
                
        
<![CDATA[
        <b>File:</b> 20260108_074450.jpg<br>
        <b>Site:</b> Santa Ines<br>
        <b>Camera:</b> Ground (Celular)<br>
        <b>Coordinates:</b> -34.474720, -70.950236<br>
        <b>UMAP X:</b> 10.182695<br>
        <b>UMAP Y:</b> 10.272657<br>
        ]]>                
        
            </description>
            <styleUrl>#2344</styleUrl>
            <Point id="2342">
                <coordinates>-70.9502363,-34.474719899722224,0.0</coordinates>
            </Point>
        </Placemark>
        <Placemark id="2348">
            <name>20260108_074454.jpg</name>
            <description>
                
        
<![CDATA[
        <b>File:</b> 20260108_074454.jpg<br>
        <b>Site:</b> Santa Ines<br>
        <b>Camera:</b> Ground (Celular)<br>
        <b>Coordinates:</b> -34.474621, -70.950522<br>
        <b>UMAP X:</b> 10.459204<br>
        <b>UMAP Y:</b> 9.912954<br>
        ]]>                
        
            </description>
            <styleUrl>#2349</styleUrl>
            <Point id="2347">
                <coordinates>-70.95052219972223,-34.47462099972223,0.0</coordinates>
            </Point>
        </Placemark>
        <Placemark id="2353">
            <name>20260108_074459.jpg</name>
            <description>
                
        
<![CDATA[
        <b>File:</b> 20260108_074459.jpg<br>
        <b>Site:</b> Santa Ines<br>
        <b>Camera:</b> Ground (Celular)<br>
        <b>Coordinates:</b> -34.474612, -70.950519<br>
        <b>UMAP X:</b> 10.389402<br>
        <b>UMAP Y:</b> 10.344111<br>
        ]]>                
        
            </description>
            <styleUrl>#2354</styleUrl>
            <Point id="2352">
                <coordinates>-70.95051909972223,-34.4746115,0.0</coordinates>
            </Point>
        </Placemark>
        <Placemark id="2358">
            <name>20260108_074502.jpg</name>
            <description>
                
        
<![CDATA[
        <b>File:</b> 20260108_074502.jpg<br>
        <b>Site:</b> Santa Ines<br>
        <b>Camera:</b> Ground (Celular)<br>
        <b>Coordinates:</b> -34.474612, -70.950519<br>
        <b>UMAP X:</b> 10.468963<br>
        <b>UMAP Y:</b> 9.620746<br>
        ]]>                
        
            </description>
            <styleUrl>#2359</styleUrl>
            <Point id="2357">
                <coordinates>-70.95051909972223,-34.4746115,0.0</coordinates>
            </Point>
        </Placemark>
        <Placemark id="2363">
            <name>20260108_074507.jpg</name>
            <description>
                
        
<![CDATA[
        <b>File:</b> 20260108_074507.jpg<br>
        <b>Site:</b> Santa Ines<br>
        <b>Camera:</b> Ground (Celular)<br>
        <b>Coordinates:</b> -34.474612, -70.950519<br>
        <b>UMAP X:</b> 9.551773<br>
        <b>UMAP Y:</b> 11.425<br>
        ]]>                
        
            </description>
            <styleUrl>#2364</styleUrl>
            <Point id="2362">
                <coordinates>-70.95051909972223,-34.4746115,0.0</coordinates>
            </Point>
        </Placemark>
        <Placemark id="2368">
            <name>20260108_074509.jpg</name>
            <description>
                
        
<![CDATA[
        <b>File:</b> 20260108_074509.jpg<br>
        <b>Site:</b> Santa Ines<br>
        <b>Camera:</b> Ground (Celular)<br>
        <b>Coordinates:</b> -34.474612, -70.950519<br>
        <b>UMAP X:</b> 10.323555<br>
        <b>UMAP Y:</b> 8.764361<br>
        ]]>                
        
            </description>
            <styleUrl>#2369</styleUrl>
            <Point id="2367">
                <coordinates>-70.95051909972223,-34.4746115,0.0</coordinates>
            </Point>
        </Placemark>
        <Placemark id="2373">
            <name>20260108_074513.jpg</name>
            <description>
                
        
<![CDATA[
        <b>File:</b> 20260108_074513.jpg<br>
        <b>Site:</b> Santa Ines<br>
        <b>Camera:</b> Ground (Celular)<br>
        <b>Coordinates:</b> -34.474612, -70.950519<br>
        <b>UMAP X:</b> 8.528727<br>
        <b>UMAP Y:</b> 10.181846<br>
        ]]>                
        
            </description>
            <styleUrl>#2374</styleUrl>
            <Point id="2372">
                <coordinates>-70.95051909972223,-34.4746115,0.0</coordinates>
            </Point>
        </Placemark>
        <Placemark id="2378">
            <name>20260108_074518.jpg</name>
            <description>
                
        
<![CDATA[
        <b>File:</b> 20260108_074518.jpg<br>
        <b>Site:</b> Santa Ines<br>
        <b>Camera:</b> Ground (Celular)<br>
        <b>Coordinates:</b> -34.474612, -70.950519<br>
        <b>UMAP X:</b> 10.7811775<br>
        <b>UMAP Y:</b> 7.9881887<br>
        ]]>                
        
            </description>
            <styleUrl>#2379</styleUrl>
            <Point id="2377">
                <coordinates>-70.95051909972223,-34.4746115,0.0</coordinates>
            </Point>
        </Placemark>
        <Placemark id="2383">
            <name>20260108_074524.jpg</name>
            <description>
                
        
<![CDATA[
        <b>File:</b> 20260108_074524.jpg<br>
        <b>Site:</b> Santa Ines<br>
        <b>Camera:</b> Ground (Celular)<br>
        <b>Coordinates:</b> -34.474612, -70.950519<br>
        <b>UMAP X:</b> 11.158917<br>
        <b>UMAP Y:</b> 9.188078<br>
        ]]>                
        
            </description>
            <styleUrl>#2384</styleUrl>
            <Point id="2382">
                <coordinates>-70.95051909972223,-34.4746115,0.0</coordinates>
            </Point>
        </Placemark>
        <Placemark id="2388">
            <name>20260108_074528.jpg</name>
            <description>
                
        
<![CDATA[
        <b>File:</b> 20260108_074528.jpg<br>
        <b>Site:</b> Santa Ines<br>
        <b>Camera:</b> Ground (Celular)<br>
        <b>Coordinates:</b> -34.474612, -70.950519<br>
        <b>UMAP X:</b> 10.844495<br>
        <b>UMAP Y:</b> 8.044507<br>
        ]]>                
        
            </description>
            <styleUrl>#2389</styleUrl>
            <Point id="2387">
                <coordinates>-70.95051909972223,-34.4746115,0.0</coordinates>
            </Point>
        </Placemark>
        <Placemark id="2393">
            <name>20260108_074532.jpg</name>
            <description>
                
        
<![CDATA[
        <b>File:</b> 20260108_074532.jpg<br>
        <b>Site:</b> Santa Ines<br>
        <b>Camera:</b> Ground (Celular)<br>
        <b>Coordinates:</b> -34.474612, -70.950519<br>
        <b>UMAP X:</b> 10.6083355<br>
        <b>UMAP Y:</b> 8.275176<br>
        ]]>                
        
            </description>
            <styleUrl>#2394</styleUrl>
            <Point id="2392">
                <coordinates>-70.95051909972223,-34.4746115,0.0</coordinates>
            </Point>
        </Placemark>
        <Placemark id="2398">
            <name>20260108_074534.jpg</name>
            <description>
                
        
<![CDATA[
        <b>File:</b> 20260108_074534.jpg<br>
        <b>Site:</b> Santa Ines<br>
        <b>Camera:</b> Ground (Celular)<br>
        <b>Coordinates:</b> -34.474612, -70.950519<br>
        <b>UMAP X:</b> 12.271205<br>
        <b>UMAP Y:</b> 7.2686725<br>
        ]]>                
        
            </description>
            <styleUrl>#2399</styleUrl>
            <Point id="2397">
                <coordinates>-70.95051909972223,-34.4746115,0.0</coordinates>
            </Point>
        </Placemark>
        <Placemark id="2403">
            <name>20260108_074536.jpg</name>
            <description>
                
        
<![CDATA[
        <b>File:</b> 20260108_074536.jpg<br>
        <b>Site:</b> Santa Ines<br>
        <b>Camera:</b> Ground (Celular)<br>
        <b>Coordinates:</b> -34.474612, -70.950519<br>
        <b>UMAP X:</b> 8.024342<br>
        <b>UMAP Y:</b> 10.376448<br>
        ]]>                
        
            </description>
            <styleUrl>#2404</styleUrl>
            <Point id="2402">
                <coordinates>-70.95051909972223,-34.4746115,0.0</coordinates>
            </Point>
        </Placemark>
        <Placemark id="2408">
            <name>20260108_074539.jpg</name>
            <description>
                
        
<![CDATA[
        <b>File:</b> 20260108_074539.jpg<br>
        <b>Site:</b> Santa Ines<br>
        <b>Camera:</b> Ground (Celular)<br>
        <b>Coordinates:</b> -34.474572, -70.950720<br>
        <b>UMAP X:</b> 10.356617<br>
        <b>UMAP Y:</b> 8.641984<br>
        ]]>                
        
            </description>
            <styleUrl>#2409</styleUrl>
            <Point id="2407">
                <coordinates>-70.9507203,-34.4745719,0.0</coordinates>
            </Point>
        </Placemark>
        <Placemark id="2413">
            <name>20260108_074559.jpg</name>
            <description>
                
        
<![CDATA[
        <b>File:</b> 20260108_074559.jpg<br>
        <b>Site:</b> Santa Ines<br>
        <b>Camera:</b> Ground (Celular)<br>
        <b>Coordinates:</b> -34.474561, -70.950719<br>
        <b>UMAP X:</b> 9.193527<br>
        <b>UMAP Y:</b> 8.872207<br>
        ]]>                
        
            </description>
            <styleUrl>#2414</styleUrl>
            <Point id="2412">
                <coordinates>-70.95071919972223,-34.474561,0.0</coordinates>
            </Point>
        </Placemark>
        <Placemark id="2418">
            <name>20260108_074602.jpg</name>
            <description>
                
        
<![CDATA[
        <b>File:</b> 20260108_074602.jpg<br>
        <b>Site:</b> Santa Ines<br>
        <b>Camera:</b> Ground (Celular)<br>
        <b>Coordinates:</b> -34.474561, -70.950719<br>
        <b>UMAP X:</b> 9.78529<br>
        <b>UMAP Y:</b> 8.278543<br>
        ]]>                
        
            </description>
            <styleUrl>#2419</styleUrl>
            <Point id="2417">
                <coordinates>-70.95071919972223,-34.474561,0.0</coordinates>
            </Point>
        </Placemark>
        <Placemark id="2423">
            <name>20260108_074606.jpg</name>
            <description>
                
        
<![CDATA[
        <b>File:</b> 20260108_074606.jpg<br>
        <b>Site:</b> Santa Ines<br>
        <b>Camera:</b> Ground (Celular)<br>
        <b>Coordinates:</b> -34.474561, -70.950719<br>
        <b>UMAP X:</b> 10.661484<br>
        <b>UMAP Y:</b> 8.436184<br>
        ]]>                
        
            </description>
            <styleUrl>#2424</styleUrl>
            <Point id="2422">
                <coordinates>-70.95071919972223,-34.474561,0.0</coordinates>
            </Point>
        </Placemark>
        <Placemark id="2428">
            <name>20260108_074610.jpg</name>
            <description>
                
        
<![CDATA[
        <b>File:</b> 20260108_074610.jpg<br>
        <b>Site:</b> Santa Ines<br>
        <b>Camera:</b> Ground (Celular)<br>
        <b>Coordinates:</b> -34.474561, -70.950719<br>
        <b>UMAP X:</b> 11.084173<br>
        <b>UMAP Y:</b> 8.024792<br>
        ]]>                
        
            </description>
            <styleUrl>#2429</styleUrl>
            <Point id="2427">
                <coordinates>-70.95071919972223,-34.474561,0.0</coordinates>
            </Point>
        </Placemark>
        <Placemark id="2433">
            <name>20260108_074614.jpg</name>
            <description>
                
        
<![CDATA[
        <b>File:</b> 20260108_074614.jpg<br>
        <b>Site:</b> Santa Ines<br>
        <b>Camera:</b> Ground (Celular)<br>
        <b>Coordinates:</b> -34.474561, -70.950719<br>
        <b>UMAP X:</b> 11.493073<br>
        <b>UMAP Y:</b> 8.978625<br>
        ]]>                
        
            </description>
            <styleUrl>#2434</styleUrl>
            <Point id="2432">
                <coordinates>-70.95071919972223,-34.474561,0.0</coordinates>
            </Point>
        </Placemark>
        <Placemark id="2438">
            <name>20260108_074618.jpg</name>
            <description>
                
        
<![CDATA[
        <b>File:</b> 20260108_074618.jpg<br>
        <b>Site:</b> Santa Ines<br>
        <b>Camera:</b> Ground (Celular)<br>
        <b>Coordinates:</b> -34.474561, -70.950719<br>
        <b>UMAP X:</b> 11.2882595<br>
        <b>UMAP Y:</b> 8.954045<br>
        ]]>                
        
            </description>
            <styleUrl>#2439</styleUrl>
            <Point id="2437">
                <coordinates>-70.95071919972223,-34.474561,0.0</coordinates>
            </Point>
        </Placemark>
        <Placemark id="2443">
            <name>20260108_074620.jpg</name>
            <description>
                
        
<![CDATA[
        <b>File:</b> 20260108_074620.jpg<br>
        <b>Site:</b> Santa Ines<br>
        <b>Camera:</b> Ground (Celular)<br>
        <b>Coordinates:</b> -34.474561, -70.950719<br>
        <b>UMAP X:</b> 11.972802<br>
        <b>UMAP Y:</b> 8.246371<br>
        ]]>                
        
            </description>
            <styleUrl>#2444</styleUrl>
            <Point id="2442">
                <coordinates>-70.95071919972223,-34.474561,0.0</coordinates>
            </Point>
        </Placemark>
        <Placemark id="2448">
            <name>20260108_074626.jpg</name>
            <description>
                
        
<![CDATA[
        <b>File:</b> 20260108_074626.jpg<br>
        <b>Site:</b> Santa Ines<br>
        <b>Camera:</b> Ground (Celular)<br>
        <b>Coordinates:</b> -34.474475, -70.950898<br>
        <b>UMAP X:</b> 10.8555<br>
        <b>UMAP Y:</b> 9.884021<br>
        ]]>                
        
            </description>
            <styleUrl>#2449</styleUrl>
            <Point id="2447">
                <coordinates>-70.95089839972222,-34.4744748,0.0</coordinates>
            </Point>
        </Placemark>
        <Placemark id="2453">
            <name>20260108_074629.jpg</name>
            <description>
                
        
<![CDATA[
        <b>File:</b> 20260108_074629.jpg<br>
        <b>Site:</b> Santa Ines<br>
        <b>Camera:</b> Ground (Celular)<br>
        <b>Coordinates:</b> -34.474488, -70.950908<br>
        <b>UMAP X:</b> 8.533198<br>
        <b>UMAP Y:</b> 11.090734<br>
        ]]>                
        
            </description>
            <styleUrl>#2454</styleUrl>
            <Point id="2452">
                <coordinates>-70.9509084,-34.47448849972223,0.0</coordinates>
            </Point>
        </Placemark>
        <Placemark id="2458">
            <name>20260108_074634.jpg</name>
            <description>
                
        
<![CDATA[
        <b>File:</b> 20260108_074634.jpg<br>
        <b>Site:</b> Santa Ines<br>
        <b>Camera:</b> Ground (Celular)<br>
        <b>Coordinates:</b> -34.474488, -70.950908<br>
        <b>UMAP X:</b> 9.531612<br>
        <b>UMAP Y:</b> 8.671955<br>
        ]]>                
        
            </description>
            <styleUrl>#2459</styleUrl>
            <Point id="2457">
                <coordinates>-70.9509084,-34.47448849972223,0.0</coordinates>
            </Point>
        </Placemark>
        <Placemark id="2463">
            <name>20260108_074644.jpg</name>
            <description>
                
        
<![CDATA[
        <b>File:</b> 20260108_074644.jpg<br>
        <b>Site:</b> Santa Ines<br>
        <b>Camera:</b> Ground (Celular)<br>
        <b>Coordinates:</b> -34.474488, -70.950908<br>
        <b>UMAP X:</b> 9.488253<br>
        <b>UMAP Y:</b> 11.146979<br>
        ]]>                
        
            </description>
            <styleUrl>#2464</styleUrl>
            <Point id="2462">
                <coordinates>-70.9509084,-34.47448849972223,0.0</coordinates>
            </Point>
        </Placemark>
        <Placemark id="2468">
            <name>20260108_074650.jpg</name>
            <description>
                
        
<![CDATA[
        <b>File:</b> 20260108_074650.jpg<br>
        <b>Site:</b> Santa Ines<br>
        <b>Camera:</b> Ground (Celular)<br>
        <b>Coordinates:</b> -34.474488, -70.950908<br>
        <b>UMAP X:</b> 9.89455<br>
        <b>UMAP Y:</b> 12.924059<br>
        ]]>                
        
            </description>
            <styleUrl>#2469</styleUrl>
            <Point id="2467">
                <coordinates>-70.9509084,-34.47448849972223,0.0</coordinates>
            </Point>
        </Placemark>
        <Placemark id="2473">
            <name>20260108_074656.jpg</name>
            <description>
                
        
<![CDATA[
        <b>File:</b> 20260108_074656.jpg<br>
        <b>Site:</b> Santa Ines<br>
        <b>Camera:</b> Ground (Celular)<br>
        <b>Coordinates:</b> -34.474488, -70.950908<br>
        <b>UMAP X:</b> 8.475375<br>
        <b>UMAP Y:</b> 10.974024<br>
        ]]>                
        
            </description>
            <styleUrl>#2474</styleUrl>
            <Point id="2472">
                <coordinates>-70.9509084,-34.47448849972223,0.0</coordinates>
            </Point>
        </Placemark>
        <Placemark id="2478">
            <name>20260108_074658.jpg</name>
            <description>
                
        
<![CDATA[
        <b>File:</b> 20260108_074658.jpg<br>
        <b>Site:</b> Santa Ines<br>
        <b>Camera:</b> Ground (Celular)<br>
        <b>Coordinates:</b> -34.474488, -70.950908<br>
        <b>UMAP X:</b> 10.275055<br>
        <b>UMAP Y:</b> 11.278534<br>
        ]]>                
        
            </description>
            <styleUrl>#2479</styleUrl>
            <Point id="2477">
                <coordinates>-70.9509084,-34.47448849972223,0.0</coordinates>
            </Point>
        </Placemark>
        <Placemark id="2483">
            <name>20260108_074700.jpg</name>
            <description>
                
        
<![CDATA[
        <b>File:</b> 20260108_074700.jpg<br>
        <b>Site:</b> Santa Ines<br>
        <b>Camera:</b> Ground (Celular)<br>
        <b>Coordinates:</b> -34.474488, -70.950908<br>
        <b>UMAP X:</b> 9.303979<br>
        <b>UMAP Y:</b> 11.09253<br>
        ]]>                
        
            </description>
            <styleUrl>#2484</styleUrl>
            <Point id="2482">
                <coordinates>-70.9509084,-34.47448849972223,0.0</coordinates>
            </Point>
        </Placemark>
        <Placemark id="2488">
            <name>20260108_074716.jpg</name>
            <description>
                
        
<![CDATA[
        <b>File:</b> 20260108_074716.jpg<br>
        <b>Site:</b> Santa Ines<br>
        <b>Camera:</b> Ground (Celular)<br>
        <b>Coordinates:</b> -34.474488, -70.950908<br>
        <b>UMAP X:</b> 9.752695<br>
        <b>UMAP Y:</b> 13.055242<br>
        ]]>                
        
            </description>
            <styleUrl>#2489</styleUrl>
            <Point id="2487">
                <coordinates>-70.9509084,-34.47448849972223,0.0</coordinates>
            </Point>
        </Placemark>
        <Placemark id="2493">
            <name>20260108_074723.jpg</name>
            <description>
                
        
<![CDATA[
        <b>File:</b> 20260108_074723.jpg<br>
        <b>Site:</b> Santa Ines<br>
        <b>Camera:</b> Ground (Celular)<br>
        <b>Coordinates:</b> -34.474488, -70.950908<br>
        <b>UMAP X:</b> 8.909753<br>
        <b>UMAP Y:</b> 9.366937<br>
        ]]>                
        
            </description>
            <styleUrl>#2494</styleUrl>
            <Point id="2492">
                <coordinates>-70.9509084,-34.47448849972223,0.0</coordinates>
            </Point>
        </Placemark>
        <Placemark id="2498">
            <name>20260108_074726.jpg</name>
            <description>
                
        
<![CDATA[
        <b>File:</b> 20260108_074726.jpg<br>
        <b>Site:</b> Santa Ines<br>
        <b>Camera:</b> Ground (Celular)<br>
        <b>Coordinates:</b> -34.474427, -70.951319<br>
        <b>UMAP X:</b> 8.07172<br>
        <b>UMAP Y:</b> 9.244863<br>
        ]]>                
        
            </description>
            <styleUrl>#2499</styleUrl>
            <Point id="2497">
                <coordinates>-70.95131859972223,-34.4744272,0.0</coordinates>
            </Point>
        </Placemark>
        <Placemark id="2503">
            <name>20260108_074741.jpg</name>
            <description>
                
        
<![CDATA[
        <b>File:</b> 20260108_074741.jpg<br>
        <b>Site:</b> Santa Ines<br>
        <b>Camera:</b> Ground (Celular)<br>
        <b>Coordinates:</b> -34.474412, -70.951285<br>
        <b>UMAP X:</b> 8.438804<br>
        <b>UMAP Y:</b> 9.010691<br>
        ]]>                
        
            </description>
            <styleUrl>#2504</styleUrl>
            <Point id="2502">
                <coordinates>-70.9512854,-34.474412,0.0</coordinates>
            </Point>
        </Placemark>
        <Placemark id="2508">
            <name>20260108_074759.jpg</name>
            <description>
                
        
<![CDATA[
        <b>File:</b> 20260108_074759.jpg<br>
        <b>Site:</b> Santa Ines<br>
        <b>Camera:</b> Ground (Celular)<br>
        <b>Coordinates:</b> -34.474412, -70.951285<br>
        <b>UMAP X:</b> 10.016519<br>
        <b>UMAP Y:</b> 8.420124<br>
        ]]>                
        
            </description>
            <styleUrl>#2509</styleUrl>
            <Point id="2507">
                <coordinates>-70.9512854,-34.474412,0.0</coordinates>
            </Point>
        </Placemark>
        <Placemark id="2513">
            <name>20260108_074809.jpg</name>
            <description>
                
        
<![CDATA[
        <b>File:</b> 20260108_074809.jpg<br>
        <b>Site:</b> Santa Ines<br>
        <b>Camera:</b> Ground (Celular)<br>
        <b>Coordinates:</b> -34.474300, -70.951600<br>
        <b>UMAP X:</b> 10.722215<br>
        <b>UMAP Y:</b> 11.819679<br>
        ]]>                
        
            </description>
            <styleUrl>#2514</styleUrl>
            <Point id="2512">
                <coordinates>-70.9515997,-34.4743002,0.0</coordinates>
            </Point>
        </Placemark>
        <Placemark id="2518">
            <name>20260108_074814.jpg</name>
            <description>
                
        
<![CDATA[
        <b>File:</b> 20260108_074814.jpg<br>
        <b>Site:</b> Santa Ines<br>
        <b>Camera:</b> Ground (Celular)<br>
        <b>Coordinates:</b> -34.474310, -70.951607<br>
        <b>UMAP X:</b> 9.0603485<br>
        <b>UMAP Y:</b> 8.424159<br>
        ]]>                
        
            </description>
            <styleUrl>#2519</styleUrl>
            <Point id="2517">
                <coordinates>-70.95160669972222,-34.4743098,0.0</coordinates>
            </Point>
        </Placemark>
        <Placemark id="2523">
            <name>20260108_074828.jpg</name>
            <description>
                
        
<![CDATA[
        <b>File:</b> 20260108_074828.jpg<br>
        <b>Site:</b> Santa Ines<br>
        <b>Camera:</b> Ground (Celular)<br>
        <b>Coordinates:</b> -34.474310, -70.951607<br>
        <b>UMAP X:</b> 8.851099<br>
        <b>UMAP Y:</b> 11.416076<br>
        ]]>                
        
            </description>
            <styleUrl>#2524</styleUrl>
            <Point id="2522">
                <coordinates>-70.95160669972222,-34.4743098,0.0</coordinates>
            </Point>
        </Placemark>
        <Placemark id="2528">
            <name>20260108_074832.jpg</name>
            <description>
                
        
<![CDATA[
        <b>File:</b> 20260108_074832.jpg<br>
        <b>Site:</b> Santa Ines<br>
        <b>Camera:</b> Ground (Celular)<br>
        <b>Coordinates:</b> -34.474310, -70.951607<br>
        <b>UMAP X:</b> 8.683285<br>
        <b>UMAP Y:</b> 10.69588<br>
        ]]>                
        
            </description>
            <styleUrl>#2529</styleUrl>
            <Point id="2527">
                <coordinates>-70.95160669972222,-34.4743098,0.0</coordinates>
            </Point>
        </Placemark>
        <Placemark id="2533">
            <name>20260108_074841.jpg</name>
            <description>
                
        
<![CDATA[
        <b>File:</b> 20260108_074841.jpg<br>
        <b>Site:</b> Santa Ines<br>
        <b>Camera:</b> Ground (Celular)<br>
        <b>Coordinates:</b> -34.474310, -70.951607<br>
        <b>UMAP X:</b> 8.880996<br>
        <b>UMAP Y:</b> 10.370843<br>
        ]]>                
        
            </description>
            <styleUrl>#2534</styleUrl>
            <Point id="2532">
                <coordinates>-70.95160669972222,-34.4743098,0.0</coordinates>
            </Point>
        </Placemark>
        <Placemark id="2538">
            <name>20260108_074843.jpg</name>
            <description>
                
        
<![CDATA[
        <b>File:</b> 20260108_074843.jpg<br>
        <b>Site:</b> Santa Ines<br>
        <b>Camera:</b> Ground (Celular)<br>
        <b>Coordinates:</b> -34.474310, -70.951607<br>
        <b>UMAP X:</b> 9.391193<br>
        <b>UMAP Y:</b> 10.017301<br>
        ]]>                
        
            </description>
            <styleUrl>#2539</styleUrl>
            <Point id="2537">
                <coordinates>-70.95160669972222,-34.4743098,0.0</coordinates>
            </Point>
        </Placemark>
        <Placemark id="2543">
            <name>20260108_074850.jpg</name>
            <description>
                
        
<![CDATA[
        <b>File:</b> 20260108_074850.jpg<br>
        <b>Site:</b> Santa Ines<br>
        <b>Camera:</b> Ground (Celular)<br>
        <b>Coordinates:</b> -34.474219, -70.951881<br>
        <b>UMAP X:</b> 8.422257<br>
        <b>UMAP Y:</b> 11.779734<br>
        ]]>                
        
            </description>
            <styleUrl>#2544</styleUrl>
            <Point id="2542">
                <coordinates>-70.9518805,-34.4742187,0.0</coordinates>
            </Point>
        </Placemark>
        <Placemark id="2548">
            <name>20260108_074901.jpg</name>
            <description>
                
        
<![CDATA[
        <b>File:</b> 20260108_074901.jpg<br>
        <b>Site:</b> Santa Ines<br>
        <b>Camera:</b> Ground (Celular)<br>
        <b>Coordinates:</b> -34.474233, -70.951863<br>
        <b>UMAP X:</b> 8.115749<br>
        <b>UMAP Y:</b> 10.209056<br>
        ]]>                
        
            </description>
            <styleUrl>#2549</styleUrl>
            <Point id="2547">
                <coordinates>-70.9518627,-34.4742333,0.0</coordinates>
            </Point>
        </Placemark>
        <Placemark id="2553">
            <name>20260108_074910.jpg</name>
            <description>
                
        
<![CDATA[
        <b>File:</b> 20260108_074910.jpg<br>
        <b>Site:</b> Santa Ines<br>
        <b>Camera:</b> Ground (Celular)<br>
        <b>Coordinates:</b> -34.474233, -70.951863<br>
        <b>UMAP X:</b> 8.463755<br>
        <b>UMAP Y:</b> 10.542106<br>
        ]]>                
        
            </description>
            <styleUrl>#2554</styleUrl>
            <Point id="2552">
                <coordinates>-70.9518627,-34.4742333,0.0</coordinates>
            </Point>
        </Placemark>
        <Placemark id="2558">
            <name>20260108_074916.jpg</name>
            <description>
                
        
<![CDATA[
        <b>File:</b> 20260108_074916.jpg<br>
        <b>Site:</b> Santa Ines<br>
        <b>Camera:</b> Ground (Celular)<br>
        <b>Coordinates:</b> -34.474233, -70.951863<br>
        <b>UMAP X:</b> 10.593878<br>
        <b>UMAP Y:</b> 10.717332<br>
        ]]>                
        
            </description>
            <styleUrl>#2559</styleUrl>
            <Point id="2557">
                <coordinates>-70.9518627,-34.4742333,0.0</coordinates>
            </Point>
        </Placemark>
        <Placemark id="2563">
            <name>20260108_074921.jpg</name>
            <description>
                
        
<![CDATA[
        <b>File:</b> 20260108_074921.jpg<br>
        <b>Site:</b> Santa Ines<br>
        <b>Camera:</b> Ground (Celular)<br>
        <b>Coordinates:</b> -34.474233, -70.951863<br>
        <b>UMAP X:</b> 8.6866455<br>
        <b>UMAP Y:</b> 11.703814<br>
        ]]>                
        
            </description>
            <styleUrl>#2564</styleUrl>
            <Point id="2562">
                <coordinates>-70.9518627,-34.4742333,0.0</coordinates>
            </Point>
        </Placemark>
        <Placemark id="2568">
            <name>20260108_074925.jpg</name>
            <description>
                
        
<![CDATA[
        <b>File:</b> 20260108_074925.jpg<br>
        <b>Site:</b> Santa Ines<br>
        <b>Camera:</b> Ground (Celular)<br>
        <b>Coordinates:</b> -34.474233, -70.951863<br>
        <b>UMAP X:</b> 9.749736<br>
        <b>UMAP Y:</b> 9.847275<br>
        ]]>                
        
            </description>
            <styleUrl>#2569</styleUrl>
            <Point id="2567">
                <coordinates>-70.9518627,-34.4742333,0.0</coordinates>
            </Point>
        </Placemark>
        <Placemark id="2573">
            <name>20260108_074931.jpg</name>
            <description>
                
        
<![CDATA[
        <b>File:</b> 20260108_074931.jpg<br>
        <b>Site:</b> Santa Ines<br>
        <b>Camera:</b> Ground (Celular)<br>
        <b>Coordinates:</b> -34.474233, -70.951863<br>
        <b>UMAP X:</b> 8.74297<br>
        <b>UMAP Y:</b> 11.309739<br>
        ]]>                
        
            </description>
            <styleUrl>#2574</styleUrl>
            <Point id="2572">
                <coordinates>-70.9518627,-34.4742333,0.0</coordinates>
            </Point>
        </Placemark>
        <Placemark id="2578">
            <name>20260108_074936.jpg</name>
            <description>
                
        
<![CDATA[
        <b>File:</b> 20260108_074936.jpg<br>
        <b>Site:</b> Santa Ines<br>
        <b>Camera:</b> Ground (Celular)<br>
        <b>Coordinates:</b> -34.474168, -70.952136<br>
        <b>UMAP X:</b> 10.580401<br>
        <b>UMAP Y:</b> 8.546203<br>
        ]]>                
        
            </description>
            <styleUrl>#2579</styleUrl>
            <Point id="2577">
                <coordinates>-70.95213569972222,-34.474167999722226,0.0</coordinates>
            </Point>
        </Placemark>
        <Placemark id="2583">
            <name>20260108_074939.jpg</name>
            <description>
                
        
<![CDATA[
        <b>File:</b> 20260108_074939.jpg<br>
        <b>Site:</b> Santa Ines<br>
        <b>Camera:</b> Ground (Celular)<br>
        <b>Coordinates:</b> -34.474159, -70.952141<br>
        <b>UMAP X:</b> 9.959326<br>
        <b>UMAP Y:</b> 13.290953<br>
        ]]>                
        
            </description>
            <styleUrl>#2584</styleUrl>
            <Point id="2582">
                <coordinates>-70.9521409,-34.474158699722224,0.0</coordinates>
            </Point>
        </Placemark>
        <Placemark id="2588">
            <name>20260108_074942.jpg</name>
            <description>
                
        
<![CDATA[
        <b>File:</b> 20260108_074942.jpg<br>
        <b>Site:</b> Santa Ines<br>
        <b>Camera:</b> Ground (Celular)<br>
        <b>Coordinates:</b> -34.474159, -70.952141<br>
        <b>UMAP X:</b> 9.21375<br>
        <b>UMAP Y:</b> 11.501707<br>
        ]]>                
        
            </description>
            <styleUrl>#2589</styleUrl>
            <Point id="2587">
                <coordinates>-70.9521409,-34.474158699722224,0.0</coordinates>
            </Point>
        </Placemark>
        <Placemark id="2593">
            <name>20260108_074951.jpg</name>
            <description>
                
        
<![CDATA[
        <b>File:</b> 20260108_074951.jpg<br>
        <b>Site:</b> Santa Ines<br>
        <b>Camera:</b> Ground (Celular)<br>
        <b>Coordinates:</b> -34.474159, -70.952141<br>
        <b>UMAP X:</b> 10.499113<br>
        <b>UMAP Y:</b> 12.486845<br>
        ]]>                
        
            </description>
            <styleUrl>#2594</styleUrl>
            <Point id="2592">
                <coordinates>-70.9521409,-34.474158699722224,0.0</coordinates>
            </Point>
        </Placemark>
        <Placemark id="2598">
            <name>20260108_074954.jpg</name>
            <description>
                
        
<![CDATA[
        <b>File:</b> 20260108_074954.jpg<br>
        <b>Site:</b> Santa Ines<br>
        <b>Camera:</b> Ground (Celular)<br>
        <b>Coordinates:</b> -34.474159, -70.952141<br>
        <b>UMAP X:</b> 11.226016<br>
        <b>UMAP Y:</b> 10.142913<br>
        ]]>                
        
            </description>
            <styleUrl>#2599</styleUrl>
            <Point id="2597">
                <coordinates>-70.9521409,-34.474158699722224,0.0</coordinates>
            </Point>
        </Placemark>
        <Placemark id="2603">
            <name>20260108_074959.jpg</name>
            <description>
                
        
<![CDATA[
        <b>File:</b> 20260108_074959.jpg<br>
        <b>Site:</b> Santa Ines<br>
        <b>Camera:</b> Ground (Celular)<br>
        <b>Coordinates:</b> -34.474159, -70.952141<br>
        <b>UMAP X:</b> 8.1826515<br>
        <b>UMAP Y:</b> 11.486367<br>
        ]]>                
        
            </description>
            <styleUrl>#2604</styleUrl>
            <Point id="2602">
                <coordinates>-70.9521409,-34.474158699722224,0.0</coordinates>
            </Point>
        </Placemark>
        <Placemark id="2608">
            <name>20260108_075005.jpg</name>
            <description>
                
        
<![CDATA[
        <b>File:</b> 20260108_075005.jpg<br>
        <b>Site:</b> Santa Ines<br>
        <b>Camera:</b> Ground (Celular)<br>
        <b>Coordinates:</b> -34.474159, -70.952141<br>
        <b>UMAP X:</b> 8.149534<br>
        <b>UMAP Y:</b> 9.611492<br>
        ]]>                
        
            </description>
            <styleUrl>#2609</styleUrl>
            <Point id="2607">
                <coordinates>-70.9521409,-34.474158699722224,0.0</coordinates>
            </Point>
        </Placemark>
        <Placemark id="2613">
            <name>20260108_075010.jpg</name>
            <description>
                
        
<![CDATA[
        <b>File:</b> 20260108_075010.jpg<br>
        <b>Site:</b> Santa Ines<br>
        <b>Camera:</b> Ground (Celular)<br>
        <b>Coordinates:</b> -34.474159, -70.952141<br>
        <b>UMAP X:</b> 9.3724<br>
        <b>UMAP Y:</b> 11.738222<br>
        ]]>                
        
            </description>
            <styleUrl>#2614</styleUrl>
            <Point id="2612">
                <coordinates>-70.9521409,-34.474158699722224,0.0</coordinates>
            </Point>
        </Placemark>
        <Placemark id="2618">
            <name>20260108_075013.jpg</name>
            <description>
                
        
<![CDATA[
        <b>File:</b> 20260108_075013.jpg<br>
        <b>Site:</b> Santa Ines<br>
        <b>Camera:</b> Ground (Celular)<br>
        <b>Coordinates:</b> -34.474159, -70.952141<br>
        <b>UMAP X:</b> 8.803625<br>
        <b>UMAP Y:</b> 11.49866<br>
        ]]>                
        
            </description>
            <styleUrl>#2619</styleUrl>
            <Point id="2617">
                <coordinates>-70.9521409,-34.474158699722224,0.0</coordinates>
            </Point>
        </Placemark>
        <Placemark id="2623">
            <name>20260108_075016.jpg</name>
            <description>
                
        
<![CDATA[
        <b>File:</b> 20260108_075016.jpg<br>
        <b>Site:</b> Santa Ines<br>
        <b>Camera:</b> Ground (Celular)<br>
        <b>Coordinates:</b> -34.474159, -70.952141<br>
        <b>UMAP X:</b> 8.891868<br>
        <b>UMAP Y:</b> 9.437715<br>
        ]]>                
        
            </description>
            <styleUrl>#2624</styleUrl>
            <Point id="2622">
                <coordinates>-70.9521409,-34.474158699722224,0.0</coordinates>
            </Point>
        </Placemark>
        <Placemark id="2628">
            <name>20260108_075029.jpg</name>
            <description>
                
        
<![CDATA[
        <b>File:</b> 20260108_075029.jpg<br>
        <b>Site:</b> Santa Ines<br>
        <b>Camera:</b> Ground (Celular)<br>
        <b>Coordinates:</b> -34.474081, -70.952419<br>
        <b>UMAP X:</b> 8.2508745<br>
        <b>UMAP Y:</b> 8.93074<br>
        ]]>                
        
            </description>
            <styleUrl>#2629</styleUrl>
            <Point id="2627">
                <coordinates>-70.95241889972222,-34.4740812,0.0</coordinates>
            </Point>
        </Placemark>
        <Placemark id="2633">
            <name>20260108_075034.jpg</name>
            <description>
                
        
<![CDATA[
        <b>File:</b> 20260108_075034.jpg<br>
        <b>Site:</b> Santa Ines<br>
        <b>Camera:</b> Ground (Celular)<br>
        <b>Coordinates:</b> -34.474081, -70.952419<br>
        <b>UMAP X:</b> 8.349262<br>
        <b>UMAP Y:</b> 8.968627<br>
        ]]>                
        
            </description>
            <styleUrl>#2634</styleUrl>
            <Point id="2632">
                <coordinates>-70.95241889972222,-34.4740812,0.0</coordinates>
            </Point>
        </Placemark>
        <Placemark id="2638">
            <name>20260108_075044.jpg</name>
            <description>
                
        
<![CDATA[
        <b>File:</b> 20260108_075044.jpg<br>
        <b>Site:</b> Santa Ines<br>
        <b>Camera:</b> Ground (Celular)<br>
        <b>Coordinates:</b> -34.474081, -70.952419<br>
        <b>UMAP X:</b> 8.453749<br>
        <b>UMAP Y:</b> 8.898805<br>
        ]]>                
        
            </description>
            <styleUrl>#2639</styleUrl>
            <Point id="2637">
                <coordinates>-70.95241889972222,-34.4740812,0.0</coordinates>
            </Point>
        </Placemark>
        <Placemark id="2643">
            <name>20260108_075053.jpg</name>
            <description>
                
        
<![CDATA[
        <b>File:</b> 20260108_075053.jpg<br>
        <b>Site:</b> Santa Ines<br>
        <b>Camera:</b> Ground (Celular)<br>
        <b>Coordinates:</b> -34.474081, -70.952419<br>
        <b>UMAP X:</b> 8.523135<br>
        <b>UMAP Y:</b> 11.468045<br>
        ]]>                
        
            </description>
            <styleUrl>#2644</styleUrl>
            <Point id="2642">
                <coordinates>-70.95241889972222,-34.4740812,0.0</coordinates>
            </Point>
        </Placemark>
        <Placemark id="2648">
            <name>20260108_075104.jpg</name>
            <description>
                
        
<![CDATA[
        <b>File:</b> 20260108_075104.jpg<br>
        <b>Site:</b> Santa Ines<br>
        <b>Camera:</b> Ground (Celular)<br>
        <b>Coordinates:</b> -34.474081, -70.952419<br>
        <b>UMAP X:</b> 7.8310075<br>
        <b>UMAP Y:</b> 10.614105<br>
        ]]>                
        
            </description>
            <styleUrl>#2649</styleUrl>
            <Point id="2647">
                <coordinates>-70.95241889972222,-34.4740812,0.0</coordinates>
            </Point>
        </Placemark>
        <Placemark id="2653">
            <name>20260108_075119.jpg</name>
            <description>
                
        
<![CDATA[
        <b>File:</b> 20260108_075119.jpg<br>
        <b>Site:</b> Santa Ines<br>
        <b>Camera:</b> Ground (Celular)<br>
        <b>Coordinates:</b> -34.474081, -70.952419<br>
        <b>UMAP X:</b> 9.747103<br>
        <b>UMAP Y:</b> 8.151996<br>
        ]]>                
        
            </description>
            <styleUrl>#2654</styleUrl>
            <Point id="2652">
                <coordinates>-70.95241889972222,-34.4740812,0.0</coordinates>
            </Point>
        </Placemark>
        <Placemark id="2658">
            <name>20260108_075136.jpg</name>
            <description>
                
        
<![CDATA[
        <b>File:</b> 20260108_075136.jpg<br>
        <b>Site:</b> Santa Ines<br>
        <b>Camera:</b> Ground (Celular)<br>
        <b>Coordinates:</b> -34.473958, -70.952855<br>
        <b>UMAP X:</b> 9.179545<br>
        <b>UMAP Y:</b> 8.5154705<br>
        ]]>                
        
            </description>
            <styleUrl>#2659</styleUrl>
            <Point id="2657">
                <coordinates>-70.95285509972223,-34.47395829972223,0.0</coordinates>
            </Point>
        </Placemark>
        <Placemark id="2663">
            <name>20260108_083407.jpg</name>
            <description>
                
        
<![CDATA[
        <b>File:</b> 20260108_083407.jpg<br>
        <b>Site:</b> Santa Ines<br>
        <b>Camera:</b> Ground (Celular)<br>
        <b>Coordinates:</b> -34.473882, -70.953140<br>
        <b>UMAP X:</b> 11.4707365<br>
        <b>UMAP Y:</b> 9.382148<br>
        ]]>                
        
            </description>
            <styleUrl>#2664</styleUrl>
            <Point id="2662">
                <coordinates>-70.9531395,-34.4738824,0.0</coordinates>
            </Point>
        </Placemark>
        <Placemark id="2668">
            <name>20260108_083418.jpg</name>
            <description>
                
        
<![CDATA[
        <b>File:</b> 20260108_083418.jpg<br>
        <b>Site:</b> Santa Ines<br>
        <b>Camera:</b> Ground (Celular)<br>
        <b>Coordinates:</b> -34.473882, -70.953140<br>
        <b>UMAP X:</b> 10.449331<br>
        <b>UMAP Y:</b> 8.952795<br>
        ]]>                
        
            </description>
            <styleUrl>#2669</styleUrl>
            <Point id="2667">
                <coordinates>-70.9531395,-34.4738824,0.0</coordinates>
            </Point>
        </Placemark>
        <Placemark id="2673">
            <name>20260108_083424.jpg</name>
            <description>
                
        
<![CDATA[
        <b>File:</b> 20260108_083424.jpg<br>
        <b>Site:</b> Santa Ines<br>
        <b>Camera:</b> Ground (Celular)<br>
        <b>Coordinates:</b> -34.473903, -70.953059<br>
        <b>UMAP X:</b> 12.417568<br>
        <b>UMAP Y:</b> 6.836289<br>
        ]]>                
        
            </description>
            <styleUrl>#2674</styleUrl>
            <Point id="2672">
                <coordinates>-70.9530591,-34.4739032,0.0</coordinates>
            </Point>
        </Placemark>
        <Placemark id="2678">
            <name>20260108_083434.jpg</name>
            <description>
                
        
<![CDATA[
        <b>File:</b> 20260108_083434.jpg<br>
        <b>Site:</b> Santa Ines<br>
        <b>Camera:</b> Ground (Celular)<br>
        <b>Coordinates:</b> -34.473902, -70.953047<br>
        <b>UMAP X:</b> 11.731143<br>
        <b>UMAP Y:</b> 7.1359005<br>
        ]]>                
        
            </description>
            <styleUrl>#2679</styleUrl>
            <Point id="2677">
                <coordinates>-70.95304699972222,-34.47390169972223,0.0</coordinates>
            </Point>
        </Placemark>
        <Placemark id="2683">
            <name>20260108_083438.jpg</name>
            <description>
                
        
<![CDATA[
        <b>File:</b> 20260108_083438.jpg<br>
        <b>Site:</b> Santa Ines<br>
        <b>Camera:</b> Ground (Celular)<br>
        <b>Coordinates:</b> -34.473902, -70.953047<br>
        <b>UMAP X:</b> 12.110075<br>
        <b>UMAP Y:</b> 6.9082775<br>
        ]]>                
        
            </description>
            <styleUrl>#2684</styleUrl>
            <Point id="2682">
                <coordinates>-70.95304699972222,-34.47390169972223,0.0</coordinates>
            </Point>
        </Placemark>
        <Placemark id="2688">
            <name>20260108_083441.jpg</name>
            <description>
                
        
<![CDATA[
        <b>File:</b> 20260108_083441.jpg<br>
        <b>Site:</b> Santa Ines<br>
        <b>Camera:</b> Ground (Celular)<br>
        <b>Coordinates:</b> -34.473902, -70.953047<br>
        <b>UMAP X:</b> 12.433481<br>
        <b>UMAP Y:</b> 6.8206472<br>
        ]]>                
        
            </description>
            <styleUrl>#2689</styleUrl>
            <Point id="2687">
                <coordinates>-70.95304699972222,-34.47390169972223,0.0</coordinates>
            </Point>
        </Placemark>
        <Placemark id="2693">
            <name>20260108_083450.jpg</name>
            <description>
                
        
<![CDATA[
        <b>File:</b> 20260108_083450.jpg<br>
        <b>Site:</b> Santa Ines<br>
        <b>Camera:</b> Ground (Celular)<br>
        <b>Coordinates:</b> -34.473902, -70.953047<br>
        <b>UMAP X:</b> 11.892698<br>
        <b>UMAP Y:</b> 6.902564<br>
        ]]>                
        
            </description>
            <styleUrl>#2694</styleUrl>
            <Point id="2692">
                <coordinates>-70.95304699972222,-34.47390169972223,0.0</coordinates>
            </Point>
        </Placemark>
        <Placemark id="2698">
            <name>20260108_083454.jpg</name>
            <description>
                
        
<![CDATA[
        <b>File:</b> 20260108_083454.jpg<br>
        <b>Site:</b> Santa Ines<br>
        <b>Camera:</b> Ground (Celular)<br>
        <b>Coordinates:</b> -34.473902, -70.953047<br>
        <b>UMAP X:</b> 11.930732<br>
        <b>UMAP Y:</b> 7.252132<br>
        ]]>                
        
            </description>
            <styleUrl>#2699</styleUrl>
            <Point id="2697">
                <coordinates>-70.95304699972222,-34.47390169972223,0.0</coordinates>
            </Point>
        </Placemark>
        <Placemark id="2703">
            <name>20260108_083500.jpg</name>
            <description>
                
        
<![CDATA[
        <b>File:</b> 20260108_083500.jpg<br>
        <b>Site:</b> Santa Ines<br>
        <b>Camera:</b> Ground (Celular)<br>
        <b>Coordinates:</b> -34.473902, -70.953047<br>
        <b>UMAP X:</b> 11.299883<br>
        <b>UMAP Y:</b> 7.885858<br>
        ]]>                
        
            </description>
            <styleUrl>#2704</styleUrl>
            <Point id="2702">
                <coordinates>-70.95304699972222,-34.47390169972223,0.0</coordinates>
            </Point>
        </Placemark>
        <Placemark id="2708">
            <name>20260108_083505.jpg</name>
            <description>
                
        
<![CDATA[
        <b>File:</b> 20260108_083505.jpg<br>
        <b>Site:</b> Santa Ines<br>
        <b>Camera:</b> Ground (Celular)<br>
        <b>Coordinates:</b> -34.473902, -70.953047<br>
        <b>UMAP X:</b> 12.194303<br>
        <b>UMAP Y:</b> 7.0225015<br>
        ]]>                
        
            </description>
            <styleUrl>#2709</styleUrl>
            <Point id="2707">
                <coordinates>-70.95304699972222,-34.47390169972223,0.0</coordinates>
            </Point>
        </Placemark>
        <Placemark id="2713">
            <name>20260108_083510.jpg</name>
            <description>
                
        
<![CDATA[
        <b>File:</b> 20260108_083510.jpg<br>
        <b>Site:</b> Santa Ines<br>
        <b>Camera:</b> Ground (Celular)<br>
        <b>Coordinates:</b> -34.473902, -70.953047<br>
        <b>UMAP X:</b> 12.203329<br>
        <b>UMAP Y:</b> 7.170448<br>
        ]]>                
        
            </description>
            <styleUrl>#2714</styleUrl>
            <Point id="2712">
                <coordinates>-70.95304699972222,-34.47390169972223,0.0</coordinates>
            </Point>
        </Placemark>
        <Placemark id="2718">
            <name>20260108_083515.jpg</name>
            <description>
                
        
<![CDATA[
        <b>File:</b> 20260108_083515.jpg<br>
        <b>Site:</b> Santa Ines<br>
        <b>Camera:</b> Ground (Celular)<br>
        <b>Coordinates:</b> -34.473902, -70.953047<br>
        <b>UMAP X:</b> 12.143305<br>
        <b>UMAP Y:</b> 6.955929<br>
        ]]>                
        
            </description>
            <styleUrl>#2719</styleUrl>
            <Point id="2717">
                <coordinates>-70.95304699972222,-34.47390169972223,0.0</coordinates>
            </Point>
        </Placemark>
        <Placemark id="2723">
            <name>20260108_083520.jpg</name>
            <description>
                
        
<![CDATA[
        <b>File:</b> 20260108_083520.jpg<br>
        <b>Site:</b> Santa Ines<br>
        <b>Camera:</b> Ground (Celular)<br>
        <b>Coordinates:</b> -34.473902, -70.953047<br>
        <b>UMAP X:</b> 12.051022<br>
        <b>UMAP Y:</b> 6.669504<br>
        ]]>                
        
            </description>
            <styleUrl>#2724</styleUrl>
            <Point id="2722">
                <coordinates>-70.95304699972222,-34.47390169972223,0.0</coordinates>
            </Point>
        </Placemark>
        <Placemark id="2728">
            <name>20260108_083525.jpg</name>
            <description>
                
        
<![CDATA[
        <b>File:</b> 20260108_083525.jpg<br>
        <b>Site:</b> Santa Ines<br>
        <b>Camera:</b> Ground (Celular)<br>
        <b>Coordinates:</b> -34.473976, -70.952767<br>
        <b>UMAP X:</b> 11.3907995<br>
        <b>UMAP Y:</b> 6.529903<br>
        ]]>                
        
            </description>
            <styleUrl>#2729</styleUrl>
            <Point id="2727">
                <coordinates>-70.9527669,-34.4739756,0.0</coordinates>
            </Point>
        </Placemark>
        <Placemark id="2733">
            <name>20260108_083528.jpg</name>
            <description>
                
        
<![CDATA[
        <b>File:</b> 20260108_083528.jpg<br>
        <b>Site:</b> Santa Ines<br>
        <b>Camera:</b> Ground (Celular)<br>
        <b>Coordinates:</b> -34.473976, -70.952767<br>
        <b>UMAP X:</b> 12.137119<br>
        <b>UMAP Y:</b> 6.7404222<br>
        ]]>                
        
            </description>
            <styleUrl>#2734</styleUrl>
            <Point id="2732">
                <coordinates>-70.9527669,-34.4739756,0.0</coordinates>
            </Point>
        </Placemark>
        <Placemark id="2738">
            <name>20260108_083533.jpg</name>
            <description>
                
        
<![CDATA[
        <b>File:</b> 20260108_083533.jpg<br>
        <b>Site:</b> Santa Ines<br>
        <b>Camera:</b> Ground (Celular)<br>
        <b>Coordinates:</b> -34.473976, -70.952767<br>
        <b>UMAP X:</b> 12.067236<br>
        <b>UMAP Y:</b> 7.1915407<br>
        ]]>                
        
            </description>
            <styleUrl>#2739</styleUrl>
            <Point id="2737">
                <coordinates>-70.9527669,-34.4739756,0.0</coordinates>
            </Point>
        </Placemark>
        <Placemark id="2743">
            <name>20260108_083538.jpg</name>
            <description>
                
        
<![CDATA[
        <b>File:</b> 20260108_083538.jpg<br>
        <b>Site:</b> Santa Ines<br>
        <b>Camera:</b> Ground (Celular)<br>
        <b>Coordinates:</b> -34.473976, -70.952767<br>
        <b>UMAP X:</b> 11.537351<br>
        <b>UMAP Y:</b> 6.468799<br>
        ]]>                
        
            </description>
            <styleUrl>#2744</styleUrl>
            <Point id="2742">
                <coordinates>-70.9527669,-34.4739756,0.0</coordinates>
            </Point>
        </Placemark>
        <Placemark id="2748">
            <name>20260108_083541.jpg</name>
            <description>
                
        
<![CDATA[
        <b>File:</b> 20260108_083541.jpg<br>
        <b>Site:</b> Santa Ines<br>
        <b>Camera:</b> Ground (Celular)<br>
        <b>Coordinates:</b> -34.473976, -70.952767<br>
        <b>UMAP X:</b> 10.474299<br>
        <b>UMAP Y:</b> 8.185198<br>
        ]]>                
        
            </description>
            <styleUrl>#2749</styleUrl>
            <Point id="2747">
                <coordinates>-70.9527669,-34.4739756,0.0</coordinates>
            </Point>
        </Placemark>
        <Placemark id="2753">
            <name>20260108_083544.jpg</name>
            <description>
                
        
<![CDATA[
        <b>File:</b> 20260108_083544.jpg<br>
        <b>Site:</b> Santa Ines<br>
        <b>Camera:</b> Ground (Celular)<br>
        <b>Coordinates:</b> -34.473976, -70.952767<br>
        <b>UMAP X:</b> 11.867207<br>
        <b>UMAP Y:</b> 6.32503<br>
        ]]>                
        
            </description>
            <styleUrl>#2754</styleUrl>
            <Point id="2752">
                <coordinates>-70.9527669,-34.4739756,0.0</coordinates>
            </Point>
        </Placemark>
        <Placemark id="2758">
            <name>20260108_083547.jpg</name>
            <description>
                
        
<![CDATA[
        <b>File:</b> 20260108_083547.jpg<br>
        <b>Site:</b> Santa Ines<br>
        <b>Camera:</b> Ground (Celular)<br>
        <b>Coordinates:</b> -34.473976, -70.952767<br>
        <b>UMAP X:</b> 9.649811<br>
        <b>UMAP Y:</b> 9.413407<br>
        ]]>                
        
            </description>
            <styleUrl>#2759</styleUrl>
            <Point id="2757">
                <coordinates>-70.9527669,-34.4739756,0.0</coordinates>
            </Point>
        </Placemark>
        <Placemark id="2763">
            <name>20260108_083558.jpg</name>
            <description>
                
        
<![CDATA[
        <b>File:</b> 20260108_083558.jpg<br>
        <b>Site:</b> Santa Ines<br>
        <b>Camera:</b> Ground (Celular)<br>
        <b>Coordinates:</b> -34.473976, -70.952767<br>
        <b>UMAP X:</b> 10.09213<br>
        <b>UMAP Y:</b> 9.244659<br>
        ]]>                
        
            </description>
            <styleUrl>#2764</styleUrl>
            <Point id="2762">
                <coordinates>-70.9527669,-34.4739756,0.0</coordinates>
            </Point>
        </Placemark>
        <Placemark id="2768">
            <name>20260108_083603.jpg</name>
            <description>
                
        
<![CDATA[
        <b>File:</b> 20260108_083603.jpg<br>
        <b>Site:</b> Santa Ines<br>
        <b>Camera:</b> Ground (Celular)<br>
        <b>Coordinates:</b> -34.474021, -70.952563<br>
        <b>UMAP X:</b> 11.919698<br>
        <b>UMAP Y:</b> 7.308153<br>
        ]]>                
        
            </description>
            <styleUrl>#2769</styleUrl>
            <Point id="2767">
                <coordinates>-70.95256299972222,-34.47402149972223,0.0</coordinates>
            </Point>
        </Placemark>
        <Placemark id="2773">
            <name>20260108_083606.jpg</name>
            <description>
                
        
<![CDATA[
        <b>File:</b> 20260108_083606.jpg<br>
        <b>Site:</b> Santa Ines<br>
        <b>Camera:</b> Ground (Celular)<br>
        <b>Coordinates:</b> -34.474020, -70.952557<br>
        <b>UMAP X:</b> 12.229686<br>
        <b>UMAP Y:</b> 6.645216<br>
        ]]>                
        
            </description>
            <styleUrl>#2774</styleUrl>
            <Point id="2772">
                <coordinates>-70.9525567,-34.47402029972223,0.0</coordinates>
            </Point>
        </Placemark>
        <Placemark id="2778">
            <name>20260108_083614.jpg</name>
            <description>
                
        
<![CDATA[
        <b>File:</b> 20260108_083614.jpg<br>
        <b>Site:</b> Santa Ines<br>
        <b>Camera:</b> Ground (Celular)<br>
        <b>Coordinates:</b> -34.474020, -70.952557<br>
        <b>UMAP X:</b> 8.508209<br>
        <b>UMAP Y:</b> 8.729289<br>
        ]]>                
        
            </description>
            <styleUrl>#2779</styleUrl>
            <Point id="2777">
                <coordinates>-70.9525567,-34.47402029972223,0.0</coordinates>
            </Point>
        </Placemark>
        <Placemark id="2783">
            <name>20260108_083620.jpg</name>
            <description>
                
        
<![CDATA[
        <b>File:</b> 20260108_083620.jpg<br>
        <b>Site:</b> Santa Ines<br>
        <b>Camera:</b> Ground (Celular)<br>
        <b>Coordinates:</b> -34.474020, -70.952557<br>
        <b>UMAP X:</b> 12.274949<br>
        <b>UMAP Y:</b> 6.980329<br>
        ]]>                
        
            </description>
            <styleUrl>#2784</styleUrl>
            <Point id="2782">
                <coordinates>-70.9525567,-34.47402029972223,0.0</coordinates>
            </Point>
        </Placemark>
        <Placemark id="2788">
            <name>20260108_083627.jpg</name>
            <description>
                
        
<![CDATA[
        <b>File:</b> 20260108_083627.jpg<br>
        <b>Site:</b> Santa Ines<br>
        <b>Camera:</b> Ground (Celular)<br>
        <b>Coordinates:</b> -34.474020, -70.952557<br>
        <b>UMAP X:</b> 12.391853<br>
        <b>UMAP Y:</b> 7.03849<br>
        ]]>                
        
            </description>
            <styleUrl>#2789</styleUrl>
            <Point id="2787">
                <coordinates>-70.9525567,-34.47402029972223,0.0</coordinates>
            </Point>
        </Placemark>
        <Placemark id="2793">
            <name>20260108_083634.jpg</name>
            <description>
                
        
<![CDATA[
        <b>File:</b> 20260108_083634.jpg<br>
        <b>Site:</b> Santa Ines<br>
        <b>Camera:</b> Ground (Celular)<br>
        <b>Coordinates:</b> -34.474020, -70.952557<br>
        <b>UMAP X:</b> 11.7482815<br>
        <b>UMAP Y:</b> 6.2962823<br>
        ]]>                
        
            </description>
            <styleUrl>#2794</styleUrl>
            <Point id="2792">
                <coordinates>-70.9525567,-34.47402029972223,0.0</coordinates>
            </Point>
        </Placemark>
        <Placemark id="2798">
            <name>20260108_083643.jpg</name>
            <description>
                
        
<![CDATA[
        <b>File:</b> 20260108_083643.jpg<br>
        <b>Site:</b> Santa Ines<br>
        <b>Camera:</b> Ground (Celular)<br>
        <b>Coordinates:</b> -34.474020, -70.952557<br>
        <b>UMAP X:</b> 12.388764<br>
        <b>UMAP Y:</b> 7.0745482<br>
        ]]>                
        
            </description>
            <styleUrl>#2799</styleUrl>
            <Point id="2797">
                <coordinates>-70.9525567,-34.47402029972223,0.0</coordinates>
            </Point>
        </Placemark>
        <Placemark id="2803">
            <name>20260108_083647.jpg</name>
            <description>
                
        
<![CDATA[
        <b>File:</b> 20260108_083647.jpg<br>
        <b>Site:</b> Santa Ines<br>
        <b>Camera:</b> Ground (Celular)<br>
        <b>Coordinates:</b> -34.474020, -70.952557<br>
        <b>UMAP X:</b> 9.190691<br>
        <b>UMAP Y:</b> 8.941532<br>
        ]]>                
        
            </description>
            <styleUrl>#2804</styleUrl>
            <Point id="2802">
                <coordinates>-70.9525567,-34.47402029972223,0.0</coordinates>
            </Point>
        </Placemark>
        <Placemark id="2808">
            <name>20260108_083705.jpg</name>
            <description>
                
        
<![CDATA[
        <b>File:</b> 20260108_083705.jpg<br>
        <b>Site:</b> Santa Ines<br>
        <b>Camera:</b> Ground (Celular)<br>
        <b>Coordinates:</b> -34.474109, -70.952255<br>
        <b>UMAP X:</b> 11.881308<br>
        <b>UMAP Y:</b> 6.5332484<br>
        ]]>                
        
            </description>
            <styleUrl>#2809</styleUrl>
            <Point id="2807">
                <coordinates>-70.95225519972223,-34.4741093,0.0</coordinates>
            </Point>
        </Placemark>
        <Placemark id="2813">
            <name>20260108_083713.jpg</name>
            <description>
                
        
<![CDATA[
        <b>File:</b> 20260108_083713.jpg<br>
        <b>Site:</b> Santa Ines<br>
        <b>Camera:</b> Ground (Celular)<br>
        <b>Coordinates:</b> -34.474109, -70.952255<br>
        <b>UMAP X:</b> 11.945145<br>
        <b>UMAP Y:</b> 6.8572364<br>
        ]]>                
        
            </description>
            <styleUrl>#2814</styleUrl>
            <Point id="2812">
                <coordinates>-70.95225519972223,-34.4741093,0.0</coordinates>
            </Point>
        </Placemark>
        <Placemark id="2818">
            <name>20260108_083718.jpg</name>
            <description>
                
        
<![CDATA[
        <b>File:</b> 20260108_083718.jpg<br>
        <b>Site:</b> Santa Ines<br>
        <b>Camera:</b> Ground (Celular)<br>
        <b>Coordinates:</b> -34.474109, -70.952255<br>
        <b>UMAP X:</b> 11.622056<br>
        <b>UMAP Y:</b> 7.174825<br>
        ]]>                
        
            </description>
            <styleUrl>#2819</styleUrl>
            <Point id="2817">
                <coordinates>-70.95225519972223,-34.4741093,0.0</coordinates>
            </Point>
        </Placemark>
        <Placemark id="2823">
            <name>20260108_083722.jpg</name>
            <description>
                
        
<![CDATA[
        <b>File:</b> 20260108_083722.jpg<br>
        <b>Site:</b> Santa Ines<br>
        <b>Camera:</b> Ground (Celular)<br>
        <b>Coordinates:</b> -34.474109, -70.952255<br>
        <b>UMAP X:</b> 12.10465<br>
        <b>UMAP Y:</b> 6.4861903<br>
        ]]>                
        
            </description>
            <styleUrl>#2824</styleUrl>
            <Point id="2822">
                <coordinates>-70.95225519972223,-34.4741093,0.0</coordinates>
            </Point>
        </Placemark>
        <Placemark id="2828">
            <name>20260108_083725.jpg</name>
            <description>
                
        
<![CDATA[
        <b>File:</b> 20260108_083725.jpg<br>
        <b>Site:</b> Santa Ines<br>
        <b>Camera:</b> Ground (Celular)<br>
        <b>Coordinates:</b> -34.474109, -70.952255<br>
        <b>UMAP X:</b> 11.738365<br>
        <b>UMAP Y:</b> 6.642193<br>
        ]]>                
        
            </description>
            <styleUrl>#2829</styleUrl>
            <Point id="2827">
                <coordinates>-70.95225519972223,-34.4741093,0.0</coordinates>
            </Point>
        </Placemark>
        <Placemark id="2833">
            <name>20260108_083735.jpg</name>
            <description>
                
        
<![CDATA[
        <b>File:</b> 20260108_083735.jpg<br>
        <b>Site:</b> Santa Ines<br>
        <b>Camera:</b> Ground (Celular)<br>
        <b>Coordinates:</b> -34.474160, -70.952116<br>
        <b>UMAP X:</b> 11.665187<br>
        <b>UMAP Y:</b> 7.075701<br>
        ]]>                
        
            </description>
            <styleUrl>#2834</styleUrl>
            <Point id="2832">
                <coordinates>-70.95211639972223,-34.4741597,0.0</coordinates>
            </Point>
        </Placemark>
        <Placemark id="2838">
            <name>20260108_083739.jpg</name>
            <description>
                
        
<![CDATA[
        <b>File:</b> 20260108_083739.jpg<br>
        <b>Site:</b> Santa Ines<br>
        <b>Camera:</b> Ground (Celular)<br>
        <b>Coordinates:</b> -34.474160, -70.952116<br>
        <b>UMAP X:</b> 11.932359<br>
        <b>UMAP Y:</b> 8.201346<br>
        ]]>                
        
            </description>
            <styleUrl>#2839</styleUrl>
            <Point id="2837">
                <coordinates>-70.95211639972223,-34.4741597,0.0</coordinates>
            </Point>
        </Placemark>
        <Placemark id="2843">
            <name>20260108_083743.jpg</name>
            <description>
                
        
<![CDATA[
        <b>File:</b> 20260108_083743.jpg<br>
        <b>Site:</b> Santa Ines<br>
        <b>Camera:</b> Ground (Celular)<br>
        <b>Coordinates:</b> -34.474160, -70.952116<br>
        <b>UMAP X:</b> 11.389726<br>
        <b>UMAP Y:</b> 7.1097846<br>
        ]]>                
        
            </description>
            <styleUrl>#2844</styleUrl>
            <Point id="2842">
                <coordinates>-70.95211639972223,-34.4741597,0.0</coordinates>
            </Point>
        </Placemark>
        <Placemark id="2848">
            <name>20260108_083752.jpg</name>
            <description>
                
        
<![CDATA[
        <b>File:</b> 20260108_083752.jpg<br>
        <b>Site:</b> Santa Ines<br>
        <b>Camera:</b> Ground (Celular)<br>
        <b>Coordinates:</b> -34.474160, -70.952116<br>
        <b>UMAP X:</b> 11.43679<br>
        <b>UMAP Y:</b> 6.5153236<br>
        ]]>                
        
            </description>
            <styleUrl>#2849</styleUrl>
            <Point id="2847">
                <coordinates>-70.95211639972223,-34.4741597,0.0</coordinates>
            </Point>
        </Placemark>
        <Placemark id="2853">
            <name>20260108_083754.jpg</name>
            <description>
                
        
<![CDATA[
        <b>File:</b> 20260108_083754.jpg<br>
        <b>Site:</b> Santa Ines<br>
        <b>Camera:</b> Ground (Celular)<br>
        <b>Coordinates:</b> -34.474160, -70.952116<br>
        <b>UMAP X:</b> 10.21942<br>
        <b>UMAP Y:</b> 8.912609<br>
        ]]>                
        
            </description>
            <styleUrl>#2854</styleUrl>
            <Point id="2852">
                <coordinates>-70.95211639972223,-34.4741597,0.0</coordinates>
            </Point>
        </Placemark>
        <Placemark id="2858">
            <name>20260108_083814.jpg</name>
            <description>
                
        
<![CDATA[
        <b>File:</b> 20260108_083814.jpg<br>
        <b>Site:</b> Santa Ines<br>
        <b>Camera:</b> Ground (Celular)<br>
        <b>Coordinates:</b> -34.474195, -70.951929<br>
        <b>UMAP X:</b> 12.060604<br>
        <b>UMAP Y:</b> 6.5653996<br>
        ]]>                
        
            </description>
            <styleUrl>#2859</styleUrl>
            <Point id="2857">
                <coordinates>-70.9519291,-34.474195,0.0</coordinates>
            </Point>
        </Placemark>
        <Placemark id="2863">
            <name>20260108_083818.jpg</name>
            <description>
                
        
<![CDATA[
        <b>File:</b> 20260108_083818.jpg<br>
        <b>Site:</b> Santa Ines<br>
        <b>Camera:</b> Ground (Celular)<br>
        <b>Coordinates:</b> -34.474195, -70.951929<br>
        <b>UMAP X:</b> 11.412796<br>
        <b>UMAP Y:</b> 7.592745<br>
        ]]>                
        
            </description>
            <styleUrl>#2864</styleUrl>
            <Point id="2862">
                <coordinates>-70.9519291,-34.474195,0.0</coordinates>
            </Point>
        </Placemark>
        <Placemark id="2868">
            <name>20260108_083825.jpg</name>
            <description>
                
        
<![CDATA[
        <b>File:</b> 20260108_083825.jpg<br>
        <b>Site:</b> Santa Ines<br>
        <b>Camera:</b> Ground (Celular)<br>
        <b>Coordinates:</b> -34.474195, -70.951929<br>
        <b>UMAP X:</b> 9.301916<br>
        <b>UMAP Y:</b> 7.8282237<br>
        ]]>                
        
            </description>
            <styleUrl>#2869</styleUrl>
            <Point id="2867">
                <coordinates>-70.9519291,-34.474195,0.0</coordinates>
            </Point>
        </Placemark>
        <Placemark id="2873">
            <name>20260108_083844.jpg</name>
            <description>
                
        
<![CDATA[
        <b>File:</b> 20260108_083844.jpg<br>
        <b>Site:</b> Santa Ines<br>
        <b>Camera:</b> Ground (Celular)<br>
        <b>Coordinates:</b> -34.474195, -70.951929<br>
        <b>UMAP X:</b> 11.61994<br>
        <b>UMAP Y:</b> 6.4773664<br>
        ]]>                
        
            </description>
            <styleUrl>#2874</styleUrl>
            <Point id="2872">
                <coordinates>-70.9519291,-34.474195,0.0</coordinates>
            </Point>
        </Placemark>
        <Placemark id="2878">
            <name>20260108_083848.jpg</name>
            <description>
                
        
<![CDATA[
        <b>File:</b> 20260108_083848.jpg<br>
        <b>Site:</b> Santa Ines<br>
        <b>Camera:</b> Ground (Celular)<br>
        <b>Coordinates:</b> -34.474195, -70.951929<br>
        <b>UMAP X:</b> 11.443107<br>
        <b>UMAP Y:</b> 6.2449565<br>
        ]]>                
        
            </description>
            <styleUrl>#2879</styleUrl>
            <Point id="2877">
                <coordinates>-70.9519291,-34.474195,0.0</coordinates>
            </Point>
        </Placemark>
        <Placemark id="2883">
            <name>20260108_083851.jpg</name>
            <description>
                
        
<![CDATA[
        <b>File:</b> 20260108_083851.jpg<br>
        <b>Site:</b> Santa Ines<br>
        <b>Camera:</b> Ground (Celular)<br>
        <b>Coordinates:</b> -34.474195, -70.951929<br>
        <b>UMAP X:</b> 11.470476<br>
        <b>UMAP Y:</b> 6.750726<br>
        ]]>                
        
            </description>
            <styleUrl>#2884</styleUrl>
            <Point id="2882">
                <coordinates>-70.9519291,-34.474195,0.0</coordinates>
            </Point>
        </Placemark>
        <Placemark id="2888">
            <name>20260108_083856.jpg</name>
            <description>
                
        
<![CDATA[
        <b>File:</b> 20260108_083856.jpg<br>
        <b>Site:</b> Santa Ines<br>
        <b>Camera:</b> Ground (Celular)<br>
        <b>Coordinates:</b> -34.474195, -70.951929<br>
        <b>UMAP X:</b> 11.429271<br>
        <b>UMAP Y:</b> 6.609693<br>
        ]]>                
        
            </description>
            <styleUrl>#2889</styleUrl>
            <Point id="2887">
                <coordinates>-70.9519291,-34.474195,0.0</coordinates>
            </Point>
        </Placemark>
        <Placemark id="2893">
            <name>20260108_083904.jpg</name>
            <description>
                
        
<![CDATA[
        <b>File:</b> 20260108_083904.jpg<br>
        <b>Site:</b> Santa Ines<br>
        <b>Camera:</b> Ground (Celular)<br>
        <b>Coordinates:</b> -34.474195, -70.951929<br>
        <b>UMAP X:</b> 11.880218<br>
        <b>UMAP Y:</b> 6.377866<br>
        ]]>                
        
            </description>
            <styleUrl>#2894</styleUrl>
            <Point id="2892">
                <coordinates>-70.9519291,-34.474195,0.0</coordinates>
            </Point>
        </Placemark>
        <Placemark id="2898">
            <name>20260108_083912.jpg</name>
            <description>
                
        
<![CDATA[
        <b>File:</b> 20260108_083912.jpg<br>
        <b>Site:</b> Santa Ines<br>
        <b>Camera:</b> Ground (Celular)<br>
        <b>Coordinates:</b> -34.474296, -70.951588<br>
        <b>UMAP X:</b> 11.791779<br>
        <b>UMAP Y:</b> 6.2201123<br>
        ]]>                
        
            </description>
            <styleUrl>#2899</styleUrl>
            <Point id="2897">
                <coordinates>-70.95158779972222,-34.474295599722225,0.0</coordinates>
            </Point>
        </Placemark>
        <Placemark id="2903">
            <name>20260108_083920.jpg</name>
            <description>
                
        
<![CDATA[
        <b>File:</b> 20260108_083920.jpg<br>
        <b>Site:</b> Santa Ines<br>
        <b>Camera:</b> Ground (Celular)<br>
        <b>Coordinates:</b> -34.474296, -70.951588<br>
        <b>UMAP X:</b> 9.1607485<br>
        <b>UMAP Y:</b> 9.081949<br>
        ]]>                
        
            </description>
            <styleUrl>#2904</styleUrl>
            <Point id="2902">
                <coordinates>-70.95158779972222,-34.474295599722225,0.0</coordinates>
            </Point>
        </Placemark>
        <Placemark id="2908">
            <name>20260108_083944.jpg</name>
            <description>
                
        
<![CDATA[
        <b>File:</b> 20260108_083944.jpg<br>
        <b>Site:</b> Santa Ines<br>
        <b>Camera:</b> Ground (Celular)<br>
        <b>Coordinates:</b> -34.474296, -70.951588<br>
        <b>UMAP X:</b> 11.400383<br>
        <b>UMAP Y:</b> 6.2669907<br>
        ]]>                
        
            </description>
            <styleUrl>#2909</styleUrl>
            <Point id="2907">
                <coordinates>-70.95158779972222,-34.474295599722225,0.0</coordinates>
            </Point>
        </Placemark>
        <Placemark id="2913">
            <name>20260108_083948.jpg</name>
            <description>
                
        
<![CDATA[
        <b>File:</b> 20260108_083948.jpg<br>
        <b>Site:</b> Santa Ines<br>
        <b>Camera:</b> Ground (Celular)<br>
        <b>Coordinates:</b> -34.474296, -70.951588<br>
        <b>UMAP X:</b> 11.200277<br>
        <b>UMAP Y:</b> 6.7467685<br>
        ]]>                
        
            </description>
            <styleUrl>#2914</styleUrl>
            <Point id="2912">
                <coordinates>-70.95158779972222,-34.474295599722225,0.0</coordinates>
            </Point>
        </Placemark>
        <Placemark id="2918">
            <name>20260108_083958.jpg</name>
            <description>
                
        
<![CDATA[
        <b>File:</b> 20260108_083958.jpg<br>
        <b>Site:</b> Santa Ines<br>
        <b>Camera:</b> Ground (Celular)<br>
        <b>Coordinates:</b> -34.474378, -70.951293<br>
        <b>UMAP X:</b> 10.652575<br>
        <b>UMAP Y:</b> 8.914986<br>
        ]]>                
        
            </description>
            <styleUrl>#2919</styleUrl>
            <Point id="2917">
                <coordinates>-70.95129319972223,-34.474377599722224,0.0</coordinates>
            </Point>
        </Placemark>
        <Placemark id="2923">
            <name>20260108_084011.jpg</name>
            <description>
                
        
<![CDATA[
        <b>File:</b> 20260108_084011.jpg<br>
        <b>Site:</b> Santa Ines<br>
        <b>Camera:</b> Ground (Celular)<br>
        <b>Coordinates:</b> -34.474378, -70.951293<br>
        <b>UMAP X:</b> 8.965183<br>
        <b>UMAP Y:</b> 10.507199<br>
        ]]>                
        
            </description>
            <styleUrl>#2924</styleUrl>
            <Point id="2922">
                <coordinates>-70.95129319972223,-34.474377599722224,0.0</coordinates>
            </Point>
        </Placemark>
        <Placemark id="2928">
            <name>20260108_084015.jpg</name>
            <description>
                
        
<![CDATA[
        <b>File:</b> 20260108_084015.jpg<br>
        <b>Site:</b> Santa Ines<br>
        <b>Camera:</b> Ground (Celular)<br>
        <b>Coordinates:</b> -34.474378, -70.951293<br>
        <b>UMAP X:</b> 9.377578<br>
        <b>UMAP Y:</b> 7.9679112<br>
        ]]>                
        
            </description>
            <styleUrl>#2929</styleUrl>
            <Point id="2927">
                <coordinates>-70.95129319972223,-34.474377599722224,0.0</coordinates>
            </Point>
        </Placemark>
        <Placemark id="2933">
            <name>20260108_084018.jpg</name>
            <description>
                
        
<![CDATA[
        <b>File:</b> 20260108_084018.jpg<br>
        <b>Site:</b> Santa Ines<br>
        <b>Camera:</b> Ground (Celular)<br>
        <b>Coordinates:</b> -34.474378, -70.951293<br>
        <b>UMAP X:</b> 8.944874<br>
        <b>UMAP Y:</b> 11.181267<br>
        ]]>                
        
            </description>
            <styleUrl>#2934</styleUrl>
            <Point id="2932">
                <coordinates>-70.95129319972223,-34.474377599722224,0.0</coordinates>
            </Point>
        </Placemark>
        <Placemark id="2938">
            <name>20260108_084049.jpg</name>
            <description>
                
        
<![CDATA[
        <b>File:</b> 20260108_084049.jpg<br>
        <b>Site:</b> Santa Ines<br>
        <b>Camera:</b> Ground (Celular)<br>
        <b>Coordinates:</b> -34.474455, -70.950977<br>
        <b>UMAP X:</b> 11.334927<br>
        <b>UMAP Y:</b> 7.538021<br>
        ]]>                
        
            </description>
            <styleUrl>#2939</styleUrl>
            <Point id="2937">
                <coordinates>-70.9509771,-34.474454799722224,0.0</coordinates>
            </Point>
        </Placemark>
        <Placemark id="2943">
            <name>20260108_084053.jpg</name>
            <description>
                
        
<![CDATA[
        <b>File:</b> 20260108_084053.jpg<br>
        <b>Site:</b> Santa Ines<br>
        <b>Camera:</b> Ground (Celular)<br>
        <b>Coordinates:</b> -34.474455, -70.950977<br>
        <b>UMAP X:</b> 10.93405<br>
        <b>UMAP Y:</b> 7.7687826<br>
        ]]>                
        
            </description>
            <styleUrl>#2944</styleUrl>
            <Point id="2942">
                <coordinates>-70.9509771,-34.474454799722224,0.0</coordinates>
            </Point>
        </Placemark>
        <Placemark id="2948">
            <name>20260108_084103.jpg</name>
            <description>
                
        
<![CDATA[
        <b>File:</b> 20260108_084103.jpg<br>
        <b>Site:</b> Santa Ines<br>
        <b>Camera:</b> Ground (Celular)<br>
        <b>Coordinates:</b> -34.474455, -70.950977<br>
        <b>UMAP X:</b> 11.654939<br>
        <b>UMAP Y:</b> 6.7204814<br>
        ]]>                
        
            </description>
            <styleUrl>#2949</styleUrl>
            <Point id="2947">
                <coordinates>-70.9509771,-34.474454799722224,0.0</coordinates>
            </Point>
        </Placemark>
        <Placemark id="2953">
            <name>20260108_084113.jpg</name>
            <description>
                
        
<![CDATA[
        <b>File:</b> 20260108_084113.jpg<br>
        <b>Site:</b> Santa Ines<br>
        <b>Camera:</b> Ground (Celular)<br>
        <b>Coordinates:</b> -34.474455, -70.950977<br>
        <b>UMAP X:</b> 11.28092<br>
        <b>UMAP Y:</b> 6.632605<br>
        ]]>                
        
            </description>
            <styleUrl>#2954</styleUrl>
            <Point id="2952">
                <coordinates>-70.9509771,-34.474454799722224,0.0</coordinates>
            </Point>
        </Placemark>
        <Placemark id="2958">
            <name>20260108_084126.jpg</name>
            <description>
                
        
<![CDATA[
        <b>File:</b> 20260108_084126.jpg<br>
        <b>Site:</b> Santa Ines<br>
        <b>Camera:</b> Ground (Celular)<br>
        <b>Coordinates:</b> -34.474455, -70.950977<br>
        <b>UMAP X:</b> 9.1361065<br>
        <b>UMAP Y:</b> 8.09172<br>
        ]]>                
        
            </description>
            <styleUrl>#2959</styleUrl>
            <Point id="2957">
                <coordinates>-70.9509771,-34.474454799722224,0.0</coordinates>
            </Point>
        </Placemark>
        <Placemark id="2963">
            <name>20260108_084130.jpg</name>
            <description>
                
        
<![CDATA[
        <b>File:</b> 20260108_084130.jpg<br>
        <b>Site:</b> Santa Ines<br>
        <b>Camera:</b> Ground (Celular)<br>
        <b>Coordinates:</b> -34.474455, -70.950977<br>
        <b>UMAP X:</b> 9.08279<br>
        <b>UMAP Y:</b> 8.409127<br>
        ]]>                
        
            </description>
            <styleUrl>#2964</styleUrl>
            <Point id="2962">
                <coordinates>-70.9509771,-34.474454799722224,0.0</coordinates>
            </Point>
        </Placemark>
        <Placemark id="2968">
            <name>20260108_084133.jpg</name>
            <description>
                
        
<![CDATA[
        <b>File:</b> 20260108_084133.jpg<br>
        <b>Site:</b> Santa Ines<br>
        <b>Camera:</b> Ground (Celular)<br>
        <b>Coordinates:</b> -34.474455, -70.950977<br>
        <b>UMAP X:</b> 11.982349<br>
        <b>UMAP Y:</b> 6.4485035<br>
        ]]>                
        
            </description>
            <styleUrl>#2969</styleUrl>
            <Point id="2967">
                <coordinates>-70.9509771,-34.474454799722224,0.0</coordinates>
            </Point>
        </Placemark>
        <Placemark id="2973">
            <name>20260108_084139.jpg</name>
            <description>
                
        
<![CDATA[
        <b>File:</b> 20260108_084139.jpg<br>
        <b>Site:</b> Santa Ines<br>
        <b>Camera:</b> Ground (Celular)<br>
        <b>Coordinates:</b> -34.474570, -70.950647<br>
        <b>UMAP X:</b> 11.46857<br>
        <b>UMAP Y:</b> 7.439898<br>
        ]]>                
        
            </description>
            <styleUrl>#2974</styleUrl>
            <Point id="2972">
                <coordinates>-70.95064709972222,-34.4745702,0.0</coordinates>
            </Point>
        </Placemark>
        <Placemark id="2978">
            <name>20260108_084143.jpg</name>
            <description>
                
        
<![CDATA[
        <b>File:</b> 20260108_084143.jpg<br>
        <b>Site:</b> Santa Ines<br>
        <b>Camera:</b> Ground (Celular)<br>
        <b>Coordinates:</b> -34.474570, -70.950647<br>
        <b>UMAP X:</b> 12.362301<br>
        <b>UMAP Y:</b> 6.935388<br>
        ]]>                
        
            </description>
            <styleUrl>#2979</styleUrl>
            <Point id="2977">
                <coordinates>-70.95064709972222,-34.4745702,0.0</coordinates>
            </Point>
        </Placemark>
        <Placemark id="2983">
            <name>20260108_084147.jpg</name>
            <description>
                
        
<![CDATA[
        <b>File:</b> 20260108_084147.jpg<br>
        <b>Site:</b> Santa Ines<br>
        <b>Camera:</b> Ground (Celular)<br>
        <b>Coordinates:</b> -34.474570, -70.950647<br>
        <b>UMAP X:</b> 11.49065<br>
        <b>UMAP Y:</b> 6.432787<br>
        ]]>                
        
            </description>
            <styleUrl>#2984</styleUrl>
            <Point id="2982">
                <coordinates>-70.95064709972222,-34.4745702,0.0</coordinates>
            </Point>
        </Placemark>
        <Placemark id="2988">
            <name>20260108_084150.jpg</name>
            <description>
                
        
<![CDATA[
        <b>File:</b> 20260108_084150.jpg<br>
        <b>Site:</b> Santa Ines<br>
        <b>Camera:</b> Ground (Celular)<br>
        <b>Coordinates:</b> -34.474570, -70.950647<br>
        <b>UMAP X:</b> 11.210594<br>
        <b>UMAP Y:</b> 7.203573<br>
        ]]>                
        
            </description>
            <styleUrl>#2989</styleUrl>
            <Point id="2987">
                <coordinates>-70.95064709972222,-34.4745702,0.0</coordinates>
            </Point>
        </Placemark>
        <Placemark id="2993">
            <name>20260108_084153.jpg</name>
            <description>
                
        
<![CDATA[
        <b>File:</b> 20260108_084153.jpg<br>
        <b>Site:</b> Santa Ines<br>
        <b>Camera:</b> Ground (Celular)<br>
        <b>Coordinates:</b> -34.474570, -70.950647<br>
        <b>UMAP X:</b> 7.8453245<br>
        <b>UMAP Y:</b> 9.392181<br>
        ]]>                
        
            </description>
            <styleUrl>#2994</styleUrl>
            <Point id="2992">
                <coordinates>-70.95064709972222,-34.4745702,0.0</coordinates>
            </Point>
        </Placemark>
        <Placemark id="2998">
            <name>20260108_084157.jpg</name>
            <description>
                
        
<![CDATA[
        <b>File:</b> 20260108_084157.jpg<br>
        <b>Site:</b> Santa Ines<br>
        <b>Camera:</b> Ground (Celular)<br>
        <b>Coordinates:</b> -34.474570, -70.950647<br>
        <b>UMAP X:</b> 11.170764<br>
        <b>UMAP Y:</b> 7.5449033<br>
        ]]>                
        
            </description>
            <styleUrl>#2999</styleUrl>
            <Point id="2997">
                <coordinates>-70.95064709972222,-34.4745702,0.0</coordinates>
            </Point>
        </Placemark>
        <Placemark id="3003">
            <name>20260108_084205.jpg</name>
            <description>
                
        
<![CDATA[
        <b>File:</b> 20260108_084205.jpg<br>
        <b>Site:</b> Santa Ines<br>
        <b>Camera:</b> Ground (Celular)<br>
        <b>Coordinates:</b> -34.474570, -70.950647<br>
        <b>UMAP X:</b> 11.858261<br>
        <b>UMAP Y:</b> 6.3445916<br>
        ]]>                
        
            </description>
            <styleUrl>#3004</styleUrl>
            <Point id="3002">
                <coordinates>-70.95064709972222,-34.4745702,0.0</coordinates>
            </Point>
        </Placemark>
        <Placemark id="3008">
            <name>20260108_084213.jpg</name>
            <description>
                
        
<![CDATA[
        <b>File:</b> 20260108_084213.jpg<br>
        <b>Site:</b> Santa Ines<br>
        <b>Camera:</b> Ground (Celular)<br>
        <b>Coordinates:</b> -34.474570, -70.950647<br>
        <b>UMAP X:</b> 11.2402525<br>
        <b>UMAP Y:</b> 7.7995586<br>
        ]]>                
        
            </description>
            <styleUrl>#3009</styleUrl>
            <Point id="3007">
                <coordinates>-70.95064709972222,-34.4745702,0.0</coordinates>
            </Point>
        </Placemark>
        <Placemark id="3013">
            <name>20260108_084216.jpg</name>
            <description>
                
        
<![CDATA[
        <b>File:</b> 20260108_084216.jpg<br>
        <b>Site:</b> Santa Ines<br>
        <b>Camera:</b> Ground (Celular)<br>
        <b>Coordinates:</b> -34.474570, -70.950647<br>
        <b>UMAP X:</b> 11.663855<br>
        <b>UMAP Y:</b> 8.232339<br>
        ]]>                
        
            </description>
            <styleUrl>#3014</styleUrl>
            <Point id="3012">
                <coordinates>-70.95064709972222,-34.4745702,0.0</coordinates>
            </Point>
        </Placemark>
        <Placemark id="3018">
            <name>20260108_084219.jpg</name>
            <description>
                
        
<![CDATA[
        <b>File:</b> 20260108_084219.jpg<br>
        <b>Site:</b> Santa Ines<br>
        <b>Camera:</b> Ground (Celular)<br>
        <b>Coordinates:</b> -34.474570, -70.950647<br>
        <b>UMAP X:</b> 11.853097<br>
        <b>UMAP Y:</b> 6.5773883<br>
        ]]>                
        
            </description>
            <styleUrl>#3019</styleUrl>
            <Point id="3017">
                <coordinates>-70.95064709972222,-34.4745702,0.0</coordinates>
            </Point>
        </Placemark>
        <Placemark id="3023">
            <name>20260108_084228.jpg</name>
            <description>
                
        
<![CDATA[
        <b>File:</b> 20260108_084228.jpg<br>
        <b>Site:</b> Santa Ines<br>
        <b>Camera:</b> Ground (Celular)<br>
        <b>Coordinates:</b> -34.474570, -70.950647<br>
        <b>UMAP X:</b> 11.43651<br>
        <b>UMAP Y:</b> 7.3320346<br>
        ]]>                
        
            </description>
            <styleUrl>#3024</styleUrl>
            <Point id="3022">
                <coordinates>-70.95064709972222,-34.4745702,0.0</coordinates>
            </Point>
        </Placemark>
        <Placemark id="3028">
            <name>20260108_084235.jpg</name>
            <description>
                
        
<![CDATA[
        <b>File:</b> 20260108_084235.jpg<br>
        <b>Site:</b> Santa Ines<br>
        <b>Camera:</b> Ground (Celular)<br>
        <b>Coordinates:</b> -34.474693, -70.950320<br>
        <b>UMAP X:</b> 11.237242<br>
        <b>UMAP Y:</b> 7.9981375<br>
        ]]>                
        
            </description>
            <styleUrl>#3029</styleUrl>
            <Point id="3027">
                <coordinates>-70.95031989972223,-34.47469339972223,0.0</coordinates>
            </Point>
        </Placemark>
        <Placemark id="3033">
            <name>20260108_084238.jpg</name>
            <description>
                
        
<![CDATA[
        <b>File:</b> 20260108_084238.jpg<br>
        <b>Site:</b> Santa Ines<br>
        <b>Camera:</b> Ground (Celular)<br>
        <b>Coordinates:</b> -34.474663, -70.950331<br>
        <b>UMAP X:</b> 10.720922<br>
        <b>UMAP Y:</b> 9.0931015<br>
        ]]>                
        
            </description>
            <styleUrl>#3034</styleUrl>
            <Point id="3032">
                <coordinates>-70.9503313,-34.474663499722226,0.0</coordinates>
            </Point>
        </Placemark>
        <Placemark id="3038">
            <name>20260108_084244.jpg</name>
            <description>
                
        
<![CDATA[
        <b>File:</b> 20260108_084244.jpg<br>
        <b>Site:</b> Santa Ines<br>
        <b>Camera:</b> Ground (Celular)<br>
        <b>Coordinates:</b> -34.474663, -70.950331<br>
        <b>UMAP X:</b> 11.750712<br>
        <b>UMAP Y:</b> 6.6682982<br>
        ]]>                
        
            </description>
            <styleUrl>#3039</styleUrl>
            <Point id="3037">
                <coordinates>-70.9503313,-34.474663499722226,0.0</coordinates>
            </Point>
        </Placemark>
        <Placemark id="3043">
            <name>20260108_084249.jpg</name>
            <description>
                
        
<![CDATA[
        <b>File:</b> 20260108_084249.jpg<br>
        <b>Site:</b> Santa Ines<br>
        <b>Camera:</b> Ground (Celular)<br>
        <b>Coordinates:</b> -34.474663, -70.950331<br>
        <b>UMAP X:</b> 11.261183<br>
        <b>UMAP Y:</b> 7.445811<br>
        ]]>                
        
            </description>
            <styleUrl>#3044</styleUrl>
            <Point id="3042">
                <coordinates>-70.9503313,-34.474663499722226,0.0</coordinates>
            </Point>
        </Placemark>
        <Placemark id="3048">
            <name>20260108_084257.jpg</name>
            <description>
                
        
<![CDATA[
        <b>File:</b> 20260108_084257.jpg<br>
        <b>Site:</b> Santa Ines<br>
        <b>Camera:</b> Ground (Celular)<br>
        <b>Coordinates:</b> -34.474663, -70.950331<br>
        <b>UMAP X:</b> 11.118455<br>
        <b>UMAP Y:</b> 7.037949<br>
        ]]>                
        
            </description>
            <styleUrl>#3049</styleUrl>
            <Point id="3047">
                <coordinates>-70.9503313,-34.474663499722226,0.0</coordinates>
            </Point>
        </Placemark>
        <Placemark id="3053">
            <name>20260108_084301.jpg</name>
            <description>
                
        
<![CDATA[
        <b>File:</b> 20260108_084301.jpg<br>
        <b>Site:</b> Santa Ines<br>
        <b>Camera:</b> Ground (Celular)<br>
        <b>Coordinates:</b> -34.474663, -70.950331<br>
        <b>UMAP X:</b> 11.547037<br>
        <b>UMAP Y:</b> 7.453255<br>
        ]]>                
        
            </description>
            <styleUrl>#3054</styleUrl>
            <Point id="3052">
                <coordinates>-70.9503313,-34.474663499722226,0.0</coordinates>
            </Point>
        </Placemark>
        <Placemark id="3058">
            <name>20260108_084304.jpg</name>
            <description>
                
        
<![CDATA[
        <b>File:</b> 20260108_084304.jpg<br>
        <b>Site:</b> Santa Ines<br>
        <b>Camera:</b> Ground (Celular)<br>
        <b>Coordinates:</b> -34.474663, -70.950331<br>
        <b>UMAP X:</b> 11.181776<br>
        <b>UMAP Y:</b> 7.8114414<br>
        ]]>                
        
            </description>
            <styleUrl>#3059</styleUrl>
            <Point id="3057">
                <coordinates>-70.9503313,-34.474663499722226,0.0</coordinates>
            </Point>
        </Placemark>
        <Placemark id="3063">
            <name>20260108_084307.jpg</name>
            <description>
                
        
<![CDATA[
        <b>File:</b> 20260108_084307.jpg<br>
        <b>Site:</b> Santa Ines<br>
        <b>Camera:</b> Ground (Celular)<br>
        <b>Coordinates:</b> -34.474663, -70.950331<br>
        <b>UMAP X:</b> 12.009842<br>
        <b>UMAP Y:</b> 6.5226912<br>
        ]]>                
        
            </description>
            <styleUrl>#3064</styleUrl>
            <Point id="3062">
                <coordinates>-70.9503313,-34.474663499722226,0.0</coordinates>
            </Point>
        </Placemark>
        <Placemark id="3068">
            <name>20260108_084310.jpg</name>
            <description>
                
        
<![CDATA[
        <b>File:</b> 20260108_084310.jpg<br>
        <b>Site:</b> Santa Ines<br>
        <b>Camera:</b> Ground (Celular)<br>
        <b>Coordinates:</b> -34.474663, -70.950331<br>
        <b>UMAP X:</b> 11.728608<br>
        <b>UMAP Y:</b> 8.368029<br>
        ]]>                
        
            </description>
            <styleUrl>#3069</styleUrl>
            <Point id="3067">
                <coordinates>-70.9503313,-34.474663499722226,0.0</coordinates>
            </Point>
        </Placemark>
        <Placemark id="3073">
            <name>20260108_084312.jpg</name>
            <description>
                
        
<![CDATA[
        <b>File:</b> 20260108_084312.jpg<br>
        <b>Site:</b> Santa Ines<br>
        <b>Camera:</b> Ground (Celular)<br>
        <b>Coordinates:</b> -34.474663, -70.950331<br>
        <b>UMAP X:</b> 9.73478<br>
        <b>UMAP Y:</b> 8.873066<br>
        ]]>                
        
            </description>
            <styleUrl>#3074</styleUrl>
            <Point id="3072">
                <coordinates>-70.9503313,-34.474663499722226,0.0</coordinates>
            </Point>
        </Placemark>
        <Placemark id="3078">
            <name>20260108_084319.jpg</name>
            <description>
                
        
<![CDATA[
        <b>File:</b> 20260108_084319.jpg<br>
        <b>Site:</b> Santa Ines<br>
        <b>Camera:</b> Ground (Celular)<br>
        <b>Coordinates:</b> -34.474663, -70.950331<br>
        <b>UMAP X:</b> 9.713215<br>
        <b>UMAP Y:</b> 9.521723<br>
        ]]>                
        
            </description>
            <styleUrl>#3079</styleUrl>
            <Point id="3077">
                <coordinates>-70.9503313,-34.474663499722226,0.0</coordinates>
            </Point>
        </Placemark>
        <Placemark id="3083">
            <name>20260108_084323.jpg</name>
            <description>
                
        
<![CDATA[
        <b>File:</b> 20260108_084323.jpg<br>
        <b>Site:</b> Santa Ines<br>
        <b>Camera:</b> Ground (Celular)<br>
        <b>Coordinates:</b> -34.474663, -70.950331<br>
        <b>UMAP X:</b> 11.67412<br>
        <b>UMAP Y:</b> 7.5008283<br>
        ]]>                
        
            </description>
            <styleUrl>#3084</styleUrl>
            <Point id="3082">
                <coordinates>-70.9503313,-34.474663499722226,0.0</coordinates>
            </Point>
        </Placemark>
        <Placemark id="3088">
            <name>20260108_084326.jpg</name>
            <description>
                
        
<![CDATA[
        <b>File:</b> 20260108_084326.jpg<br>
        <b>Site:</b> Santa Ines<br>
        <b>Camera:</b> Ground (Celular)<br>
        <b>Coordinates:</b> -34.474663, -70.950331<br>
        <b>UMAP X:</b> 11.174935<br>
        <b>UMAP Y:</b> 7.156164<br>
        ]]>                
        
            </description>
            <styleUrl>#3089</styleUrl>
            <Point id="3087">
                <coordinates>-70.9503313,-34.474663499722226,0.0</coordinates>
            </Point>
        </Placemark>
        <Placemark id="3093">
            <name>20260108_084341.jpg</name>
            <description>
                
        
<![CDATA[
        <b>File:</b> 20260108_084341.jpg<br>
        <b>Site:</b> Santa Ines<br>
        <b>Camera:</b> Ground (Celular)<br>
        <b>Coordinates:</b> -34.474714, -70.950104<br>
        <b>UMAP X:</b> 9.759593<br>
        <b>UMAP Y:</b> 8.443523<br>
        ]]>                
        
            </description>
            <styleUrl>#3094</styleUrl>
            <Point id="3092">
                <coordinates>-70.95010369972222,-34.4747136,0.0</coordinates>
            </Point>
        </Placemark>
        <Placemark id="3098">
            <name>20260108_084352.jpg</name>
            <description>
                
        
<![CDATA[
        <b>File:</b> 20260108_084352.jpg<br>
        <b>Site:</b> Santa Ines<br>
        <b>Camera:</b> Ground (Celular)<br>
        <b>Coordinates:</b> -34.474714, -70.950104<br>
        <b>UMAP X:</b> 12.055918<br>
        <b>UMAP Y:</b> 7.7428136<br>
        ]]>                
        
            </description>
            <styleUrl>#3099</styleUrl>
            <Point id="3097">
                <coordinates>-70.95010369972222,-34.4747136,0.0</coordinates>
            </Point>
        </Placemark>
        <Placemark id="3103">
            <name>20260108_084359.jpg</name>
            <description>
                
        
<![CDATA[
        <b>File:</b> 20260108_084359.jpg<br>
        <b>Site:</b> Santa Ines<br>
        <b>Camera:</b> Ground (Celular)<br>
        <b>Coordinates:</b> -34.474714, -70.950104<br>
        <b>UMAP X:</b> 11.790826<br>
        <b>UMAP Y:</b> 7.22203<br>
        ]]>                
        
            </description>
            <styleUrl>#3104</styleUrl>
            <Point id="3102">
                <coordinates>-70.95010369972222,-34.4747136,0.0</coordinates>
            </Point>
        </Placemark>
        <Placemark id="3108">
            <name>20260108_084404.jpg</name>
            <description>
                
        
<![CDATA[
        <b>File:</b> 20260108_084404.jpg<br>
        <b>Site:</b> Santa Ines<br>
        <b>Camera:</b> Ground (Celular)<br>
        <b>Coordinates:</b> -34.474714, -70.950104<br>
        <b>UMAP X:</b> 11.197471<br>
        <b>UMAP Y:</b> 8.340868<br>
        ]]>                
        
            </description>
            <styleUrl>#3109</styleUrl>
            <Point id="3107">
                <coordinates>-70.95010369972222,-34.4747136,0.0</coordinates>
            </Point>
        </Placemark>
        <Placemark id="3113">
            <name>20260108_084414.jpg</name>
            <description>
                
        
<![CDATA[
        <b>File:</b> 20260108_084414.jpg<br>
        <b>Site:</b> Santa Ines<br>
        <b>Camera:</b> Ground (Celular)<br>
        <b>Coordinates:</b> -34.474714, -70.950104<br>
        <b>UMAP X:</b> 11.546672<br>
        <b>UMAP Y:</b> 6.42234<br>
        ]]>                
        
            </description>
            <styleUrl>#3114</styleUrl>
            <Point id="3112">
                <coordinates>-70.95010369972222,-34.4747136,0.0</coordinates>
            </Point>
        </Placemark>
        <Placemark id="3118">
            <name>20260108_084421.jpg</name>
            <description>
                
        
<![CDATA[
        <b>File:</b> 20260108_084421.jpg<br>
        <b>Site:</b> Santa Ines<br>
        <b>Camera:</b> Ground (Celular)<br>
        <b>Coordinates:</b> -34.474714, -70.950104<br>
        <b>UMAP X:</b> 8.923852<br>
        <b>UMAP Y:</b> 9.310169<br>
        ]]>                
        
            </description>
            <styleUrl>#3119</styleUrl>
            <Point id="3117">
                <coordinates>-70.95010369972222,-34.4747136,0.0</coordinates>
            </Point>
        </Placemark>
        <Placemark id="3123">
            <name>20260108_084429.jpg</name>
            <description>
                
        
<![CDATA[
        <b>File:</b> 20260108_084429.jpg<br>
        <b>Site:</b> Santa Ines<br>
        <b>Camera:</b> Ground (Celular)<br>
        <b>Coordinates:</b> -34.474714, -70.950104<br>
        <b>UMAP X:</b> 7.8699927<br>
        <b>UMAP Y:</b> 9.402513<br>
        ]]>                
        
            </description>
            <styleUrl>#3124</styleUrl>
            <Point id="3122">
                <coordinates>-70.95010369972222,-34.4747136,0.0</coordinates>
            </Point>
        </Placemark>
        <Placemark id="3128">
            <name>20260108_084458.jpg</name>
            <description>
                
        
<![CDATA[
        <b>File:</b> 20260108_084458.jpg<br>
        <b>Site:</b> Santa Ines<br>
        <b>Camera:</b> Ground (Celular)<br>
        <b>Coordinates:</b> -34.474797, -70.949748<br>
        <b>UMAP X:</b> 9.682825<br>
        <b>UMAP Y:</b> 7.6455803<br>
        ]]>                
        
            </description>
            <styleUrl>#3129</styleUrl>
            <Point id="3127">
                <coordinates>-70.9497475,-34.474797199722225,0.0</coordinates>
            </Point>
        </Placemark>
        <Placemark id="3133">
            <name>20260108_084502.jpg</name>
            <description>
                
        
<![CDATA[
        <b>File:</b> 20260108_084502.jpg<br>
        <b>Site:</b> Santa Ines<br>
        <b>Camera:</b> Ground (Celular)<br>
        <b>Coordinates:</b> -34.474797, -70.949748<br>
        <b>UMAP X:</b> 7.9745617<br>
        <b>UMAP Y:</b> 9.848858<br>
        ]]>                
        
            </description>
            <styleUrl>#3134</styleUrl>
            <Point id="3132">
                <coordinates>-70.9497475,-34.474797199722225,0.0</coordinates>
            </Point>
        </Placemark>
        <Placemark id="3138">
            <name>20260108_084505.jpg</name>
            <description>
                
        
<![CDATA[
        <b>File:</b> 20260108_084505.jpg<br>
        <b>Site:</b> Santa Ines<br>
        <b>Camera:</b> Ground (Celular)<br>
        <b>Coordinates:</b> -34.474797, -70.949748<br>
        <b>UMAP X:</b> 10.254188<br>
        <b>UMAP Y:</b> 8.047566<br>
        ]]>                
        
            </description>
            <styleUrl>#3139</styleUrl>
            <Point id="3137">
                <coordinates>-70.9497475,-34.474797199722225,0.0</coordinates>
            </Point>
        </Placemark>
        <Placemark id="3143">
            <name>20260108_084509.jpg</name>
            <description>
                
        
<![CDATA[
        <b>File:</b> 20260108_084509.jpg<br>
        <b>Site:</b> Santa Ines<br>
        <b>Camera:</b> Ground (Celular)<br>
        <b>Coordinates:</b> -34.474797, -70.949748<br>
        <b>UMAP X:</b> 9.991125<br>
        <b>UMAP Y:</b> 9.209466<br>
        ]]>                
        
            </description>
            <styleUrl>#3144</styleUrl>
            <Point id="3142">
                <coordinates>-70.9497475,-34.474797199722225,0.0</coordinates>
            </Point>
        </Placemark>
        <Placemark id="3148">
            <name>20260108_084518.jpg</name>
            <description>
                
        
<![CDATA[
        <b>File:</b> 20260108_084518.jpg<br>
        <b>Site:</b> Santa Ines<br>
        <b>Camera:</b> Ground (Celular)<br>
        <b>Coordinates:</b> -34.474797, -70.949748<br>
        <b>UMAP X:</b> 8.663972<br>
        <b>UMAP Y:</b> 8.483425<br>
        ]]>                
        
            </description>
            <styleUrl>#3149</styleUrl>
            <Point id="3147">
                <coordinates>-70.9497475,-34.474797199722225,0.0</coordinates>
            </Point>
        </Placemark>
        <Placemark id="3153">
            <name>20260108_084521.jpg</name>
            <description>
                
        
<![CDATA[
        <b>File:</b> 20260108_084521.jpg<br>
        <b>Site:</b> Santa Ines<br>
        <b>Camera:</b> Ground (Celular)<br>
        <b>Coordinates:</b> -34.474797, -70.949748<br>
        <b>UMAP X:</b> 9.342277<br>
        <b>UMAP Y:</b> 10.46916<br>
        ]]>                
        
            </description>
            <styleUrl>#3154</styleUrl>
            <Point id="3152">
                <coordinates>-70.9497475,-34.474797199722225,0.0</coordinates>
            </Point>
        </Placemark>
        <Placemark id="3158">
            <name>20260108_084537.jpg</name>
            <description>
                
        
<![CDATA[
        <b>File:</b> 20260108_084537.jpg<br>
        <b>Site:</b> Santa Ines<br>
        <b>Camera:</b> Ground (Celular)<br>
        <b>Coordinates:</b> -34.474894, -70.949516<br>
        <b>UMAP X:</b> 11.434822<br>
        <b>UMAP Y:</b> 6.2357717<br>
        ]]>                
        
            </description>
            <styleUrl>#3159</styleUrl>
            <Point id="3157">
                <coordinates>-70.94951629972222,-34.4748935,0.0</coordinates>
            </Point>
        </Placemark>
        <Placemark id="3163">
            <name>20260108_084541.jpg</name>
            <description>
                
        
<![CDATA[
        <b>File:</b> 20260108_084541.jpg<br>
        <b>Site:</b> Santa Ines<br>
        <b>Camera:</b> Ground (Celular)<br>
        <b>Coordinates:</b> -34.474894, -70.949516<br>
        <b>UMAP X:</b> 10.97459<br>
        <b>UMAP Y:</b> 6.879871<br>
        ]]>                
        
            </description>
            <styleUrl>#3164</styleUrl>
            <Point id="3162">
                <coordinates>-70.94951629972222,-34.4748935,0.0</coordinates>
            </Point>
        </Placemark>
        <Placemark id="3168">
            <name>20260108_084547.jpg</name>
            <description>
                
        
<![CDATA[
        <b>File:</b> 20260108_084547.jpg<br>
        <b>Site:</b> Santa Ines<br>
        <b>Camera:</b> Ground (Celular)<br>
        <b>Coordinates:</b> -34.474894, -70.949516<br>
        <b>UMAP X:</b> 9.426341<br>
        <b>UMAP Y:</b> 10.579622<br>
        ]]>                
        
            </description>
            <styleUrl>#3169</styleUrl>
            <Point id="3167">
                <coordinates>-70.94951629972222,-34.4748935,0.0</coordinates>
            </Point>
        </Placemark>
        <Placemark id="3173">
            <name>20260108_084550.jpg</name>
            <description>
                
        
<![CDATA[
        <b>File:</b> 20260108_084550.jpg<br>
        <b>Site:</b> Santa Ines<br>
        <b>Camera:</b> Ground (Celular)<br>
        <b>Coordinates:</b> -34.474894, -70.949516<br>
        <b>UMAP X:</b> 11.534943<br>
        <b>UMAP Y:</b> 6.2500362<br>
        ]]>                
        
            </description>
            <styleUrl>#3174</styleUrl>
            <Point id="3172">
                <coordinates>-70.94951629972222,-34.4748935,0.0</coordinates>
            </Point>
        </Placemark>
    </Document>
</kml>
