sample_id,filepath,filename,umap_x,umap_y,tags,width,height,size_bytes,latitude,longitude,site,camera_type
6967ec364644523b2e55407d,/home/malezainia1/dev/INIA_DeepLearning_Ubuntu_mod_lleon/data/campo1_ene_2026/Santa Ines/Celular/20260106_134521.jpg,20260106_134521.jpg,2.5607433,-0.19690602,,3024,4032,6466632,-34.4754821,-70.9537511,Santa Ines,ground
6967ec364644523b2e55407e,/home/malezainia1/dev/INIA_DeepLearning_Ubuntu_mod_lleon/data/campo1_ene_2026/Santa Ines/Celular/20260106_134522.jpg,20260106_134522.jpg,2.3147638,-0.16821134,,3024,4032,6721384,-34.4754821,-70.9537511,Santa Ines,ground
6967ec364644523b2e55407f,/home/malezainia1/dev/INIA_DeepLearning_Ubuntu_mod_lleon/data/campo1_ene_2026/Santa Ines/Celular/20260106_134534.jpg,20260106_134534.jpg,2.0322554,0.4701739,,3024,4032,6421164,-34.4754821,-70.9537511,Santa Ines,ground
6967ec364644523b2e554080,/home/malezainia1/dev/INIA_DeepLearning_Ubuntu_mod_lleon/data/campo1_ene_2026/Santa Ines/Celular/20260106_134541.jpg,20260106_134541.jpg,1.084182,0.0670557,,3024,4032,6212282,-34.4754821,-70.9537511,Santa Ines,ground
6967ec364644523b2e554081,/home/malezainia1/dev/INIA_DeepLearning_Ubuntu_mod_lleon/data/campo1_ene_2026/Santa Ines/Celular/20260106_134542.jpg,20260106_134542.jpg,2.4218705,-0.49144077,,3024,4032,6305326,-34.4754821,-70.9537511,Santa Ines,ground
6967ec364644523b2e554082,/home/malezainia1/dev/INIA_DeepLearning_Ubuntu_mod_lleon/data/campo1_ene_2026/Santa Ines/Celular/20260106_134551.jpg,20260106_134551.jpg,2.2379103,0.31594628,,3024,4032,6503441,-34.4754821,-70.9537511,Santa Ines,ground
6967ec364644523b2e554083,/home/malezainia1/dev/INIA_DeepLearning_Ubuntu_mod_lleon/data/campo1_ene_2026/Santa Ines/Celular/20260106_134554.jpg,20260106_134554.jpg,2.6383169,-0.026397694,,3024,4032,6504959,-34.4754821,-70.9537511,Santa Ines,ground
6967ec364644523b2e554084,/home/malezainia1/dev/INIA_DeepLearning_Ubuntu_mod_lleon/data/campo1_ene_2026/Santa Ines/Celular/20260106_134556.jpg,20260106_134556.jpg,1.270121,0.3432614,,3024,4032,6064991,-34.4754821,-70.9537511,Santa Ines,ground
6967ec364644523b2e554085,/home/malezainia1/dev/INIA_DeepLearning_Ubuntu_mod_lleon/data/campo1_ene_2026/Santa Ines/Celular/20260106_134600.jpg,20260106_134600.jpg,2.8928552,0.30630273,,3024,4032,6697825,-34.4754821,-70.9537511,Santa Ines,ground
6967ec364644523b2e554086,/home/malezainia1/dev/INIA_DeepLearning_Ubuntu_mod_lleon/data/campo1_ene_2026/Santa Ines/Celular/20260106_134601.jpg,20260106_134601.jpg,2.4257596,0.08067353,,3024,4032,6702064,-34.4754821,-70.9537511,Santa Ines,ground
6967ec364644523b2e554087,/home/malezainia1/dev/INIA_DeepLearning_Ubuntu_mod_lleon/data/campo1_ene_2026/Santa Ines/Celular/20260106_134605.jpg,20260106_134605.jpg,2.3909125,0.053170912,,3024,4032,6367859,-34.4752772,-70.95040749972223,Santa Ines,ground
6967ec364644523b2e554088,/home/malezainia1/dev/INIA_DeepLearning_Ubuntu_mod_lleon/data/campo1_ene_2026/Santa Ines/Celular/20260106_134610.jpg,20260106_134610.jpg,2.5762064,-0.55882454,,3024,4032,6109855,-34.474315599722225,-70.9529681,Santa Ines,ground
6967ec364644523b2e554089,/home/malezainia1/dev/INIA_DeepLearning_Ubuntu_mod_lleon/data/campo1_ene_2026/Santa Ines/Celular/20260106_134634.jpg,20260106_134634.jpg,2.625291,-0.30297664,,3024,4032,6226567,-34.4743167,-70.9529026,Santa Ines,ground
6967ec364644523b2e55408a,/home/malezainia1/dev/INIA_DeepLearning_Ubuntu_mod_lleon/data/campo1_ene_2026/Santa Ines/Celular/20260106_134640.jpg,20260106_134640.jpg,2.820305,0.21212426,,3024,4032,6428149,-34.4743167,-70.9529026,Santa Ines,ground
6967ec364644523b2e55408b,/home/malezainia1/dev/INIA_DeepLearning_Ubuntu_mod_lleon/data/campo1_ene_2026/Santa Ines/Celular/20260106_134644.jpg,20260106_134644.jpg,2.5343118,-0.028807968,,3024,4032,6680551,-34.4743167,-70.9529026,Santa Ines,ground
6967ec364644523b2e55408c,/home/malezainia1/dev/INIA_DeepLearning_Ubuntu_mod_lleon/data/campo1_ene_2026/Santa Ines/Celular/20260106_134646.jpg,20260106_134646.jpg,2.839072,0.033009015,,3024,4032,6168221,-34.4743167,-70.9529026,Santa Ines,ground
6967ec364644523b2e55408d,/home/malezainia1/dev/INIA_DeepLearning_Ubuntu_mod_lleon/data/campo1_ene_2026/Santa Ines/Celular/20260106_134650.jpg,20260106_134650.jpg,2.7851315,-0.20588759,,3024,4032,6760361,-34.4743167,-70.9529026,Santa Ines,ground
6967ec364644523b2e55408e,/home/malezainia1/dev/INIA_DeepLearning_Ubuntu_mod_lleon/data/campo1_ene_2026/Santa Ines/Celular/20260106_134652.jpg,20260106_134652.jpg,2.6285686,0.0974272,,3024,4032,6737408,-34.4743167,-70.9529026,Santa Ines,ground
6967ec364644523b2e55408f,/home/malezainia1/dev/INIA_DeepLearning_Ubuntu_mod_lleon/data/campo1_ene_2026/Santa Ines/Celular/20260106_134653.jpg,20260106_134653.jpg,2.3966284,0.2345579,,3024,4032,6673149,-34.4743167,-70.9529026,Santa Ines,ground
6967ec364644523b2e554090,/home/malezainia1/dev/INIA_DeepLearning_Ubuntu_mod_lleon/data/campo1_ene_2026/Santa Ines/Celular/20260106_134657.jpg,20260106_134657.jpg,2.6324344,0.3617474,,3024,4032,6642243,-34.4743167,-70.9529026,Santa Ines,ground
6967ec364644523b2e554091,/home/malezainia1/dev/INIA_DeepLearning_Ubuntu_mod_lleon/data/campo1_ene_2026/Santa Ines/Celular/20260106_134705.jpg,20260106_134705.jpg,2.1871192,-0.3823938,,3024,4032,6722461,-34.4743167,-70.9529026,Santa Ines,ground
6967ec364644523b2e554092,/home/malezainia1/dev/INIA_DeepLearning_Ubuntu_mod_lleon/data/campo1_ene_2026/Santa Ines/Celular/20260106_134708.jpg,20260106_134708.jpg,2.8091922,-0.13078032,,3024,4032,6337823,-34.4743167,-70.9529026,Santa Ines,ground
6967ec364644523b2e554093,/home/malezainia1/dev/INIA_DeepLearning_Ubuntu_mod_lleon/data/campo1_ene_2026/Santa Ines/Celular/20260106_134713.jpg,20260106_134713.jpg,2.827114,0.15516868,,3024,4032,6606646,-34.474394799722226,-70.9526582,Santa Ines,ground
6967ec364644523b2e554094,/home/malezainia1/dev/INIA_DeepLearning_Ubuntu_mod_lleon/data/campo1_ene_2026/Santa Ines/Celular/20260106_134721.jpg,20260106_134721.jpg,2.529534,-0.009837584,,3024,4032,6505080,-34.474394799722226,-70.9526582,Santa Ines,ground
6967ec364644523b2e554095,/home/malezainia1/dev/INIA_DeepLearning_Ubuntu_mod_lleon/data/campo1_ene_2026/Santa Ines/Celular/20260106_134724.jpg,20260106_134724.jpg,3.0467606,-0.19676657,,3024,4032,6646355,-34.474394799722226,-70.9526582,Santa Ines,ground
6967ec364644523b2e554096,/home/malezainia1/dev/INIA_DeepLearning_Ubuntu_mod_lleon/data/campo1_ene_2026/Santa Ines/Celular/20260106_134726.jpg,20260106_134726.jpg,1.6152089,-0.044326533,,3024,4032,6564015,-34.474394799722226,-70.9526582,Santa Ines,ground
6967ec364644523b2e554097,/home/malezainia1/dev/INIA_DeepLearning_Ubuntu_mod_lleon/data/campo1_ene_2026/Santa Ines/Celular/20260106_134733.jpg,20260106_134733.jpg,2.3629088,0.5214547,,3024,4032,6438680,-34.474394799722226,-70.9526582,Santa Ines,ground
6967ec364644523b2e554098,/home/malezainia1/dev/INIA_DeepLearning_Ubuntu_mod_lleon/data/campo1_ene_2026/Santa Ines/Celular/20260106_134735.jpg,20260106_134735.jpg,1.2492918,0.47983798,,3024,4032,6307428,-34.474394799722226,-70.9526582,Santa Ines,ground
6967ec364644523b2e554099,/home/malezainia1/dev/INIA_DeepLearning_Ubuntu_mod_lleon/data/campo1_ene_2026/Santa Ines/Celular/20260106_134738.jpg,20260106_134738.jpg,2.1125638,-0.3524188,,3024,4032,6520183,-34.474394799722226,-70.9526582,Santa Ines,ground
6967ec364644523b2e55409a,/home/malezainia1/dev/INIA_DeepLearning_Ubuntu_mod_lleon/data/campo1_ene_2026/Santa Ines/Celular/20260106_134741.jpg,20260106_134741.jpg,2.4466743,0.542241,,3024,4032,6578129,-34.474394799722226,-70.9526582,Santa Ines,ground
6967ec364644523b2e55409b,/home/malezainia1/dev/INIA_DeepLearning_Ubuntu_mod_lleon/data/campo1_ene_2026/Santa Ines/Celular/20260106_134742.jpg,20260106_134742.jpg,1.1964326,0.30158156,,3024,4032,6521446,-34.474394799722226,-70.9526582,Santa Ines,ground
6967ec364644523b2e55409c,/home/malezainia1/dev/INIA_DeepLearning_Ubuntu_mod_lleon/data/campo1_ene_2026/Santa Ines/Celular/20260106_134745.jpg,20260106_134745.jpg,2.7757523,-0.39399126,,3024,4032,6624940,-34.474394799722226,-70.9526582,Santa Ines,ground
6967ec364644523b2e55409d,/home/malezainia1/dev/INIA_DeepLearning_Ubuntu_mod_lleon/data/campo1_ene_2026/Santa Ines/Celular/20260106_134748.jpg,20260106_134748.jpg,1.8263322,-0.4169535,,3024,4032,6598275,-34.474394799722226,-70.9526582,Santa Ines,ground
6967ec364644523b2e55409e,/home/malezainia1/dev/INIA_DeepLearning_Ubuntu_mod_lleon/data/campo1_ene_2026/Santa Ines/Celular/20260106_134750.jpg,20260106_134750.jpg,1.2397714,0.5039239,,3024,4032,6205444,-34.474394799722226,-70.9526582,Santa Ines,ground
6967ec364644523b2e55409f,/home/malezainia1/dev/INIA_DeepLearning_Ubuntu_mod_lleon/data/campo1_ene_2026/Santa Ines/Celular/20260106_134752.jpg,20260106_134752.jpg,2.775582,0.110528804,,3024,4032,6503259,-34.474394799722226,-70.9526582,Santa Ines,ground
6967ec364644523b2e5540a0,/home/malezainia1/dev/INIA_DeepLearning_Ubuntu_mod_lleon/data/campo1_ene_2026/Santa Ines/Celular/20260106_134755.jpg,20260106_134755.jpg,1.3461794,0.41707823,,3024,4032,6313831,-34.474394799722226,-70.9526582,Santa Ines,ground
6967ec364644523b2e5540a1,/home/malezainia1/dev/INIA_DeepLearning_Ubuntu_mod_lleon/data/campo1_ene_2026/Santa Ines/Celular/20260106_134758.jpg,20260106_134758.jpg,2.7095437,-0.4082824,,3024,4032,6458677,-34.474394799722226,-70.9526582,Santa Ines,ground
6967ec364644523b2e5540a2,/home/malezainia1/dev/INIA_DeepLearning_Ubuntu_mod_lleon/data/campo1_ene_2026/Santa Ines/Celular/20260106_134802.jpg,20260106_134802.jpg,0.9006827,-0.12523738,,3024,4032,6534926,-34.474394799722226,-70.9526582,Santa Ines,ground
6967ec364644523b2e5540a3,/home/malezainia1/dev/INIA_DeepLearning_Ubuntu_mod_lleon/data/campo1_ene_2026/Santa Ines/Celular/20260106_134807.jpg,20260106_134807.jpg,3.023234,-0.11003026,,3024,4032,6398394,-34.474394799722226,-70.9526582,Santa Ines,ground
6967ec364644523b2e5540a4,/home/malezainia1/dev/INIA_DeepLearning_Ubuntu_mod_lleon/data/campo1_ene_2026/Santa Ines/Celular/20260106_134809.jpg,20260106_134809.jpg,1.2808378,-0.44950914,,3024,4032,6447204,-34.474394799722226,-70.9526582,Santa Ines,ground
6967ec364644523b2e5540a5,/home/malezainia1/dev/INIA_DeepLearning_Ubuntu_mod_lleon/data/campo1_ene_2026/Santa Ines/Celular/20260106_134811.jpg,20260106_134811.jpg,1.323571,-0.42866886,,3024,4032,6555113,-34.474394799722226,-70.9526582,Santa Ines,ground
6967ec364644523b2e5540a6,/home/malezainia1/dev/INIA_DeepLearning_Ubuntu_mod_lleon/data/campo1_ene_2026/Santa Ines/Celular/20260106_134817.jpg,20260106_134817.jpg,2.7069721,-0.2022344,,3024,4032,6389496,-34.474394799722226,-70.9526582,Santa Ines,ground
6967ec364644523b2e5540a7,/home/malezainia1/dev/INIA_DeepLearning_Ubuntu_mod_lleon/data/campo1_ene_2026/Santa Ines/Celular/20260106_134821.jpg,20260106_134821.jpg,1.6549088,-0.57215524,,3024,4032,6337237,-34.474394799722226,-70.9526582,Santa Ines,ground
6967ec364644523b2e5540a8,/home/malezainia1/dev/INIA_DeepLearning_Ubuntu_mod_lleon/data/campo1_ene_2026/Santa Ines/Celular/20260106_134823.jpg,20260106_134823.jpg,1.237096,0.031008074,,3024,4032,6540679,-34.474394799722226,-70.9526582,Santa Ines,ground
6967ec364644523b2e5540a9,/home/malezainia1/dev/INIA_DeepLearning_Ubuntu_mod_lleon/data/campo1_ene_2026/Santa Ines/Celular/20260106_134824.jpg,20260106_134824.jpg,1.0982693,0.28232607,,3024,4032,6566443,-34.474394799722226,-70.9526582,Santa Ines,ground
6967ec364644523b2e5540aa,/home/malezainia1/dev/INIA_DeepLearning_Ubuntu_mod_lleon/data/campo1_ene_2026/Santa Ines/Celular/20260106_134827.jpg,20260106_134827.jpg,2.0868628,0.5177368,,3024,4032,6561889,-34.474394799722226,-70.9526582,Santa Ines,ground
6967ec364644523b2e5540ab,/home/malezainia1/dev/INIA_DeepLearning_Ubuntu_mod_lleon/data/campo1_ene_2026/Santa Ines/Celular/20260106_134828.jpg,20260106_134828.jpg,2.2946293,0.008674333,,3024,4032,6502484,-34.474394799722226,-70.9526582,Santa Ines,ground
6967ec364644523b2e5540ac,/home/malezainia1/dev/INIA_DeepLearning_Ubuntu_mod_lleon/data/campo1_ene_2026/Santa Ines/Celular/20260106_134830.jpg,20260106_134830.jpg,2.7608798,-0.14791456,,3024,4032,6459951,-34.474394799722226,-70.9526582,Santa Ines,ground
6967ec364644523b2e5540ad,/home/malezainia1/dev/INIA_DeepLearning_Ubuntu_mod_lleon/data/campo1_ene_2026/Santa Ines/Celular/20260106_134831.jpg,20260106_134831.jpg,3.0631664,-0.13464582,,3024,4032,6222923,-34.474394799722226,-70.9526582,Santa Ines,ground
6967ec364644523b2e5540ae,/home/malezainia1/dev/INIA_DeepLearning_Ubuntu_mod_lleon/data/campo1_ene_2026/Santa Ines/Celular/20260106_134834.jpg,20260106_134834.jpg,1.5762746,0.22881933,,3024,4032,6399043,-34.474394799722226,-70.9526582,Santa Ines,ground
6967ec364644523b2e5540af,/home/malezainia1/dev/INIA_DeepLearning_Ubuntu_mod_lleon/data/campo1_ene_2026/Santa Ines/Celular/20260106_134837.jpg,20260106_134837.jpg,11.618402,8.591178,,3024,4032,6313656,-34.474463999722225,-70.9524288,Santa Ines,ground
6967ec364644523b2e5540b0,/home/malezainia1/dev/INIA_DeepLearning_Ubuntu_mod_lleon/data/campo1_ene_2026/Santa Ines/Celular/20260106_134841.jpg,20260106_134841.jpg,2.3769734,-0.5948166,,3024,4032,6352885,-34.4744924,-70.9523994,Santa Ines,ground
6967ec364644523b2e5540b1,/home/malezainia1/dev/INIA_DeepLearning_Ubuntu_mod_lleon/data/campo1_ene_2026/Santa Ines/Celular/20260106_134844.jpg,20260106_134844.jpg,1.0364418,-0.21001926,,3024,4032,6303795,-34.4744924,-70.9523994,Santa Ines,ground
6967ec364644523b2e5540b2,/home/malezainia1/dev/INIA_DeepLearning_Ubuntu_mod_lleon/data/campo1_ene_2026/Santa Ines/Celular/20260106_134850.jpg,20260106_134850.jpg,1.6767625,-0.67549235,,3024,4032,6757637,-34.4744912,-70.95235019972222,Santa Ines,ground
6967ec364644523b2e5540b3,/home/malezainia1/dev/INIA_DeepLearning_Ubuntu_mod_lleon/data/campo1_ene_2026/Santa Ines/Celular/20260106_134852.jpg,20260106_134852.jpg,1.8757935,-0.68258715,,3024,4032,6795887,-34.474491,-70.95233469972223,Santa Ines,ground
6967ec364644523b2e5540b4,/home/malezainia1/dev/INIA_DeepLearning_Ubuntu_mod_lleon/data/campo1_ene_2026/Santa Ines/Celular/20260106_134854.jpg,20260106_134854.jpg,1.8086338,-0.5797731,,3024,4032,6795142,-34.4744929,-70.9523295,Santa Ines,ground
6967ec364644523b2e5540b5,/home/malezainia1/dev/INIA_DeepLearning_Ubuntu_mod_lleon/data/campo1_ene_2026/Santa Ines/Celular/20260106_134858.jpg,20260106_134858.jpg,2.9825985,-0.14818946,,3024,4032,6801260,-34.4744929,-70.9523295,Santa Ines,ground
6967ec364644523b2e5540b6,/home/malezainia1/dev/INIA_DeepLearning_Ubuntu_mod_lleon/data/campo1_ene_2026/Santa Ines/Celular/20260106_134901.jpg,20260106_134901.jpg,2.981768,0.25791636,,3024,4032,6625732,-34.4744929,-70.9523295,Santa Ines,ground
6967ec364644523b2e5540b7,/home/malezainia1/dev/INIA_DeepLearning_Ubuntu_mod_lleon/data/campo1_ene_2026/Santa Ines/Celular/20260106_134911.jpg,20260106_134911.jpg,0.9857633,0.09662355,,3024,4032,6446300,-34.47452919972223,-70.9523123,Santa Ines,ground
6967ec364644523b2e5540b8,/home/malezainia1/dev/INIA_DeepLearning_Ubuntu_mod_lleon/data/campo1_ene_2026/Santa Ines/Celular/20260106_134915.jpg,20260106_134915.jpg,0.8849481,0.20005648,,3024,4032,6436458,-34.4745208,-70.9522496,Santa Ines,ground
6967ec364644523b2e5540b9,/home/malezainia1/dev/INIA_DeepLearning_Ubuntu_mod_lleon/data/campo1_ene_2026/Santa Ines/Celular/20260106_134918.jpg,20260106_134918.jpg,1.8838158,0.59577084,,3024,4032,6231612,-34.4745252,-70.9522378,Santa Ines,ground
6967ec364644523b2e5540ba,/home/malezainia1/dev/INIA_DeepLearning_Ubuntu_mod_lleon/data/campo1_ene_2026/Santa Ines/Celular/20260106_134925.jpg,20260106_134925.jpg,1.4140679,0.37139353,,3024,4032,6563300,-34.474535,-70.95219969972223,Santa Ines,ground
6967ec364644523b2e5540bb,/home/malezainia1/dev/INIA_DeepLearning_Ubuntu_mod_lleon/data/campo1_ene_2026/Santa Ines/Celular/20260106_134926.jpg,20260106_134926.jpg,1.9232764,0.8563198,,3024,4032,6576308,-34.474535,-70.95219969972223,Santa Ines,ground
6967ec364644523b2e5540bc,/home/malezainia1/dev/INIA_DeepLearning_Ubuntu_mod_lleon/data/campo1_ene_2026/Santa Ines/Celular/20260106_134929.jpg,20260106_134929.jpg,1.4151057,-0.25926095,,3024,4032,6458355,-34.474535,-70.95219969972223,Santa Ines,ground
6967ec364644523b2e5540bd,/home/malezainia1/dev/INIA_DeepLearning_Ubuntu_mod_lleon/data/campo1_ene_2026/Santa Ines/Celular/20260106_134933.jpg,20260106_134933.jpg,2.0582325,-0.5442999,,3024,4032,6540972,-34.474535699722225,-70.9521773,Santa Ines,ground
6967ec364644523b2e5540be,/home/malezainia1/dev/INIA_DeepLearning_Ubuntu_mod_lleon/data/campo1_ene_2026/Santa Ines/Celular/20260106_134940.jpg,20260106_134940.jpg,1.6534058,0.05794734,,3024,4032,6606501,-34.4745512,-70.95214479972222,Santa Ines,ground
6967ec364644523b2e5540bf,/home/malezainia1/dev/INIA_DeepLearning_Ubuntu_mod_lleon/data/campo1_ene_2026/Santa Ines/Celular/20260106_134944.jpg,20260106_134944.jpg,2.3296356,0.17981434,,3024,4032,6673244,-34.47455659972223,-70.952127,Santa Ines,ground
6967ec364644523b2e5540c0,/home/malezainia1/dev/INIA_DeepLearning_Ubuntu_mod_lleon/data/campo1_ene_2026/Santa Ines/Celular/20260106_134948.jpg,20260106_134948.jpg,1.5274358,-0.4521929,,3024,4032,6695282,-34.4745567,-70.95212539972222,Santa Ines,ground
6967ec364644523b2e5540c1,/home/malezainia1/dev/INIA_DeepLearning_Ubuntu_mod_lleon/data/campo1_ene_2026/Santa Ines/Celular/20260106_134952.jpg,20260106_134952.jpg,1.0863479,-0.05032802,,3024,4032,6547417,-34.474567899722224,-70.9521036,Santa Ines,ground
6967ec364644523b2e5540c2,/home/malezainia1/dev/INIA_DeepLearning_Ubuntu_mod_lleon/data/campo1_ene_2026/Santa Ines/Celular/20260106_134955.jpg,20260106_134955.jpg,2.0898907,-0.21964711,,3024,4032,6707015,-34.47456749972223,-70.9521016,Santa Ines,ground
6967ec364644523b2e5540c3,/home/malezainia1/dev/INIA_DeepLearning_Ubuntu_mod_lleon/data/campo1_ene_2026/Santa Ines/Celular/20260106_135003.jpg,20260106_135003.jpg,2.3138738,-0.43275917,,3024,4032,6350493,-34.474572299722226,-70.9520602,Santa Ines,ground
6967ec364644523b2e5540c4,/home/malezainia1/dev/INIA_DeepLearning_Ubuntu_mod_lleon/data/campo1_ene_2026/Santa Ines/Celular/20260106_135005.jpg,20260106_135005.jpg,2.0352817,-0.35707912,,3024,4032,6347632,-34.4745733,-70.9520413,Santa Ines,ground
6967ec364644523b2e5540c5,/home/malezainia1/dev/INIA_DeepLearning_Ubuntu_mod_lleon/data/campo1_ene_2026/Santa Ines/Celular/20260106_135006.jpg,20260106_135006.jpg,1.6704376,-0.6899664,,3024,4032,6566026,-34.474578299722225,-70.9520341,Santa Ines,ground
6967ec364644523b2e5540c6,/home/malezainia1/dev/INIA_DeepLearning_Ubuntu_mod_lleon/data/campo1_ene_2026/Santa Ines/Celular/20260106_135008.jpg,20260106_135008.jpg,2.173176,-0.14905396,,3024,4032,6593822,-34.474576999722224,-70.952032,Santa Ines,ground
6967ec364644523b2e5540c7,/home/malezainia1/dev/INIA_DeepLearning_Ubuntu_mod_lleon/data/campo1_ene_2026/Santa Ines/Celular/20260106_135013.jpg,20260106_135013.jpg,2.47635,-0.5173679,,3024,4032,6558604,-34.474584999722225,-70.95201149972222,Santa Ines,ground
6967ec364644523b2e5540c8,/home/malezainia1/dev/INIA_DeepLearning_Ubuntu_mod_lleon/data/campo1_ene_2026/Santa Ines/Celular/20260106_135017.jpg,20260106_135017.jpg,1.5765222,-0.5638893,,3024,4032,6550487,-34.474586799722225,-70.9520083,Santa Ines,ground
6967ec364644523b2e5540c9,/home/malezainia1/dev/INIA_DeepLearning_Ubuntu_mod_lleon/data/campo1_ene_2026/Santa Ines/Celular/20260106_135021.jpg,20260106_135021.jpg,2.563418,-0.5392611,,3024,4032,6396271,-34.474593499722225,-70.9519678,Santa Ines,ground
6967ec364644523b2e5540ca,/home/malezainia1/dev/INIA_DeepLearning_Ubuntu_mod_lleon/data/campo1_ene_2026/Santa Ines/Celular/20260106_135026.jpg,20260106_135026.jpg,1.8385745,-0.28257993,,3024,4032,6508460,-34.4746097,-70.9519331,Santa Ines,ground
6967ec364644523b2e5540cb,/home/malezainia1/dev/INIA_DeepLearning_Ubuntu_mod_lleon/data/campo1_ene_2026/Santa Ines/Celular/20260106_135028.jpg,20260106_135028.jpg,1.8872659,-0.46972734,,3024,4032,6763491,-34.4746102,-70.9519319,Santa Ines,ground
6967ec364644523b2e5540cc,/home/malezainia1/dev/INIA_DeepLearning_Ubuntu_mod_lleon/data/campo1_ene_2026/Santa Ines/Celular/20260106_135035.jpg,20260106_135035.jpg,2.948297,-0.30243117,,3024,4032,6305108,-34.474622599722224,-70.9518903,Santa Ines,ground
6967ec364644523b2e5540cd,/home/malezainia1/dev/INIA_DeepLearning_Ubuntu_mod_lleon/data/campo1_ene_2026/Santa Ines/Celular/20260106_135038.jpg,20260106_135038.jpg,2.6507864,-0.62070584,,3024,4032,6581717,-34.474622599722224,-70.9518903,Santa Ines,ground
6967ec364644523b2e5540ce,/home/malezainia1/dev/INIA_DeepLearning_Ubuntu_mod_lleon/data/campo1_ene_2026/Santa Ines/Celular/20260106_135042.jpg,20260106_135042.jpg,1.1614454,-0.04210756,,3024,4032,6439313,-34.4746323,-70.95187049972222,Santa Ines,ground
6967ec364644523b2e5540cf,/home/malezainia1/dev/INIA_DeepLearning_Ubuntu_mod_lleon/data/campo1_ene_2026/Santa Ines/Celular/20260106_135044.jpg,20260106_135044.jpg,1.0294855,0.33232966,,3024,4032,6279365,-34.4746345,-70.9518668,Santa Ines,ground
6967ec364644523b2e5540d0,/home/malezainia1/dev/INIA_DeepLearning_Ubuntu_mod_lleon/data/campo1_ene_2026/Santa Ines/Celular/20260106_135049.jpg,20260106_135049.jpg,1.0482447,-0.018396333,,3024,4032,6130849,-34.4746389,-70.9518352,Santa Ines,ground
6967ec364644523b2e5540d1,/home/malezainia1/dev/INIA_DeepLearning_Ubuntu_mod_lleon/data/campo1_ene_2026/Santa Ines/Celular/20260106_135051.jpg,20260106_135051.jpg,1.1124182,0.38803002,,3024,4032,6195728,-34.4746389,-70.9518352,Santa Ines,ground
6967ec364644523b2e5540d2,/home/malezainia1/dev/INIA_DeepLearning_Ubuntu_mod_lleon/data/campo1_ene_2026/Santa Ines/Celular/20260106_135054.jpg,20260106_135054.jpg,1.2567294,0.058190744,,3024,4032,6117115,-34.4746448,-70.951817,Santa Ines,ground
6967ec364644523b2e5540d3,/home/malezainia1/dev/INIA_DeepLearning_Ubuntu_mod_lleon/data/campo1_ene_2026/Santa Ines/Celular/20260106_135056.jpg,20260106_135056.jpg,2.7375455,-0.2409496,,3024,4032,6538201,-34.474645799722225,-70.9518098,Santa Ines,ground
6967ec364644523b2e5540d4,/home/malezainia1/dev/INIA_DeepLearning_Ubuntu_mod_lleon/data/campo1_ene_2026/Santa Ines/Celular/20260106_135100.jpg,20260106_135100.jpg,2.6130455,-0.40863907,,3024,4032,6488558,-34.47464959972223,-70.95179149972222,Santa Ines,ground
6967ec364644523b2e5540d5,/home/malezainia1/dev/INIA_DeepLearning_Ubuntu_mod_lleon/data/campo1_ene_2026/Santa Ines/Celular/20260106_135102.jpg,20260106_135102.jpg,1.7180178,-0.68281585,,3024,4032,6684331,-34.47465079972223,-70.95178439972223,Santa Ines,ground
6967ec364644523b2e5540d6,/home/malezainia1/dev/INIA_DeepLearning_Ubuntu_mod_lleon/data/campo1_ene_2026/Santa Ines/Celular/20260106_135106.jpg,20260106_135106.jpg,2.3969443,0.5451629,,3024,4032,6400266,-34.47465079972223,-70.95178439972223,Santa Ines,ground
6967ec364644523b2e5540d7,/home/malezainia1/dev/INIA_DeepLearning_Ubuntu_mod_lleon/data/campo1_ene_2026/Santa Ines/Celular/20260106_135108.jpg,20260106_135108.jpg,1.8908774,0.7508689,,3024,4032,6341166,-34.474660499722226,-70.95177309972223,Santa Ines,ground
6967ec364644523b2e5540d8,/home/malezainia1/dev/INIA_DeepLearning_Ubuntu_mod_lleon/data/campo1_ene_2026/Santa Ines/Celular/20260106_135118.jpg,20260106_135118.jpg,0.928571,-0.17037618,,3024,4032,6394639,-34.474673099722224,-70.9517144,Santa Ines,ground
6967ec364644523b2e5540d9,/home/malezainia1/dev/INIA_DeepLearning_Ubuntu_mod_lleon/data/campo1_ene_2026/Santa Ines/Celular/20260106_135120.jpg,20260106_135120.jpg,0.8988805,-0.12328233,,3024,4032,6408284,-34.474680499722226,-70.9516923,Santa Ines,ground
6967ec364644523b2e5540da,/home/malezainia1/dev/INIA_DeepLearning_Ubuntu_mod_lleon/data/campo1_ene_2026/Santa Ines/Celular/20260106_135123.jpg,20260106_135123.jpg,1.7346902,-0.6750892,,3024,4032,6487139,-34.4746834,-70.9516753,Santa Ines,ground
6967ec364644523b2e5540db,/home/malezainia1/dev/INIA_DeepLearning_Ubuntu_mod_lleon/data/campo1_ene_2026/Santa Ines/Celular/20260106_135125.jpg,20260106_135125.jpg,2.514009,-0.57968247,,3024,4032,6176755,-34.4746834,-70.9516753,Santa Ines,ground
6967ec364644523b2e5540dc,/home/malezainia1/dev/INIA_DeepLearning_Ubuntu_mod_lleon/data/campo1_ene_2026/Santa Ines/Celular/20260106_135126.jpg,20260106_135126.jpg,2.2277217,-0.5827757,,3024,4032,6777015,-34.4746834,-70.9516753,Santa Ines,ground
6967ec364644523b2e5540dd,/home/malezainia1/dev/INIA_DeepLearning_Ubuntu_mod_lleon/data/campo1_ene_2026/Santa Ines/Celular/20260106_135129.jpg,20260106_135129.jpg,1.1318727,0.39313486,,3024,4032,6267169,-34.474696199722224,-70.95164909972223,Santa Ines,ground
6967ec364644523b2e5540de,/home/malezainia1/dev/INIA_DeepLearning_Ubuntu_mod_lleon/data/campo1_ene_2026/Santa Ines/Celular/20260106_135137.jpg,20260106_135137.jpg,1.5846518,-0.64692,,3024,4032,6622111,-34.4746983,-70.95160939972223,Santa Ines,ground
6967ec364644523b2e5540df,/home/malezainia1/dev/INIA_DeepLearning_Ubuntu_mod_lleon/data/campo1_ene_2026/Santa Ines/Celular/20260106_135139.jpg,20260106_135139.jpg,0.9415769,-0.3275686,,3024,4032,6429838,-34.474699899722225,-70.95160529972223,Santa Ines,ground
6967ec364644523b2e5540e0,/home/malezainia1/dev/INIA_DeepLearning_Ubuntu_mod_lleon/data/campo1_ene_2026/Santa Ines/Celular/20260106_135142.jpg,20260106_135142.jpg,1.8161333,-0.57801366,,3024,4032,6464126,-34.474705399722225,-70.95158809972223,Santa Ines,ground
6967ec364644523b2e5540e1,/home/malezainia1/dev/INIA_DeepLearning_Ubuntu_mod_lleon/data/campo1_ene_2026/Santa Ines/Celular/20260106_135144.jpg,20260106_135144.jpg,2.4506247,-0.61308664,,3024,4032,6834180,-34.4747071,-70.9515796,Santa Ines,ground
6967ec364644523b2e5540e2,/home/malezainia1/dev/INIA_DeepLearning_Ubuntu_mod_lleon/data/campo1_ene_2026/Santa Ines/Celular/20260106_135145.jpg,20260106_135145.jpg,1.271784,0.18246768,,3024,4032,6547416,-34.474707199722225,-70.9515748,Santa Ines,ground
6967ec364644523b2e5540e3,/home/malezainia1/dev/INIA_DeepLearning_Ubuntu_mod_lleon/data/campo1_ene_2026/Santa Ines/Celular/20260106_135148.jpg,20260106_135148.jpg,1.539644,0.42971322,,3024,4032,6738327,-34.474717499722225,-70.9515623,Santa Ines,ground
6967ec364644523b2e5540e4,/home/malezainia1/dev/INIA_DeepLearning_Ubuntu_mod_lleon/data/campo1_ene_2026/Santa Ines/Celular/20260106_135151.jpg,20260106_135151.jpg,0.95564723,-0.29048535,,3024,4032,6656593,-34.47471889972223,-70.95155769972223,Santa Ines,ground
6967ec364644523b2e5540e5,/home/malezainia1/dev/INIA_DeepLearning_Ubuntu_mod_lleon/data/campo1_ene_2026/Santa Ines/Celular/20260106_135152.jpg,20260106_135152.jpg,1.7805244,-0.5292836,,3024,4032,6781096,-34.4747198,-70.9515544,Santa Ines,ground
6967ec364644523b2e5540e6,/home/malezainia1/dev/INIA_DeepLearning_Ubuntu_mod_lleon/data/campo1_ene_2026/Santa Ines/Celular/20260106_135154.jpg,20260106_135154.jpg,1.9252498,0.23536605,,3024,4032,6535700,-34.4747198,-70.9515544,Santa Ines,ground
6967ec364644523b2e5540e7,/home/malezainia1/dev/INIA_DeepLearning_Ubuntu_mod_lleon/data/campo1_ene_2026/Santa Ines/Celular/20260106_135156.jpg,20260106_135156.jpg,0.9518054,0.059203662,,3024,4032,5884359,-34.474718,-70.9515415,Santa Ines,ground
6967ec364644523b2e5540e8,/home/malezainia1/dev/INIA_DeepLearning_Ubuntu_mod_lleon/data/campo1_ene_2026/Santa Ines/Celular/20260106_135158.jpg,20260106_135158.jpg,0.9917609,0.12222259,,3024,4032,6283967,-34.4747179,-70.9515415,Santa Ines,ground
6967ec364644523b2e5540e9,/home/malezainia1/dev/INIA_DeepLearning_Ubuntu_mod_lleon/data/campo1_ene_2026/Santa Ines/Celular/20260106_135201.jpg,20260106_135201.jpg,1.6784636,-0.5049409,,3024,4032,6602384,-34.4747179,-70.9515415,Santa Ines,ground
6967ec364644523b2e5540ea,/home/malezainia1/dev/INIA_DeepLearning_Ubuntu_mod_lleon/data/campo1_ene_2026/Santa Ines/Celular/20260108_070245.jpg,20260108_070245.jpg,8.41892,12.010605,,3000,4000,4657314,-34.473953799722224,-70.95296759972223,Santa Ines,ground
6967ec364644523b2e5540eb,/home/malezainia1/dev/INIA_DeepLearning_Ubuntu_mod_lleon/data/campo1_ene_2026/Santa Ines/Celular/20260108_070253.jpg,20260108_070253.jpg,7.9602304,12.03532,,3000,4000,4845553,-34.473953799722224,-70.95296759972223,Santa Ines,ground
6967ec364644523b2e5540ec,/home/malezainia1/dev/INIA_DeepLearning_Ubuntu_mod_lleon/data/campo1_ene_2026/Santa Ines/Celular/20260108_070259.jpg,20260108_070259.jpg,8.720054,13.352334,,3000,4000,5415138,-34.473953799722224,-70.95296759972223,Santa Ines,ground
6967ec364644523b2e5540ed,/home/malezainia1/dev/INIA_DeepLearning_Ubuntu_mod_lleon/data/campo1_ene_2026/Santa Ines/Celular/20260108_070304.jpg,20260108_070304.jpg,7.6946464,10.33068,,3000,4000,5522753,-34.473953799722224,-70.95296759972223,Santa Ines,ground
6967ec364644523b2e5540ee,/home/malezainia1/dev/INIA_DeepLearning_Ubuntu_mod_lleon/data/campo1_ene_2026/Santa Ines/Celular/20260108_070306.jpg,20260108_070306.jpg,9.2897625,8.953915,,3000,4000,5440073,-34.473953799722224,-70.95296759972223,Santa Ines,ground
6967ec364644523b2e5540ef,/home/malezainia1/dev/INIA_DeepLearning_Ubuntu_mod_lleon/data/campo1_ene_2026/Santa Ines/Celular/20260108_070312.jpg,20260108_070312.jpg,7.990104,9.52914,,3000,4000,4762284,-34.473953799722224,-70.95296759972223,Santa Ines,ground
6967ec364644523b2e5540f0,/home/malezainia1/dev/INIA_DeepLearning_Ubuntu_mod_lleon/data/campo1_ene_2026/Santa Ines/Celular/20260108_070313.jpg,20260108_070313.jpg,8.662353,12.423137,,3000,4000,4679473,-34.473953799722224,-70.95296759972223,Santa Ines,ground
6967ec364644523b2e5540f1,/home/malezainia1/dev/INIA_DeepLearning_Ubuntu_mod_lleon/data/campo1_ene_2026/Santa Ines/Celular/20260108_070316.jpg,20260108_070316.jpg,7.6989317,12.538705,,3000,4000,4497741,-34.473953799722224,-70.95296759972223,Santa Ines,ground
6967ec364644523b2e5540f2,/home/malezainia1/dev/INIA_DeepLearning_Ubuntu_mod_lleon/data/campo1_ene_2026/Santa Ines/Celular/20260108_070321.jpg,20260108_070321.jpg,7.6863456,10.247168,,3000,4000,5432900,-34.473953799722224,-70.95296759972223,Santa Ines,ground
6967ec364644523b2e5540f3,/home/malezainia1/dev/INIA_DeepLearning_Ubuntu_mod_lleon/data/campo1_ene_2026/Santa Ines/Celular/20260108_070323.jpg,20260108_070323.jpg,8.576678,12.485785,,3000,4000,5555226,-34.473969699722225,-70.95290629972223,Santa Ines,ground
6967ec364644523b2e5540f4,/home/malezainia1/dev/INIA_DeepLearning_Ubuntu_mod_lleon/data/campo1_ene_2026/Santa Ines/Celular/20260108_070329.jpg,20260108_070329.jpg,8.121664,13.444566,,3000,4000,3397946,-34.4739706,-70.95290239972222,Santa Ines,ground
6967ec364644523b2e5540f5,/home/malezainia1/dev/INIA_DeepLearning_Ubuntu_mod_lleon/data/campo1_ene_2026/Santa Ines/Celular/20260108_070332.jpg,20260108_070332.jpg,8.182046,12.9190445,,3000,4000,3960065,-34.4739706,-70.95290239972222,Santa Ines,ground
6967ec364644523b2e5540f6,/home/malezainia1/dev/INIA_DeepLearning_Ubuntu_mod_lleon/data/campo1_ene_2026/Santa Ines/Celular/20260108_070336.jpg,20260108_070336.jpg,7.939594,12.931381,,3000,4000,2652607,-34.4739706,-70.95290239972222,Santa Ines,ground
6967ec364644523b2e5540f7,/home/malezainia1/dev/INIA_DeepLearning_Ubuntu_mod_lleon/data/campo1_ene_2026/Santa Ines/Celular/20260108_070338.jpg,20260108_070338.jpg,7.9540563,13.061164,,3000,4000,2852882,-34.4739706,-70.95290239972222,Santa Ines,ground
6967ec364644523b2e5540f8,/home/malezainia1/dev/INIA_DeepLearning_Ubuntu_mod_lleon/data/campo1_ene_2026/Santa Ines/Celular/20260108_070339.jpg,20260108_070339.jpg,9.478389,13.926057,,3000,4000,3825608,-34.4739706,-70.95290239972222,Santa Ines,ground
6967ec364644523b2e5540f9,/home/malezainia1/dev/INIA_DeepLearning_Ubuntu_mod_lleon/data/campo1_ene_2026/Santa Ines/Celular/20260108_070341.jpg,20260108_070341.jpg,8.360343,13.617889,,3000,4000,3732234,-34.4739706,-70.95290239972222,Santa Ines,ground
6967ec364644523b2e5540fa,/home/malezainia1/dev/INIA_DeepLearning_Ubuntu_mod_lleon/data/campo1_ene_2026/Santa Ines/Celular/20260108_070343.jpg,20260108_070343.jpg,8.644116,13.545556,,3000,4000,2883642,-34.4739706,-70.95290239972222,Santa Ines,ground
6967ec364644523b2e5540fb,/home/malezainia1/dev/INIA_DeepLearning_Ubuntu_mod_lleon/data/campo1_ene_2026/Santa Ines/Celular/20260108_070347.jpg,20260108_070347.jpg,8.211605,12.813819,,3000,4000,4016392,-34.4739706,-70.95290239972222,Santa Ines,ground
6967ec364644523b2e5540fc,/home/malezainia1/dev/INIA_DeepLearning_Ubuntu_mod_lleon/data/campo1_ene_2026/Santa Ines/Celular/20260108_070349.jpg,20260108_070349.jpg,7.982335,13.848122,,3000,4000,2959647,-34.4739706,-70.95290239972222,Santa Ines,ground
6967ec364644523b2e5540fd,/home/malezainia1/dev/INIA_DeepLearning_Ubuntu_mod_lleon/data/campo1_ene_2026/Santa Ines/Celular/20260108_070352.jpg,20260108_070352.jpg,7.844143,13.211201,,3000,4000,3847356,-34.4739706,-70.95290239972222,Santa Ines,ground
6967ec364644523b2e5540fe,/home/malezainia1/dev/INIA_DeepLearning_Ubuntu_mod_lleon/data/campo1_ene_2026/Santa Ines/Celular/20260108_070401.jpg,20260108_070401.jpg,9.750649,13.8611,,3000,4000,2582757,-34.4739706,-70.95290239972222,Santa Ines,ground
6967ec364644523b2e5540ff,/home/malezainia1/dev/INIA_DeepLearning_Ubuntu_mod_lleon/data/campo1_ene_2026/Santa Ines/Celular/20260108_070402.jpg,20260108_070402.jpg,8.176198,12.605321,,3000,4000,3885998,-34.4739706,-70.95290239972222,Santa Ines,ground
6967ec364644523b2e554100,/home/malezainia1/dev/INIA_DeepLearning_Ubuntu_mod_lleon/data/campo1_ene_2026/Santa Ines/Celular/20260108_070404.jpg,20260108_070404.jpg,8.517927,13.64696,,3000,4000,2744548,-34.4739706,-70.95290239972222,Santa Ines,ground
6967ec364644523b2e554101,/home/malezainia1/dev/INIA_DeepLearning_Ubuntu_mod_lleon/data/campo1_ene_2026/Santa Ines/Celular/20260108_070406.jpg,20260108_070406.jpg,7.993878,13.707665,,3000,4000,3391033,-34.4739706,-70.95290239972222,Santa Ines,ground
6967ec364644523b2e554102,/home/malezainia1/dev/INIA_DeepLearning_Ubuntu_mod_lleon/data/campo1_ene_2026/Santa Ines/Celular/20260108_070414.jpg,20260108_070414.jpg,8.653945,13.380133,,3000,4000,3835112,-34.47401789972223,-70.9528453,Santa Ines,ground
6967ec364644523b2e554103,/home/malezainia1/dev/INIA_DeepLearning_Ubuntu_mod_lleon/data/campo1_ene_2026/Santa Ines/Celular/20260108_070416.jpg,20260108_070416.jpg,7.885788,13.129986,,3000,4000,3811633,-34.47401789972223,-70.9528453,Santa Ines,ground
6967ec364644523b2e554104,/home/malezainia1/dev/INIA_DeepLearning_Ubuntu_mod_lleon/data/campo1_ene_2026/Santa Ines/Celular/20260108_070420.jpg,20260108_070420.jpg,7.7832255,12.656342,,3000,4000,3843764,-34.47401789972223,-70.9528453,Santa Ines,ground
6967ec364644523b2e554105,/home/malezainia1/dev/INIA_DeepLearning_Ubuntu_mod_lleon/data/campo1_ene_2026/Santa Ines/Celular/20260108_070422.jpg,20260108_070422.jpg,7.9627337,13.359286,,3000,4000,2886197,-34.47401789972223,-70.9528453,Santa Ines,ground
6967ec364644523b2e554106,/home/malezainia1/dev/INIA_DeepLearning_Ubuntu_mod_lleon/data/campo1_ene_2026/Santa Ines/Celular/20260108_070431.jpg,20260108_070431.jpg,7.9851823,12.3894415,,3000,4000,3459232,-34.47401789972223,-70.9528453,Santa Ines,ground
6967ec364644523b2e554107,/home/malezainia1/dev/INIA_DeepLearning_Ubuntu_mod_lleon/data/campo1_ene_2026/Santa Ines/Celular/20260108_070437.jpg,20260108_070437.jpg,10.659319,12.541671,,3000,4000,3778139,-34.47401789972223,-70.9528453,Santa Ines,ground
6967ec364644523b2e554108,/home/malezainia1/dev/INIA_DeepLearning_Ubuntu_mod_lleon/data/campo1_ene_2026/Santa Ines/Celular/20260108_070439.jpg,20260108_070439.jpg,8.411962,13.735997,,3000,4000,2897597,-34.47401789972223,-70.9528453,Santa Ines,ground
6967ec364644523b2e554109,/home/malezainia1/dev/INIA_DeepLearning_Ubuntu_mod_lleon/data/campo1_ene_2026/Santa Ines/Celular/20260108_070443.jpg,20260108_070443.jpg,8.346054,13.762418,,3000,4000,2833450,-34.47401789972223,-70.9528453,Santa Ines,ground
6967ec364644523b2e55410a,/home/malezainia1/dev/INIA_DeepLearning_Ubuntu_mod_lleon/data/campo1_ene_2026/Santa Ines/Celular/20260108_070446.jpg,20260108_070446.jpg,8.014072,13.785388,,3000,4000,3572413,-34.47401789972223,-70.9528453,Santa Ines,ground
6967ec364644523b2e55410b,/home/malezainia1/dev/INIA_DeepLearning_Ubuntu_mod_lleon/data/campo1_ene_2026/Santa Ines/Celular/20260108_070453.jpg,20260108_070453.jpg,8.20799,13.748538,,3000,4000,3088989,-34.47401789972223,-70.9528453,Santa Ines,ground
6967ec364644523b2e55410c,/home/malezainia1/dev/INIA_DeepLearning_Ubuntu_mod_lleon/data/campo1_ene_2026/Santa Ines/Celular/20260108_070503.jpg,20260108_070503.jpg,8.122356,12.991305,,3000,4000,4483475,-34.4740259,-70.9527262,Santa Ines,ground
6967ec364644523b2e55410d,/home/malezainia1/dev/INIA_DeepLearning_Ubuntu_mod_lleon/data/campo1_ene_2026/Santa Ines/Celular/20260108_070514.jpg,20260108_070514.jpg,8.81737,13.460783,,3000,4000,4190549,-34.4740259,-70.9527262,Santa Ines,ground
6967ec364644523b2e55410e,/home/malezainia1/dev/INIA_DeepLearning_Ubuntu_mod_lleon/data/campo1_ene_2026/Santa Ines/Celular/20260108_070516.jpg,20260108_070516.jpg,9.294516,13.688231,,3000,4000,2677481,-34.4740259,-70.9527262,Santa Ines,ground
6967ec364644523b2e55410f,/home/malezainia1/dev/INIA_DeepLearning_Ubuntu_mod_lleon/data/campo1_ene_2026/Santa Ines/Celular/20260108_070519.jpg,20260108_070519.jpg,8.903399,13.488845,,3000,4000,4026122,-34.4740259,-70.9527262,Santa Ines,ground
6967ec364644523b2e554110,/home/malezainia1/dev/INIA_DeepLearning_Ubuntu_mod_lleon/data/campo1_ene_2026/Santa Ines/Celular/20260108_070522.jpg,20260108_070522.jpg,9.534322,13.93884,,3000,4000,3784249,-34.4740259,-70.9527262,Santa Ines,ground
6967ec364644523b2e554111,/home/malezainia1/dev/INIA_DeepLearning_Ubuntu_mod_lleon/data/campo1_ene_2026/Santa Ines/Celular/20260108_070526.jpg,20260108_070526.jpg,7.849349,12.990088,,3000,4000,3852772,-34.4740259,-70.9527262,Santa Ines,ground
6967ec364644523b2e554112,/home/malezainia1/dev/INIA_DeepLearning_Ubuntu_mod_lleon/data/campo1_ene_2026/Santa Ines/Celular/20260108_070528.jpg,20260108_070528.jpg,8.696026,12.918773,,3000,4000,3830507,-34.4740259,-70.9527262,Santa Ines,ground
6967ec364644523b2e554113,/home/malezainia1/dev/INIA_DeepLearning_Ubuntu_mod_lleon/data/campo1_ene_2026/Santa Ines/Celular/20260108_070532.jpg,20260108_070532.jpg,7.9676185,13.667922,,3000,4000,3668997,-34.4740259,-70.9527262,Santa Ines,ground
6967ec364644523b2e554114,/home/malezainia1/dev/INIA_DeepLearning_Ubuntu_mod_lleon/data/campo1_ene_2026/Santa Ines/Celular/20260108_070534.jpg,20260108_070534.jpg,7.9153347,13.768905,,3000,4000,3534378,-34.4740259,-70.9527262,Santa Ines,ground
6967ec364644523b2e554115,/home/malezainia1/dev/INIA_DeepLearning_Ubuntu_mod_lleon/data/campo1_ene_2026/Santa Ines/Celular/20260108_070536.jpg,20260108_070536.jpg,9.589438,13.910348,,3000,4000,2933240,-34.4740259,-70.9527262,Santa Ines,ground
6967ec364644523b2e554116,/home/malezainia1/dev/INIA_DeepLearning_Ubuntu_mod_lleon/data/campo1_ene_2026/Santa Ines/Celular/20260108_070541.jpg,20260108_070541.jpg,7.9129076,13.594642,,3000,4000,3609693,-34.4740259,-70.9527262,Santa Ines,ground
6967ec364644523b2e554117,/home/malezainia1/dev/INIA_DeepLearning_Ubuntu_mod_lleon/data/campo1_ene_2026/Santa Ines/Celular/20260108_070542.jpg,20260108_070542.jpg,7.7923346,12.246482,,3000,4000,4213760,-34.4740259,-70.9527262,Santa Ines,ground
6967ec364644523b2e554118,/home/malezainia1/dev/INIA_DeepLearning_Ubuntu_mod_lleon/data/campo1_ene_2026/Santa Ines/Celular/20260108_070544.jpg,20260108_070544.jpg,7.9352283,13.633152,,3000,4000,3947617,-34.4740259,-70.9527262,Santa Ines,ground
6967ec364644523b2e554119,/home/malezainia1/dev/INIA_DeepLearning_Ubuntu_mod_lleon/data/campo1_ene_2026/Santa Ines/Celular/20260108_070556.jpg,20260108_070556.jpg,8.241606,13.499849,,3000,4000,4169525,-34.4740259,-70.9527262,Santa Ines,ground
6967ec364644523b2e55411a,/home/malezainia1/dev/INIA_DeepLearning_Ubuntu_mod_lleon/data/campo1_ene_2026/Santa Ines/Celular/20260108_070601.jpg,20260108_070601.jpg,12.302004,7.500228,,3000,4000,3105572,-34.47409869972223,-70.9524686,Santa Ines,ground
6967ec364644523b2e55411b,/home/malezainia1/dev/INIA_DeepLearning_Ubuntu_mod_lleon/data/campo1_ene_2026/Santa Ines/Celular/20260108_070603.jpg,20260108_070603.jpg,8.329829,12.759719,,3000,4000,4153824,-34.47409869972223,-70.9524686,Santa Ines,ground
6967ec364644523b2e55411c,/home/malezainia1/dev/INIA_DeepLearning_Ubuntu_mod_lleon/data/campo1_ene_2026/Santa Ines/Celular/20260108_070606.jpg,20260108_070606.jpg,7.998729,13.716999,,3000,4000,3176261,-34.47409869972223,-70.9524686,Santa Ines,ground
6967ec364644523b2e55411d,/home/malezainia1/dev/INIA_DeepLearning_Ubuntu_mod_lleon/data/campo1_ene_2026/Santa Ines/Celular/20260108_070609.jpg,20260108_070609.jpg,9.4891405,13.867185,,3000,4000,3347864,-34.47409869972223,-70.9524686,Santa Ines,ground
6967ec364644523b2e55411e,/home/malezainia1/dev/INIA_DeepLearning_Ubuntu_mod_lleon/data/campo1_ene_2026/Santa Ines/Celular/20260108_070614.jpg,20260108_070614.jpg,8.495634,12.862102,,3000,4000,4396698,-34.47409869972223,-70.9524686,Santa Ines,ground
6967ec364644523b2e55411f,/home/malezainia1/dev/INIA_DeepLearning_Ubuntu_mod_lleon/data/campo1_ene_2026/Santa Ines/Celular/20260108_070618.jpg,20260108_070618.jpg,8.470362,13.301999,,3000,4000,4094021,-34.47409869972223,-70.9524686,Santa Ines,ground
6967ec364644523b2e554120,/home/malezainia1/dev/INIA_DeepLearning_Ubuntu_mod_lleon/data/campo1_ene_2026/Santa Ines/Celular/20260108_070622.jpg,20260108_070622.jpg,11.988735,8.174531,,6120,8160,6269866,-34.47409869972223,-70.9524686,Santa Ines,ground
6967ec364644523b2e554121,/home/malezainia1/dev/INIA_DeepLearning_Ubuntu_mod_lleon/data/campo1_ene_2026/Santa Ines/Celular/20260108_070624.jpg,20260108_070624.jpg,10.030916,13.471536,,6120,8160,6294585,-34.47409869972223,-70.9524686,Santa Ines,ground
6967ec364644523b2e554122,/home/malezainia1/dev/INIA_DeepLearning_Ubuntu_mod_lleon/data/campo1_ene_2026/Santa Ines/Celular/20260108_070630.jpg,20260108_070630.jpg,10.056797,12.058445,,6120,8160,7106560,-34.47409869972223,-70.9524686,Santa Ines,ground
6967ec364644523b2e554123,/home/malezainia1/dev/INIA_DeepLearning_Ubuntu_mod_lleon/data/campo1_ene_2026/Santa Ines/Celular/20260108_070633.jpg,20260108_070633.jpg,10.45597,13.111786,,6120,8160,6919793,-34.47409869972223,-70.9524686,Santa Ines,ground
6967ec364644523b2e554124,/home/malezainia1/dev/INIA_DeepLearning_Ubuntu_mod_lleon/data/campo1_ene_2026/Santa Ines/Celular/20260108_070637.jpg,20260108_070637.jpg,9.427268,12.308777,,6120,8160,7776401,-34.47409869972223,-70.9524686,Santa Ines,ground
6967ec364644523b2e554125,/home/malezainia1/dev/INIA_DeepLearning_Ubuntu_mod_lleon/data/campo1_ene_2026/Santa Ines/Celular/20260108_070641.jpg,20260108_070641.jpg,9.825497,12.623321,,6120,8160,6951748,-34.47409869972223,-70.9524686,Santa Ines,ground
6967ec364644523b2e554126,/home/malezainia1/dev/INIA_DeepLearning_Ubuntu_mod_lleon/data/campo1_ene_2026/Santa Ines/Celular/20260108_070643.jpg,20260108_070643.jpg,9.195293,13.084587,,6120,8160,7316727,-34.474121099722225,-70.9523286,Santa Ines,ground
6967ec364644523b2e554127,/home/malezainia1/dev/INIA_DeepLearning_Ubuntu_mod_lleon/data/campo1_ene_2026/Santa Ines/Celular/20260108_070648.jpg,20260108_070648.jpg,9.202513,13.557066,,6120,8160,8075504,-34.474129699722226,-70.95232439972223,Santa Ines,ground
6967ec364644523b2e554128,/home/malezainia1/dev/INIA_DeepLearning_Ubuntu_mod_lleon/data/campo1_ene_2026/Santa Ines/Celular/20260108_070653.jpg,20260108_070653.jpg,9.963872,12.705459,,6120,8160,7639779,-34.474129699722226,-70.95232439972223,Santa Ines,ground
6967ec364644523b2e554129,/home/malezainia1/dev/INIA_DeepLearning_Ubuntu_mod_lleon/data/campo1_ene_2026/Santa Ines/Celular/20260108_070658.jpg,20260108_070658.jpg,9.680398,13.550549,,6120,8160,6519791,-34.474129699722226,-70.95232439972223,Santa Ines,ground
6967ec364644523b2e55412a,/home/malezainia1/dev/INIA_DeepLearning_Ubuntu_mod_lleon/data/campo1_ene_2026/Santa Ines/Celular/20260108_070701.jpg,20260108_070701.jpg,10.084978,12.37781,,6120,8160,8001808,-34.474129699722226,-70.95232439972223,Santa Ines,ground
6967ec364644523b2e55412b,/home/malezainia1/dev/INIA_DeepLearning_Ubuntu_mod_lleon/data/campo1_ene_2026/Santa Ines/Celular/20260108_070704.jpg,20260108_070704.jpg,10.640655,12.95734,,6120,8160,6420917,-34.474129699722226,-70.95232439972223,Santa Ines,ground
6967ec364644523b2e55412c,/home/malezainia1/dev/INIA_DeepLearning_Ubuntu_mod_lleon/data/campo1_ene_2026/Santa Ines/Celular/20260108_070706.jpg,20260108_070706.jpg,9.857571,13.21536,,6120,8160,7109443,-34.474129699722226,-70.95232439972223,Santa Ines,ground
6967ec364644523b2e55412d,/home/malezainia1/dev/INIA_DeepLearning_Ubuntu_mod_lleon/data/campo1_ene_2026/Santa Ines/Celular/20260108_070708.jpg,20260108_070708.jpg,9.153625,13.188826,,6120,8160,8230353,-34.474129699722226,-70.95232439972223,Santa Ines,ground
6967ec364644523b2e55412e,/home/malezainia1/dev/INIA_DeepLearning_Ubuntu_mod_lleon/data/campo1_ene_2026/Santa Ines/Celular/20260108_070712.jpg,20260108_070712.jpg,9.701887,13.520066,,6120,8160,6777597,-34.474129699722226,-70.95232439972223,Santa Ines,ground
6967ec364644523b2e55412f,/home/malezainia1/dev/INIA_DeepLearning_Ubuntu_mod_lleon/data/campo1_ene_2026/Santa Ines/Celular/20260108_070716.jpg,20260108_070716.jpg,9.190009,12.919566,,6120,8160,8542353,-34.474129699722226,-70.95232439972223,Santa Ines,ground
6967ec364644523b2e554130,/home/malezainia1/dev/INIA_DeepLearning_Ubuntu_mod_lleon/data/campo1_ene_2026/Santa Ines/Celular/20260108_070722.jpg,20260108_070722.jpg,9.198912,13.500654,,6120,8160,7731367,-34.474129699722226,-70.95232439972223,Santa Ines,ground
6967ec364644523b2e554131,/home/malezainia1/dev/INIA_DeepLearning_Ubuntu_mod_lleon/data/campo1_ene_2026/Santa Ines/Celular/20260108_070730.jpg,20260108_070730.jpg,9.343626,13.247925,,6120,8160,7511673,-34.474129699722226,-70.95232439972223,Santa Ines,ground
6967ec364644523b2e554132,/home/malezainia1/dev/INIA_DeepLearning_Ubuntu_mod_lleon/data/campo1_ene_2026/Santa Ines/Celular/20260108_070731.jpg,20260108_070731.jpg,10.544756,12.968851,,6120,8160,6895134,-34.474129699722226,-70.95232439972223,Santa Ines,ground
6967ec364644523b2e554133,/home/malezainia1/dev/INIA_DeepLearning_Ubuntu_mod_lleon/data/campo1_ene_2026/Santa Ines/Celular/20260108_070737.jpg,20260108_070737.jpg,9.542469,13.493764,,6120,8160,7183718,-34.474129699722226,-70.95232439972223,Santa Ines,ground
6967ec364644523b2e554134,/home/malezainia1/dev/INIA_DeepLearning_Ubuntu_mod_lleon/data/campo1_ene_2026/Santa Ines/Celular/20260108_070742.jpg,20260108_070742.jpg,9.622844,13.696438,,6120,8160,7203756,-34.47419239972223,-70.95211369972222,Santa Ines,ground
6967ec364644523b2e554135,/home/malezainia1/dev/INIA_DeepLearning_Ubuntu_mod_lleon/data/campo1_ene_2026/Santa Ines/Celular/20260108_070745.jpg,20260108_070745.jpg,9.781731,9.12632,,6120,8160,7533094,-34.47419239972223,-70.95211369972222,Santa Ines,ground
6967ec364644523b2e554136,/home/malezainia1/dev/INIA_DeepLearning_Ubuntu_mod_lleon/data/campo1_ene_2026/Santa Ines/Celular/20260108_070746.jpg,20260108_070746.jpg,8.835711,12.55166,,6120,8160,6790249,-34.47419239972223,-70.95211369972222,Santa Ines,ground
6967ec364644523b2e554137,/home/malezainia1/dev/INIA_DeepLearning_Ubuntu_mod_lleon/data/campo1_ene_2026/Santa Ines/Celular/20260108_070750.jpg,20260108_070750.jpg,10.620818,12.429758,,6120,8160,6841985,-34.47419239972223,-70.95211369972222,Santa Ines,ground
6967ec364644523b2e554138,/home/malezainia1/dev/INIA_DeepLearning_Ubuntu_mod_lleon/data/campo1_ene_2026/Santa Ines/Celular/20260108_070759.jpg,20260108_070759.jpg,9.233865,12.606168,,6120,8160,7663476,-34.47419239972223,-70.95211369972222,Santa Ines,ground
6967ec364644523b2e554139,/home/malezainia1/dev/INIA_DeepLearning_Ubuntu_mod_lleon/data/campo1_ene_2026/Santa Ines/Celular/20260108_070807.jpg,20260108_070807.jpg,9.098452,13.116361,,6120,8160,8223995,-34.47419239972223,-70.95211369972222,Santa Ines,ground
6967ec364644523b2e55413a,/home/malezainia1/dev/INIA_DeepLearning_Ubuntu_mod_lleon/data/campo1_ene_2026/Santa Ines/Celular/20260108_070809.jpg,20260108_070809.jpg,9.682873,13.731993,,6120,8160,6904459,-34.47419239972223,-70.95211369972222,Santa Ines,ground
6967ec364644523b2e55413b,/home/malezainia1/dev/INIA_DeepLearning_Ubuntu_mod_lleon/data/campo1_ene_2026/Santa Ines/Celular/20260108_070814.jpg,20260108_070814.jpg,10.428365,12.733683,,6120,8160,7691680,-34.47419239972223,-70.95211369972222,Santa Ines,ground
6967ec364644523b2e55413c,/home/malezainia1/dev/INIA_DeepLearning_Ubuntu_mod_lleon/data/campo1_ene_2026/Santa Ines/Celular/20260108_070822.jpg,20260108_070822.jpg,9.604187,13.346781,,6120,8160,7208992,-34.47419239972223,-70.95211369972222,Santa Ines,ground
6967ec364644523b2e55413d,/home/malezainia1/dev/INIA_DeepLearning_Ubuntu_mod_lleon/data/campo1_ene_2026/Santa Ines/Celular/20260108_070828.jpg,20260108_070828.jpg,9.682807,12.260927,,6120,8160,8680922,-34.47419239972223,-70.95211369972222,Santa Ines,ground
6967ec364644523b2e55413e,/home/malezainia1/dev/INIA_DeepLearning_Ubuntu_mod_lleon/data/campo1_ene_2026/Santa Ines/Celular/20260108_070830.jpg,20260108_070830.jpg,9.249479,12.059412,,6120,8160,8501956,-34.47419239972223,-70.95211369972222,Santa Ines,ground
6967ec364644523b2e55413f,/home/malezainia1/dev/INIA_DeepLearning_Ubuntu_mod_lleon/data/campo1_ene_2026/Santa Ines/Celular/20260108_070839.jpg,20260108_070839.jpg,9.87422,12.810684,,6120,8160,7339608,-34.474260999722226,-70.9518762,Santa Ines,ground
6967ec364644523b2e554140,/home/malezainia1/dev/INIA_DeepLearning_Ubuntu_mod_lleon/data/campo1_ene_2026/Santa Ines/Celular/20260108_070846.jpg,20260108_070846.jpg,7.862113,13.47038,,6120,8160,7052096,-34.474260999722226,-70.9518762,Santa Ines,ground
6967ec364644523b2e554141,/home/malezainia1/dev/INIA_DeepLearning_Ubuntu_mod_lleon/data/campo1_ene_2026/Santa Ines/Celular/20260108_070849.jpg,20260108_070849.jpg,8.229002,12.884293,,6120,8160,7303813,-34.474260999722226,-70.9518762,Santa Ines,ground
6967ec364644523b2e554142,/home/malezainia1/dev/INIA_DeepLearning_Ubuntu_mod_lleon/data/campo1_ene_2026/Santa Ines/Celular/20260108_070924.jpg,20260108_070924.jpg,9.378929,12.554841,,6120,8160,8950711,-34.47429819972223,-70.95166759972223,Santa Ines,ground
6967ec364644523b2e554143,/home/malezainia1/dev/INIA_DeepLearning_Ubuntu_mod_lleon/data/campo1_ene_2026/Santa Ines/Celular/20260108_070930.jpg,20260108_070930.jpg,9.636917,13.801858,,6120,8160,6661940,-34.474307699722225,-70.9516516,Santa Ines,ground
6967ec364644523b2e554144,/home/malezainia1/dev/INIA_DeepLearning_Ubuntu_mod_lleon/data/campo1_ene_2026/Santa Ines/Celular/20260108_070942.jpg,20260108_070942.jpg,10.513387,12.705915,,6120,8160,8189789,-34.474307699722225,-70.9516516,Santa Ines,ground
6967ec364644523b2e554145,/home/malezainia1/dev/INIA_DeepLearning_Ubuntu_mod_lleon/data/campo1_ene_2026/Santa Ines/Celular/20260108_070944.jpg,20260108_070944.jpg,9.4996395,12.464284,,6120,8160,7653719,-34.474307699722225,-70.9516516,Santa Ines,ground
6967ec364644523b2e554146,/home/malezainia1/dev/INIA_DeepLearning_Ubuntu_mod_lleon/data/campo1_ene_2026/Santa Ines/Celular/20260108_070948.jpg,20260108_070948.jpg,10.642912,12.837662,,6120,8160,6818305,-34.474307699722225,-70.9516516,Santa Ines,ground
6967ec364644523b2e554147,/home/malezainia1/dev/INIA_DeepLearning_Ubuntu_mod_lleon/data/campo1_ene_2026/Santa Ines/Celular/20260108_071907.jpg,20260108_071907.jpg,10.493833,13.087719,,6120,8160,6726633,-34.4743561,-70.9515013,Santa Ines,ground
6967ec364644523b2e554148,/home/malezainia1/dev/INIA_DeepLearning_Ubuntu_mod_lleon/data/campo1_ene_2026/Santa Ines/Celular/20260108_071910.jpg,20260108_071910.jpg,10.558124,13.00466,,6120,8160,7464315,-34.4743598,-70.9515023,Santa Ines,ground
6967ec364644523b2e554149,/home/malezainia1/dev/INIA_DeepLearning_Ubuntu_mod_lleon/data/campo1_ene_2026/Santa Ines/Celular/20260108_071915.jpg,20260108_071915.jpg,9.324551,13.195402,,6120,8160,7706541,-34.4743598,-70.9515023,Santa Ines,ground
6967ec364644523b2e55414a,/home/malezainia1/dev/INIA_DeepLearning_Ubuntu_mod_lleon/data/campo1_ene_2026/Santa Ines/Celular/20260108_071922.jpg,20260108_071922.jpg,9.91744,13.327482,,6120,8160,8194915,-34.4743598,-70.9515023,Santa Ines,ground
6967ec364644523b2e55414b,/home/malezainia1/dev/INIA_DeepLearning_Ubuntu_mod_lleon/data/campo1_ene_2026/Santa Ines/Celular/20260108_071925.jpg,20260108_071925.jpg,10.243252,12.324468,,6120,8160,7726316,-34.4743598,-70.9515023,Santa Ines,ground
6967ec364644523b2e55414c,/home/malezainia1/dev/INIA_DeepLearning_Ubuntu_mod_lleon/data/campo1_ene_2026/Santa Ines/Celular/20260108_071927.jpg,20260108_071927.jpg,9.943811,12.837977,,6120,8160,7416911,-34.4743598,-70.9515023,Santa Ines,ground
6967ec364644523b2e55414d,/home/malezainia1/dev/INIA_DeepLearning_Ubuntu_mod_lleon/data/campo1_ene_2026/Santa Ines/Celular/20260108_071934.jpg,20260108_071934.jpg,9.638635,13.640916,,6120,8160,7688249,-34.4743598,-70.9515023,Santa Ines,ground
6967ec364644523b2e55414e,/home/malezainia1/dev/INIA_DeepLearning_Ubuntu_mod_lleon/data/campo1_ene_2026/Santa Ines/Celular/20260108_071937.jpg,20260108_071937.jpg,8.410499,12.626085,,6120,8160,7335714,-34.4743598,-70.9515023,Santa Ines,ground
6967ec364644523b2e55414f,/home/malezainia1/dev/INIA_DeepLearning_Ubuntu_mod_lleon/data/campo1_ene_2026/Santa Ines/Celular/20260108_071941.jpg,20260108_071941.jpg,8.761831,12.824523,,6120,8160,7927875,-34.4743598,-70.9515023,Santa Ines,ground
6967ec364644523b2e554150,/home/malezainia1/dev/INIA_DeepLearning_Ubuntu_mod_lleon/data/campo1_ene_2026/Santa Ines/Celular/20260108_071958.jpg,20260108_071958.jpg,9.565006,12.583805,,6120,8160,8549513,-34.4743598,-70.9515023,Santa Ines,ground
6967ec364644523b2e554151,/home/malezainia1/dev/INIA_DeepLearning_Ubuntu_mod_lleon/data/campo1_ene_2026/Santa Ines/Celular/20260108_072001.jpg,20260108_072001.jpg,10.077507,13.139019,,6120,8160,7571162,-34.4744223,-70.95125819972222,Santa Ines,ground
6967ec364644523b2e554152,/home/malezainia1/dev/INIA_DeepLearning_Ubuntu_mod_lleon/data/campo1_ene_2026/Santa Ines/Celular/20260108_072010.jpg,20260108_072010.jpg,8.986688,12.581633,,6120,8160,7851840,-34.4744247,-70.95125679972223,Santa Ines,ground
6967ec364644523b2e554153,/home/malezainia1/dev/INIA_DeepLearning_Ubuntu_mod_lleon/data/campo1_ene_2026/Santa Ines/Celular/20260108_072018.jpg,20260108_072018.jpg,10.129987,13.313139,,6120,8160,7023692,-34.4744247,-70.95125679972223,Santa Ines,ground
6967ec364644523b2e554154,/home/malezainia1/dev/INIA_DeepLearning_Ubuntu_mod_lleon/data/campo1_ene_2026/Santa Ines/Celular/20260108_072029.jpg,20260108_072029.jpg,9.644107,13.764673,,6120,8160,7323208,-34.4744247,-70.95125679972223,Santa Ines,ground
6967ec364644523b2e554155,/home/malezainia1/dev/INIA_DeepLearning_Ubuntu_mod_lleon/data/campo1_ene_2026/Santa Ines/Celular/20260108_072035.jpg,20260108_072035.jpg,9.31766,13.536604,,6120,8160,6960019,-34.4744247,-70.95125679972223,Santa Ines,ground
6967ec364644523b2e554156,/home/malezainia1/dev/INIA_DeepLearning_Ubuntu_mod_lleon/data/campo1_ene_2026/Santa Ines/Celular/20260108_072041.jpg,20260108_072041.jpg,10.028782,12.691918,,6120,8160,7224397,-34.4744247,-70.95125679972223,Santa Ines,ground
6967ec364644523b2e554157,/home/malezainia1/dev/INIA_DeepLearning_Ubuntu_mod_lleon/data/campo1_ene_2026/Santa Ines/Celular/20260108_072043.jpg,20260108_072043.jpg,9.56552,13.610071,,6120,8160,6859573,-34.4744247,-70.95125679972223,Santa Ines,ground
6967ec364644523b2e554158,/home/malezainia1/dev/INIA_DeepLearning_Ubuntu_mod_lleon/data/campo1_ene_2026/Santa Ines/Celular/20260108_072048.jpg,20260108_072048.jpg,10.494602,12.559088,,6120,8160,8111184,-34.474487799722226,-70.9510443,Santa Ines,ground
6967ec364644523b2e554159,/home/malezainia1/dev/INIA_DeepLearning_Ubuntu_mod_lleon/data/campo1_ene_2026/Santa Ines/Celular/20260108_072054.jpg,20260108_072054.jpg,9.50594,13.450366,,6120,8160,7455232,-34.474487799722226,-70.9510443,Santa Ines,ground
6967ec364644523b2e55415a,/home/malezainia1/dev/INIA_DeepLearning_Ubuntu_mod_lleon/data/campo1_ene_2026/Santa Ines/Celular/20260108_072056.jpg,20260108_072056.jpg,9.74556,12.505172,,6120,8160,8326391,-34.474487799722226,-70.9510443,Santa Ines,ground
6967ec364644523b2e55415b,/home/malezainia1/dev/INIA_DeepLearning_Ubuntu_mod_lleon/data/campo1_ene_2026/Santa Ines/Celular/20260108_072101.jpg,20260108_072101.jpg,10.49008,12.510543,,6120,8160,7773231,-34.474487799722226,-70.9510443,Santa Ines,ground
6967ec364644523b2e55415c,/home/malezainia1/dev/INIA_DeepLearning_Ubuntu_mod_lleon/data/campo1_ene_2026/Santa Ines/Celular/20260108_072105.jpg,20260108_072105.jpg,9.993037,13.283813,,6120,8160,7282122,-34.474487799722226,-70.9510443,Santa Ines,ground
6967ec364644523b2e55415d,/home/malezainia1/dev/INIA_DeepLearning_Ubuntu_mod_lleon/data/campo1_ene_2026/Santa Ines/Celular/20260108_072109.jpg,20260108_072109.jpg,10.59352,12.567433,,6120,8160,7534191,-34.474487799722226,-70.9510443,Santa Ines,ground
6967ec364644523b2e55415e,/home/malezainia1/dev/INIA_DeepLearning_Ubuntu_mod_lleon/data/campo1_ene_2026/Santa Ines/Celular/20260108_072117.jpg,20260108_072117.jpg,10.292513,12.040933,,6120,8160,9640060,-34.474487799722226,-70.9510443,Santa Ines,ground
6967ec364644523b2e55415f,/home/malezainia1/dev/INIA_DeepLearning_Ubuntu_mod_lleon/data/campo1_ene_2026/Santa Ines/Celular/20260108_072120.jpg,20260108_072120.jpg,10.411616,12.958385,,6120,8160,8133017,-34.474487799722226,-70.9510443,Santa Ines,ground
6967ec364644523b2e554160,/home/malezainia1/dev/INIA_DeepLearning_Ubuntu_mod_lleon/data/campo1_ene_2026/Santa Ines/Celular/20260108_072124.jpg,20260108_072124.jpg,9.101247,12.35355,,6120,8160,8554785,-34.474487799722226,-70.9510443,Santa Ines,ground
6967ec364644523b2e554161,/home/malezainia1/dev/INIA_DeepLearning_Ubuntu_mod_lleon/data/campo1_ene_2026/Santa Ines/Celular/20260108_072128.jpg,20260108_072128.jpg,10.278237,12.610507,,6120,8160,7649502,-34.474487799722226,-70.9510443,Santa Ines,ground
6967ec364644523b2e554162,/home/malezainia1/dev/INIA_DeepLearning_Ubuntu_mod_lleon/data/campo1_ene_2026/Santa Ines/Celular/20260108_072133.jpg,20260108_072133.jpg,9.638573,12.983045,,6120,8160,7285613,-34.474487799722226,-70.9510443,Santa Ines,ground
6967ec364644523b2e554163,/home/malezainia1/dev/INIA_DeepLearning_Ubuntu_mod_lleon/data/campo1_ene_2026/Santa Ines/Celular/20260108_072140.jpg,20260108_072140.jpg,9.003992,10.193183,,6120,8160,8286034,-34.474487799722226,-70.9510443,Santa Ines,ground
6967ec364644523b2e554164,/home/malezainia1/dev/INIA_DeepLearning_Ubuntu_mod_lleon/data/campo1_ene_2026/Santa Ines/Celular/20260108_072144.jpg,20260108_072144.jpg,9.185687,13.114918,,6120,8160,7148103,-34.474487799722226,-70.9510443,Santa Ines,ground
6967ec364644523b2e554165,/home/malezainia1/dev/INIA_DeepLearning_Ubuntu_mod_lleon/data/campo1_ene_2026/Santa Ines/Celular/20260108_072148.jpg,20260108_072148.jpg,9.085213,12.156612,,6120,8160,8772640,-34.47455719972223,-70.95084669972222,Santa Ines,ground
6967ec364644523b2e554166,/home/malezainia1/dev/INIA_DeepLearning_Ubuntu_mod_lleon/data/campo1_ene_2026/Santa Ines/Celular/20260108_072152.jpg,20260108_072152.jpg,10.116946,12.774368,,6120,8160,7779010,-34.4745544,-70.95084629972223,Santa Ines,ground
6967ec364644523b2e554167,/home/malezainia1/dev/INIA_DeepLearning_Ubuntu_mod_lleon/data/campo1_ene_2026/Santa Ines/Celular/20260108_072159.jpg,20260108_072159.jpg,9.498353,13.426695,,6120,8160,8147313,-34.4745544,-70.95084629972223,Santa Ines,ground
6967ec364644523b2e554168,/home/malezainia1/dev/INIA_DeepLearning_Ubuntu_mod_lleon/data/campo1_ene_2026/Santa Ines/Celular/20260108_072202.jpg,20260108_072202.jpg,10.585628,11.998093,,6120,8160,8408928,-34.4745544,-70.95084629972223,Santa Ines,ground
6967ec364644523b2e554169,/home/malezainia1/dev/INIA_DeepLearning_Ubuntu_mod_lleon/data/campo1_ene_2026/Santa Ines/Celular/20260108_072205.jpg,20260108_072205.jpg,8.534644,12.559361,,6120,8160,7899206,-34.4745544,-70.95084629972223,Santa Ines,ground
6967ec364644523b2e55416a,/home/malezainia1/dev/INIA_DeepLearning_Ubuntu_mod_lleon/data/campo1_ene_2026/Santa Ines/Celular/20260108_072210.jpg,20260108_072210.jpg,10.64014,11.419136,,6120,8160,8240102,-34.4745544,-70.95084629972223,Santa Ines,ground
6967ec364644523b2e55416b,/home/malezainia1/dev/INIA_DeepLearning_Ubuntu_mod_lleon/data/campo1_ene_2026/Santa Ines/Celular/20260108_072213.jpg,20260108_072213.jpg,9.607072,11.959277,,6120,8160,9826714,-34.4745544,-70.95084629972223,Santa Ines,ground
6967ec364644523b2e55416c,/home/malezainia1/dev/INIA_DeepLearning_Ubuntu_mod_lleon/data/campo1_ene_2026/Santa Ines/Celular/20260108_072217.jpg,20260108_072217.jpg,7.989391,11.822111,,6120,8160,8203395,-34.4745544,-70.95084629972223,Santa Ines,ground
6967ec364644523b2e55416d,/home/malezainia1/dev/INIA_DeepLearning_Ubuntu_mod_lleon/data/campo1_ene_2026/Santa Ines/Celular/20260108_072222.jpg,20260108_072222.jpg,11.380707,9.559596,,6120,8160,8409964,-34.4745544,-70.95084629972223,Santa Ines,ground
6967ec364644523b2e55416e,/home/malezainia1/dev/INIA_DeepLearning_Ubuntu_mod_lleon/data/campo1_ene_2026/Santa Ines/Celular/20260108_072228.jpg,20260108_072228.jpg,8.88221,9.774628,,6120,8160,9685023,-34.4745544,-70.95084629972223,Santa Ines,ground
6967ec364644523b2e55416f,/home/malezainia1/dev/INIA_DeepLearning_Ubuntu_mod_lleon/data/campo1_ene_2026/Santa Ines/Celular/20260108_072239.jpg,20260108_072239.jpg,9.904037,12.182856,,6120,8160,9062034,-34.4745544,-70.95084629972223,Santa Ines,ground
6967ec364644523b2e554170,/home/malezainia1/dev/INIA_DeepLearning_Ubuntu_mod_lleon/data/campo1_ene_2026/Santa Ines/Celular/20260108_072241.jpg,20260108_072241.jpg,10.5845585,12.887648,,6120,8160,8112089,-34.4745544,-70.95084629972223,Santa Ines,ground
6967ec364644523b2e554171,/home/malezainia1/dev/INIA_DeepLearning_Ubuntu_mod_lleon/data/campo1_ene_2026/Santa Ines/Celular/20260108_072247.jpg,20260108_072247.jpg,8.389108,12.336839,,6120,8160,8408434,-34.4746047,-70.95065089972222,Santa Ines,ground
6967ec364644523b2e554172,/home/malezainia1/dev/INIA_DeepLearning_Ubuntu_mod_lleon/data/campo1_ene_2026/Santa Ines/Celular/20260108_072251.jpg,20260108_072251.jpg,9.325886,13.15146,,6120,8160,8558876,-34.474609299722225,-70.9506432,Santa Ines,ground
6967ec364644523b2e554173,/home/malezainia1/dev/INIA_DeepLearning_Ubuntu_mod_lleon/data/campo1_ene_2026/Santa Ines/Celular/20260108_072259.jpg,20260108_072259.jpg,10.843892,12.626887,,6120,8160,8024314,-34.474609299722225,-70.9506432,Santa Ines,ground
6967ec364644523b2e554174,/home/malezainia1/dev/INIA_DeepLearning_Ubuntu_mod_lleon/data/campo1_ene_2026/Santa Ines/Celular/20260108_072302.jpg,20260108_072302.jpg,9.898061,13.081609,,6120,8160,7824306,-34.474609299722225,-70.9506432,Santa Ines,ground
6967ec364644523b2e554175,/home/malezainia1/dev/INIA_DeepLearning_Ubuntu_mod_lleon/data/campo1_ene_2026/Santa Ines/Celular/20260108_072307.jpg,20260108_072307.jpg,9.125953,11.701928,,6120,8160,8253351,-34.474609299722225,-70.9506432,Santa Ines,ground
6967ec364644523b2e554176,/home/malezainia1/dev/INIA_DeepLearning_Ubuntu_mod_lleon/data/campo1_ene_2026/Santa Ines/Celular/20260108_072311.jpg,20260108_072311.jpg,10.719356,12.702958,,6120,8160,7187522,-34.474609299722225,-70.9506432,Santa Ines,ground
6967ec364644523b2e554177,/home/malezainia1/dev/INIA_DeepLearning_Ubuntu_mod_lleon/data/campo1_ene_2026/Santa Ines/Celular/20260108_072314.jpg,20260108_072314.jpg,9.458611,13.194091,,6120,8160,7601725,-34.474609299722225,-70.9506432,Santa Ines,ground
6967ec364644523b2e554178,/home/malezainia1/dev/INIA_DeepLearning_Ubuntu_mod_lleon/data/campo1_ene_2026/Santa Ines/Celular/20260108_072317.jpg,20260108_072317.jpg,9.994094,11.833106,,6120,8160,8336065,-34.474609299722225,-70.9506432,Santa Ines,ground
6967ec364644523b2e554179,/home/malezainia1/dev/INIA_DeepLearning_Ubuntu_mod_lleon/data/campo1_ene_2026/Santa Ines/Celular/20260108_072322.jpg,20260108_072322.jpg,8.832677,12.44223,,6120,8160,7721050,-34.474609299722225,-70.9506432,Santa Ines,ground
6967ec364644523b2e55417a,/home/malezainia1/dev/INIA_DeepLearning_Ubuntu_mod_lleon/data/campo1_ene_2026/Santa Ines/Celular/20260108_072327.jpg,20260108_072327.jpg,10.047844,12.175768,,6120,8160,8506839,-34.474609299722225,-70.9506432,Santa Ines,ground
6967ec364644523b2e55417b,/home/malezainia1/dev/INIA_DeepLearning_Ubuntu_mod_lleon/data/campo1_ene_2026/Santa Ines/Celular/20260108_072358.jpg,20260108_072358.jpg,10.679592,8.054531,,6120,8160,13893663,-34.474652599722226,-70.95052019972222,Santa Ines,ground
6967ec364644523b2e55417c,/home/malezainia1/dev/INIA_DeepLearning_Ubuntu_mod_lleon/data/campo1_ene_2026/Santa Ines/Celular/20260108_072402.jpg,20260108_072402.jpg,10.705326,10.80323,,6120,8160,10316139,-34.474652599722226,-70.95052019972222,Santa Ines,ground
6967ec364644523b2e55417d,/home/malezainia1/dev/INIA_DeepLearning_Ubuntu_mod_lleon/data/campo1_ene_2026/Santa Ines/Celular/20260108_072407.jpg,20260108_072407.jpg,9.459735,8.660232,,6120,8160,11089254,-34.474652599722226,-70.95052019972222,Santa Ines,ground
6967ec364644523b2e55417e,/home/malezainia1/dev/INIA_DeepLearning_Ubuntu_mod_lleon/data/campo1_ene_2026/Santa Ines/Celular/20260108_072417.jpg,20260108_072417.jpg,9.916047,8.236805,,6120,8160,13571299,-34.474652599722226,-70.95052019972222,Santa Ines,ground
6967ec364644523b2e55417f,/home/malezainia1/dev/INIA_DeepLearning_Ubuntu_mod_lleon/data/campo1_ene_2026/Santa Ines/Celular/20260108_072426.jpg,20260108_072426.jpg,8.7804165,10.980745,,6120,8160,10184130,-34.474652599722226,-70.95052019972222,Santa Ines,ground
6967ec364644523b2e554180,/home/malezainia1/dev/INIA_DeepLearning_Ubuntu_mod_lleon/data/campo1_ene_2026/Santa Ines/Celular/20260108_072429.jpg,20260108_072429.jpg,9.0850525,11.230887,,6120,8160,10039597,-34.474687699722224,-70.95034839972223,Santa Ines,ground
6967ec364644523b2e554181,/home/malezainia1/dev/INIA_DeepLearning_Ubuntu_mod_lleon/data/campo1_ene_2026/Santa Ines/Celular/20260108_072433.jpg,20260108_072433.jpg,8.956396,8.89464,,6120,8160,9712927,-34.474688399722226,-70.9503454,Santa Ines,ground
6967ec364644523b2e554182,/home/malezainia1/dev/INIA_DeepLearning_Ubuntu_mod_lleon/data/campo1_ene_2026/Santa Ines/Celular/20260108_072437.jpg,20260108_072437.jpg,11.489843,8.586695,,6120,8160,10365263,-34.474688399722226,-70.9503454,Santa Ines,ground
6967ec364644523b2e554183,/home/malezainia1/dev/INIA_DeepLearning_Ubuntu_mod_lleon/data/campo1_ene_2026/Santa Ines/Celular/20260108_072440.jpg,20260108_072440.jpg,11.3306,9.507844,,6120,8160,12281045,-34.474688399722226,-70.9503454,Santa Ines,ground
6967ec364644523b2e554184,/home/malezainia1/dev/INIA_DeepLearning_Ubuntu_mod_lleon/data/campo1_ene_2026/Santa Ines/Celular/20260108_072449.jpg,20260108_072449.jpg,8.69448,8.458621,,6120,8160,11299699,-34.474688399722226,-70.9503454,Santa Ines,ground
6967ec364644523b2e554185,/home/malezainia1/dev/INIA_DeepLearning_Ubuntu_mod_lleon/data/campo1_ene_2026/Santa Ines/Celular/20260108_072455.jpg,20260108_072455.jpg,8.7616205,12.047245,,6120,8160,10020559,-34.474688399722226,-70.9503454,Santa Ines,ground
6967ec364644523b2e554186,/home/malezainia1/dev/INIA_DeepLearning_Ubuntu_mod_lleon/data/campo1_ene_2026/Santa Ines/Celular/20260108_072501.jpg,20260108_072501.jpg,8.608383,8.697444,,6120,8160,12329989,-34.474688399722226,-70.9503454,Santa Ines,ground
6967ec364644523b2e554187,/home/malezainia1/dev/INIA_DeepLearning_Ubuntu_mod_lleon/data/campo1_ene_2026/Santa Ines/Celular/20260108_072504.jpg,20260108_072504.jpg,10.753996,8.140885,,6120,8160,12941226,-34.474688399722226,-70.9503454,Santa Ines,ground
6967ec364644523b2e554188,/home/malezainia1/dev/INIA_DeepLearning_Ubuntu_mod_lleon/data/campo1_ene_2026/Santa Ines/Celular/20260108_072506.jpg,20260108_072506.jpg,11.463046,8.571125,,6120,8160,9261034,-34.474688399722226,-70.9503454,Santa Ines,ground
6967ec364644523b2e554189,/home/malezainia1/dev/INIA_DeepLearning_Ubuntu_mod_lleon/data/campo1_ene_2026/Santa Ines/Celular/20260108_072510.jpg,20260108_072510.jpg,10.465154,10.214862,,6120,8160,11416014,-34.474688399722226,-70.9503454,Santa Ines,ground
6967ec364644523b2e55418a,/home/malezainia1/dev/INIA_DeepLearning_Ubuntu_mod_lleon/data/campo1_ene_2026/Santa Ines/Celular/20260108_072513.jpg,20260108_072513.jpg,8.309433,9.910876,,6120,8160,8791434,-34.474741199722224,-70.95022289972222,Santa Ines,ground
6967ec364644523b2e55418b,/home/malezainia1/dev/INIA_DeepLearning_Ubuntu_mod_lleon/data/campo1_ene_2026/Santa Ines/Celular/20260108_072520.jpg,20260108_072520.jpg,9.466716,9.189779,,6120,8160,10257370,-34.4747472,-70.9502094,Santa Ines,ground
6967ec364644523b2e55418c,/home/malezainia1/dev/INIA_DeepLearning_Ubuntu_mod_lleon/data/campo1_ene_2026/Santa Ines/Celular/20260108_072525.jpg,20260108_072525.jpg,9.229765,10.7097645,,6120,8160,9152642,-34.4747472,-70.9502094,Santa Ines,ground
6967ec364644523b2e55418d,/home/malezainia1/dev/INIA_DeepLearning_Ubuntu_mod_lleon/data/campo1_ene_2026/Santa Ines/Celular/20260108_072530.jpg,20260108_072530.jpg,11.189729,8.219834,,6120,8160,14230083,-34.4747472,-70.9502094,Santa Ines,ground
6967ec364644523b2e55418e,/home/malezainia1/dev/INIA_DeepLearning_Ubuntu_mod_lleon/data/campo1_ene_2026/Santa Ines/Celular/20260108_072533.jpg,20260108_072533.jpg,10.844701,10.229025,,6120,8160,11449315,-34.4747472,-70.9502094,Santa Ines,ground
6967ec364644523b2e55418f,/home/malezainia1/dev/INIA_DeepLearning_Ubuntu_mod_lleon/data/campo1_ene_2026/Santa Ines/Celular/20260108_072539.jpg,20260108_072539.jpg,10.408818,10.182244,,6120,8160,10387391,-34.4747472,-70.9502094,Santa Ines,ground
6967ec364644523b2e554190,/home/malezainia1/dev/INIA_DeepLearning_Ubuntu_mod_lleon/data/campo1_ene_2026/Santa Ines/Celular/20260108_072541.jpg,20260108_072541.jpg,10.7098465,10.053804,,6120,8160,10063556,-34.4747472,-70.9502094,Santa Ines,ground
6967ec364644523b2e554191,/home/malezainia1/dev/INIA_DeepLearning_Ubuntu_mod_lleon/data/campo1_ene_2026/Santa Ines/Celular/20260108_072552.jpg,20260108_072552.jpg,10.849385,10.123721,,6120,8160,11784192,-34.4747472,-70.9502094,Santa Ines,ground
6967ec364644523b2e554192,/home/malezainia1/dev/INIA_DeepLearning_Ubuntu_mod_lleon/data/campo1_ene_2026/Santa Ines/Celular/20260108_072556.jpg,20260108_072556.jpg,9.734137,10.461752,,6120,8160,9420824,-34.4747472,-70.9502094,Santa Ines,ground
6967ec364644523b2e554193,/home/malezainia1/dev/INIA_DeepLearning_Ubuntu_mod_lleon/data/campo1_ene_2026/Santa Ines/Celular/20260108_072604.jpg,20260108_072604.jpg,9.497426,8.77512,,6120,8160,11872569,-34.4747472,-70.9502094,Santa Ines,ground
6967ec364644523b2e554194,/home/malezainia1/dev/INIA_DeepLearning_Ubuntu_mod_lleon/data/campo1_ene_2026/Santa Ines/Celular/20260108_072607.jpg,20260108_072607.jpg,8.879684,10.706598,,6120,8160,10589398,-34.4747472,-70.9502094,Santa Ines,ground
6967ec364644523b2e554195,/home/malezainia1/dev/INIA_DeepLearning_Ubuntu_mod_lleon/data/campo1_ene_2026/Santa Ines/Celular/20260108_072610.jpg,20260108_072610.jpg,9.862264,10.612861,,6120,8160,9787287,-34.474780699722224,-70.9500258,Santa Ines,ground
6967ec364644523b2e554196,/home/malezainia1/dev/INIA_DeepLearning_Ubuntu_mod_lleon/data/campo1_ene_2026/Santa Ines/Celular/20260108_072614.jpg,20260108_072614.jpg,8.9563055,11.721223,,6120,8160,8658927,-34.474781299722224,-70.9500227,Santa Ines,ground
6967ec364644523b2e554197,/home/malezainia1/dev/INIA_DeepLearning_Ubuntu_mod_lleon/data/campo1_ene_2026/Santa Ines/Celular/20260108_072617.jpg,20260108_072617.jpg,11.164517,8.475796,,6120,8160,9585962,-34.474781299722224,-70.9500227,Santa Ines,ground
6967ec364644523b2e554198,/home/malezainia1/dev/INIA_DeepLearning_Ubuntu_mod_lleon/data/campo1_ene_2026/Santa Ines/Celular/20260108_072619.jpg,20260108_072619.jpg,9.178608,9.131067,,6120,8160,9475198,-34.474781299722224,-70.9500227,Santa Ines,ground
6967ec364644523b2e554199,/home/malezainia1/dev/INIA_DeepLearning_Ubuntu_mod_lleon/data/campo1_ene_2026/Santa Ines/Celular/20260108_072622.jpg,20260108_072622.jpg,10.378351,8.222401,,6120,8160,10592347,-34.474781299722224,-70.9500227,Santa Ines,ground
6967ec364644523b2e55419a,/home/malezainia1/dev/INIA_DeepLearning_Ubuntu_mod_lleon/data/campo1_ene_2026/Santa Ines/Celular/20260108_072630.jpg,20260108_072630.jpg,9.69329,9.047824,,6120,8160,9677266,-34.474781299722224,-70.9500227,Santa Ines,ground
6967ec364644523b2e55419b,/home/malezainia1/dev/INIA_DeepLearning_Ubuntu_mod_lleon/data/campo1_ene_2026/Santa Ines/Celular/20260108_072633.jpg,20260108_072633.jpg,10.558154,11.048332,,6120,8160,10444432,-34.474781299722224,-70.9500227,Santa Ines,ground
6967ec364644523b2e55419c,/home/malezainia1/dev/INIA_DeepLearning_Ubuntu_mod_lleon/data/campo1_ene_2026/Santa Ines/Celular/20260108_072636.jpg,20260108_072636.jpg,9.831905,8.2541275,,6120,8160,11559277,-34.474781299722224,-70.9500227,Santa Ines,ground
6967ec364644523b2e55419d,/home/malezainia1/dev/INIA_DeepLearning_Ubuntu_mod_lleon/data/campo1_ene_2026/Santa Ines/Celular/20260108_072641.jpg,20260108_072641.jpg,9.040896,10.696772,,6120,8160,9927139,-34.474781299722224,-70.9500227,Santa Ines,ground
6967ec364644523b2e55419e,/home/malezainia1/dev/INIA_DeepLearning_Ubuntu_mod_lleon/data/campo1_ene_2026/Santa Ines/Celular/20260108_072645.jpg,20260108_072645.jpg,8.582112,8.690331,,6120,8160,11228159,-34.474781299722224,-70.9500227,Santa Ines,ground
6967ec364644523b2e55419f,/home/malezainia1/dev/INIA_DeepLearning_Ubuntu_mod_lleon/data/campo1_ene_2026/Santa Ines/Celular/20260108_072649.jpg,20260108_072649.jpg,8.080985,11.190547,,6120,8160,10477469,-34.474781299722224,-70.9500227,Santa Ines,ground
6967ec364644523b2e5541a0,/home/malezainia1/dev/INIA_DeepLearning_Ubuntu_mod_lleon/data/campo1_ene_2026/Santa Ines/Celular/20260108_072653.jpg,20260108_072653.jpg,9.340636,8.226966,,6120,8160,14526556,-34.474781299722224,-70.9500227,Santa Ines,ground
6967ec364644523b2e5541a1,/home/malezainia1/dev/INIA_DeepLearning_Ubuntu_mod_lleon/data/campo1_ene_2026/Santa Ines/Celular/20260108_072658.jpg,20260108_072658.jpg,9.862894,10.503882,,6120,8160,11458280,-34.474781299722224,-70.9500227,Santa Ines,ground
6967ec364644523b2e5541a2,/home/malezainia1/dev/INIA_DeepLearning_Ubuntu_mod_lleon/data/campo1_ene_2026/Santa Ines/Celular/20260108_072700.jpg,20260108_072700.jpg,8.291041,10.371334,,6120,8160,13331726,-34.474781299722224,-70.9500227,Santa Ines,ground
6967ec364644523b2e5541a3,/home/malezainia1/dev/INIA_DeepLearning_Ubuntu_mod_lleon/data/campo1_ene_2026/Santa Ines/Celular/20260108_072705.jpg,20260108_072705.jpg,9.094257,8.533208,,6120,8160,12313769,-34.474781299722224,-70.9500227,Santa Ines,ground
6967ec364644523b2e5541a4,/home/malezainia1/dev/INIA_DeepLearning_Ubuntu_mod_lleon/data/campo1_ene_2026/Santa Ines/Celular/20260108_072706.jpg,20260108_072706.jpg,10.904407,9.699491,,6120,8160,9988238,-34.474781299722224,-70.9500227,Santa Ines,ground
6967ec364644523b2e5541a5,/home/malezainia1/dev/INIA_DeepLearning_Ubuntu_mod_lleon/data/campo1_ene_2026/Santa Ines/Celular/20260108_072716.jpg,20260108_072716.jpg,8.9323845,8.636331,,6120,8160,12580131,-34.47483809972223,-70.9497989,Santa Ines,ground
6967ec364644523b2e5541a6,/home/malezainia1/dev/INIA_DeepLearning_Ubuntu_mod_lleon/data/campo1_ene_2026/Santa Ines/Celular/20260108_072718.jpg,20260108_072718.jpg,8.313384,9.212438,,6120,8160,11806869,-34.47483809972223,-70.9497989,Santa Ines,ground
6967ec364644523b2e5541a7,/home/malezainia1/dev/INIA_DeepLearning_Ubuntu_mod_lleon/data/campo1_ene_2026/Santa Ines/Celular/20260108_072721.jpg,20260108_072721.jpg,8.125797,9.315254,,6120,8160,10567397,-34.47483809972223,-70.9497989,Santa Ines,ground
6967ec364644523b2e5541a8,/home/malezainia1/dev/INIA_DeepLearning_Ubuntu_mod_lleon/data/campo1_ene_2026/Santa Ines/Celular/20260108_072726.jpg,20260108_072726.jpg,7.736639,10.866117,,6120,8160,9533649,-34.47483809972223,-70.9497989,Santa Ines,ground
6967ec364644523b2e5541a9,/home/malezainia1/dev/INIA_DeepLearning_Ubuntu_mod_lleon/data/campo1_ene_2026/Santa Ines/Celular/20260108_072728.jpg,20260108_072728.jpg,8.812697,9.473425,,6120,8160,10470106,-34.47483809972223,-70.9497989,Santa Ines,ground
6967ec364644523b2e5541aa,/home/malezainia1/dev/INIA_DeepLearning_Ubuntu_mod_lleon/data/campo1_ene_2026/Santa Ines/Celular/20260108_072734.jpg,20260108_072734.jpg,10.766842,9.818665,,6120,8160,13324937,-34.47483809972223,-70.9497989,Santa Ines,ground
6967ec364644523b2e5541ab,/home/malezainia1/dev/INIA_DeepLearning_Ubuntu_mod_lleon/data/campo1_ene_2026/Santa Ines/Celular/20260108_072740.jpg,20260108_072740.jpg,7.8945074,10.79347,,6120,8160,11100698,-34.47483809972223,-70.9497989,Santa Ines,ground
6967ec364644523b2e5541ac,/home/malezainia1/dev/INIA_DeepLearning_Ubuntu_mod_lleon/data/campo1_ene_2026/Santa Ines/Celular/20260108_072742.jpg,20260108_072742.jpg,10.710541,8.151446,,6120,8160,9897790,-34.47483809972223,-70.9497989,Santa Ines,ground
6967ec364644523b2e5541ad,/home/malezainia1/dev/INIA_DeepLearning_Ubuntu_mod_lleon/data/campo1_ene_2026/Santa Ines/Celular/20260108_072747.jpg,20260108_072747.jpg,8.4430895,10.652982,,6120,8160,9990014,-34.47483809972223,-70.9497989,Santa Ines,ground
6967ec364644523b2e5541ae,/home/malezainia1/dev/INIA_DeepLearning_Ubuntu_mod_lleon/data/campo1_ene_2026/Santa Ines/Celular/20260108_072749.jpg,20260108_072749.jpg,9.796536,10.614714,,6120,8160,10247710,-34.47483809972223,-70.9497989,Santa Ines,ground
6967ec364644523b2e5541af,/home/malezainia1/dev/INIA_DeepLearning_Ubuntu_mod_lleon/data/campo1_ene_2026/Santa Ines/Celular/20260108_072755.jpg,20260108_072755.jpg,10.328578,8.17331,,6120,8160,12146039,-34.47483809972223,-70.9497989,Santa Ines,ground
6967ec364644523b2e5541b0,/home/malezainia1/dev/INIA_DeepLearning_Ubuntu_mod_lleon/data/campo1_ene_2026/Santa Ines/Celular/20260108_072759.jpg,20260108_072759.jpg,9.121636,9.085061,,6120,8160,12193232,-34.47483809972223,-70.9497989,Santa Ines,ground
6967ec364644523b2e5541b1,/home/malezainia1/dev/INIA_DeepLearning_Ubuntu_mod_lleon/data/campo1_ene_2026/Santa Ines/Celular/20260108_072802.jpg,20260108_072802.jpg,8.214456,9.181448,,6120,8160,11796374,-34.47483809972223,-70.9497989,Santa Ines,ground
6967ec364644523b2e5541b2,/home/malezainia1/dev/INIA_DeepLearning_Ubuntu_mod_lleon/data/campo1_ene_2026/Santa Ines/Celular/20260108_072804.jpg,20260108_072804.jpg,10.989307,7.9651575,,6120,8160,11318214,-34.474912099722225,-70.9495754,Santa Ines,ground
6967ec364644523b2e5541b3,/home/malezainia1/dev/INIA_DeepLearning_Ubuntu_mod_lleon/data/campo1_ene_2026/Santa Ines/Celular/20260108_072807.jpg,20260108_072807.jpg,8.372063,9.358523,,6120,8160,10357354,-34.4749142,-70.94957049972223,Santa Ines,ground
6967ec364644523b2e5541b4,/home/malezainia1/dev/INIA_DeepLearning_Ubuntu_mod_lleon/data/campo1_ene_2026/Santa Ines/Celular/20260108_072811.jpg,20260108_072811.jpg,7.8979607,9.749179,,6120,8160,9901024,-34.4749142,-70.94957049972223,Santa Ines,ground
6967ec364644523b2e5541b5,/home/malezainia1/dev/INIA_DeepLearning_Ubuntu_mod_lleon/data/campo1_ene_2026/Santa Ines/Celular/20260108_072814.jpg,20260108_072814.jpg,10.989549,8.298066,,6120,8160,9538256,-34.4749142,-70.94957049972223,Santa Ines,ground
6967ec364644523b2e5541b6,/home/malezainia1/dev/INIA_DeepLearning_Ubuntu_mod_lleon/data/campo1_ene_2026/Santa Ines/Celular/20260108_072817.jpg,20260108_072817.jpg,8.537311,11.438551,,6120,8160,8771101,-34.4749142,-70.94957049972223,Santa Ines,ground
6967ec364644523b2e5541b7,/home/malezainia1/dev/INIA_DeepLearning_Ubuntu_mod_lleon/data/campo1_ene_2026/Santa Ines/Celular/20260108_072820.jpg,20260108_072820.jpg,9.982004,8.36588,,6120,8160,9627904,-34.4749142,-70.94957049972223,Santa Ines,ground
6967ec364644523b2e5541b8,/home/malezainia1/dev/INIA_DeepLearning_Ubuntu_mod_lleon/data/campo1_ene_2026/Santa Ines/Celular/20260108_072823.jpg,20260108_072823.jpg,8.684883,9.261169,,6120,8160,10277993,-34.4749142,-70.94957049972223,Santa Ines,ground
6967ec364644523b2e5541b9,/home/malezainia1/dev/INIA_DeepLearning_Ubuntu_mod_lleon/data/campo1_ene_2026/Santa Ines/Celular/20260108_072828.jpg,20260108_072828.jpg,9.416221,9.309461,,6120,8160,8445089,-34.4749142,-70.94957049972223,Santa Ines,ground
6967ec364644523b2e5541ba,/home/malezainia1/dev/INIA_DeepLearning_Ubuntu_mod_lleon/data/campo1_ene_2026/Santa Ines/Celular/20260108_072831.jpg,20260108_072831.jpg,10.98006,8.690354,,6120,8160,10601521,-34.4749142,-70.94957049972223,Santa Ines,ground
6967ec364644523b2e5541bb,/home/malezainia1/dev/INIA_DeepLearning_Ubuntu_mod_lleon/data/campo1_ene_2026/Santa Ines/Celular/20260108_072841.jpg,20260108_072841.jpg,9.495911,10.741403,,6120,8160,14429504,-34.4749142,-70.94957049972223,Santa Ines,ground
6967ec364644523b2e5541bc,/home/malezainia1/dev/INIA_DeepLearning_Ubuntu_mod_lleon/data/campo1_ene_2026/Santa Ines/Celular/20260108_072843.jpg,20260108_072843.jpg,9.3405,10.871469,,6120,8160,9068798,-34.4749142,-70.94957049972223,Santa Ines,ground
6967ec364644523b2e5541bd,/home/malezainia1/dev/INIA_DeepLearning_Ubuntu_mod_lleon/data/campo1_ene_2026/Santa Ines/Celular/20260108_072847.jpg,20260108_072847.jpg,9.82521,8.064955,,6120,8160,8582860,-34.4749142,-70.94957049972223,Santa Ines,ground
6967ec364644523b2e5541be,/home/malezainia1/dev/INIA_DeepLearning_Ubuntu_mod_lleon/data/campo1_ene_2026/Santa Ines/Celular/20260108_072849.jpg,20260108_072849.jpg,8.981877,8.31231,,6120,8160,9704097,-34.4749142,-70.94957049972223,Santa Ines,ground
6967ec364644523b2e5541bf,/home/malezainia1/dev/INIA_DeepLearning_Ubuntu_mod_lleon/data/campo1_ene_2026/Santa Ines/Celular/20260108_072851.jpg,20260108_072851.jpg,9.949828,10.969982,,6120,8160,11345587,-34.4749142,-70.94957049972223,Santa Ines,ground
6967ec364644523b2e5541c0,/home/malezainia1/dev/INIA_DeepLearning_Ubuntu_mod_lleon/data/campo1_ene_2026/Santa Ines/Celular/20260108_072855.jpg,20260108_072855.jpg,8.292974,8.854795,,6120,8160,12577179,-34.474982099722226,-70.9493439,Santa Ines,ground
6967ec364644523b2e5541c1,/home/malezainia1/dev/INIA_DeepLearning_Ubuntu_mod_lleon/data/campo1_ene_2026/Santa Ines/Celular/20260108_072906.jpg,20260108_072906.jpg,8.482417,9.707979,,6120,8160,12167023,-34.4749811,-70.94930549972223,Santa Ines,ground
6967ec364644523b2e5541c2,/home/malezainia1/dev/INIA_DeepLearning_Ubuntu_mod_lleon/data/campo1_ene_2026/Santa Ines/Celular/20260108_072915.jpg,20260108_072915.jpg,9.255867,10.340158,,6120,8160,11559293,-34.4749811,-70.94930549972223,Santa Ines,ground
6967ec364644523b2e5541c3,/home/malezainia1/dev/INIA_DeepLearning_Ubuntu_mod_lleon/data/campo1_ene_2026/Santa Ines/Celular/20260108_072919.jpg,20260108_072919.jpg,7.7379613,10.787502,,6120,8160,11263489,-34.4749811,-70.94930549972223,Santa Ines,ground
6967ec364644523b2e5541c4,/home/malezainia1/dev/INIA_DeepLearning_Ubuntu_mod_lleon/data/campo1_ene_2026/Santa Ines/Celular/20260108_072926.jpg,20260108_072926.jpg,10.4213915,10.768412,,6120,8160,11259059,-34.4749811,-70.94930549972223,Santa Ines,ground
6967ec364644523b2e5541c5,/home/malezainia1/dev/INIA_DeepLearning_Ubuntu_mod_lleon/data/campo1_ene_2026/Santa Ines/Celular/20260108_072932.jpg,20260108_072932.jpg,8.1299305,11.374164,,6120,8160,8433198,-34.4749811,-70.94930549972223,Santa Ines,ground
6967ec364644523b2e5541c6,/home/malezainia1/dev/INIA_DeepLearning_Ubuntu_mod_lleon/data/campo1_ene_2026/Santa Ines/Celular/20260108_072935.jpg,20260108_072935.jpg,11.214852,10.183592,,6120,8160,9758539,-34.4749811,-70.94930549972223,Santa Ines,ground
6967ec364644523b2e5541c7,/home/malezainia1/dev/INIA_DeepLearning_Ubuntu_mod_lleon/data/campo1_ene_2026/Santa Ines/Celular/20260108_072938.jpg,20260108_072938.jpg,11.29138,9.968629,,6120,8160,10685041,-34.4749811,-70.94930549972223,Santa Ines,ground
6967ec364644523b2e5541c8,/home/malezainia1/dev/INIA_DeepLearning_Ubuntu_mod_lleon/data/campo1_ene_2026/Santa Ines/Celular/20260108_072940.jpg,20260108_072940.jpg,8.387996,9.375465,,6120,8160,10506908,-34.4749811,-70.94930549972223,Santa Ines,ground
6967ec364644523b2e5541c9,/home/malezainia1/dev/INIA_DeepLearning_Ubuntu_mod_lleon/data/campo1_ene_2026/Santa Ines/Celular/20260108_072943.jpg,20260108_072943.jpg,8.151053,10.693067,,6120,8160,9992196,-34.4749811,-70.94930549972223,Santa Ines,ground
6967ec364644523b2e5541ca,/home/malezainia1/dev/INIA_DeepLearning_Ubuntu_mod_lleon/data/campo1_ene_2026/Santa Ines/Celular/20260108_072946.jpg,20260108_072946.jpg,8.963788,9.469984,,6120,8160,8908240,-34.4749811,-70.94930549972223,Santa Ines,ground
6967ec364644523b2e5541cb,/home/malezainia1/dev/INIA_DeepLearning_Ubuntu_mod_lleon/data/campo1_ene_2026/Santa Ines/Celular/20260108_072951.jpg,20260108_072951.jpg,8.052701,9.8845415,,6120,8160,9480024,-34.475034399722226,-70.9491146,Santa Ines,ground
6967ec364644523b2e5541cc,/home/malezainia1/dev/INIA_DeepLearning_Ubuntu_mod_lleon/data/campo1_ene_2026/Santa Ines/Celular/20260108_073018.jpg,20260108_073018.jpg,9.909958,9.931506,,6120,8160,9335939,-34.475034399722226,-70.9491146,Santa Ines,ground
6967ec364644523b2e5541cd,/home/malezainia1/dev/INIA_DeepLearning_Ubuntu_mod_lleon/data/campo1_ene_2026/Santa Ines/Celular/20260108_073020.jpg,20260108_073020.jpg,8.544606,10.623966,,6120,8160,9703811,-34.475034399722226,-70.9491146,Santa Ines,ground
6967ec364644523b2e5541ce,/home/malezainia1/dev/INIA_DeepLearning_Ubuntu_mod_lleon/data/campo1_ene_2026/Santa Ines/Celular/20260108_073026.jpg,20260108_073026.jpg,9.967757,9.152117,,6120,8160,9803905,-34.475034399722226,-70.9491146,Santa Ines,ground
6967ec364644523b2e5541cf,/home/malezainia1/dev/INIA_DeepLearning_Ubuntu_mod_lleon/data/campo1_ene_2026/Santa Ines/Celular/20260108_073033.jpg,20260108_073033.jpg,9.717415,11.39832,,6120,8160,11494851,-34.475034399722226,-70.9491146,Santa Ines,ground
6967ec364644523b2e5541d0,/home/malezainia1/dev/INIA_DeepLearning_Ubuntu_mod_lleon/data/campo1_ene_2026/Santa Ines/Celular/20260108_073037.jpg,20260108_073037.jpg,7.7591696,9.905143,,6120,8160,9311299,-34.475118,-70.9488529,Santa Ines,ground
6967ec364644523b2e5541d1,/home/malezainia1/dev/INIA_DeepLearning_Ubuntu_mod_lleon/data/campo1_ene_2026/Santa Ines/Celular/20260108_073040.jpg,20260108_073040.jpg,8.020958,10.6222105,,6120,8160,8823270,-34.4751155,-70.9488393,Santa Ines,ground
6967ec364644523b2e5541d2,/home/malezainia1/dev/INIA_DeepLearning_Ubuntu_mod_lleon/data/campo1_ene_2026/Santa Ines/Celular/20260108_073044.jpg,20260108_073044.jpg,8.397929,11.286518,,6120,8160,10199603,-34.4751155,-70.9488393,Santa Ines,ground
6967ec364644523b2e5541d3,/home/malezainia1/dev/INIA_DeepLearning_Ubuntu_mod_lleon/data/campo1_ene_2026/Santa Ines/Celular/20260108_073055.jpg,20260108_073055.jpg,8.865186,10.873909,,6120,8160,9563881,-34.4751155,-70.9488393,Santa Ines,ground
6967ec364644523b2e5541d4,/home/malezainia1/dev/INIA_DeepLearning_Ubuntu_mod_lleon/data/campo1_ene_2026/Santa Ines/Celular/20260108_073106.jpg,20260108_073106.jpg,8.457995,10.685367,,6120,8160,9576345,-34.4751155,-70.9488393,Santa Ines,ground
6967ec364644523b2e5541d5,/home/malezainia1/dev/INIA_DeepLearning_Ubuntu_mod_lleon/data/campo1_ene_2026/Santa Ines/Celular/20260108_073118.jpg,20260108_073118.jpg,8.735692,11.738033,,6120,8160,10149584,-34.4751155,-70.9488393,Santa Ines,ground
6967ec364644523b2e5541d6,/home/malezainia1/dev/INIA_DeepLearning_Ubuntu_mod_lleon/data/campo1_ene_2026/Santa Ines/Celular/20260108_073127.jpg,20260108_073127.jpg,10.769434,8.728795,,6120,8160,10076210,-34.4751746,-70.94859429972223,Santa Ines,ground
6967ec364644523b2e5541d7,/home/malezainia1/dev/INIA_DeepLearning_Ubuntu_mod_lleon/data/campo1_ene_2026/Santa Ines/Celular/20260108_073130.jpg,20260108_073130.jpg,8.361437,11.546014,,6120,8160,9715797,-34.4751746,-70.94859429972223,Santa Ines,ground
6967ec364644523b2e5541d8,/home/malezainia1/dev/INIA_DeepLearning_Ubuntu_mod_lleon/data/campo1_ene_2026/Santa Ines/Celular/20260108_073139.jpg,20260108_073139.jpg,7.698967,10.692578,,6120,8160,9568917,-34.4751746,-70.94859429972223,Santa Ines,ground
6967ec364644523b2e5541d9,/home/malezainia1/dev/INIA_DeepLearning_Ubuntu_mod_lleon/data/campo1_ene_2026/Santa Ines/Celular/20260108_073144.jpg,20260108_073144.jpg,8.244186,10.307442,,6120,8160,10006180,-34.4751746,-70.94859429972223,Santa Ines,ground
6967ec364644523b2e5541da,/home/malezainia1/dev/INIA_DeepLearning_Ubuntu_mod_lleon/data/campo1_ene_2026/Santa Ines/Celular/20260108_073152.jpg,20260108_073152.jpg,10.49966,11.2155,,6120,8160,9514174,-34.4751746,-70.94859429972223,Santa Ines,ground
6967ec364644523b2e5541db,/home/malezainia1/dev/INIA_DeepLearning_Ubuntu_mod_lleon/data/campo1_ene_2026/Santa Ines/Celular/20260108_073157.jpg,20260108_073157.jpg,9.995886,8.306881,,6120,8160,11332172,-34.4751746,-70.94859429972223,Santa Ines,ground
6967ec364644523b2e5541dc,/home/malezainia1/dev/INIA_DeepLearning_Ubuntu_mod_lleon/data/campo1_ene_2026/Santa Ines/Celular/20260108_073202.jpg,20260108_073202.jpg,7.754356,10.88791,,6120,8160,9578422,-34.4751746,-70.94859429972223,Santa Ines,ground
6967ec364644523b2e5541dd,/home/malezainia1/dev/INIA_DeepLearning_Ubuntu_mod_lleon/data/campo1_ene_2026/Santa Ines/Celular/20260108_073213.jpg,20260108_073213.jpg,8.908663,10.842898,,6120,8160,10605310,-34.475248899722224,-70.94836379972223,Santa Ines,ground
6967ec364644523b2e5541de,/home/malezainia1/dev/INIA_DeepLearning_Ubuntu_mod_lleon/data/campo1_ene_2026/Santa Ines/Celular/20260108_073217.jpg,20260108_073217.jpg,8.737678,8.74527,,6120,8160,10630592,-34.475248899722224,-70.94836379972223,Santa Ines,ground
6967ec364644523b2e5541df,/home/malezainia1/dev/INIA_DeepLearning_Ubuntu_mod_lleon/data/campo1_ene_2026/Santa Ines/Celular/20260108_073225.jpg,20260108_073225.jpg,8.888078,10.999034,,6120,8160,10946405,-34.475248899722224,-70.94836379972223,Santa Ines,ground
6967ec364644523b2e5541e0,/home/malezainia1/dev/INIA_DeepLearning_Ubuntu_mod_lleon/data/campo1_ene_2026/Santa Ines/Celular/20260108_073233.jpg,20260108_073233.jpg,9.210151,10.180237,,6120,8160,11465123,-34.475248899722224,-70.94836379972223,Santa Ines,ground
6967ec364644523b2e5541e1,/home/malezainia1/dev/INIA_DeepLearning_Ubuntu_mod_lleon/data/campo1_ene_2026/Santa Ines/Celular/20260108_073243.jpg,20260108_073243.jpg,9.889181,11.858256,,6120,8160,10449091,-34.475248899722224,-70.94836379972223,Santa Ines,ground
6967ec364644523b2e5541e2,/home/malezainia1/dev/INIA_DeepLearning_Ubuntu_mod_lleon/data/campo1_ene_2026/Santa Ines/Celular/20260108_073245.jpg,20260108_073245.jpg,10.572761,12.279066,,6120,8160,9517411,-34.475248899722224,-70.94836379972223,Santa Ines,ground
6967ec364644523b2e5541e3,/home/malezainia1/dev/INIA_DeepLearning_Ubuntu_mod_lleon/data/campo1_ene_2026/Santa Ines/Celular/20260108_073251.jpg,20260108_073251.jpg,10.582375,10.515508,,6120,8160,11669104,-34.475248899722224,-70.94836379972223,Santa Ines,ground
6967ec364644523b2e5541e4,/home/malezainia1/dev/INIA_DeepLearning_Ubuntu_mod_lleon/data/campo1_ene_2026/Santa Ines/Celular/20260108_073256.jpg,20260108_073256.jpg,8.566877,12.157159,,6120,8160,8904955,-34.475248899722224,-70.94836379972223,Santa Ines,ground
6967ec364644523b2e5541e5,/home/malezainia1/dev/INIA_DeepLearning_Ubuntu_mod_lleon/data/campo1_ene_2026/Santa Ines/Celular/20260108_073302.jpg,20260108_073302.jpg,8.496214,11.922978,,6120,8160,10731143,-34.4753059,-70.9481638,Santa Ines,ground
6967ec364644523b2e5541e6,/home/malezainia1/dev/INIA_DeepLearning_Ubuntu_mod_lleon/data/campo1_ene_2026/Santa Ines/Celular/20260108_073305.jpg,20260108_073305.jpg,10.812345,8.514356,,6120,8160,9322666,-34.4753059,-70.9481638,Santa Ines,ground
6967ec364644523b2e5541e7,/home/malezainia1/dev/INIA_DeepLearning_Ubuntu_mod_lleon/data/campo1_ene_2026/Santa Ines/Celular/20260108_073313.jpg,20260108_073313.jpg,10.402525,10.659889,,6120,8160,10542145,-34.4753059,-70.9481638,Santa Ines,ground
6967ec364644523b2e5541e8,/home/malezainia1/dev/INIA_DeepLearning_Ubuntu_mod_lleon/data/campo1_ene_2026/Santa Ines/Celular/20260108_073318.jpg,20260108_073318.jpg,8.356123,10.715255,,6120,8160,11503593,-34.4753059,-70.9481638,Santa Ines,ground
6967ec364644523b2e5541e9,/home/malezainia1/dev/INIA_DeepLearning_Ubuntu_mod_lleon/data/campo1_ene_2026/Santa Ines/Celular/20260108_073322.jpg,20260108_073322.jpg,8.752261,12.119355,,6120,8160,9988824,-34.4753059,-70.9481638,Santa Ines,ground
6967ec364644523b2e5541ea,/home/malezainia1/dev/INIA_DeepLearning_Ubuntu_mod_lleon/data/campo1_ene_2026/Santa Ines/Celular/20260108_073328.jpg,20260108_073328.jpg,8.6652355,9.026063,,6120,8160,12847280,-34.4753059,-70.9481638,Santa Ines,ground
6967ec364644523b2e5541eb,/home/malezainia1/dev/INIA_DeepLearning_Ubuntu_mod_lleon/data/campo1_ene_2026/Santa Ines/Celular/20260108_073332.jpg,20260108_073332.jpg,9.2000265,12.006006,,6120,8160,10132178,-34.4753059,-70.9481638,Santa Ines,ground
6967ec364644523b2e5541ec,/home/malezainia1/dev/INIA_DeepLearning_Ubuntu_mod_lleon/data/campo1_ene_2026/Santa Ines/Celular/20260108_073337.jpg,20260108_073337.jpg,10.576707,10.951608,,6120,8160,10175849,-34.4753059,-70.9481638,Santa Ines,ground
6967ec364644523b2e5541ed,/home/malezainia1/dev/INIA_DeepLearning_Ubuntu_mod_lleon/data/campo1_ene_2026/Santa Ines/Celular/20260108_073343.jpg,20260108_073343.jpg,11.318082,9.968974,,6120,8160,11707120,-34.4753059,-70.9481638,Santa Ines,ground
6967ec364644523b2e5541ee,/home/malezainia1/dev/INIA_DeepLearning_Ubuntu_mod_lleon/data/campo1_ene_2026/Santa Ines/Celular/20260108_073346.jpg,20260108_073346.jpg,10.473963,10.656706,,6120,8160,10474812,-34.4753059,-70.9481638,Santa Ines,ground
6967ec364644523b2e5541ef,/home/malezainia1/dev/INIA_DeepLearning_Ubuntu_mod_lleon/data/campo1_ene_2026/Santa Ines/Celular/20260108_073359.jpg,20260108_073359.jpg,9.061206,11.779517,,6120,8160,10451705,-34.4753928,-70.94791659972222,Santa Ines,ground
6967ec364644523b2e5541f0,/home/malezainia1/dev/INIA_DeepLearning_Ubuntu_mod_lleon/data/campo1_ene_2026/Santa Ines/Celular/20260108_073413.jpg,20260108_073413.jpg,9.734086,13.072919,,6120,8160,10127734,-34.475372499722226,-70.94790949972223,Santa Ines,ground
6967ec364644523b2e5541f1,/home/malezainia1/dev/INIA_DeepLearning_Ubuntu_mod_lleon/data/campo1_ene_2026/Santa Ines/Celular/20260108_073417.jpg,20260108_073417.jpg,10.385197,10.814458,,6120,8160,10140551,-34.475372499722226,-70.94790949972223,Santa Ines,ground
6967ec364644523b2e5541f2,/home/malezainia1/dev/INIA_DeepLearning_Ubuntu_mod_lleon/data/campo1_ene_2026/Santa Ines/Celular/20260108_073423.jpg,20260108_073423.jpg,8.3935375,11.716522,,6120,8160,10356617,-34.475372499722226,-70.94790949972223,Santa Ines,ground
6967ec364644523b2e5541f3,/home/malezainia1/dev/INIA_DeepLearning_Ubuntu_mod_lleon/data/campo1_ene_2026/Santa Ines/Celular/20260108_073443.jpg,20260108_073443.jpg,10.320171,11.80805,,6120,8160,8599967,-34.475372499722226,-70.94790949972223,Santa Ines,ground
6967ec364644523b2e5541f4,/home/malezainia1/dev/INIA_DeepLearning_Ubuntu_mod_lleon/data/campo1_ene_2026/Santa Ines/Celular/20260108_073548.jpg,20260108_073548.jpg,8.71344,11.933763,,6120,8160,11369010,-34.4753496,-70.9478249,Santa Ines,ground
6967ec364644523b2e5541f5,/home/malezainia1/dev/INIA_DeepLearning_Ubuntu_mod_lleon/data/campo1_ene_2026/Santa Ines/Celular/20260108_073556.jpg,20260108_073556.jpg,10.185452,9.850924,,6120,8160,13477291,-34.475354099722225,-70.94783069972223,Santa Ines,ground
6967ec364644523b2e5541f6,/home/malezainia1/dev/INIA_DeepLearning_Ubuntu_mod_lleon/data/campo1_ene_2026/Santa Ines/Celular/20260108_073604.jpg,20260108_073604.jpg,10.936191,10.047521,,6120,8160,9644547,-34.475354099722225,-70.94783069972223,Santa Ines,ground
6967ec364644523b2e5541f7,/home/malezainia1/dev/INIA_DeepLearning_Ubuntu_mod_lleon/data/campo1_ene_2026/Santa Ines/Celular/20260108_073607.jpg,20260108_073607.jpg,11.47995,9.008188,,6120,8160,11000469,-34.475354099722225,-70.94783069972223,Santa Ines,ground
6967ec364644523b2e5541f8,/home/malezainia1/dev/INIA_DeepLearning_Ubuntu_mod_lleon/data/campo1_ene_2026/Santa Ines/Celular/20260108_073611.jpg,20260108_073611.jpg,11.08466,9.505757,,6120,8160,10696205,-34.475354099722225,-70.94783069972223,Santa Ines,ground
6967ec364644523b2e5541f9,/home/malezainia1/dev/INIA_DeepLearning_Ubuntu_mod_lleon/data/campo1_ene_2026/Santa Ines/Celular/20260108_073617.jpg,20260108_073617.jpg,10.85213,10.39483,,6120,8160,9942238,-34.475354099722225,-70.94783069972223,Santa Ines,ground
6967ec364644523b2e5541fa,/home/malezainia1/dev/INIA_DeepLearning_Ubuntu_mod_lleon/data/campo1_ene_2026/Santa Ines/Celular/20260108_073632.jpg,20260108_073632.jpg,8.752547,11.510245,,6120,8160,10494336,-34.4752852,-70.9480587,Santa Ines,ground
6967ec364644523b2e5541fb,/home/malezainia1/dev/INIA_DeepLearning_Ubuntu_mod_lleon/data/campo1_ene_2026/Santa Ines/Celular/20260108_073637.jpg,20260108_073637.jpg,10.694524,8.298081,,6120,8160,15075615,-34.4752852,-70.9480587,Santa Ines,ground
6967ec364644523b2e5541fc,/home/malezainia1/dev/INIA_DeepLearning_Ubuntu_mod_lleon/data/campo1_ene_2026/Santa Ines/Celular/20260108_073642.jpg,20260108_073642.jpg,9.128638,9.215586,,6120,8160,12900705,-34.4752852,-70.9480587,Santa Ines,ground
6967ec364644523b2e5541fd,/home/malezainia1/dev/INIA_DeepLearning_Ubuntu_mod_lleon/data/campo1_ene_2026/Santa Ines/Celular/20260108_073645.jpg,20260108_073645.jpg,10.680421,8.572271,,6120,8160,10037951,-34.4752852,-70.9480587,Santa Ines,ground
6967ec364644523b2e5541fe,/home/malezainia1/dev/INIA_DeepLearning_Ubuntu_mod_lleon/data/campo1_ene_2026/Santa Ines/Celular/20260108_073653.jpg,20260108_073653.jpg,11.127806,8.186929,,6120,8160,11152134,-34.4752852,-70.9480587,Santa Ines,ground
6967ec364644523b2e5541ff,/home/malezainia1/dev/INIA_DeepLearning_Ubuntu_mod_lleon/data/campo1_ene_2026/Santa Ines/Celular/20260108_073701.jpg,20260108_073701.jpg,8.899078,11.626545,,6120,8160,10729654,-34.4752852,-70.9480587,Santa Ines,ground
6967ec364644523b2e554200,/home/malezainia1/dev/INIA_DeepLearning_Ubuntu_mod_lleon/data/campo1_ene_2026/Santa Ines/Celular/20260108_073707.jpg,20260108_073707.jpg,10.411862,8.536546,,6120,8160,10759335,-34.4752852,-70.9480587,Santa Ines,ground
6967ec364644523b2e554201,/home/malezainia1/dev/INIA_DeepLearning_Ubuntu_mod_lleon/data/campo1_ene_2026/Santa Ines/Celular/20260108_073718.jpg,20260108_073718.jpg,10.145301,9.14568,,6120,8160,9578849,-34.4752091,-70.9483259,Santa Ines,ground
6967ec364644523b2e554202,/home/malezainia1/dev/INIA_DeepLearning_Ubuntu_mod_lleon/data/campo1_ene_2026/Santa Ines/Celular/20260108_073720.jpg,20260108_073720.jpg,9.453819,11.654167,,6120,8160,10378376,-34.4752091,-70.9483259,Santa Ines,ground
6967ec364644523b2e554203,/home/malezainia1/dev/INIA_DeepLearning_Ubuntu_mod_lleon/data/campo1_ene_2026/Santa Ines/Celular/20260108_073725.jpg,20260108_073725.jpg,11.201736,8.567978,,6120,8160,9939542,-34.4752091,-70.9483259,Santa Ines,ground
6967ec364644523b2e554204,/home/malezainia1/dev/INIA_DeepLearning_Ubuntu_mod_lleon/data/campo1_ene_2026/Santa Ines/Celular/20260108_073728.jpg,20260108_073728.jpg,10.320789,10.284931,,6120,8160,9519637,-34.4752091,-70.9483259,Santa Ines,ground
6967ec364644523b2e554205,/home/malezainia1/dev/INIA_DeepLearning_Ubuntu_mod_lleon/data/campo1_ene_2026/Santa Ines/Celular/20260108_073735.jpg,20260108_073735.jpg,8.232701,10.936534,,6120,8160,13285299,-34.4752091,-70.9483259,Santa Ines,ground
6967ec364644523b2e554206,/home/malezainia1/dev/INIA_DeepLearning_Ubuntu_mod_lleon/data/campo1_ene_2026/Santa Ines/Celular/20260108_073738.jpg,20260108_073738.jpg,8.10261,10.159953,,6120,8160,9639107,-34.4752091,-70.9483259,Santa Ines,ground
6967ec364644523b2e554207,/home/malezainia1/dev/INIA_DeepLearning_Ubuntu_mod_lleon/data/campo1_ene_2026/Santa Ines/Celular/20260108_073744.jpg,20260108_073744.jpg,8.470594,9.158318,,6120,8160,12678246,-34.4752091,-70.9483259,Santa Ines,ground
6967ec364644523b2e554208,/home/malezainia1/dev/INIA_DeepLearning_Ubuntu_mod_lleon/data/campo1_ene_2026/Santa Ines/Celular/20260108_073754.jpg,20260108_073754.jpg,8.899077,9.05031,,6120,8160,12792924,-34.4752091,-70.9483259,Santa Ines,ground
6967ec364644523b2e554209,/home/malezainia1/dev/INIA_DeepLearning_Ubuntu_mod_lleon/data/campo1_ene_2026/Santa Ines/Celular/20260108_073757.jpg,20260108_073757.jpg,7.823814,9.435293,,6120,8160,13287535,-34.4752091,-70.9483259,Santa Ines,ground
6967ec364644523b2e55420a,/home/malezainia1/dev/INIA_DeepLearning_Ubuntu_mod_lleon/data/campo1_ene_2026/Santa Ines/Celular/20260108_073800.jpg,20260108_073800.jpg,10.215214,11.276648,,6120,8160,11777518,-34.4752091,-70.9483259,Santa Ines,ground
6967ec364644523b2e55420b,/home/malezainia1/dev/INIA_DeepLearning_Ubuntu_mod_lleon/data/campo1_ene_2026/Santa Ines/Celular/20260108_073806.jpg,20260108_073806.jpg,7.909956,10.590808,,6120,8160,10104854,-34.475141899722225,-70.94859789972223,Santa Ines,ground
6967ec364644523b2e55420c,/home/malezainia1/dev/INIA_DeepLearning_Ubuntu_mod_lleon/data/campo1_ene_2026/Santa Ines/Celular/20260108_073810.jpg,20260108_073810.jpg,7.7610784,9.5279455,,6120,8160,11799351,-34.475141899722225,-70.94859789972223,Santa Ines,ground
6967ec364644523b2e55420d,/home/malezainia1/dev/INIA_DeepLearning_Ubuntu_mod_lleon/data/campo1_ene_2026/Santa Ines/Celular/20260108_073814.jpg,20260108_073814.jpg,9.580665,9.476301,,6120,8160,9788228,-34.475141899722225,-70.94859789972223,Santa Ines,ground
6967ec364644523b2e55420e,/home/malezainia1/dev/INIA_DeepLearning_Ubuntu_mod_lleon/data/campo1_ene_2026/Santa Ines/Celular/20260108_073818.jpg,20260108_073818.jpg,9.961489,9.659482,,6120,8160,9920745,-34.475141899722225,-70.94859789972223,Santa Ines,ground
6967ec364644523b2e55420f,/home/malezainia1/dev/INIA_DeepLearning_Ubuntu_mod_lleon/data/campo1_ene_2026/Santa Ines/Celular/20260108_073821.jpg,20260108_073821.jpg,9.73528,10.904394,,6120,8160,10088718,-34.475141899722225,-70.94859789972223,Santa Ines,ground
6967ec364644523b2e554210,/home/malezainia1/dev/INIA_DeepLearning_Ubuntu_mod_lleon/data/campo1_ene_2026/Santa Ines/Celular/20260108_073835.jpg,20260108_073835.jpg,8.590006,10.331991,,6120,8160,9467345,-34.475141899722225,-70.94859789972223,Santa Ines,ground
6967ec364644523b2e554211,/home/malezainia1/dev/INIA_DeepLearning_Ubuntu_mod_lleon/data/campo1_ene_2026/Santa Ines/Celular/20260108_073837.jpg,20260108_073837.jpg,10.742909,8.372612,,6120,8160,11838139,-34.475141899722225,-70.94859789972223,Santa Ines,ground
6967ec364644523b2e554212,/home/malezainia1/dev/INIA_DeepLearning_Ubuntu_mod_lleon/data/campo1_ene_2026/Santa Ines/Celular/20260108_073839.jpg,20260108_073839.jpg,8.339244,10.949019,,6120,8160,10815012,-34.475141899722225,-70.94859789972223,Santa Ines,ground
6967ec364644523b2e554213,/home/malezainia1/dev/INIA_DeepLearning_Ubuntu_mod_lleon/data/campo1_ene_2026/Santa Ines/Celular/20260108_073842.jpg,20260108_073842.jpg,9.224236,9.843634,,6120,8160,9549283,-34.475141899722225,-70.94859789972223,Santa Ines,ground
6967ec364644523b2e554214,/home/malezainia1/dev/INIA_DeepLearning_Ubuntu_mod_lleon/data/campo1_ene_2026/Santa Ines/Celular/20260108_073853.jpg,20260108_073853.jpg,7.764862,11.050404,,6120,8160,11369682,-34.47506119972223,-70.9488857,Santa Ines,ground
6967ec364644523b2e554215,/home/malezainia1/dev/INIA_DeepLearning_Ubuntu_mod_lleon/data/campo1_ene_2026/Santa Ines/Celular/20260108_073857.jpg,20260108_073857.jpg,8.06101,10.420671,,6120,8160,10004336,-34.47506119972223,-70.9488857,Santa Ines,ground
6967ec364644523b2e554216,/home/malezainia1/dev/INIA_DeepLearning_Ubuntu_mod_lleon/data/campo1_ene_2026/Santa Ines/Celular/20260108_073905.jpg,20260108_073905.jpg,9.79395,11.168612,,6120,8160,9690153,-34.47506119972223,-70.9488857,Santa Ines,ground
6967ec364644523b2e554217,/home/malezainia1/dev/INIA_DeepLearning_Ubuntu_mod_lleon/data/campo1_ene_2026/Santa Ines/Celular/20260108_073917.jpg,20260108_073917.jpg,8.493131,10.748644,,6120,8160,11545661,-34.47506119972223,-70.9488857,Santa Ines,ground
6967ec364644523b2e554218,/home/malezainia1/dev/INIA_DeepLearning_Ubuntu_mod_lleon/data/campo1_ene_2026/Santa Ines/Celular/20260108_073921.jpg,20260108_073921.jpg,9.540038,10.92516,,6120,8160,9005336,-34.47506119972223,-70.9488857,Santa Ines,ground
6967ec364644523b2e554219,/home/malezainia1/dev/INIA_DeepLearning_Ubuntu_mod_lleon/data/campo1_ene_2026/Santa Ines/Celular/20260108_073926.jpg,20260108_073926.jpg,8.789501,11.739195,,6120,8160,12807749,-34.47506119972223,-70.9488857,Santa Ines,ground
6967ec364644523b2e55421a,/home/malezainia1/dev/INIA_DeepLearning_Ubuntu_mod_lleon/data/campo1_ene_2026/Santa Ines/Celular/20260108_073928.jpg,20260108_073928.jpg,9.308129,11.251164,,6120,8160,9102999,-34.47506119972223,-70.9488857,Santa Ines,ground
6967ec364644523b2e55421b,/home/malezainia1/dev/INIA_DeepLearning_Ubuntu_mod_lleon/data/campo1_ene_2026/Santa Ines/Celular/20260108_073932.jpg,20260108_073932.jpg,9.030856,11.25885,,6120,8160,11196387,-34.47506119972223,-70.9488857,Santa Ines,ground
6967ec364644523b2e55421c,/home/malezainia1/dev/INIA_DeepLearning_Ubuntu_mod_lleon/data/campo1_ene_2026/Santa Ines/Celular/20260108_073940.jpg,20260108_073940.jpg,8.603964,9.39527,,6120,8160,13190754,-34.474994199722225,-70.94913049972223,Santa Ines,ground
6967ec364644523b2e55421d,/home/malezainia1/dev/INIA_DeepLearning_Ubuntu_mod_lleon/data/campo1_ene_2026/Santa Ines/Celular/20260108_073947.jpg,20260108_073947.jpg,9.134326,11.519148,,6120,8160,10267794,-34.4749938,-70.94913209972222,Santa Ines,ground
6967ec364644523b2e55421e,/home/malezainia1/dev/INIA_DeepLearning_Ubuntu_mod_lleon/data/campo1_ene_2026/Santa Ines/Celular/20260108_073956.jpg,20260108_073956.jpg,8.417235,9.586119,,6120,8160,8881782,-34.4749938,-70.94913209972222,Santa Ines,ground
6967ec364644523b2e55421f,/home/malezainia1/dev/INIA_DeepLearning_Ubuntu_mod_lleon/data/campo1_ene_2026/Santa Ines/Celular/20260108_074011.jpg,20260108_074011.jpg,8.107302,10.780994,,6120,8160,9678749,-34.4749938,-70.94913209972222,Santa Ines,ground
6967ec364644523b2e554220,/home/malezainia1/dev/INIA_DeepLearning_Ubuntu_mod_lleon/data/campo1_ene_2026/Santa Ines/Celular/20260108_074015.jpg,20260108_074015.jpg,8.995685,13.160235,,6120,8160,8358086,-34.4749938,-70.94913209972222,Santa Ines,ground
6967ec364644523b2e554221,/home/malezainia1/dev/INIA_DeepLearning_Ubuntu_mod_lleon/data/campo1_ene_2026/Santa Ines/Celular/20260108_074032.jpg,20260108_074032.jpg,9.5945015,11.056696,,6120,8160,10429607,-34.4749422,-70.94934999972223,Santa Ines,ground
6967ec364644523b2e554222,/home/malezainia1/dev/INIA_DeepLearning_Ubuntu_mod_lleon/data/campo1_ene_2026/Santa Ines/Celular/20260108_074036.jpg,20260108_074036.jpg,8.930214,10.472943,,6120,8160,11356224,-34.4749422,-70.94934999972223,Santa Ines,ground
6967ec364644523b2e554223,/home/malezainia1/dev/INIA_DeepLearning_Ubuntu_mod_lleon/data/campo1_ene_2026/Santa Ines/Celular/20260108_074040.jpg,20260108_074040.jpg,7.9651966,9.73816,,6120,8160,9430404,-34.4749422,-70.94934999972223,Santa Ines,ground
6967ec364644523b2e554224,/home/malezainia1/dev/INIA_DeepLearning_Ubuntu_mod_lleon/data/campo1_ene_2026/Santa Ines/Celular/20260108_074044.jpg,20260108_074044.jpg,7.7461786,9.468173,,6120,8160,14159569,-34.4749422,-70.94934999972223,Santa Ines,ground
6967ec364644523b2e554225,/home/malezainia1/dev/INIA_DeepLearning_Ubuntu_mod_lleon/data/campo1_ene_2026/Santa Ines/Celular/20260108_074046.jpg,20260108_074046.jpg,9.168773,8.289398,,6120,8160,9887989,-34.4749422,-70.94934999972223,Santa Ines,ground
6967ec364644523b2e554226,/home/malezainia1/dev/INIA_DeepLearning_Ubuntu_mod_lleon/data/campo1_ene_2026/Santa Ines/Celular/20260108_074049.jpg,20260108_074049.jpg,9.656478,10.698331,,6120,8160,9875173,-34.4749422,-70.94934999972223,Santa Ines,ground
6967ec364644523b2e554227,/home/malezainia1/dev/INIA_DeepLearning_Ubuntu_mod_lleon/data/campo1_ene_2026/Santa Ines/Celular/20260108_074051.jpg,20260108_074051.jpg,8.369569,10.088044,,6120,8160,9973009,-34.4749422,-70.94934999972223,Santa Ines,ground
6967ec364644523b2e554228,/home/malezainia1/dev/INIA_DeepLearning_Ubuntu_mod_lleon/data/campo1_ene_2026/Santa Ines/Celular/20260108_074057.jpg,20260108_074057.jpg,9.830684,9.8821125,,6120,8160,10725816,-34.4749422,-70.94934999972223,Santa Ines,ground
6967ec364644523b2e554229,/home/malezainia1/dev/INIA_DeepLearning_Ubuntu_mod_lleon/data/campo1_ene_2026/Santa Ines/Celular/20260108_074059.jpg,20260108_074059.jpg,10.523098,8.862319,,6120,8160,9713770,-34.4749422,-70.94934999972223,Santa Ines,ground
6967ec364644523b2e55422a,/home/malezainia1/dev/INIA_DeepLearning_Ubuntu_mod_lleon/data/campo1_ene_2026/Santa Ines/Celular/20260108_074102.jpg,20260108_074102.jpg,9.85455,8.919131,,6120,8160,11001789,-34.4749422,-70.94934999972223,Santa Ines,ground
6967ec364644523b2e55422b,/home/malezainia1/dev/INIA_DeepLearning_Ubuntu_mod_lleon/data/campo1_ene_2026/Santa Ines/Celular/20260108_074104.jpg,20260108_074104.jpg,10.595147,8.347959,,6120,8160,12072078,-34.4749422,-70.94934999972223,Santa Ines,ground
6967ec364644523b2e55422c,/home/malezainia1/dev/INIA_DeepLearning_Ubuntu_mod_lleon/data/campo1_ene_2026/Santa Ines/Celular/20260108_074108.jpg,20260108_074108.jpg,11.11354,8.098427,,6120,8160,9902007,-34.4749422,-70.94934999972223,Santa Ines,ground
6967ec364644523b2e55422d,/home/malezainia1/dev/INIA_DeepLearning_Ubuntu_mod_lleon/data/campo1_ene_2026/Santa Ines/Celular/20260108_074113.jpg,20260108_074113.jpg,8.896084,11.31837,,6120,8160,11141118,-34.4749422,-70.94934999972223,Santa Ines,ground
6967ec364644523b2e55422e,/home/malezainia1/dev/INIA_DeepLearning_Ubuntu_mod_lleon/data/campo1_ene_2026/Santa Ines/Celular/20260108_074116.jpg,20260108_074116.jpg,9.530307,11.113609,,6120,8160,9833056,-34.4749422,-70.94934999972223,Santa Ines,ground
6967ec364644523b2e55422f,/home/malezainia1/dev/INIA_DeepLearning_Ubuntu_mod_lleon/data/campo1_ene_2026/Santa Ines/Celular/20260108_074125.jpg,20260108_074125.jpg,8.336476,11.416821,,6120,8160,12309623,-34.474842899722226,-70.94960269972222,Santa Ines,ground
6967ec364644523b2e554230,/home/malezainia1/dev/INIA_DeepLearning_Ubuntu_mod_lleon/data/campo1_ene_2026/Santa Ines/Celular/20260108_074128.jpg,20260108_074128.jpg,8.855456,8.192248,,6120,8160,13498471,-34.474861699722226,-70.94964899972223,Santa Ines,ground
6967ec364644523b2e554231,/home/malezainia1/dev/INIA_DeepLearning_Ubuntu_mod_lleon/data/campo1_ene_2026/Santa Ines/Celular/20260108_074134.jpg,20260108_074134.jpg,8.02828,9.702199,,6120,8160,11801552,-34.474861699722226,-70.94964899972223,Santa Ines,ground
6967ec364644523b2e554232,/home/malezainia1/dev/INIA_DeepLearning_Ubuntu_mod_lleon/data/campo1_ene_2026/Santa Ines/Celular/20260108_074142.jpg,20260108_074142.jpg,9.32038,8.448021,,6120,8160,11087871,-34.474861699722226,-70.94964899972223,Santa Ines,ground
6967ec364644523b2e554233,/home/malezainia1/dev/INIA_DeepLearning_Ubuntu_mod_lleon/data/campo1_ene_2026/Santa Ines/Celular/20260108_074146.jpg,20260108_074146.jpg,9.281406,9.538532,,6120,8160,10681499,-34.474861699722226,-70.94964899972223,Santa Ines,ground
6967ec364644523b2e554234,/home/malezainia1/dev/INIA_DeepLearning_Ubuntu_mod_lleon/data/campo1_ene_2026/Santa Ines/Celular/20260108_074149.jpg,20260108_074149.jpg,10.573721,8.215108,,6120,8160,11197685,-34.474861699722226,-70.94964899972223,Santa Ines,ground
6967ec364644523b2e554235,/home/malezainia1/dev/INIA_DeepLearning_Ubuntu_mod_lleon/data/campo1_ene_2026/Santa Ines/Celular/20260108_074157.jpg,20260108_074157.jpg,8.697542,10.220304,,6120,8160,11171476,-34.474861699722226,-70.94964899972223,Santa Ines,ground
6967ec364644523b2e554236,/home/malezainia1/dev/INIA_DeepLearning_Ubuntu_mod_lleon/data/campo1_ene_2026/Santa Ines/Celular/20260108_074206.jpg,20260108_074206.jpg,9.312127,8.20021,,6120,8160,10517623,-34.474861699722226,-70.94964899972223,Santa Ines,ground
6967ec364644523b2e554237,/home/malezainia1/dev/INIA_DeepLearning_Ubuntu_mod_lleon/data/campo1_ene_2026/Santa Ines/Celular/20260108_074211.jpg,20260108_074211.jpg,8.604289,10.380118,,6120,8160,9568311,-34.474861699722226,-70.94964899972223,Santa Ines,ground
6967ec364644523b2e554238,/home/malezainia1/dev/INIA_DeepLearning_Ubuntu_mod_lleon/data/campo1_ene_2026/Santa Ines/Celular/20260108_074213.jpg,20260108_074213.jpg,8.72933,10.104818,,6120,8160,11008091,-34.474861699722226,-70.94964899972223,Santa Ines,ground
6967ec364644523b2e554239,/home/malezainia1/dev/INIA_DeepLearning_Ubuntu_mod_lleon/data/campo1_ene_2026/Santa Ines/Celular/20260108_074221.jpg,20260108_074221.jpg,10.787866,9.227797,,6120,8160,11873543,-34.47478519972223,-70.94988619972223,Santa Ines,ground
6967ec364644523b2e55423a,/home/malezainia1/dev/INIA_DeepLearning_Ubuntu_mod_lleon/data/campo1_ene_2026/Santa Ines/Celular/20260108_074227.jpg,20260108_074227.jpg,10.316498,8.183337,,6120,8160,12279163,-34.47479009972223,-70.9498789,Santa Ines,ground
6967ec364644523b2e55423b,/home/malezainia1/dev/INIA_DeepLearning_Ubuntu_mod_lleon/data/campo1_ene_2026/Santa Ines/Celular/20260108_074232.jpg,20260108_074232.jpg,9.004831,8.391424,,6120,8160,10563118,-34.47479009972223,-70.9498789,Santa Ines,ground
6967ec364644523b2e55423c,/home/malezainia1/dev/INIA_DeepLearning_Ubuntu_mod_lleon/data/campo1_ene_2026/Santa Ines/Celular/20260108_074237.jpg,20260108_074237.jpg,9.103423,8.37584,,6120,8160,11232399,-34.47479009972223,-70.9498789,Santa Ines,ground
6967ec364644523b2e55423d,/home/malezainia1/dev/INIA_DeepLearning_Ubuntu_mod_lleon/data/campo1_ene_2026/Santa Ines/Celular/20260108_074244.jpg,20260108_074244.jpg,11.4550495,8.944567,,6120,8160,12626402,-34.47479009972223,-70.9498789,Santa Ines,ground
6967ec364644523b2e55423e,/home/malezainia1/dev/INIA_DeepLearning_Ubuntu_mod_lleon/data/campo1_ene_2026/Santa Ines/Celular/20260108_074251.jpg,20260108_074251.jpg,9.908595,8.198397,,6120,8160,13337138,-34.47479009972223,-70.9498789,Santa Ines,ground
6967ec364644523b2e55423f,/home/malezainia1/dev/INIA_DeepLearning_Ubuntu_mod_lleon/data/campo1_ene_2026/Santa Ines/Celular/20260108_074253.jpg,20260108_074253.jpg,8.048039,10.614832,,6120,8160,14017192,-34.47479009972223,-70.9498789,Santa Ines,ground
6967ec364644523b2e554240,/home/malezainia1/dev/INIA_DeepLearning_Ubuntu_mod_lleon/data/campo1_ene_2026/Santa Ines/Celular/20260108_074300.jpg,20260108_074300.jpg,10.87219,10.608037,,6120,8160,10422269,-34.47479009972223,-70.9498789,Santa Ines,ground
6967ec364644523b2e554241,/home/malezainia1/dev/INIA_DeepLearning_Ubuntu_mod_lleon/data/campo1_ene_2026/Santa Ines/Celular/20260108_074305.jpg,20260108_074305.jpg,10.366417,9.7545185,,6120,8160,11707850,-34.47479009972223,-70.9498789,Santa Ines,ground
6967ec364644523b2e554242,/home/malezainia1/dev/INIA_DeepLearning_Ubuntu_mod_lleon/data/campo1_ene_2026/Santa Ines/Celular/20260108_074310.jpg,20260108_074310.jpg,9.047698,10.994166,,6120,8160,9568108,-34.4747354,-70.9500809,Santa Ines,ground
6967ec364644523b2e554243,/home/malezainia1/dev/INIA_DeepLearning_Ubuntu_mod_lleon/data/campo1_ene_2026/Santa Ines/Celular/20260108_074315.jpg,20260108_074315.jpg,9.898647,10.582821,,6120,8160,10987908,-34.4747354,-70.9500809,Santa Ines,ground
6967ec364644523b2e554244,/home/malezainia1/dev/INIA_DeepLearning_Ubuntu_mod_lleon/data/campo1_ene_2026/Santa Ines/Celular/20260108_074316.jpg,20260108_074316.jpg,8.129448,10.424504,,6120,8160,9831922,-34.4747354,-70.9500809,Santa Ines,ground
6967ec364644523b2e554245,/home/malezainia1/dev/INIA_DeepLearning_Ubuntu_mod_lleon/data/campo1_ene_2026/Santa Ines/Celular/20260108_074322.jpg,20260108_074322.jpg,8.814052,10.690349,,6120,8160,9952635,-34.4747354,-70.9500809,Santa Ines,ground
6967ec364644523b2e554246,/home/malezainia1/dev/INIA_DeepLearning_Ubuntu_mod_lleon/data/campo1_ene_2026/Santa Ines/Celular/20260108_074324.jpg,20260108_074324.jpg,8.941317,8.891748,,6120,8160,11747853,-34.4747354,-70.9500809,Santa Ines,ground
6967ec364644523b2e554247,/home/malezainia1/dev/INIA_DeepLearning_Ubuntu_mod_lleon/data/campo1_ene_2026/Santa Ines/Celular/20260108_074350.jpg,20260108_074350.jpg,10.87296,9.702839,,6120,8160,14120753,-34.4747354,-70.9500809,Santa Ines,ground
6967ec364644523b2e554248,/home/malezainia1/dev/INIA_DeepLearning_Ubuntu_mod_lleon/data/campo1_ene_2026/Santa Ines/Celular/20260108_074354.jpg,20260108_074354.jpg,10.14452,10.312658,,6120,8160,14239193,-34.4747586,-70.9502442,Santa Ines,ground
6967ec364644523b2e554249,/home/malezainia1/dev/INIA_DeepLearning_Ubuntu_mod_lleon/data/campo1_ene_2026/Santa Ines/Celular/20260108_074400.jpg,20260108_074400.jpg,10.428723,10.161836,,6120,8160,9398303,-34.474719899722224,-70.9502363,Santa Ines,ground
6967ec364644523b2e55424a,/home/malezainia1/dev/INIA_DeepLearning_Ubuntu_mod_lleon/data/campo1_ene_2026/Santa Ines/Celular/20260108_074404.jpg,20260108_074404.jpg,10.366458,9.837458,,6120,8160,15399380,-34.474719899722224,-70.9502363,Santa Ines,ground
6967ec364644523b2e55424b,/home/malezainia1/dev/INIA_DeepLearning_Ubuntu_mod_lleon/data/campo1_ene_2026/Santa Ines/Celular/20260108_074412.jpg,20260108_074412.jpg,10.826653,9.924502,,6120,8160,13303228,-34.474719899722224,-70.9502363,Santa Ines,ground
6967ec364644523b2e55424c,/home/malezainia1/dev/INIA_DeepLearning_Ubuntu_mod_lleon/data/campo1_ene_2026/Santa Ines/Celular/20260108_074416.jpg,20260108_074416.jpg,10.691587,10.520782,,6120,8160,10683703,-34.474719899722224,-70.9502363,Santa Ines,ground
6967ec364644523b2e55424d,/home/malezainia1/dev/INIA_DeepLearning_Ubuntu_mod_lleon/data/campo1_ene_2026/Santa Ines/Celular/20260108_074422.jpg,20260108_074422.jpg,9.367274,8.354796,,6120,8160,10875499,-34.474719899722224,-70.9502363,Santa Ines,ground
6967ec364644523b2e55424e,/home/malezainia1/dev/INIA_DeepLearning_Ubuntu_mod_lleon/data/campo1_ene_2026/Santa Ines/Celular/20260108_074425.jpg,20260108_074425.jpg,10.62915,9.690509,,6120,8160,10873202,-34.474719899722224,-70.9502363,Santa Ines,ground
6967ec364644523b2e55424f,/home/malezainia1/dev/INIA_DeepLearning_Ubuntu_mod_lleon/data/campo1_ene_2026/Santa Ines/Celular/20260108_074441.jpg,20260108_074441.jpg,11.554747,8.974035,,6120,8160,10687662,-34.474719899722224,-70.9502363,Santa Ines,ground
6967ec364644523b2e554250,/home/malezainia1/dev/INIA_DeepLearning_Ubuntu_mod_lleon/data/campo1_ene_2026/Santa Ines/Celular/20260108_074443.jpg,20260108_074443.jpg,10.584396,9.509336,,6120,8160,15419073,-34.474719899722224,-70.9502363,Santa Ines,ground
6967ec364644523b2e554251,/home/malezainia1/dev/INIA_DeepLearning_Ubuntu_mod_lleon/data/campo1_ene_2026/Santa Ines/Celular/20260108_074450.jpg,20260108_074450.jpg,10.182695,10.272657,,6120,8160,13428141,-34.474719899722224,-70.9502363,Santa Ines,ground
6967ec364644523b2e554252,/home/malezainia1/dev/INIA_DeepLearning_Ubuntu_mod_lleon/data/campo1_ene_2026/Santa Ines/Celular/20260108_074454.jpg,20260108_074454.jpg,10.459204,9.912954,,6120,8160,11812607,-34.47462099972223,-70.95052219972223,Santa Ines,ground
6967ec364644523b2e554253,/home/malezainia1/dev/INIA_DeepLearning_Ubuntu_mod_lleon/data/campo1_ene_2026/Santa Ines/Celular/20260108_074459.jpg,20260108_074459.jpg,10.389402,10.344111,,6120,8160,10875118,-34.4746115,-70.95051909972223,Santa Ines,ground
6967ec364644523b2e554254,/home/malezainia1/dev/INIA_DeepLearning_Ubuntu_mod_lleon/data/campo1_ene_2026/Santa Ines/Celular/20260108_074502.jpg,20260108_074502.jpg,10.468963,9.620746,,6120,8160,12117163,-34.4746115,-70.95051909972223,Santa Ines,ground
6967ec364644523b2e554255,/home/malezainia1/dev/INIA_DeepLearning_Ubuntu_mod_lleon/data/campo1_ene_2026/Santa Ines/Celular/20260108_074507.jpg,20260108_074507.jpg,9.551773,11.425,,6120,8160,9630587,-34.4746115,-70.95051909972223,Santa Ines,ground
6967ec364644523b2e554256,/home/malezainia1/dev/INIA_DeepLearning_Ubuntu_mod_lleon/data/campo1_ene_2026/Santa Ines/Celular/20260108_074509.jpg,20260108_074509.jpg,10.323555,8.764361,,6120,8160,9495562,-34.4746115,-70.95051909972223,Santa Ines,ground
6967ec364644523b2e554257,/home/malezainia1/dev/INIA_DeepLearning_Ubuntu_mod_lleon/data/campo1_ene_2026/Santa Ines/Celular/20260108_074513.jpg,20260108_074513.jpg,8.528727,10.181846,,6120,8160,10590517,-34.4746115,-70.95051909972223,Santa Ines,ground
6967ec364644523b2e554258,/home/malezainia1/dev/INIA_DeepLearning_Ubuntu_mod_lleon/data/campo1_ene_2026/Santa Ines/Celular/20260108_074518.jpg,20260108_074518.jpg,10.7811775,7.9881887,,6120,8160,11591032,-34.4746115,-70.95051909972223,Santa Ines,ground
6967ec364644523b2e554259,/home/malezainia1/dev/INIA_DeepLearning_Ubuntu_mod_lleon/data/campo1_ene_2026/Santa Ines/Celular/20260108_074524.jpg,20260108_074524.jpg,11.158917,9.188078,,6120,8160,10585350,-34.4746115,-70.95051909972223,Santa Ines,ground
6967ec364644523b2e55425a,/home/malezainia1/dev/INIA_DeepLearning_Ubuntu_mod_lleon/data/campo1_ene_2026/Santa Ines/Celular/20260108_074528.jpg,20260108_074528.jpg,10.844495,8.044507,,6120,8160,9532839,-34.4746115,-70.95051909972223,Santa Ines,ground
6967ec364644523b2e55425b,/home/malezainia1/dev/INIA_DeepLearning_Ubuntu_mod_lleon/data/campo1_ene_2026/Santa Ines/Celular/20260108_074532.jpg,20260108_074532.jpg,10.6083355,8.275176,,6120,8160,11245369,-34.4746115,-70.95051909972223,Santa Ines,ground
6967ec364644523b2e55425c,/home/malezainia1/dev/INIA_DeepLearning_Ubuntu_mod_lleon/data/campo1_ene_2026/Santa Ines/Celular/20260108_074534.jpg,20260108_074534.jpg,12.271205,7.2686725,,6120,8160,7906304,-34.4746115,-70.95051909972223,Santa Ines,ground
6967ec364644523b2e55425d,/home/malezainia1/dev/INIA_DeepLearning_Ubuntu_mod_lleon/data/campo1_ene_2026/Santa Ines/Celular/20260108_074536.jpg,20260108_074536.jpg,8.024342,10.376448,,6120,8160,9535714,-34.4746115,-70.95051909972223,Santa Ines,ground
6967ec364644523b2e55425e,/home/malezainia1/dev/INIA_DeepLearning_Ubuntu_mod_lleon/data/campo1_ene_2026/Santa Ines/Celular/20260108_074539.jpg,20260108_074539.jpg,10.356617,8.641984,,6120,8160,12492473,-34.4745719,-70.9507203,Santa Ines,ground
6967ec364644523b2e55425f,/home/malezainia1/dev/INIA_DeepLearning_Ubuntu_mod_lleon/data/campo1_ene_2026/Santa Ines/Celular/20260108_074559.jpg,20260108_074559.jpg,9.193527,8.872207,,6120,8160,9914022,-34.474561,-70.95071919972223,Santa Ines,ground
6967ec364644523b2e554260,/home/malezainia1/dev/INIA_DeepLearning_Ubuntu_mod_lleon/data/campo1_ene_2026/Santa Ines/Celular/20260108_074602.jpg,20260108_074602.jpg,9.78529,8.278543,,6120,8160,10167175,-34.474561,-70.95071919972223,Santa Ines,ground
6967ec364644523b2e554261,/home/malezainia1/dev/INIA_DeepLearning_Ubuntu_mod_lleon/data/campo1_ene_2026/Santa Ines/Celular/20260108_074606.jpg,20260108_074606.jpg,10.661484,8.436184,,6120,8160,10347222,-34.474561,-70.95071919972223,Santa Ines,ground
6967ec364644523b2e554262,/home/malezainia1/dev/INIA_DeepLearning_Ubuntu_mod_lleon/data/campo1_ene_2026/Santa Ines/Celular/20260108_074610.jpg,20260108_074610.jpg,11.084173,8.024792,,6120,8160,12709789,-34.474561,-70.95071919972223,Santa Ines,ground
6967ec364644523b2e554263,/home/malezainia1/dev/INIA_DeepLearning_Ubuntu_mod_lleon/data/campo1_ene_2026/Santa Ines/Celular/20260108_074614.jpg,20260108_074614.jpg,11.493073,8.978625,,6120,8160,10355194,-34.474561,-70.95071919972223,Santa Ines,ground
6967ec364644523b2e554264,/home/malezainia1/dev/INIA_DeepLearning_Ubuntu_mod_lleon/data/campo1_ene_2026/Santa Ines/Celular/20260108_074618.jpg,20260108_074618.jpg,11.2882595,8.954045,,6120,8160,13843845,-34.474561,-70.95071919972223,Santa Ines,ground
6967ec364644523b2e554265,/home/malezainia1/dev/INIA_DeepLearning_Ubuntu_mod_lleon/data/campo1_ene_2026/Santa Ines/Celular/20260108_074620.jpg,20260108_074620.jpg,11.972802,8.246371,,6120,8160,8612050,-34.474561,-70.95071919972223,Santa Ines,ground
6967ec364644523b2e554266,/home/malezainia1/dev/INIA_DeepLearning_Ubuntu_mod_lleon/data/campo1_ene_2026/Santa Ines/Celular/20260108_074626.jpg,20260108_074626.jpg,10.8555,9.884021,,6120,8160,10631972,-34.4744748,-70.95089839972222,Santa Ines,ground
6967ec364644523b2e554267,/home/malezainia1/dev/INIA_DeepLearning_Ubuntu_mod_lleon/data/campo1_ene_2026/Santa Ines/Celular/20260108_074629.jpg,20260108_074629.jpg,8.533198,11.090734,,6120,8160,9607435,-34.47448849972223,-70.9509084,Santa Ines,ground
6967ec364644523b2e554268,/home/malezainia1/dev/INIA_DeepLearning_Ubuntu_mod_lleon/data/campo1_ene_2026/Santa Ines/Celular/20260108_074634.jpg,20260108_074634.jpg,9.531612,8.671955,,6120,8160,11412311,-34.47448849972223,-70.9509084,Santa Ines,ground
6967ec364644523b2e554269,/home/malezainia1/dev/INIA_DeepLearning_Ubuntu_mod_lleon/data/campo1_ene_2026/Santa Ines/Celular/20260108_074644.jpg,20260108_074644.jpg,9.488253,11.146979,,6120,8160,12714292,-34.47448849972223,-70.9509084,Santa Ines,ground
6967ec364644523b2e55426a,/home/malezainia1/dev/INIA_DeepLearning_Ubuntu_mod_lleon/data/campo1_ene_2026/Santa Ines/Celular/20260108_074650.jpg,20260108_074650.jpg,9.89455,12.924059,,6120,8160,10996115,-34.47448849972223,-70.9509084,Santa Ines,ground
6967ec364644523b2e55426b,/home/malezainia1/dev/INIA_DeepLearning_Ubuntu_mod_lleon/data/campo1_ene_2026/Santa Ines/Celular/20260108_074656.jpg,20260108_074656.jpg,8.475375,10.974024,,6120,8160,9228471,-34.47448849972223,-70.9509084,Santa Ines,ground
6967ec364644523b2e55426c,/home/malezainia1/dev/INIA_DeepLearning_Ubuntu_mod_lleon/data/campo1_ene_2026/Santa Ines/Celular/20260108_074658.jpg,20260108_074658.jpg,10.275055,11.278534,,6120,8160,11261741,-34.47448849972223,-70.9509084,Santa Ines,ground
6967ec364644523b2e55426d,/home/malezainia1/dev/INIA_DeepLearning_Ubuntu_mod_lleon/data/campo1_ene_2026/Santa Ines/Celular/20260108_074700.jpg,20260108_074700.jpg,9.303979,11.09253,,6120,8160,11334382,-34.47448849972223,-70.9509084,Santa Ines,ground
6967ec364644523b2e55426e,/home/malezainia1/dev/INIA_DeepLearning_Ubuntu_mod_lleon/data/campo1_ene_2026/Santa Ines/Celular/20260108_074716.jpg,20260108_074716.jpg,9.752695,13.055242,,6120,8160,10523989,-34.47448849972223,-70.9509084,Santa Ines,ground
6967ec364644523b2e55426f,/home/malezainia1/dev/INIA_DeepLearning_Ubuntu_mod_lleon/data/campo1_ene_2026/Santa Ines/Celular/20260108_074723.jpg,20260108_074723.jpg,8.909753,9.366937,,6120,8160,12055210,-34.47448849972223,-70.9509084,Santa Ines,ground
6967ec364644523b2e554270,/home/malezainia1/dev/INIA_DeepLearning_Ubuntu_mod_lleon/data/campo1_ene_2026/Santa Ines/Celular/20260108_074726.jpg,20260108_074726.jpg,8.07172,9.244863,,6120,8160,9727068,-34.4744272,-70.95131859972223,Santa Ines,ground
6967ec364644523b2e554271,/home/malezainia1/dev/INIA_DeepLearning_Ubuntu_mod_lleon/data/campo1_ene_2026/Santa Ines/Celular/20260108_074741.jpg,20260108_074741.jpg,8.438804,9.010691,,6120,8160,9896461,-34.474412,-70.9512854,Santa Ines,ground
6967ec364644523b2e554272,/home/malezainia1/dev/INIA_DeepLearning_Ubuntu_mod_lleon/data/campo1_ene_2026/Santa Ines/Celular/20260108_074759.jpg,20260108_074759.jpg,10.016519,8.420124,,6120,8160,11587837,-34.474412,-70.9512854,Santa Ines,ground
6967ec364644523b2e554273,/home/malezainia1/dev/INIA_DeepLearning_Ubuntu_mod_lleon/data/campo1_ene_2026/Santa Ines/Celular/20260108_074809.jpg,20260108_074809.jpg,10.722215,11.819679,,6120,8160,10450241,-34.4743002,-70.9515997,Santa Ines,ground
6967ec364644523b2e554274,/home/malezainia1/dev/INIA_DeepLearning_Ubuntu_mod_lleon/data/campo1_ene_2026/Santa Ines/Celular/20260108_074814.jpg,20260108_074814.jpg,9.0603485,8.424159,,6120,8160,10342198,-34.4743098,-70.95160669972222,Santa Ines,ground
6967ec364644523b2e554275,/home/malezainia1/dev/INIA_DeepLearning_Ubuntu_mod_lleon/data/campo1_ene_2026/Santa Ines/Celular/20260108_074828.jpg,20260108_074828.jpg,8.851099,11.416076,,6120,8160,9804487,-34.4743098,-70.95160669972222,Santa Ines,ground
6967ec364644523b2e554276,/home/malezainia1/dev/INIA_DeepLearning_Ubuntu_mod_lleon/data/campo1_ene_2026/Santa Ines/Celular/20260108_074832.jpg,20260108_074832.jpg,8.683285,10.69588,,6120,8160,9126269,-34.4743098,-70.95160669972222,Santa Ines,ground
6967ec364644523b2e554277,/home/malezainia1/dev/INIA_DeepLearning_Ubuntu_mod_lleon/data/campo1_ene_2026/Santa Ines/Celular/20260108_074841.jpg,20260108_074841.jpg,8.880996,10.370843,,6120,8160,12038442,-34.4743098,-70.95160669972222,Santa Ines,ground
6967ec364644523b2e554278,/home/malezainia1/dev/INIA_DeepLearning_Ubuntu_mod_lleon/data/campo1_ene_2026/Santa Ines/Celular/20260108_074843.jpg,20260108_074843.jpg,9.391193,10.017301,,6120,8160,9304399,-34.4743098,-70.95160669972222,Santa Ines,ground
6967ec364644523b2e554279,/home/malezainia1/dev/INIA_DeepLearning_Ubuntu_mod_lleon/data/campo1_ene_2026/Santa Ines/Celular/20260108_074850.jpg,20260108_074850.jpg,8.422257,11.779734,,6120,8160,9449076,-34.4742187,-70.9518805,Santa Ines,ground
6967ec364644523b2e55427a,/home/malezainia1/dev/INIA_DeepLearning_Ubuntu_mod_lleon/data/campo1_ene_2026/Santa Ines/Celular/20260108_074901.jpg,20260108_074901.jpg,8.115749,10.209056,,6120,8160,11113058,-34.4742333,-70.9518627,Santa Ines,ground
6967ec364644523b2e55427b,/home/malezainia1/dev/INIA_DeepLearning_Ubuntu_mod_lleon/data/campo1_ene_2026/Santa Ines/Celular/20260108_074910.jpg,20260108_074910.jpg,8.463755,10.542106,,6120,8160,10298940,-34.4742333,-70.9518627,Santa Ines,ground
6967ec364644523b2e55427c,/home/malezainia1/dev/INIA_DeepLearning_Ubuntu_mod_lleon/data/campo1_ene_2026/Santa Ines/Celular/20260108_074916.jpg,20260108_074916.jpg,10.593878,10.717332,,6120,8160,13010444,-34.4742333,-70.9518627,Santa Ines,ground
6967ec364644523b2e55427d,/home/malezainia1/dev/INIA_DeepLearning_Ubuntu_mod_lleon/data/campo1_ene_2026/Santa Ines/Celular/20260108_074921.jpg,20260108_074921.jpg,8.6866455,11.703814,,6120,8160,10434099,-34.4742333,-70.9518627,Santa Ines,ground
6967ec364644523b2e55427e,/home/malezainia1/dev/INIA_DeepLearning_Ubuntu_mod_lleon/data/campo1_ene_2026/Santa Ines/Celular/20260108_074925.jpg,20260108_074925.jpg,9.749736,9.847275,,6120,8160,11823621,-34.4742333,-70.9518627,Santa Ines,ground
6967ec364644523b2e55427f,/home/malezainia1/dev/INIA_DeepLearning_Ubuntu_mod_lleon/data/campo1_ene_2026/Santa Ines/Celular/20260108_074931.jpg,20260108_074931.jpg,8.74297,11.309739,,6120,8160,8735336,-34.4742333,-70.9518627,Santa Ines,ground
6967ec364644523b2e554280,/home/malezainia1/dev/INIA_DeepLearning_Ubuntu_mod_lleon/data/campo1_ene_2026/Santa Ines/Celular/20260108_074936.jpg,20260108_074936.jpg,10.580401,8.546203,,6120,8160,12175001,-34.474167999722226,-70.95213569972222,Santa Ines,ground
6967ec364644523b2e554281,/home/malezainia1/dev/INIA_DeepLearning_Ubuntu_mod_lleon/data/campo1_ene_2026/Santa Ines/Celular/20260108_074939.jpg,20260108_074939.jpg,9.959326,13.290953,,6120,8160,8479262,-34.474158699722224,-70.9521409,Santa Ines,ground
6967ec364644523b2e554282,/home/malezainia1/dev/INIA_DeepLearning_Ubuntu_mod_lleon/data/campo1_ene_2026/Santa Ines/Celular/20260108_074942.jpg,20260108_074942.jpg,9.21375,11.501707,,6120,8160,11864855,-34.474158699722224,-70.9521409,Santa Ines,ground
6967ec364644523b2e554283,/home/malezainia1/dev/INIA_DeepLearning_Ubuntu_mod_lleon/data/campo1_ene_2026/Santa Ines/Celular/20260108_074951.jpg,20260108_074951.jpg,10.499113,12.486845,,6120,8160,9605260,-34.474158699722224,-70.9521409,Santa Ines,ground
6967ec364644523b2e554284,/home/malezainia1/dev/INIA_DeepLearning_Ubuntu_mod_lleon/data/campo1_ene_2026/Santa Ines/Celular/20260108_074954.jpg,20260108_074954.jpg,11.226016,10.142913,,6120,8160,9383654,-34.474158699722224,-70.9521409,Santa Ines,ground
6967ec364644523b2e554285,/home/malezainia1/dev/INIA_DeepLearning_Ubuntu_mod_lleon/data/campo1_ene_2026/Santa Ines/Celular/20260108_074959.jpg,20260108_074959.jpg,8.1826515,11.486367,,6120,8160,9538085,-34.474158699722224,-70.9521409,Santa Ines,ground
6967ec364644523b2e554286,/home/malezainia1/dev/INIA_DeepLearning_Ubuntu_mod_lleon/data/campo1_ene_2026/Santa Ines/Celular/20260108_075005.jpg,20260108_075005.jpg,8.149534,9.611492,,6120,8160,8908042,-34.474158699722224,-70.9521409,Santa Ines,ground
6967ec364644523b2e554287,/home/malezainia1/dev/INIA_DeepLearning_Ubuntu_mod_lleon/data/campo1_ene_2026/Santa Ines/Celular/20260108_075010.jpg,20260108_075010.jpg,9.3724,11.738222,,6120,8160,11010108,-34.474158699722224,-70.9521409,Santa Ines,ground
6967ec364644523b2e554288,/home/malezainia1/dev/INIA_DeepLearning_Ubuntu_mod_lleon/data/campo1_ene_2026/Santa Ines/Celular/20260108_075013.jpg,20260108_075013.jpg,8.803625,11.49866,,6120,8160,9039318,-34.474158699722224,-70.9521409,Santa Ines,ground
6967ec364644523b2e554289,/home/malezainia1/dev/INIA_DeepLearning_Ubuntu_mod_lleon/data/campo1_ene_2026/Santa Ines/Celular/20260108_075016.jpg,20260108_075016.jpg,8.891868,9.437715,,6120,8160,10431374,-34.474158699722224,-70.9521409,Santa Ines,ground
6967ec364644523b2e55428a,/home/malezainia1/dev/INIA_DeepLearning_Ubuntu_mod_lleon/data/campo1_ene_2026/Santa Ines/Celular/20260108_075029.jpg,20260108_075029.jpg,8.2508745,8.93074,,6120,8160,9876951,-34.4740812,-70.95241889972222,Santa Ines,ground
6967ec364644523b2e55428b,/home/malezainia1/dev/INIA_DeepLearning_Ubuntu_mod_lleon/data/campo1_ene_2026/Santa Ines/Celular/20260108_075034.jpg,20260108_075034.jpg,8.349262,8.968627,,6120,8160,11403178,-34.4740812,-70.95241889972222,Santa Ines,ground
6967ec364644523b2e55428c,/home/malezainia1/dev/INIA_DeepLearning_Ubuntu_mod_lleon/data/campo1_ene_2026/Santa Ines/Celular/20260108_075044.jpg,20260108_075044.jpg,8.453749,8.898805,,6120,8160,11299009,-34.4740812,-70.95241889972222,Santa Ines,ground
6967ec364644523b2e55428d,/home/malezainia1/dev/INIA_DeepLearning_Ubuntu_mod_lleon/data/campo1_ene_2026/Santa Ines/Celular/20260108_075053.jpg,20260108_075053.jpg,8.523135,11.468045,,6120,8160,8552362,-34.4740812,-70.95241889972222,Santa Ines,ground
6967ec364644523b2e55428e,/home/malezainia1/dev/INIA_DeepLearning_Ubuntu_mod_lleon/data/campo1_ene_2026/Santa Ines/Celular/20260108_075104.jpg,20260108_075104.jpg,7.8310075,10.614105,,6120,8160,8416789,-34.4740812,-70.95241889972222,Santa Ines,ground
6967ec364644523b2e55428f,/home/malezainia1/dev/INIA_DeepLearning_Ubuntu_mod_lleon/data/campo1_ene_2026/Santa Ines/Celular/20260108_075119.jpg,20260108_075119.jpg,9.747103,8.151996,,6120,8160,9931063,-34.4740812,-70.95241889972222,Santa Ines,ground
6967ec364644523b2e554290,/home/malezainia1/dev/INIA_DeepLearning_Ubuntu_mod_lleon/data/campo1_ene_2026/Santa Ines/Celular/20260108_075136.jpg,20260108_075136.jpg,9.179545,8.5154705,,6120,8160,10161121,-34.47395829972223,-70.95285509972223,Santa Ines,ground
6967ec364644523b2e554291,/home/malezainia1/dev/INIA_DeepLearning_Ubuntu_mod_lleon/data/campo1_ene_2026/Santa Ines/Celular/20260108_083407.jpg,20260108_083407.jpg,11.4707365,9.382148,,3000,4000,4598462,-34.4738824,-70.9531395,Santa Ines,ground
6967ec364644523b2e554292,/home/malezainia1/dev/INIA_DeepLearning_Ubuntu_mod_lleon/data/campo1_ene_2026/Santa Ines/Celular/20260108_083418.jpg,20260108_083418.jpg,10.449331,8.952795,,3000,4000,5154768,-34.4738824,-70.9531395,Santa Ines,ground
6967ec364644523b2e554293,/home/malezainia1/dev/INIA_DeepLearning_Ubuntu_mod_lleon/data/campo1_ene_2026/Santa Ines/Celular/20260108_083424.jpg,20260108_083424.jpg,12.417568,6.836289,,3000,4000,5542716,-34.4739032,-70.9530591,Santa Ines,ground
6967ec364644523b2e554294,/home/malezainia1/dev/INIA_DeepLearning_Ubuntu_mod_lleon/data/campo1_ene_2026/Santa Ines/Celular/20260108_083434.jpg,20260108_083434.jpg,11.731143,7.1359005,,3000,4000,5309802,-34.47390169972223,-70.95304699972222,Santa Ines,ground
6967ec364644523b2e554295,/home/malezainia1/dev/INIA_DeepLearning_Ubuntu_mod_lleon/data/campo1_ene_2026/Santa Ines/Celular/20260108_083438.jpg,20260108_083438.jpg,12.110075,6.9082775,,3000,4000,5104992,-34.47390169972223,-70.95304699972222,Santa Ines,ground
6967ec364644523b2e554296,/home/malezainia1/dev/INIA_DeepLearning_Ubuntu_mod_lleon/data/campo1_ene_2026/Santa Ines/Celular/20260108_083441.jpg,20260108_083441.jpg,12.433481,6.8206472,,3000,4000,5158555,-34.47390169972223,-70.95304699972222,Santa Ines,ground
6967ec364644523b2e554297,/home/malezainia1/dev/INIA_DeepLearning_Ubuntu_mod_lleon/data/campo1_ene_2026/Santa Ines/Celular/20260108_083450.jpg,20260108_083450.jpg,11.892698,6.902564,,3000,4000,5352398,-34.47390169972223,-70.95304699972222,Santa Ines,ground
6967ec364644523b2e554298,/home/malezainia1/dev/INIA_DeepLearning_Ubuntu_mod_lleon/data/campo1_ene_2026/Santa Ines/Celular/20260108_083454.jpg,20260108_083454.jpg,11.930732,7.252132,,3000,4000,5374751,-34.47390169972223,-70.95304699972222,Santa Ines,ground
6967ec364644523b2e554299,/home/malezainia1/dev/INIA_DeepLearning_Ubuntu_mod_lleon/data/campo1_ene_2026/Santa Ines/Celular/20260108_083500.jpg,20260108_083500.jpg,11.299883,7.885858,,3000,4000,5453404,-34.47390169972223,-70.95304699972222,Santa Ines,ground
6967ec364644523b2e55429a,/home/malezainia1/dev/INIA_DeepLearning_Ubuntu_mod_lleon/data/campo1_ene_2026/Santa Ines/Celular/20260108_083505.jpg,20260108_083505.jpg,12.194303,7.0225015,,3000,4000,5329648,-34.47390169972223,-70.95304699972222,Santa Ines,ground
6967ec364644523b2e55429b,/home/malezainia1/dev/INIA_DeepLearning_Ubuntu_mod_lleon/data/campo1_ene_2026/Santa Ines/Celular/20260108_083510.jpg,20260108_083510.jpg,12.203329,7.170448,,3000,4000,5323798,-34.47390169972223,-70.95304699972222,Santa Ines,ground
6967ec364644523b2e55429c,/home/malezainia1/dev/INIA_DeepLearning_Ubuntu_mod_lleon/data/campo1_ene_2026/Santa Ines/Celular/20260108_083515.jpg,20260108_083515.jpg,12.143305,6.955929,,3000,4000,4896803,-34.47390169972223,-70.95304699972222,Santa Ines,ground
6967ec364644523b2e55429d,/home/malezainia1/dev/INIA_DeepLearning_Ubuntu_mod_lleon/data/campo1_ene_2026/Santa Ines/Celular/20260108_083520.jpg,20260108_083520.jpg,12.051022,6.669504,,3000,4000,5398995,-34.47390169972223,-70.95304699972222,Santa Ines,ground
6967ec364644523b2e55429e,/home/malezainia1/dev/INIA_DeepLearning_Ubuntu_mod_lleon/data/campo1_ene_2026/Santa Ines/Celular/20260108_083525.jpg,20260108_083525.jpg,11.3907995,6.529903,,3000,4000,5236632,-34.4739756,-70.9527669,Santa Ines,ground
6967ec364644523b2e55429f,/home/malezainia1/dev/INIA_DeepLearning_Ubuntu_mod_lleon/data/campo1_ene_2026/Santa Ines/Celular/20260108_083528.jpg,20260108_083528.jpg,12.137119,6.7404222,,3000,4000,5173556,-34.4739756,-70.9527669,Santa Ines,ground
6967ec364644523b2e5542a0,/home/malezainia1/dev/INIA_DeepLearning_Ubuntu_mod_lleon/data/campo1_ene_2026/Santa Ines/Celular/20260108_083533.jpg,20260108_083533.jpg,12.067236,7.1915407,,3000,4000,5639034,-34.4739756,-70.9527669,Santa Ines,ground
6967ec364644523b2e5542a1,/home/malezainia1/dev/INIA_DeepLearning_Ubuntu_mod_lleon/data/campo1_ene_2026/Santa Ines/Celular/20260108_083538.jpg,20260108_083538.jpg,11.537351,6.468799,,3000,4000,5090486,-34.4739756,-70.9527669,Santa Ines,ground
6967ec364644523b2e5542a2,/home/malezainia1/dev/INIA_DeepLearning_Ubuntu_mod_lleon/data/campo1_ene_2026/Santa Ines/Celular/20260108_083541.jpg,20260108_083541.jpg,10.474299,8.185198,,3000,4000,5584195,-34.4739756,-70.9527669,Santa Ines,ground
6967ec364644523b2e5542a3,/home/malezainia1/dev/INIA_DeepLearning_Ubuntu_mod_lleon/data/campo1_ene_2026/Santa Ines/Celular/20260108_083544.jpg,20260108_083544.jpg,11.867207,6.32503,,3000,4000,5432937,-34.4739756,-70.9527669,Santa Ines,ground
6967ec364644523b2e5542a4,/home/malezainia1/dev/INIA_DeepLearning_Ubuntu_mod_lleon/data/campo1_ene_2026/Santa Ines/Celular/20260108_083547.jpg,20260108_083547.jpg,9.649811,9.413407,,3000,4000,5110591,-34.4739756,-70.9527669,Santa Ines,ground
6967ec364644523b2e5542a5,/home/malezainia1/dev/INIA_DeepLearning_Ubuntu_mod_lleon/data/campo1_ene_2026/Santa Ines/Celular/20260108_083558.jpg,20260108_083558.jpg,10.09213,9.244659,,3000,4000,5052802,-34.4739756,-70.9527669,Santa Ines,ground
6967ec364644523b2e5542a6,/home/malezainia1/dev/INIA_DeepLearning_Ubuntu_mod_lleon/data/campo1_ene_2026/Santa Ines/Celular/20260108_083603.jpg,20260108_083603.jpg,11.919698,7.308153,,3000,4000,4959647,-34.47402149972223,-70.95256299972222,Santa Ines,ground
6967ec364644523b2e5542a7,/home/malezainia1/dev/INIA_DeepLearning_Ubuntu_mod_lleon/data/campo1_ene_2026/Santa Ines/Celular/20260108_083606.jpg,20260108_083606.jpg,12.229686,6.645216,,3000,4000,5174500,-34.47402029972223,-70.9525567,Santa Ines,ground
6967ec364644523b2e5542a8,/home/malezainia1/dev/INIA_DeepLearning_Ubuntu_mod_lleon/data/campo1_ene_2026/Santa Ines/Celular/20260108_083614.jpg,20260108_083614.jpg,8.508209,8.729289,,3000,4000,5067205,-34.47402029972223,-70.9525567,Santa Ines,ground
6967ec364644523b2e5542a9,/home/malezainia1/dev/INIA_DeepLearning_Ubuntu_mod_lleon/data/campo1_ene_2026/Santa Ines/Celular/20260108_083620.jpg,20260108_083620.jpg,12.274949,6.980329,,3000,4000,5516827,-34.47402029972223,-70.9525567,Santa Ines,ground
6967ec364644523b2e5542aa,/home/malezainia1/dev/INIA_DeepLearning_Ubuntu_mod_lleon/data/campo1_ene_2026/Santa Ines/Celular/20260108_083627.jpg,20260108_083627.jpg,12.391853,7.03849,,3000,4000,5607652,-34.47402029972223,-70.9525567,Santa Ines,ground
6967ec364644523b2e5542ab,/home/malezainia1/dev/INIA_DeepLearning_Ubuntu_mod_lleon/data/campo1_ene_2026/Santa Ines/Celular/20260108_083634.jpg,20260108_083634.jpg,11.7482815,6.2962823,,3000,4000,5211445,-34.47402029972223,-70.9525567,Santa Ines,ground
6967ec364644523b2e5542ac,/home/malezainia1/dev/INIA_DeepLearning_Ubuntu_mod_lleon/data/campo1_ene_2026/Santa Ines/Celular/20260108_083643.jpg,20260108_083643.jpg,12.388764,7.0745482,,3000,4000,5115086,-34.47402029972223,-70.9525567,Santa Ines,ground
6967ec364644523b2e5542ad,/home/malezainia1/dev/INIA_DeepLearning_Ubuntu_mod_lleon/data/campo1_ene_2026/Santa Ines/Celular/20260108_083647.jpg,20260108_083647.jpg,9.190691,8.941532,,3000,4000,5110801,-34.47402029972223,-70.9525567,Santa Ines,ground
6967ec364644523b2e5542ae,/home/malezainia1/dev/INIA_DeepLearning_Ubuntu_mod_lleon/data/campo1_ene_2026/Santa Ines/Celular/20260108_083705.jpg,20260108_083705.jpg,11.881308,6.5332484,,6120,8160,10399660,-34.4741093,-70.95225519972223,Santa Ines,ground
6967ec364644523b2e5542af,/home/malezainia1/dev/INIA_DeepLearning_Ubuntu_mod_lleon/data/campo1_ene_2026/Santa Ines/Celular/20260108_083713.jpg,20260108_083713.jpg,11.945145,6.8572364,,6120,8160,13501882,-34.4741093,-70.95225519972223,Santa Ines,ground
6967ec364644523b2e5542b0,/home/malezainia1/dev/INIA_DeepLearning_Ubuntu_mod_lleon/data/campo1_ene_2026/Santa Ines/Celular/20260108_083718.jpg,20260108_083718.jpg,11.622056,7.174825,,6120,8160,11717995,-34.4741093,-70.95225519972223,Santa Ines,ground
6967ec364644523b2e5542b1,/home/malezainia1/dev/INIA_DeepLearning_Ubuntu_mod_lleon/data/campo1_ene_2026/Santa Ines/Celular/20260108_083722.jpg,20260108_083722.jpg,12.10465,6.4861903,,6120,8160,12860814,-34.4741093,-70.95225519972223,Santa Ines,ground
6967ec364644523b2e5542b2,/home/malezainia1/dev/INIA_DeepLearning_Ubuntu_mod_lleon/data/campo1_ene_2026/Santa Ines/Celular/20260108_083725.jpg,20260108_083725.jpg,11.738365,6.642193,,6120,8160,13274427,-34.4741093,-70.95225519972223,Santa Ines,ground
6967ec364644523b2e5542b3,/home/malezainia1/dev/INIA_DeepLearning_Ubuntu_mod_lleon/data/campo1_ene_2026/Santa Ines/Celular/20260108_083735.jpg,20260108_083735.jpg,11.665187,7.075701,,6120,8160,12779758,-34.4741597,-70.95211639972223,Santa Ines,ground
6967ec364644523b2e5542b4,/home/malezainia1/dev/INIA_DeepLearning_Ubuntu_mod_lleon/data/campo1_ene_2026/Santa Ines/Celular/20260108_083739.jpg,20260108_083739.jpg,11.932359,8.201346,,6120,8160,8765361,-34.4741597,-70.95211639972223,Santa Ines,ground
6967ec364644523b2e5542b5,/home/malezainia1/dev/INIA_DeepLearning_Ubuntu_mod_lleon/data/campo1_ene_2026/Santa Ines/Celular/20260108_083743.jpg,20260108_083743.jpg,11.389726,7.1097846,,6120,8160,12479781,-34.4741597,-70.95211639972223,Santa Ines,ground
6967ec364644523b2e5542b6,/home/malezainia1/dev/INIA_DeepLearning_Ubuntu_mod_lleon/data/campo1_ene_2026/Santa Ines/Celular/20260108_083752.jpg,20260108_083752.jpg,11.43679,6.5153236,,6120,8160,13291760,-34.4741597,-70.95211639972223,Santa Ines,ground
6967ec364644523b2e5542b7,/home/malezainia1/dev/INIA_DeepLearning_Ubuntu_mod_lleon/data/campo1_ene_2026/Santa Ines/Celular/20260108_083754.jpg,20260108_083754.jpg,10.21942,8.912609,,6120,8160,8727583,-34.4741597,-70.95211639972223,Santa Ines,ground
6967ec364644523b2e5542b8,/home/malezainia1/dev/INIA_DeepLearning_Ubuntu_mod_lleon/data/campo1_ene_2026/Santa Ines/Celular/20260108_083814.jpg,20260108_083814.jpg,12.060604,6.5653996,,6120,8160,13179127,-34.474195,-70.9519291,Santa Ines,ground
6967ec364644523b2e5542b9,/home/malezainia1/dev/INIA_DeepLearning_Ubuntu_mod_lleon/data/campo1_ene_2026/Santa Ines/Celular/20260108_083818.jpg,20260108_083818.jpg,11.412796,7.592745,,6120,8160,13680881,-34.474195,-70.9519291,Santa Ines,ground
6967ec364644523b2e5542ba,/home/malezainia1/dev/INIA_DeepLearning_Ubuntu_mod_lleon/data/campo1_ene_2026/Santa Ines/Celular/20260108_083825.jpg,20260108_083825.jpg,9.301916,7.8282237,,6120,8160,13721118,-34.474195,-70.9519291,Santa Ines,ground
6967ec364644523b2e5542bb,/home/malezainia1/dev/INIA_DeepLearning_Ubuntu_mod_lleon/data/campo1_ene_2026/Santa Ines/Celular/20260108_083844.jpg,20260108_083844.jpg,11.61994,6.4773664,,6120,8160,12067956,-34.474195,-70.9519291,Santa Ines,ground
6967ec364644523b2e5542bc,/home/malezainia1/dev/INIA_DeepLearning_Ubuntu_mod_lleon/data/campo1_ene_2026/Santa Ines/Celular/20260108_083848.jpg,20260108_083848.jpg,11.443107,6.2449565,,6120,8160,10258855,-34.474195,-70.9519291,Santa Ines,ground
6967ec364644523b2e5542bd,/home/malezainia1/dev/INIA_DeepLearning_Ubuntu_mod_lleon/data/campo1_ene_2026/Santa Ines/Celular/20260108_083851.jpg,20260108_083851.jpg,11.470476,6.750726,,6120,8160,12618179,-34.474195,-70.9519291,Santa Ines,ground
6967ec364644523b2e5542be,/home/malezainia1/dev/INIA_DeepLearning_Ubuntu_mod_lleon/data/campo1_ene_2026/Santa Ines/Celular/20260108_083856.jpg,20260108_083856.jpg,11.429271,6.609693,,6120,8160,10326968,-34.474195,-70.9519291,Santa Ines,ground
6967ec364644523b2e5542bf,/home/malezainia1/dev/INIA_DeepLearning_Ubuntu_mod_lleon/data/campo1_ene_2026/Santa Ines/Celular/20260108_083904.jpg,20260108_083904.jpg,11.880218,6.377866,,6120,8160,13270214,-34.474195,-70.9519291,Santa Ines,ground
6967ec364644523b2e5542c0,/home/malezainia1/dev/INIA_DeepLearning_Ubuntu_mod_lleon/data/campo1_ene_2026/Santa Ines/Celular/20260108_083912.jpg,20260108_083912.jpg,11.791779,6.2201123,,6120,8160,13489569,-34.474295599722225,-70.95158779972222,Santa Ines,ground
6967ec364644523b2e5542c1,/home/malezainia1/dev/INIA_DeepLearning_Ubuntu_mod_lleon/data/campo1_ene_2026/Santa Ines/Celular/20260108_083920.jpg,20260108_083920.jpg,9.1607485,9.081949,,6120,8160,13986917,-34.474295599722225,-70.95158779972222,Santa Ines,ground
6967ec364644523b2e5542c2,/home/malezainia1/dev/INIA_DeepLearning_Ubuntu_mod_lleon/data/campo1_ene_2026/Santa Ines/Celular/20260108_083944.jpg,20260108_083944.jpg,11.400383,6.2669907,,6120,8160,9727256,-34.474295599722225,-70.95158779972222,Santa Ines,ground
6967ec364644523b2e5542c3,/home/malezainia1/dev/INIA_DeepLearning_Ubuntu_mod_lleon/data/campo1_ene_2026/Santa Ines/Celular/20260108_083948.jpg,20260108_083948.jpg,11.200277,6.7467685,,6120,8160,11720326,-34.474295599722225,-70.95158779972222,Santa Ines,ground
6967ec364644523b2e5542c4,/home/malezainia1/dev/INIA_DeepLearning_Ubuntu_mod_lleon/data/campo1_ene_2026/Santa Ines/Celular/20260108_083958.jpg,20260108_083958.jpg,10.652575,8.914986,,6120,8160,11071606,-34.474377599722224,-70.95129319972223,Santa Ines,ground
6967ec364644523b2e5542c5,/home/malezainia1/dev/INIA_DeepLearning_Ubuntu_mod_lleon/data/campo1_ene_2026/Santa Ines/Celular/20260108_084011.jpg,20260108_084011.jpg,8.965183,10.507199,,6120,8160,8853394,-34.474377599722224,-70.95129319972223,Santa Ines,ground
6967ec364644523b2e5542c6,/home/malezainia1/dev/INIA_DeepLearning_Ubuntu_mod_lleon/data/campo1_ene_2026/Santa Ines/Celular/20260108_084015.jpg,20260108_084015.jpg,9.377578,7.9679112,,6120,8160,8905952,-34.474377599722224,-70.95129319972223,Santa Ines,ground
6967ec364644523b2e5542c7,/home/malezainia1/dev/INIA_DeepLearning_Ubuntu_mod_lleon/data/campo1_ene_2026/Santa Ines/Celular/20260108_084018.jpg,20260108_084018.jpg,8.944874,11.181267,,6120,8160,11813057,-34.474377599722224,-70.95129319972223,Santa Ines,ground
6967ec364644523b2e5542c8,/home/malezainia1/dev/INIA_DeepLearning_Ubuntu_mod_lleon/data/campo1_ene_2026/Santa Ines/Celular/20260108_084049.jpg,20260108_084049.jpg,11.334927,7.538021,,6120,8160,13136100,-34.474454799722224,-70.9509771,Santa Ines,ground
6967ec364644523b2e5542c9,/home/malezainia1/dev/INIA_DeepLearning_Ubuntu_mod_lleon/data/campo1_ene_2026/Santa Ines/Celular/20260108_084053.jpg,20260108_084053.jpg,10.93405,7.7687826,,6120,8160,12523066,-34.474454799722224,-70.9509771,Santa Ines,ground
6967ec364644523b2e5542ca,/home/malezainia1/dev/INIA_DeepLearning_Ubuntu_mod_lleon/data/campo1_ene_2026/Santa Ines/Celular/20260108_084103.jpg,20260108_084103.jpg,11.654939,6.7204814,,6120,8160,11715225,-34.474454799722224,-70.9509771,Santa Ines,ground
6967ec364644523b2e5542cb,/home/malezainia1/dev/INIA_DeepLearning_Ubuntu_mod_lleon/data/campo1_ene_2026/Santa Ines/Celular/20260108_084113.jpg,20260108_084113.jpg,11.28092,6.632605,,6120,8160,11991331,-34.474454799722224,-70.9509771,Santa Ines,ground
6967ec364644523b2e5542cc,/home/malezainia1/dev/INIA_DeepLearning_Ubuntu_mod_lleon/data/campo1_ene_2026/Santa Ines/Celular/20260108_084126.jpg,20260108_084126.jpg,9.1361065,8.09172,,6120,8160,11939171,-34.474454799722224,-70.9509771,Santa Ines,ground
6967ec364644523b2e5542cd,/home/malezainia1/dev/INIA_DeepLearning_Ubuntu_mod_lleon/data/campo1_ene_2026/Santa Ines/Celular/20260108_084130.jpg,20260108_084130.jpg,9.08279,8.409127,,6120,8160,10189840,-34.474454799722224,-70.9509771,Santa Ines,ground
6967ec364644523b2e5542ce,/home/malezainia1/dev/INIA_DeepLearning_Ubuntu_mod_lleon/data/campo1_ene_2026/Santa Ines/Celular/20260108_084133.jpg,20260108_084133.jpg,11.982349,6.4485035,,6120,8160,12449330,-34.474454799722224,-70.9509771,Santa Ines,ground
6967ec364644523b2e5542cf,/home/malezainia1/dev/INIA_DeepLearning_Ubuntu_mod_lleon/data/campo1_ene_2026/Santa Ines/Celular/20260108_084139.jpg,20260108_084139.jpg,11.46857,7.439898,,6120,8160,14067490,-34.4745702,-70.95064709972222,Santa Ines,ground
6967ec364644523b2e5542d0,/home/malezainia1/dev/INIA_DeepLearning_Ubuntu_mod_lleon/data/campo1_ene_2026/Santa Ines/Celular/20260108_084143.jpg,20260108_084143.jpg,12.362301,6.935388,,6120,8160,13077762,-34.4745702,-70.95064709972222,Santa Ines,ground
6967ec364644523b2e5542d1,/home/malezainia1/dev/INIA_DeepLearning_Ubuntu_mod_lleon/data/campo1_ene_2026/Santa Ines/Celular/20260108_084147.jpg,20260108_084147.jpg,11.49065,6.432787,,6120,8160,14379567,-34.4745702,-70.95064709972222,Santa Ines,ground
6967ec364644523b2e5542d2,/home/malezainia1/dev/INIA_DeepLearning_Ubuntu_mod_lleon/data/campo1_ene_2026/Santa Ines/Celular/20260108_084150.jpg,20260108_084150.jpg,11.210594,7.203573,,6120,8160,11844072,-34.4745702,-70.95064709972222,Santa Ines,ground
6967ec364644523b2e5542d3,/home/malezainia1/dev/INIA_DeepLearning_Ubuntu_mod_lleon/data/campo1_ene_2026/Santa Ines/Celular/20260108_084153.jpg,20260108_084153.jpg,7.8453245,9.392181,,6120,8160,14551341,-34.4745702,-70.95064709972222,Santa Ines,ground
6967ec364644523b2e5542d4,/home/malezainia1/dev/INIA_DeepLearning_Ubuntu_mod_lleon/data/campo1_ene_2026/Santa Ines/Celular/20260108_084157.jpg,20260108_084157.jpg,11.170764,7.5449033,,6120,8160,14923762,-34.4745702,-70.95064709972222,Santa Ines,ground
6967ec364644523b2e5542d5,/home/malezainia1/dev/INIA_DeepLearning_Ubuntu_mod_lleon/data/campo1_ene_2026/Santa Ines/Celular/20260108_084205.jpg,20260108_084205.jpg,11.858261,6.3445916,,6120,8160,13498099,-34.4745702,-70.95064709972222,Santa Ines,ground
6967ec364644523b2e5542d6,/home/malezainia1/dev/INIA_DeepLearning_Ubuntu_mod_lleon/data/campo1_ene_2026/Santa Ines/Celular/20260108_084213.jpg,20260108_084213.jpg,11.2402525,7.7995586,,6120,8160,13122429,-34.4745702,-70.95064709972222,Santa Ines,ground
6967ec364644523b2e5542d7,/home/malezainia1/dev/INIA_DeepLearning_Ubuntu_mod_lleon/data/campo1_ene_2026/Santa Ines/Celular/20260108_084216.jpg,20260108_084216.jpg,11.663855,8.232339,,6120,8160,13603555,-34.4745702,-70.95064709972222,Santa Ines,ground
6967ec364644523b2e5542d8,/home/malezainia1/dev/INIA_DeepLearning_Ubuntu_mod_lleon/data/campo1_ene_2026/Santa Ines/Celular/20260108_084219.jpg,20260108_084219.jpg,11.853097,6.5773883,,6120,8160,12132659,-34.4745702,-70.95064709972222,Santa Ines,ground
6967ec364644523b2e5542d9,/home/malezainia1/dev/INIA_DeepLearning_Ubuntu_mod_lleon/data/campo1_ene_2026/Santa Ines/Celular/20260108_084228.jpg,20260108_084228.jpg,11.43651,7.3320346,,6120,8160,12659121,-34.4745702,-70.95064709972222,Santa Ines,ground
6967ec364644523b2e5542da,/home/malezainia1/dev/INIA_DeepLearning_Ubuntu_mod_lleon/data/campo1_ene_2026/Santa Ines/Celular/20260108_084235.jpg,20260108_084235.jpg,11.237242,7.9981375,,6120,8160,14261330,-34.47469339972223,-70.95031989972223,Santa Ines,ground
6967ec364644523b2e5542db,/home/malezainia1/dev/INIA_DeepLearning_Ubuntu_mod_lleon/data/campo1_ene_2026/Santa Ines/Celular/20260108_084238.jpg,20260108_084238.jpg,10.720922,9.0931015,,6120,8160,13791935,-34.474663499722226,-70.9503313,Santa Ines,ground
6967ec364644523b2e5542dc,/home/malezainia1/dev/INIA_DeepLearning_Ubuntu_mod_lleon/data/campo1_ene_2026/Santa Ines/Celular/20260108_084244.jpg,20260108_084244.jpg,11.750712,6.6682982,,6120,8160,13044485,-34.474663499722226,-70.9503313,Santa Ines,ground
6967ec364644523b2e5542dd,/home/malezainia1/dev/INIA_DeepLearning_Ubuntu_mod_lleon/data/campo1_ene_2026/Santa Ines/Celular/20260108_084249.jpg,20260108_084249.jpg,11.261183,7.445811,,6120,8160,11573277,-34.474663499722226,-70.9503313,Santa Ines,ground
6967ec364644523b2e5542de,/home/malezainia1/dev/INIA_DeepLearning_Ubuntu_mod_lleon/data/campo1_ene_2026/Santa Ines/Celular/20260108_084257.jpg,20260108_084257.jpg,11.118455,7.037949,,6120,8160,13767512,-34.474663499722226,-70.9503313,Santa Ines,ground
6967ec364644523b2e5542df,/home/malezainia1/dev/INIA_DeepLearning_Ubuntu_mod_lleon/data/campo1_ene_2026/Santa Ines/Celular/20260108_084301.jpg,20260108_084301.jpg,11.547037,7.453255,,6120,8160,12159951,-34.474663499722226,-70.9503313,Santa Ines,ground
6967ec364644523b2e5542e0,/home/malezainia1/dev/INIA_DeepLearning_Ubuntu_mod_lleon/data/campo1_ene_2026/Santa Ines/Celular/20260108_084304.jpg,20260108_084304.jpg,11.181776,7.8114414,,6120,8160,12160629,-34.474663499722226,-70.9503313,Santa Ines,ground
6967ec364644523b2e5542e1,/home/malezainia1/dev/INIA_DeepLearning_Ubuntu_mod_lleon/data/campo1_ene_2026/Santa Ines/Celular/20260108_084307.jpg,20260108_084307.jpg,12.009842,6.5226912,,6120,8160,9208167,-34.474663499722226,-70.9503313,Santa Ines,ground
6967ec364644523b2e5542e2,/home/malezainia1/dev/INIA_DeepLearning_Ubuntu_mod_lleon/data/campo1_ene_2026/Santa Ines/Celular/20260108_084310.jpg,20260108_084310.jpg,11.728608,8.368029,,6120,8160,10917714,-34.474663499722226,-70.9503313,Santa Ines,ground
6967ec364644523b2e5542e3,/home/malezainia1/dev/INIA_DeepLearning_Ubuntu_mod_lleon/data/campo1_ene_2026/Santa Ines/Celular/20260108_084312.jpg,20260108_084312.jpg,9.73478,8.873066,,6120,8160,11561867,-34.474663499722226,-70.9503313,Santa Ines,ground
6967ec364644523b2e5542e4,/home/malezainia1/dev/INIA_DeepLearning_Ubuntu_mod_lleon/data/campo1_ene_2026/Santa Ines/Celular/20260108_084319.jpg,20260108_084319.jpg,9.713215,9.521723,,6120,8160,13411300,-34.474663499722226,-70.9503313,Santa Ines,ground
6967ec364644523b2e5542e5,/home/malezainia1/dev/INIA_DeepLearning_Ubuntu_mod_lleon/data/campo1_ene_2026/Santa Ines/Celular/20260108_084323.jpg,20260108_084323.jpg,11.67412,7.5008283,,6120,8160,9694597,-34.474663499722226,-70.9503313,Santa Ines,ground
6967ec364644523b2e5542e6,/home/malezainia1/dev/INIA_DeepLearning_Ubuntu_mod_lleon/data/campo1_ene_2026/Santa Ines/Celular/20260108_084326.jpg,20260108_084326.jpg,11.174935,7.156164,,6120,8160,11960979,-34.474663499722226,-70.9503313,Santa Ines,ground
6967ec364644523b2e5542e7,/home/malezainia1/dev/INIA_DeepLearning_Ubuntu_mod_lleon/data/campo1_ene_2026/Santa Ines/Celular/20260108_084341.jpg,20260108_084341.jpg,9.759593,8.443523,,8160,6120,13781780,-34.4747136,-70.95010369972222,Santa Ines,ground
6967ec364644523b2e5542e8,/home/malezainia1/dev/INIA_DeepLearning_Ubuntu_mod_lleon/data/campo1_ene_2026/Santa Ines/Celular/20260108_084352.jpg,20260108_084352.jpg,12.055918,7.7428136,,6120,8160,14020590,-34.4747136,-70.95010369972222,Santa Ines,ground
6967ec364644523b2e5542e9,/home/malezainia1/dev/INIA_DeepLearning_Ubuntu_mod_lleon/data/campo1_ene_2026/Santa Ines/Celular/20260108_084359.jpg,20260108_084359.jpg,11.790826,7.22203,,6120,8160,13752156,-34.4747136,-70.95010369972222,Santa Ines,ground
6967ec364644523b2e5542ea,/home/malezainia1/dev/INIA_DeepLearning_Ubuntu_mod_lleon/data/campo1_ene_2026/Santa Ines/Celular/20260108_084404.jpg,20260108_084404.jpg,11.197471,8.340868,,6120,8160,12849262,-34.4747136,-70.95010369972222,Santa Ines,ground
6967ec364644523b2e5542eb,/home/malezainia1/dev/INIA_DeepLearning_Ubuntu_mod_lleon/data/campo1_ene_2026/Santa Ines/Celular/20260108_084414.jpg,20260108_084414.jpg,11.546672,6.42234,,6120,8160,13206330,-34.4747136,-70.95010369972222,Santa Ines,ground
6967ec364644523b2e5542ec,/home/malezainia1/dev/INIA_DeepLearning_Ubuntu_mod_lleon/data/campo1_ene_2026/Santa Ines/Celular/20260108_084421.jpg,20260108_084421.jpg,8.923852,9.310169,,6120,8160,13094157,-34.4747136,-70.95010369972222,Santa Ines,ground
6967ec364644523b2e5542ed,/home/malezainia1/dev/INIA_DeepLearning_Ubuntu_mod_lleon/data/campo1_ene_2026/Santa Ines/Celular/20260108_084429.jpg,20260108_084429.jpg,7.8699927,9.402513,,6120,8160,13846046,-34.4747136,-70.95010369972222,Santa Ines,ground
6967ec364644523b2e5542ee,/home/malezainia1/dev/INIA_DeepLearning_Ubuntu_mod_lleon/data/campo1_ene_2026/Santa Ines/Celular/20260108_084458.jpg,20260108_084458.jpg,9.682825,7.6455803,,6120,8160,12363767,-34.474797199722225,-70.9497475,Santa Ines,ground
6967ec364644523b2e5542ef,/home/malezainia1/dev/INIA_DeepLearning_Ubuntu_mod_lleon/data/campo1_ene_2026/Santa Ines/Celular/20260108_084502.jpg,20260108_084502.jpg,7.9745617,9.848858,,6120,8160,10024840,-34.474797199722225,-70.9497475,Santa Ines,ground
6967ec364644523b2e5542f0,/home/malezainia1/dev/INIA_DeepLearning_Ubuntu_mod_lleon/data/campo1_ene_2026/Santa Ines/Celular/20260108_084505.jpg,20260108_084505.jpg,10.254188,8.047566,,6120,8160,14130759,-34.474797199722225,-70.9497475,Santa Ines,ground
6967ec364644523b2e5542f1,/home/malezainia1/dev/INIA_DeepLearning_Ubuntu_mod_lleon/data/campo1_ene_2026/Santa Ines/Celular/20260108_084509.jpg,20260108_084509.jpg,9.991125,9.209466,,6120,8160,11962841,-34.474797199722225,-70.9497475,Santa Ines,ground
6967ec364644523b2e5542f2,/home/malezainia1/dev/INIA_DeepLearning_Ubuntu_mod_lleon/data/campo1_ene_2026/Santa Ines/Celular/20260108_084518.jpg,20260108_084518.jpg,8.663972,8.483425,,6120,8160,13955504,-34.474797199722225,-70.9497475,Santa Ines,ground
6967ec364644523b2e5542f3,/home/malezainia1/dev/INIA_DeepLearning_Ubuntu_mod_lleon/data/campo1_ene_2026/Santa Ines/Celular/20260108_084521.jpg,20260108_084521.jpg,9.342277,10.46916,,6120,8160,11187156,-34.474797199722225,-70.9497475,Santa Ines,ground
6967ec364644523b2e5542f4,/home/malezainia1/dev/INIA_DeepLearning_Ubuntu_mod_lleon/data/campo1_ene_2026/Santa Ines/Celular/20260108_084537.jpg,20260108_084537.jpg,11.434822,6.2357717,,6120,8160,12073577,-34.4748935,-70.94951629972222,Santa Ines,ground
6967ec364644523b2e5542f5,/home/malezainia1/dev/INIA_DeepLearning_Ubuntu_mod_lleon/data/campo1_ene_2026/Santa Ines/Celular/20260108_084541.jpg,20260108_084541.jpg,10.97459,6.879871,,6120,8160,11116140,-34.4748935,-70.94951629972222,Santa Ines,ground
6967ec364644523b2e5542f6,/home/malezainia1/dev/INIA_DeepLearning_Ubuntu_mod_lleon/data/campo1_ene_2026/Santa Ines/Celular/20260108_084547.jpg,20260108_084547.jpg,9.426341,10.579622,,6120,8160,9683421,-34.4748935,-70.94951629972222,Santa Ines,ground
6967ec364644523b2e5542f7,/home/malezainia1/dev/INIA_DeepLearning_Ubuntu_mod_lleon/data/campo1_ene_2026/Santa Ines/Celular/20260108_084550.jpg,20260108_084550.jpg,11.534943,6.2500362,,6120,8160,11818495,-34.4748935,-70.94951629972222,Santa Ines,ground
