<?xml version="1.0" encoding="UTF-8"?>
<kml xmlns="http://www.opengis.net/kml/2.2" xmlns:gx="http://www.google.com/kml/ext/2.2">
    <Document id="3178">
        <Style id="3181">
            <IconStyle id="3182">
                <color>ffff0000</color>
                <colorMode>normal</colorMode>
                <scale>0.8</scale>
                <heading>0</heading>
                <Icon id="3183">
                    <href>http://maps.google.com/mapfiles/kml/paddle/wht-circle.png</href>
                </Icon>
            </IconStyle>
        </Style>
        <Style id="3186">
            <IconStyle id="3187">
                <color>ffff0000</color>
                <colorMode>normal</colorMode>
                <scale>0.8</scale>
                <heading>0</heading>
                <Icon id="3188">
                    <href>http://maps.google.com/mapfiles/kml/paddle/wht-circle.png</href>
                </Icon>
            </IconStyle>
        </Style>
        <Style id="3191">
            <IconStyle id="3192">
                <color>ffff0000</color>
                <colorMode>normal</colorMode>
                <scale>0.8</scale>
                <heading>0</heading>
                <Icon id="3193">
                    <href>http://maps.google.com/mapfiles/kml/paddle/wht-circle.png</href>
                </Icon>
            </IconStyle>
        </Style>
        <Style id="3196">
            <IconStyle id="3197">
                <color>ffff0000</color>
                <colorMode>normal</colorMode>
                <scale>0.8</scale>
                <heading>0</heading>
                <Icon id="3198">
                    <href>http://maps.google.com/mapfiles/kml/paddle/wht-circle.png</href>
                </Icon>
            </IconStyle>
        </Style>
        <Style id="3201">
            <IconStyle id="3202">
                <color>ffff0000</color>
                <colorMode>normal</colorMode>
                <scale>0.8</scale>
                <heading>0</heading>
                <Icon id="3203">
                    <href>http://maps.google.com/mapfiles/kml/paddle/wht-circle.png</href>
                </Icon>
            </IconStyle>
        </Style>
        <Style id="3206">
            <IconStyle id="3207">
                <color>ffff0000</color>
                <colorMode>normal</colorMode>
                <scale>0.8</scale>
                <heading>0</heading>
                <Icon id="3208">
                    <href>http://maps.google.com/mapfiles/kml/paddle/wht-circle.png</href>
                </Icon>
            </IconStyle>
        </Style>
        <Style id="3211">
            <IconStyle id="3212">
                <color>ffff0000</color>
                <colorMode>normal</colorMode>
                <scale>0.8</scale>
                <heading>0</heading>
                <Icon id="3213">
                    <href>http://maps.google.com/mapfiles/kml/paddle/wht-circle.png</href>
                </Icon>
            </IconStyle>
        </Style>
        <Style id="3216">
            <IconStyle id="3217">
                <color>ffff0000</color>
                <colorMode>normal</colorMode>
                <scale>0.8</scale>
                <heading>0</heading>
                <Icon id="3218">
                    <href>http://maps.google.com/mapfiles/kml/paddle/wht-circle.png</href>
                </Icon>
            </IconStyle>
        </Style>
        <Style id="3221">
            <IconStyle id="3222">
                <color>ffff0000</color>
                <colorMode>normal</colorMode>
                <scale>0.8</scale>
                <heading>0</heading>
                <Icon id="3223">
                    <href>http://maps.google.com/mapfiles/kml/paddle/wht-circle.png</href>
                </Icon>
            </IconStyle>
        </Style>
        <Style id="3226">
            <IconStyle id="3227">
                <color>ffff0000</color>
                <colorMode>normal</colorMode>
                <scale>0.8</scale>
                <heading>0</heading>
                <Icon id="3228">
                    <href>http://maps.google.com/mapfiles/kml/paddle/wht-circle.png</href>
                </Icon>
            </IconStyle>
        </Style>
        <Style id="3231">
            <IconStyle id="3232">
                <color>ffff0000</color>
                <colorMode>normal</colorMode>
                <scale>0.8</scale>
                <heading>0</heading>
                <Icon id="3233">
                    <href>http://maps.google.com/mapfiles/kml/paddle/wht-circle.png</href>
                </Icon>
            </IconStyle>
        </Style>
        <Style id="3236">
            <IconStyle id="3237">
                <color>ffff0000</color>
                <colorMode>normal</colorMode>
                <scale>0.8</scale>
                <heading>0</heading>
                <Icon id="3238">
                    <href>http://maps.google.com/mapfiles/kml/paddle/wht-circle.png</href>
                </Icon>
            </IconStyle>
        </Style>
        <Style id="3241">
            <IconStyle id="3242">
                <color>ffff0000</color>
                <colorMode>normal</colorMode>
                <scale>0.8</scale>
                <heading>0</heading>
                <Icon id="3243">
                    <href>http://maps.google.com/mapfiles/kml/paddle/wht-circle.png</href>
                </Icon>
            </IconStyle>
        </Style>
        <Style id="3246">
            <IconStyle id="3247">
                <color>ffff0000</color>
                <colorMode>normal</colorMode>
                <scale>0.8</scale>
                <heading>0</heading>
                <Icon id="3248">
                    <href>http://maps.google.com/mapfiles/kml/paddle/wht-circle.png</href>
                </Icon>
            </IconStyle>
        </Style>
        <Style id="3251">
            <IconStyle id="3252">
                <color>ffff0000</color>
                <colorMode>normal</colorMode>
                <scale>0.8</scale>
                <heading>0</heading>
                <Icon id="3253">
                    <href>http://maps.google.com/mapfiles/kml/paddle/wht-circle.png</href>
                </Icon>
            </IconStyle>
        </Style>
        <Style id="3256">
            <IconStyle id="3257">
                <color>ffff0000</color>
                <colorMode>normal</colorMode>
                <scale>0.8</scale>
                <heading>0</heading>
                <Icon id="3258">
                    <href>http://maps.google.com/mapfiles/kml/paddle/wht-circle.png</href>
                </Icon>
            </IconStyle>
        </Style>
        <Style id="3261">
            <IconStyle id="3262">
                <color>ffff0000</color>
                <colorMode>normal</colorMode>
                <scale>0.8</scale>
                <heading>0</heading>
                <Icon id="3263">
                    <href>http://maps.google.com/mapfiles/kml/paddle/wht-circle.png</href>
                </Icon>
            </IconStyle>
        </Style>
        <Style id="3266">
            <IconStyle id="3267">
                <color>ffff0000</color>
                <colorMode>normal</colorMode>
                <scale>0.8</scale>
                <heading>0</heading>
                <Icon id="3268">
                    <href>http://maps.google.com/mapfiles/kml/paddle/wht-circle.png</href>
                </Icon>
            </IconStyle>
        </Style>
        <Style id="3271">
            <IconStyle id="3272">
                <color>ffff0000</color>
                <colorMode>normal</colorMode>
                <scale>0.8</scale>
                <heading>0</heading>
                <Icon id="3273">
                    <href>http://maps.google.com/mapfiles/kml/paddle/wht-circle.png</href>
                </Icon>
            </IconStyle>
        </Style>
        <Style id="3276">
            <IconStyle id="3277">
                <color>ffff0000</color>
                <colorMode>normal</colorMode>
                <scale>0.8</scale>
                <heading>0</heading>
                <Icon id="3278">
                    <href>http://maps.google.com/mapfiles/kml/paddle/wht-circle.png</href>
                </Icon>
            </IconStyle>
        </Style>
        <Style id="3281">
            <IconStyle id="3282">
                <color>ffff0000</color>
                <colorMode>normal</colorMode>
                <scale>0.8</scale>
                <heading>0</heading>
                <Icon id="3283">
                    <href>http://maps.google.com/mapfiles/kml/paddle/wht-circle.png</href>
                </Icon>
            </IconStyle>
        </Style>
        <Style id="3286">
            <IconStyle id="3287">
                <color>ffff0000</color>
                <colorMode>normal</colorMode>
                <scale>0.8</scale>
                <heading>0</heading>
                <Icon id="3288">
                    <href>http://maps.google.com/mapfiles/kml/paddle/wht-circle.png</href>
                </Icon>
            </IconStyle>
        </Style>
        <Style id="3291">
            <IconStyle id="3292">
                <color>ffff0000</color>
                <colorMode>normal</colorMode>
                <scale>0.8</scale>
                <heading>0</heading>
                <Icon id="3293">
                    <href>http://maps.google.com/mapfiles/kml/paddle/wht-circle.png</href>
                </Icon>
            </IconStyle>
        </Style>
        <Style id="3296">
            <IconStyle id="3297">
                <color>ffff0000</color>
                <colorMode>normal</colorMode>
                <scale>0.8</scale>
                <heading>0</heading>
                <Icon id="3298">
                    <href>http://maps.google.com/mapfiles/kml/paddle/wht-circle.png</href>
                </Icon>
            </IconStyle>
        </Style>
        <Style id="3301">
            <IconStyle id="3302">
                <color>ffff0000</color>
                <colorMode>normal</colorMode>
                <scale>0.8</scale>
                <heading>0</heading>
                <Icon id="3303">
                    <href>http://maps.google.com/mapfiles/kml/paddle/wht-circle.png</href>
                </Icon>
            </IconStyle>
        </Style>
        <Style id="3306">
            <IconStyle id="3307">
                <color>ffff0000</color>
                <colorMode>normal</colorMode>
                <scale>0.8</scale>
                <heading>0</heading>
                <Icon id="3308">
                    <href>http://maps.google.com/mapfiles/kml/paddle/wht-circle.png</href>
                </Icon>
            </IconStyle>
        </Style>
        <Style id="3311">
            <IconStyle id="3312">
                <color>ffff0000</color>
                <colorMode>normal</colorMode>
                <scale>0.8</scale>
                <heading>0</heading>
                <Icon id="3313">
                    <href>http://maps.google.com/mapfiles/kml/paddle/wht-circle.png</href>
                </Icon>
            </IconStyle>
        </Style>
        <Style id="3316">
            <IconStyle id="3317">
                <color>ffff0000</color>
                <colorMode>normal</colorMode>
                <scale>0.8</scale>
                <heading>0</heading>
                <Icon id="3318">
                    <href>http://maps.google.com/mapfiles/kml/paddle/wht-circle.png</href>
                </Icon>
            </IconStyle>
        </Style>
        <Style id="3321">
            <IconStyle id="3322">
                <color>ffff0000</color>
                <colorMode>normal</colorMode>
                <scale>0.8</scale>
                <heading>0</heading>
                <Icon id="3323">
                    <href>http://maps.google.com/mapfiles/kml/paddle/wht-circle.png</href>
                </Icon>
            </IconStyle>
        </Style>
        <Style id="3326">
            <IconStyle id="3327">
                <color>ffff0000</color>
                <colorMode>normal</colorMode>
                <scale>0.8</scale>
                <heading>0</heading>
                <Icon id="3328">
                    <href>http://maps.google.com/mapfiles/kml/paddle/wht-circle.png</href>
                </Icon>
            </IconStyle>
        </Style>
        <Style id="3331">
            <IconStyle id="3332">
                <color>ffff0000</color>
                <colorMode>normal</colorMode>
                <scale>0.8</scale>
                <heading>0</heading>
                <Icon id="3333">
                    <href>http://maps.google.com/mapfiles/kml/paddle/wht-circle.png</href>
                </Icon>
            </IconStyle>
        </Style>
        <Style id="3336">
            <IconStyle id="3337">
                <color>ffff0000</color>
                <colorMode>normal</colorMode>
                <scale>0.8</scale>
                <heading>0</heading>
                <Icon id="3338">
                    <href>http://maps.google.com/mapfiles/kml/paddle/wht-circle.png</href>
                </Icon>
            </IconStyle>
        </Style>
        <Style id="3341">
            <IconStyle id="3342">
                <color>ffff0000</color>
                <colorMode>normal</colorMode>
                <scale>0.8</scale>
                <heading>0</heading>
                <Icon id="3343">
                    <href>http://maps.google.com/mapfiles/kml/paddle/wht-circle.png</href>
                </Icon>
            </IconStyle>
        </Style>
        <Style id="3346">
            <IconStyle id="3347">
                <color>ffff0000</color>
                <colorMode>normal</colorMode>
                <scale>0.8</scale>
                <heading>0</heading>
                <Icon id="3348">
                    <href>http://maps.google.com/mapfiles/kml/paddle/wht-circle.png</href>
                </Icon>
            </IconStyle>
        </Style>
        <Style id="3351">
            <IconStyle id="3352">
                <color>ffff0000</color>
                <colorMode>normal</colorMode>
                <scale>0.8</scale>
                <heading>0</heading>
                <Icon id="3353">
                    <href>http://maps.google.com/mapfiles/kml/paddle/wht-circle.png</href>
                </Icon>
            </IconStyle>
        </Style>
        <Style id="3356">
            <IconStyle id="3357">
                <color>ffff0000</color>
                <colorMode>normal</colorMode>
                <scale>0.8</scale>
                <heading>0</heading>
                <Icon id="3358">
                    <href>http://maps.google.com/mapfiles/kml/paddle/wht-circle.png</href>
                </Icon>
            </IconStyle>
        </Style>
        <Style id="3361">
            <IconStyle id="3362">
                <color>ffff0000</color>
                <colorMode>normal</colorMode>
                <scale>0.8</scale>
                <heading>0</heading>
                <Icon id="3363">
                    <href>http://maps.google.com/mapfiles/kml/paddle/wht-circle.png</href>
                </Icon>
            </IconStyle>
        </Style>
        <Style id="3366">
            <IconStyle id="3367">
                <color>ffff0000</color>
                <colorMode>normal</colorMode>
                <scale>0.8</scale>
                <heading>0</heading>
                <Icon id="3368">
                    <href>http://maps.google.com/mapfiles/kml/paddle/wht-circle.png</href>
                </Icon>
            </IconStyle>
        </Style>
        <Style id="3371">
            <IconStyle id="3372">
                <color>ffff0000</color>
                <colorMode>normal</colorMode>
                <scale>0.8</scale>
                <heading>0</heading>
                <Icon id="3373">
                    <href>http://maps.google.com/mapfiles/kml/paddle/wht-circle.png</href>
                </Icon>
            </IconStyle>
        </Style>
        <Style id="3376">
            <IconStyle id="3377">
                <color>ffff0000</color>
                <colorMode>normal</colorMode>
                <scale>0.8</scale>
                <heading>0</heading>
                <Icon id="3378">
                    <href>http://maps.google.com/mapfiles/kml/paddle/wht-circle.png</href>
                </Icon>
            </IconStyle>
        </Style>
        <Style id="3381">
            <IconStyle id="3382">
                <color>ffff0000</color>
                <colorMode>normal</colorMode>
                <scale>0.8</scale>
                <heading>0</heading>
                <Icon id="3383">
                    <href>http://maps.google.com/mapfiles/kml/paddle/wht-circle.png</href>
                </Icon>
            </IconStyle>
        </Style>
        <Style id="3386">
            <IconStyle id="3387">
                <color>ffff0000</color>
                <colorMode>normal</colorMode>
                <scale>0.8</scale>
                <heading>0</heading>
                <Icon id="3388">
                    <href>http://maps.google.com/mapfiles/kml/paddle/wht-circle.png</href>
                </Icon>
            </IconStyle>
        </Style>
        <Style id="3391">
            <IconStyle id="3392">
                <color>ffff0000</color>
                <colorMode>normal</colorMode>
                <scale>0.8</scale>
                <heading>0</heading>
                <Icon id="3393">
                    <href>http://maps.google.com/mapfiles/kml/paddle/wht-circle.png</href>
                </Icon>
            </IconStyle>
        </Style>
        <Style id="3396">
            <IconStyle id="3397">
                <color>ffff0000</color>
                <colorMode>normal</colorMode>
                <scale>0.8</scale>
                <heading>0</heading>
                <Icon id="3398">
                    <href>http://maps.google.com/mapfiles/kml/paddle/wht-circle.png</href>
                </Icon>
            </IconStyle>
        </Style>
        <Style id="3401">
            <IconStyle id="3402">
                <color>ffff0000</color>
                <colorMode>normal</colorMode>
                <scale>0.8</scale>
                <heading>0</heading>
                <Icon id="3403">
                    <href>http://maps.google.com/mapfiles/kml/paddle/wht-circle.png</href>
                </Icon>
            </IconStyle>
        </Style>
        <Style id="3406">
            <IconStyle id="3407">
                <color>ffff0000</color>
                <colorMode>normal</colorMode>
                <scale>0.8</scale>
                <heading>0</heading>
                <Icon id="3408">
                    <href>http://maps.google.com/mapfiles/kml/paddle/wht-circle.png</href>
                </Icon>
            </IconStyle>
        </Style>
        <Style id="3411">
            <IconStyle id="3412">
                <color>ffff0000</color>
                <colorMode>normal</colorMode>
                <scale>0.8</scale>
                <heading>0</heading>
                <Icon id="3413">
                    <href>http://maps.google.com/mapfiles/kml/paddle/wht-circle.png</href>
                </Icon>
            </IconStyle>
        </Style>
        <Style id="3416">
            <IconStyle id="3417">
                <color>ffff0000</color>
                <colorMode>normal</colorMode>
                <scale>0.8</scale>
                <heading>0</heading>
                <Icon id="3418">
                    <href>http://maps.google.com/mapfiles/kml/paddle/wht-circle.png</href>
                </Icon>
            </IconStyle>
        </Style>
        <Style id="3421">
            <IconStyle id="3422">
                <color>ffff0000</color>
                <colorMode>normal</colorMode>
                <scale>0.8</scale>
                <heading>0</heading>
                <Icon id="3423">
                    <href>http://maps.google.com/mapfiles/kml/paddle/wht-circle.png</href>
                </Icon>
            </IconStyle>
        </Style>
        <Style id="3426">
            <IconStyle id="3427">
                <color>ffff0000</color>
                <colorMode>normal</colorMode>
                <scale>0.8</scale>
                <heading>0</heading>
                <Icon id="3428">
                    <href>http://maps.google.com/mapfiles/kml/paddle/wht-circle.png</href>
                </Icon>
            </IconStyle>
        </Style>
        <Style id="3431">
            <IconStyle id="3432">
                <color>ffff0000</color>
                <colorMode>normal</colorMode>
                <scale>0.8</scale>
                <heading>0</heading>
                <Icon id="3433">
                    <href>http://maps.google.com/mapfiles/kml/paddle/wht-circle.png</href>
                </Icon>
            </IconStyle>
        </Style>
        <Style id="3436">
            <IconStyle id="3437">
                <color>ffff0000</color>
                <colorMode>normal</colorMode>
                <scale>0.8</scale>
                <heading>0</heading>
                <Icon id="3438">
                    <href>http://maps.google.com/mapfiles/kml/paddle/wht-circle.png</href>
                </Icon>
            </IconStyle>
        </Style>
        <Style id="3441">
            <IconStyle id="3442">
                <color>ffff0000</color>
                <colorMode>normal</colorMode>
                <scale>0.8</scale>
                <heading>0</heading>
                <Icon id="3443">
                    <href>http://maps.google.com/mapfiles/kml/paddle/wht-circle.png</href>
                </Icon>
            </IconStyle>
        </Style>
        <Style id="3446">
            <IconStyle id="3447">
                <color>ffff0000</color>
                <colorMode>normal</colorMode>
                <scale>0.8</scale>
                <heading>0</heading>
                <Icon id="3448">
                    <href>http://maps.google.com/mapfiles/kml/paddle/wht-circle.png</href>
                </Icon>
            </IconStyle>
        </Style>
        <Style id="3451">
            <IconStyle id="3452">
                <color>ffff0000</color>
                <colorMode>normal</colorMode>
                <scale>0.8</scale>
                <heading>0</heading>
                <Icon id="3453">
                    <href>http://maps.google.com/mapfiles/kml/paddle/wht-circle.png</href>
                </Icon>
            </IconStyle>
        </Style>
        <Style id="3456">
            <IconStyle id="3457">
                <color>ffff0000</color>
                <colorMode>normal</colorMode>
                <scale>0.8</scale>
                <heading>0</heading>
                <Icon id="3458">
                    <href>http://maps.google.com/mapfiles/kml/paddle/wht-circle.png</href>
                </Icon>
            </IconStyle>
        </Style>
        <Style id="3461">
            <IconStyle id="3462">
                <color>ffff0000</color>
                <colorMode>normal</colorMode>
                <scale>0.8</scale>
                <heading>0</heading>
                <Icon id="3463">
                    <href>http://maps.google.com/mapfiles/kml/paddle/wht-circle.png</href>
                </Icon>
            </IconStyle>
        </Style>
        <Style id="3466">
            <IconStyle id="3467">
                <color>ffff0000</color>
                <colorMode>normal</colorMode>
                <scale>0.8</scale>
                <heading>0</heading>
                <Icon id="3468">
                    <href>http://maps.google.com/mapfiles/kml/paddle/wht-circle.png</href>
                </Icon>
            </IconStyle>
        </Style>
        <Style id="3471">
            <IconStyle id="3472">
                <color>ffff0000</color>
                <colorMode>normal</colorMode>
                <scale>0.8</scale>
                <heading>0</heading>
                <Icon id="3473">
                    <href>http://maps.google.com/mapfiles/kml/paddle/wht-circle.png</href>
                </Icon>
            </IconStyle>
        </Style>
        <Style id="3476">
            <IconStyle id="3477">
                <color>ffff0000</color>
                <colorMode>normal</colorMode>
                <scale>0.8</scale>
                <heading>0</heading>
                <Icon id="3478">
                    <href>http://maps.google.com/mapfiles/kml/paddle/wht-circle.png</href>
                </Icon>
            </IconStyle>
        </Style>
        <Style id="3481">
            <IconStyle id="3482">
                <color>ffff0000</color>
                <colorMode>normal</colorMode>
                <scale>0.8</scale>
                <heading>0</heading>
                <Icon id="3483">
                    <href>http://maps.google.com/mapfiles/kml/paddle/wht-circle.png</href>
                </Icon>
            </IconStyle>
        </Style>
        <Style id="3486">
            <IconStyle id="3487">
                <color>ffff0000</color>
                <colorMode>normal</colorMode>
                <scale>0.8</scale>
                <heading>0</heading>
                <Icon id="3488">
                    <href>http://maps.google.com/mapfiles/kml/paddle/wht-circle.png</href>
                </Icon>
            </IconStyle>
        </Style>
        <Style id="3491">
            <IconStyle id="3492">
                <color>ffff0000</color>
                <colorMode>normal</colorMode>
                <scale>0.8</scale>
                <heading>0</heading>
                <Icon id="3493">
                    <href>http://maps.google.com/mapfiles/kml/paddle/wht-circle.png</href>
                </Icon>
            </IconStyle>
        </Style>
        <Style id="3496">
            <IconStyle id="3497">
                <color>ffff0000</color>
                <colorMode>normal</colorMode>
                <scale>0.8</scale>
                <heading>0</heading>
                <Icon id="3498">
                    <href>http://maps.google.com/mapfiles/kml/paddle/wht-circle.png</href>
                </Icon>
            </IconStyle>
        </Style>
        <Style id="3501">
            <IconStyle id="3502">
                <color>ffff0000</color>
                <colorMode>normal</colorMode>
                <scale>0.8</scale>
                <heading>0</heading>
                <Icon id="3503">
                    <href>http://maps.google.com/mapfiles/kml/paddle/wht-circle.png</href>
                </Icon>
            </IconStyle>
        </Style>
        <Style id="3506">
            <IconStyle id="3507">
                <color>ffff0000</color>
                <colorMode>normal</colorMode>
                <scale>0.8</scale>
                <heading>0</heading>
                <Icon id="3508">
                    <href>http://maps.google.com/mapfiles/kml/paddle/wht-circle.png</href>
                </Icon>
            </IconStyle>
        </Style>
        <Style id="3511">
            <IconStyle id="3512">
                <color>ffff0000</color>
                <colorMode>normal</colorMode>
                <scale>0.8</scale>
                <heading>0</heading>
                <Icon id="3513">
                    <href>http://maps.google.com/mapfiles/kml/paddle/wht-circle.png</href>
                </Icon>
            </IconStyle>
        </Style>
        <Style id="3516">
            <IconStyle id="3517">
                <color>ffff0000</color>
                <colorMode>normal</colorMode>
                <scale>0.8</scale>
                <heading>0</heading>
                <Icon id="3518">
                    <href>http://maps.google.com/mapfiles/kml/paddle/wht-circle.png</href>
                </Icon>
            </IconStyle>
        </Style>
        <Style id="3521">
            <IconStyle id="3522">
                <color>ffff0000</color>
                <colorMode>normal</colorMode>
                <scale>0.8</scale>
                <heading>0</heading>
                <Icon id="3523">
                    <href>http://maps.google.com/mapfiles/kml/paddle/wht-circle.png</href>
                </Icon>
            </IconStyle>
        </Style>
        <Style id="3526">
            <IconStyle id="3527">
                <color>ffff0000</color>
                <colorMode>normal</colorMode>
                <scale>0.8</scale>
                <heading>0</heading>
                <Icon id="3528">
                    <href>http://maps.google.com/mapfiles/kml/paddle/wht-circle.png</href>
                </Icon>
            </IconStyle>
        </Style>
        <Style id="3531">
            <IconStyle id="3532">
                <color>ffff0000</color>
                <colorMode>normal</colorMode>
                <scale>0.8</scale>
                <heading>0</heading>
                <Icon id="3533">
                    <href>http://maps.google.com/mapfiles/kml/paddle/wht-circle.png</href>
                </Icon>
            </IconStyle>
        </Style>
        <Style id="3536">
            <IconStyle id="3537">
                <color>ffff0000</color>
                <colorMode>normal</colorMode>
                <scale>0.8</scale>
                <heading>0</heading>
                <Icon id="3538">
                    <href>http://maps.google.com/mapfiles/kml/paddle/wht-circle.png</href>
                </Icon>
            </IconStyle>
        </Style>
        <Style id="3541">
            <IconStyle id="3542">
                <color>ffff0000</color>
                <colorMode>normal</colorMode>
                <scale>0.8</scale>
                <heading>0</heading>
                <Icon id="3543">
                    <href>http://maps.google.com/mapfiles/kml/paddle/wht-circle.png</href>
                </Icon>
            </IconStyle>
        </Style>
        <Style id="3546">
            <IconStyle id="3547">
                <color>ffff0000</color>
                <colorMode>normal</colorMode>
                <scale>0.8</scale>
                <heading>0</heading>
                <Icon id="3548">
                    <href>http://maps.google.com/mapfiles/kml/paddle/wht-circle.png</href>
                </Icon>
            </IconStyle>
        </Style>
        <Style id="3551">
            <IconStyle id="3552">
                <color>ffff0000</color>
                <colorMode>normal</colorMode>
                <scale>0.8</scale>
                <heading>0</heading>
                <Icon id="3553">
                    <href>http://maps.google.com/mapfiles/kml/paddle/wht-circle.png</href>
                </Icon>
            </IconStyle>
        </Style>
        <Style id="3556">
            <IconStyle id="3557">
                <color>ffff0000</color>
                <colorMode>normal</colorMode>
                <scale>0.8</scale>
                <heading>0</heading>
                <Icon id="3558">
                    <href>http://maps.google.com/mapfiles/kml/paddle/wht-circle.png</href>
                </Icon>
            </IconStyle>
        </Style>
        <Style id="3561">
            <IconStyle id="3562">
                <color>ffff0000</color>
                <colorMode>normal</colorMode>
                <scale>0.8</scale>
                <heading>0</heading>
                <Icon id="3563">
                    <href>http://maps.google.com/mapfiles/kml/paddle/wht-circle.png</href>
                </Icon>
            </IconStyle>
        </Style>
        <Style id="3566">
            <IconStyle id="3567">
                <color>ffff0000</color>
                <colorMode>normal</colorMode>
                <scale>0.8</scale>
                <heading>0</heading>
                <Icon id="3568">
                    <href>http://maps.google.com/mapfiles/kml/paddle/wht-circle.png</href>
                </Icon>
            </IconStyle>
        </Style>
        <Style id="3571">
            <IconStyle id="3572">
                <color>ffff0000</color>
                <colorMode>normal</colorMode>
                <scale>0.8</scale>
                <heading>0</heading>
                <Icon id="3573">
                    <href>http://maps.google.com/mapfiles/kml/paddle/wht-circle.png</href>
                </Icon>
            </IconStyle>
        </Style>
        <Style id="3576">
            <IconStyle id="3577">
                <color>ffff0000</color>
                <colorMode>normal</colorMode>
                <scale>0.8</scale>
                <heading>0</heading>
                <Icon id="3578">
                    <href>http://maps.google.com/mapfiles/kml/paddle/wht-circle.png</href>
                </Icon>
            </IconStyle>
        </Style>
        <Style id="3581">
            <IconStyle id="3582">
                <color>ffff0000</color>
                <colorMode>normal</colorMode>
                <scale>0.8</scale>
                <heading>0</heading>
                <Icon id="3583">
                    <href>http://maps.google.com/mapfiles/kml/paddle/wht-circle.png</href>
                </Icon>
            </IconStyle>
        </Style>
        <Style id="3586">
            <IconStyle id="3587">
                <color>ffff0000</color>
                <colorMode>normal</colorMode>
                <scale>0.8</scale>
                <heading>0</heading>
                <Icon id="3588">
                    <href>http://maps.google.com/mapfiles/kml/paddle/wht-circle.png</href>
                </Icon>
            </IconStyle>
        </Style>
        <Style id="3591">
            <IconStyle id="3592">
                <color>ffff0000</color>
                <colorMode>normal</colorMode>
                <scale>0.8</scale>
                <heading>0</heading>
                <Icon id="3593">
                    <href>http://maps.google.com/mapfiles/kml/paddle/wht-circle.png</href>
                </Icon>
            </IconStyle>
        </Style>
        <Style id="3596">
            <IconStyle id="3597">
                <color>ffff0000</color>
                <colorMode>normal</colorMode>
                <scale>0.8</scale>
                <heading>0</heading>
                <Icon id="3598">
                    <href>http://maps.google.com/mapfiles/kml/paddle/wht-circle.png</href>
                </Icon>
            </IconStyle>
        </Style>
        <Style id="3601">
            <IconStyle id="3602">
                <color>ffff0000</color>
                <colorMode>normal</colorMode>
                <scale>0.8</scale>
                <heading>0</heading>
                <Icon id="3603">
                    <href>http://maps.google.com/mapfiles/kml/paddle/wht-circle.png</href>
                </Icon>
            </IconStyle>
        </Style>
        <Style id="3606">
            <IconStyle id="3607">
                <color>ffff0000</color>
                <colorMode>normal</colorMode>
                <scale>0.8</scale>
                <heading>0</heading>
                <Icon id="3608">
                    <href>http://maps.google.com/mapfiles/kml/paddle/wht-circle.png</href>
                </Icon>
            </IconStyle>
        </Style>
        <Style id="3611">
            <IconStyle id="3612">
                <color>ffff0000</color>
                <colorMode>normal</colorMode>
                <scale>0.8</scale>
                <heading>0</heading>
                <Icon id="3613">
                    <href>http://maps.google.com/mapfiles/kml/paddle/wht-circle.png</href>
                </Icon>
            </IconStyle>
        </Style>
        <Style id="3616">
            <IconStyle id="3617">
                <color>ffff0000</color>
                <colorMode>normal</colorMode>
                <scale>0.8</scale>
                <heading>0</heading>
                <Icon id="3618">
                    <href>http://maps.google.com/mapfiles/kml/paddle/wht-circle.png</href>
                </Icon>
            </IconStyle>
        </Style>
        <Style id="3621">
            <IconStyle id="3622">
                <color>ffff0000</color>
                <colorMode>normal</colorMode>
                <scale>0.8</scale>
                <heading>0</heading>
                <Icon id="3623">
                    <href>http://maps.google.com/mapfiles/kml/paddle/wht-circle.png</href>
                </Icon>
            </IconStyle>
        </Style>
        <Style id="3626">
            <IconStyle id="3627">
                <color>ffff0000</color>
                <colorMode>normal</colorMode>
                <scale>0.8</scale>
                <heading>0</heading>
                <Icon id="3628">
                    <href>http://maps.google.com/mapfiles/kml/paddle/wht-circle.png</href>
                </Icon>
            </IconStyle>
        </Style>
        <Style id="3631">
            <IconStyle id="3632">
                <color>ffff0000</color>
                <colorMode>normal</colorMode>
                <scale>0.8</scale>
                <heading>0</heading>
                <Icon id="3633">
                    <href>http://maps.google.com/mapfiles/kml/paddle/wht-circle.png</href>
                </Icon>
            </IconStyle>
        </Style>
        <Style id="3636">
            <IconStyle id="3637">
                <color>ffff0000</color>
                <colorMode>normal</colorMode>
                <scale>0.8</scale>
                <heading>0</heading>
                <Icon id="3638">
                    <href>http://maps.google.com/mapfiles/kml/paddle/wht-circle.png</href>
                </Icon>
            </IconStyle>
        </Style>
        <Style id="3641">
            <IconStyle id="3642">
                <color>ffff0000</color>
                <colorMode>normal</colorMode>
                <scale>0.8</scale>
                <heading>0</heading>
                <Icon id="3643">
                    <href>http://maps.google.com/mapfiles/kml/paddle/wht-circle.png</href>
                </Icon>
            </IconStyle>
        </Style>
        <Style id="3646">
            <IconStyle id="3647">
                <color>ffff0000</color>
                <colorMode>normal</colorMode>
                <scale>0.8</scale>
                <heading>0</heading>
                <Icon id="3648">
                    <href>http://maps.google.com/mapfiles/kml/paddle/wht-circle.png</href>
                </Icon>
            </IconStyle>
        </Style>
        <Style id="3651">
            <IconStyle id="3652">
                <color>ffff0000</color>
                <colorMode>normal</colorMode>
                <scale>0.8</scale>
                <heading>0</heading>
                <Icon id="3653">
                    <href>http://maps.google.com/mapfiles/kml/paddle/wht-circle.png</href>
                </Icon>
            </IconStyle>
        </Style>
        <Style id="3656">
            <IconStyle id="3657">
                <color>ffff0000</color>
                <colorMode>normal</colorMode>
                <scale>0.8</scale>
                <heading>0</heading>
                <Icon id="3658">
                    <href>http://maps.google.com/mapfiles/kml/paddle/wht-circle.png</href>
                </Icon>
            </IconStyle>
        </Style>
        <Style id="3661">
            <IconStyle id="3662">
                <color>ffff0000</color>
                <colorMode>normal</colorMode>
                <scale>0.8</scale>
                <heading>0</heading>
                <Icon id="3663">
                    <href>http://maps.google.com/mapfiles/kml/paddle/wht-circle.png</href>
                </Icon>
            </IconStyle>
        </Style>
        <Style id="3666">
            <IconStyle id="3667">
                <color>ffff0000</color>
                <colorMode>normal</colorMode>
                <scale>0.8</scale>
                <heading>0</heading>
                <Icon id="3668">
                    <href>http://maps.google.com/mapfiles/kml/paddle/wht-circle.png</href>
                </Icon>
            </IconStyle>
        </Style>
        <Style id="3671">
            <IconStyle id="3672">
                <color>ffff0000</color>
                <colorMode>normal</colorMode>
                <scale>0.8</scale>
                <heading>0</heading>
                <Icon id="3673">
                    <href>http://maps.google.com/mapfiles/kml/paddle/wht-circle.png</href>
                </Icon>
            </IconStyle>
        </Style>
        <Style id="3676">
            <IconStyle id="3677">
                <color>ffff0000</color>
                <colorMode>normal</colorMode>
                <scale>0.8</scale>
                <heading>0</heading>
                <Icon id="3678">
                    <href>http://maps.google.com/mapfiles/kml/paddle/wht-circle.png</href>
                </Icon>
            </IconStyle>
        </Style>
        <Style id="3681">
            <IconStyle id="3682">
                <color>ffff0000</color>
                <colorMode>normal</colorMode>
                <scale>0.8</scale>
                <heading>0</heading>
                <Icon id="3683">
                    <href>http://maps.google.com/mapfiles/kml/paddle/wht-circle.png</href>
                </Icon>
            </IconStyle>
        </Style>
        <Style id="3686">
            <IconStyle id="3687">
                <color>ffff0000</color>
                <colorMode>normal</colorMode>
                <scale>0.8</scale>
                <heading>0</heading>
                <Icon id="3688">
                    <href>http://maps.google.com/mapfiles/kml/paddle/wht-circle.png</href>
                </Icon>
            </IconStyle>
        </Style>
        <Style id="3691">
            <IconStyle id="3692">
                <color>ffff0000</color>
                <colorMode>normal</colorMode>
                <scale>0.8</scale>
                <heading>0</heading>
                <Icon id="3693">
                    <href>http://maps.google.com/mapfiles/kml/paddle/wht-circle.png</href>
                </Icon>
            </IconStyle>
        </Style>
        <Style id="3696">
            <IconStyle id="3697">
                <color>ffff0000</color>
                <colorMode>normal</colorMode>
                <scale>0.8</scale>
                <heading>0</heading>
                <Icon id="3698">
                    <href>http://maps.google.com/mapfiles/kml/paddle/wht-circle.png</href>
                </Icon>
            </IconStyle>
        </Style>
        <Style id="3701">
            <IconStyle id="3702">
                <color>ffff0000</color>
                <colorMode>normal</colorMode>
                <scale>0.8</scale>
                <heading>0</heading>
                <Icon id="3703">
                    <href>http://maps.google.com/mapfiles/kml/paddle/wht-circle.png</href>
                </Icon>
            </IconStyle>
        </Style>
        <Style id="3706">
            <IconStyle id="3707">
                <color>ffff0000</color>
                <colorMode>normal</colorMode>
                <scale>0.8</scale>
                <heading>0</heading>
                <Icon id="3708">
                    <href>http://maps.google.com/mapfiles/kml/paddle/wht-circle.png</href>
                </Icon>
            </IconStyle>
        </Style>
        <Style id="3711">
            <IconStyle id="3712">
                <color>ffff0000</color>
                <colorMode>normal</colorMode>
                <scale>0.8</scale>
                <heading>0</heading>
                <Icon id="3713">
                    <href>http://maps.google.com/mapfiles/kml/paddle/wht-circle.png</href>
                </Icon>
            </IconStyle>
        </Style>
        <Style id="3716">
            <IconStyle id="3717">
                <color>ffff0000</color>
                <colorMode>normal</colorMode>
                <scale>0.8</scale>
                <heading>0</heading>
                <Icon id="3718">
                    <href>http://maps.google.com/mapfiles/kml/paddle/wht-circle.png</href>
                </Icon>
            </IconStyle>
        </Style>
        <Style id="3721">
            <IconStyle id="3722">
                <color>ffff0000</color>
                <colorMode>normal</colorMode>
                <scale>0.8</scale>
                <heading>0</heading>
                <Icon id="3723">
                    <href>http://maps.google.com/mapfiles/kml/paddle/wht-circle.png</href>
                </Icon>
            </IconStyle>
        </Style>
        <Style id="3726">
            <IconStyle id="3727">
                <color>ffff0000</color>
                <colorMode>normal</colorMode>
                <scale>0.8</scale>
                <heading>0</heading>
                <Icon id="3728">
                    <href>http://maps.google.com/mapfiles/kml/paddle/wht-circle.png</href>
                </Icon>
            </IconStyle>
        </Style>
        <Style id="3731">
            <IconStyle id="3732">
                <color>ffff0000</color>
                <colorMode>normal</colorMode>
                <scale>0.8</scale>
                <heading>0</heading>
                <Icon id="3733">
                    <href>http://maps.google.com/mapfiles/kml/paddle/wht-circle.png</href>
                </Icon>
            </IconStyle>
        </Style>
        <Style id="3736">
            <IconStyle id="3737">
                <color>ffff0000</color>
                <colorMode>normal</colorMode>
                <scale>0.8</scale>
                <heading>0</heading>
                <Icon id="3738">
                    <href>http://maps.google.com/mapfiles/kml/paddle/wht-circle.png</href>
                </Icon>
            </IconStyle>
        </Style>
        <Style id="3741">
            <IconStyle id="3742">
                <color>ffff0000</color>
                <colorMode>normal</colorMode>
                <scale>0.8</scale>
                <heading>0</heading>
                <Icon id="3743">
                    <href>http://maps.google.com/mapfiles/kml/paddle/wht-circle.png</href>
                </Icon>
            </IconStyle>
        </Style>
        <Style id="3746">
            <IconStyle id="3747">
                <color>ffff0000</color>
                <colorMode>normal</colorMode>
                <scale>0.8</scale>
                <heading>0</heading>
                <Icon id="3748">
                    <href>http://maps.google.com/mapfiles/kml/paddle/wht-circle.png</href>
                </Icon>
            </IconStyle>
        </Style>
        <Style id="3751">
            <IconStyle id="3752">
                <color>ffff0000</color>
                <colorMode>normal</colorMode>
                <scale>0.8</scale>
                <heading>0</heading>
                <Icon id="3753">
                    <href>http://maps.google.com/mapfiles/kml/paddle/wht-circle.png</href>
                </Icon>
            </IconStyle>
        </Style>
        <Style id="3756">
            <IconStyle id="3757">
                <color>ffff0000</color>
                <colorMode>normal</colorMode>
                <scale>0.8</scale>
                <heading>0</heading>
                <Icon id="3758">
                    <href>http://maps.google.com/mapfiles/kml/paddle/wht-circle.png</href>
                </Icon>
            </IconStyle>
        </Style>
        <Style id="3761">
            <IconStyle id="3762">
                <color>ffff0000</color>
                <colorMode>normal</colorMode>
                <scale>0.8</scale>
                <heading>0</heading>
                <Icon id="3763">
                    <href>http://maps.google.com/mapfiles/kml/paddle/wht-circle.png</href>
                </Icon>
            </IconStyle>
        </Style>
        <Style id="3766">
            <IconStyle id="3767">
                <color>ffff0000</color>
                <colorMode>normal</colorMode>
                <scale>0.8</scale>
                <heading>0</heading>
                <Icon id="3768">
                    <href>http://maps.google.com/mapfiles/kml/paddle/wht-circle.png</href>
                </Icon>
            </IconStyle>
        </Style>
        <Style id="3771">
            <IconStyle id="3772">
                <color>ffff0000</color>
                <colorMode>normal</colorMode>
                <scale>0.8</scale>
                <heading>0</heading>
                <Icon id="3773">
                    <href>http://maps.google.com/mapfiles/kml/paddle/wht-circle.png</href>
                </Icon>
            </IconStyle>
        </Style>
        <Style id="3776">
            <IconStyle id="3777">
                <color>ffff0000</color>
                <colorMode>normal</colorMode>
                <scale>0.8</scale>
                <heading>0</heading>
                <Icon id="3778">
                    <href>http://maps.google.com/mapfiles/kml/paddle/wht-circle.png</href>
                </Icon>
            </IconStyle>
        </Style>
        <Style id="3781">
            <IconStyle id="3782">
                <color>ffff0000</color>
                <colorMode>normal</colorMode>
                <scale>0.8</scale>
                <heading>0</heading>
                <Icon id="3783">
                    <href>http://maps.google.com/mapfiles/kml/paddle/wht-circle.png</href>
                </Icon>
            </IconStyle>
        </Style>
        <Style id="3786">
            <IconStyle id="3787">
                <color>ffff0000</color>
                <colorMode>normal</colorMode>
                <scale>0.8</scale>
                <heading>0</heading>
                <Icon id="3788">
                    <href>http://maps.google.com/mapfiles/kml/paddle/wht-circle.png</href>
                </Icon>
            </IconStyle>
        </Style>
        <Style id="3791">
            <IconStyle id="3792">
                <color>ffff0000</color>
                <colorMode>normal</colorMode>
                <scale>0.8</scale>
                <heading>0</heading>
                <Icon id="3793">
                    <href>http://maps.google.com/mapfiles/kml/paddle/wht-circle.png</href>
                </Icon>
            </IconStyle>
        </Style>
        <Style id="3796">
            <IconStyle id="3797">
                <color>ffff0000</color>
                <colorMode>normal</colorMode>
                <scale>0.8</scale>
                <heading>0</heading>
                <Icon id="3798">
                    <href>http://maps.google.com/mapfiles/kml/paddle/wht-circle.png</href>
                </Icon>
            </IconStyle>
        </Style>
        <Style id="3801">
            <IconStyle id="3802">
                <color>ffff0000</color>
                <colorMode>normal</colorMode>
                <scale>0.8</scale>
                <heading>0</heading>
                <Icon id="3803">
                    <href>http://maps.google.com/mapfiles/kml/paddle/wht-circle.png</href>
                </Icon>
            </IconStyle>
        </Style>
        <Style id="3806">
            <IconStyle id="3807">
                <color>ffff0000</color>
                <colorMode>normal</colorMode>
                <scale>0.8</scale>
                <heading>0</heading>
                <Icon id="3808">
                    <href>http://maps.google.com/mapfiles/kml/paddle/wht-circle.png</href>
                </Icon>
            </IconStyle>
        </Style>
        <Style id="3811">
            <IconStyle id="3812">
                <color>ffff0000</color>
                <colorMode>normal</colorMode>
                <scale>0.8</scale>
                <heading>0</heading>
                <Icon id="3813">
                    <href>http://maps.google.com/mapfiles/kml/paddle/wht-circle.png</href>
                </Icon>
            </IconStyle>
        </Style>
        <Style id="3816">
            <IconStyle id="3817">
                <color>ffff0000</color>
                <colorMode>normal</colorMode>
                <scale>0.8</scale>
                <heading>0</heading>
                <Icon id="3818">
                    <href>http://maps.google.com/mapfiles/kml/paddle/wht-circle.png</href>
                </Icon>
            </IconStyle>
        </Style>
        <Style id="3821">
            <IconStyle id="3822">
                <color>ffff0000</color>
                <colorMode>normal</colorMode>
                <scale>0.8</scale>
                <heading>0</heading>
                <Icon id="3823">
                    <href>http://maps.google.com/mapfiles/kml/paddle/wht-circle.png</href>
                </Icon>
            </IconStyle>
        </Style>
        <Style id="3826">
            <IconStyle id="3827">
                <color>ffff0000</color>
                <colorMode>normal</colorMode>
                <scale>0.8</scale>
                <heading>0</heading>
                <Icon id="3828">
                    <href>http://maps.google.com/mapfiles/kml/paddle/wht-circle.png</href>
                </Icon>
            </IconStyle>
        </Style>
        <Style id="3831">
            <IconStyle id="3832">
                <color>ffff0000</color>
                <colorMode>normal</colorMode>
                <scale>0.8</scale>
                <heading>0</heading>
                <Icon id="3833">
                    <href>http://maps.google.com/mapfiles/kml/paddle/wht-circle.png</href>
                </Icon>
            </IconStyle>
        </Style>
        <Style id="3836">
            <IconStyle id="3837">
                <color>ffff0000</color>
                <colorMode>normal</colorMode>
                <scale>0.8</scale>
                <heading>0</heading>
                <Icon id="3838">
                    <href>http://maps.google.com/mapfiles/kml/paddle/wht-circle.png</href>
                </Icon>
            </IconStyle>
        </Style>
        <Style id="3841">
            <IconStyle id="3842">
                <color>ffff0000</color>
                <colorMode>normal</colorMode>
                <scale>0.8</scale>
                <heading>0</heading>
                <Icon id="3843">
                    <href>http://maps.google.com/mapfiles/kml/paddle/wht-circle.png</href>
                </Icon>
            </IconStyle>
        </Style>
        <Style id="3846">
            <IconStyle id="3847">
                <color>ffff0000</color>
                <colorMode>normal</colorMode>
                <scale>0.8</scale>
                <heading>0</heading>
                <Icon id="3848">
                    <href>http://maps.google.com/mapfiles/kml/paddle/wht-circle.png</href>
                </Icon>
            </IconStyle>
        </Style>
        <Style id="3851">
            <IconStyle id="3852">
                <color>ffff0000</color>
                <colorMode>normal</colorMode>
                <scale>0.8</scale>
                <heading>0</heading>
                <Icon id="3853">
                    <href>http://maps.google.com/mapfiles/kml/paddle/wht-circle.png</href>
                </Icon>
            </IconStyle>
        </Style>
        <Style id="3856">
            <IconStyle id="3857">
                <color>ffff0000</color>
                <colorMode>normal</colorMode>
                <scale>0.8</scale>
                <heading>0</heading>
                <Icon id="3858">
                    <href>http://maps.google.com/mapfiles/kml/paddle/wht-circle.png</href>
                </Icon>
            </IconStyle>
        </Style>
        <Style id="3861">
            <IconStyle id="3862">
                <color>ffff0000</color>
                <colorMode>normal</colorMode>
                <scale>0.8</scale>
                <heading>0</heading>
                <Icon id="3863">
                    <href>http://maps.google.com/mapfiles/kml/paddle/wht-circle.png</href>
                </Icon>
            </IconStyle>
        </Style>
        <Style id="3866">
            <IconStyle id="3867">
                <color>ffff0000</color>
                <colorMode>normal</colorMode>
                <scale>0.8</scale>
                <heading>0</heading>
                <Icon id="3868">
                    <href>http://maps.google.com/mapfiles/kml/paddle/wht-circle.png</href>
                </Icon>
            </IconStyle>
        </Style>
        <Style id="3871">
            <IconStyle id="3872">
                <color>ffff0000</color>
                <colorMode>normal</colorMode>
                <scale>0.8</scale>
                <heading>0</heading>
                <Icon id="3873">
                    <href>http://maps.google.com/mapfiles/kml/paddle/wht-circle.png</href>
                </Icon>
            </IconStyle>
        </Style>
        <Style id="3876">
            <IconStyle id="3877">
                <color>ffff0000</color>
                <colorMode>normal</colorMode>
                <scale>0.8</scale>
                <heading>0</heading>
                <Icon id="3878">
                    <href>http://maps.google.com/mapfiles/kml/paddle/wht-circle.png</href>
                </Icon>
            </IconStyle>
        </Style>
        <Style id="3881">
            <IconStyle id="3882">
                <color>ffff0000</color>
                <colorMode>normal</colorMode>
                <scale>0.8</scale>
                <heading>0</heading>
                <Icon id="3883">
                    <href>http://maps.google.com/mapfiles/kml/paddle/wht-circle.png</href>
                </Icon>
            </IconStyle>
        </Style>
        <Style id="3886">
            <IconStyle id="3887">
                <color>ffff0000</color>
                <colorMode>normal</colorMode>
                <scale>0.8</scale>
                <heading>0</heading>
                <Icon id="3888">
                    <href>http://maps.google.com/mapfiles/kml/paddle/wht-circle.png</href>
                </Icon>
            </IconStyle>
        </Style>
        <Style id="3891">
            <IconStyle id="3892">
                <color>ffff0000</color>
                <colorMode>normal</colorMode>
                <scale>0.8</scale>
                <heading>0</heading>
                <Icon id="3893">
                    <href>http://maps.google.com/mapfiles/kml/paddle/wht-circle.png</href>
                </Icon>
            </IconStyle>
        </Style>
        <Style id="3896">
            <IconStyle id="3897">
                <color>ffff0000</color>
                <colorMode>normal</colorMode>
                <scale>0.8</scale>
                <heading>0</heading>
                <Icon id="3898">
                    <href>http://maps.google.com/mapfiles/kml/paddle/wht-circle.png</href>
                </Icon>
            </IconStyle>
        </Style>
        <Style id="3901">
            <IconStyle id="3902">
                <color>ffff0000</color>
                <colorMode>normal</colorMode>
                <scale>0.8</scale>
                <heading>0</heading>
                <Icon id="3903">
                    <href>http://maps.google.com/mapfiles/kml/paddle/wht-circle.png</href>
                </Icon>
            </IconStyle>
        </Style>
        <Style id="3906">
            <IconStyle id="3907">
                <color>ffff0000</color>
                <colorMode>normal</colorMode>
                <scale>0.8</scale>
                <heading>0</heading>
                <Icon id="3908">
                    <href>http://maps.google.com/mapfiles/kml/paddle/wht-circle.png</href>
                </Icon>
            </IconStyle>
        </Style>
        <Style id="3911">
            <IconStyle id="3912">
                <color>ffff0000</color>
                <colorMode>normal</colorMode>
                <scale>0.8</scale>
                <heading>0</heading>
                <Icon id="3913">
                    <href>http://maps.google.com/mapfiles/kml/paddle/wht-circle.png</href>
                </Icon>
            </IconStyle>
        </Style>
        <Style id="3916">
            <IconStyle id="3917">
                <color>ffff0000</color>
                <colorMode>normal</colorMode>
                <scale>0.8</scale>
                <heading>0</heading>
                <Icon id="3918">
                    <href>http://maps.google.com/mapfiles/kml/paddle/wht-circle.png</href>
                </Icon>
            </IconStyle>
        </Style>
        <Style id="3921">
            <IconStyle id="3922">
                <color>ffff0000</color>
                <colorMode>normal</colorMode>
                <scale>0.8</scale>
                <heading>0</heading>
                <Icon id="3923">
                    <href>http://maps.google.com/mapfiles/kml/paddle/wht-circle.png</href>
                </Icon>
            </IconStyle>
        </Style>
        <Style id="3926">
            <IconStyle id="3927">
                <color>ffff0000</color>
                <colorMode>normal</colorMode>
                <scale>0.8</scale>
                <heading>0</heading>
                <Icon id="3928">
                    <href>http://maps.google.com/mapfiles/kml/paddle/wht-circle.png</href>
                </Icon>
            </IconStyle>
        </Style>
        <Style id="3931">
            <IconStyle id="3932">
                <color>ffff0000</color>
                <colorMode>normal</colorMode>
                <scale>0.8</scale>
                <heading>0</heading>
                <Icon id="3933">
                    <href>http://maps.google.com/mapfiles/kml/paddle/wht-circle.png</href>
                </Icon>
            </IconStyle>
        </Style>
        <Style id="3936">
            <IconStyle id="3937">
                <color>ffff0000</color>
                <colorMode>normal</colorMode>
                <scale>0.8</scale>
                <heading>0</heading>
                <Icon id="3938">
                    <href>http://maps.google.com/mapfiles/kml/paddle/wht-circle.png</href>
                </Icon>
            </IconStyle>
        </Style>
        <Style id="3941">
            <IconStyle id="3942">
                <color>ffff0000</color>
                <colorMode>normal</colorMode>
                <scale>0.8</scale>
                <heading>0</heading>
                <Icon id="3943">
                    <href>http://maps.google.com/mapfiles/kml/paddle/wht-circle.png</href>
                </Icon>
            </IconStyle>
        </Style>
        <Style id="3946">
            <IconStyle id="3947">
                <color>ffff0000</color>
                <colorMode>normal</colorMode>
                <scale>0.8</scale>
                <heading>0</heading>
                <Icon id="3948">
                    <href>http://maps.google.com/mapfiles/kml/paddle/wht-circle.png</href>
                </Icon>
            </IconStyle>
        </Style>
        <Style id="3951">
            <IconStyle id="3952">
                <color>ffff0000</color>
                <colorMode>normal</colorMode>
                <scale>0.8</scale>
                <heading>0</heading>
                <Icon id="3953">
                    <href>http://maps.google.com/mapfiles/kml/paddle/wht-circle.png</href>
                </Icon>
            </IconStyle>
        </Style>
        <Style id="3956">
            <IconStyle id="3957">
                <color>ffff0000</color>
                <colorMode>normal</colorMode>
                <scale>0.8</scale>
                <heading>0</heading>
                <Icon id="3958">
                    <href>http://maps.google.com/mapfiles/kml/paddle/wht-circle.png</href>
                </Icon>
            </IconStyle>
        </Style>
        <Style id="3961">
            <IconStyle id="3962">
                <color>ffff0000</color>
                <colorMode>normal</colorMode>
                <scale>0.8</scale>
                <heading>0</heading>
                <Icon id="3963">
                    <href>http://maps.google.com/mapfiles/kml/paddle/wht-circle.png</href>
                </Icon>
            </IconStyle>
        </Style>
        <Style id="3966">
            <IconStyle id="3967">
                <color>ffff0000</color>
                <colorMode>normal</colorMode>
                <scale>0.8</scale>
                <heading>0</heading>
                <Icon id="3968">
                    <href>http://maps.google.com/mapfiles/kml/paddle/wht-circle.png</href>
                </Icon>
            </IconStyle>
        </Style>
        <Style id="3971">
            <IconStyle id="3972">
                <color>ffff0000</color>
                <colorMode>normal</colorMode>
                <scale>0.8</scale>
                <heading>0</heading>
                <Icon id="3973">
                    <href>http://maps.google.com/mapfiles/kml/paddle/wht-circle.png</href>
                </Icon>
            </IconStyle>
        </Style>
        <Style id="3976">
            <IconStyle id="3977">
                <color>ffff0000</color>
                <colorMode>normal</colorMode>
                <scale>0.8</scale>
                <heading>0</heading>
                <Icon id="3978">
                    <href>http://maps.google.com/mapfiles/kml/paddle/wht-circle.png</href>
                </Icon>
            </IconStyle>
        </Style>
        <Style id="3981">
            <IconStyle id="3982">
                <color>ffff0000</color>
                <colorMode>normal</colorMode>
                <scale>0.8</scale>
                <heading>0</heading>
                <Icon id="3983">
                    <href>http://maps.google.com/mapfiles/kml/paddle/wht-circle.png</href>
                </Icon>
            </IconStyle>
        </Style>
        <Style id="3986">
            <IconStyle id="3987">
                <color>ffff0000</color>
                <colorMode>normal</colorMode>
                <scale>0.8</scale>
                <heading>0</heading>
                <Icon id="3988">
                    <href>http://maps.google.com/mapfiles/kml/paddle/wht-circle.png</href>
                </Icon>
            </IconStyle>
        </Style>
        <Style id="3991">
            <IconStyle id="3992">
                <color>ffff0000</color>
                <colorMode>normal</colorMode>
                <scale>0.8</scale>
                <heading>0</heading>
                <Icon id="3993">
                    <href>http://maps.google.com/mapfiles/kml/paddle/wht-circle.png</href>
                </Icon>
            </IconStyle>
        </Style>
        <Style id="3996">
            <IconStyle id="3997">
                <color>ffff0000</color>
                <colorMode>normal</colorMode>
                <scale>0.8</scale>
                <heading>0</heading>
                <Icon id="3998">
                    <href>http://maps.google.com/mapfiles/kml/paddle/wht-circle.png</href>
                </Icon>
            </IconStyle>
        </Style>
        <Style id="4001">
            <IconStyle id="4002">
                <color>ffff0000</color>
                <colorMode>normal</colorMode>
                <scale>0.8</scale>
                <heading>0</heading>
                <Icon id="4003">
                    <href>http://maps.google.com/mapfiles/kml/paddle/wht-circle.png</href>
                </Icon>
            </IconStyle>
        </Style>
        <Style id="4006">
            <IconStyle id="4007">
                <color>ffff0000</color>
                <colorMode>normal</colorMode>
                <scale>0.8</scale>
                <heading>0</heading>
                <Icon id="4008">
                    <href>http://maps.google.com/mapfiles/kml/paddle/wht-circle.png</href>
                </Icon>
            </IconStyle>
        </Style>
        <Style id="4011">
            <IconStyle id="4012">
                <color>ffff0000</color>
                <colorMode>normal</colorMode>
                <scale>0.8</scale>
                <heading>0</heading>
                <Icon id="4013">
                    <href>http://maps.google.com/mapfiles/kml/paddle/wht-circle.png</href>
                </Icon>
            </IconStyle>
        </Style>
        <Style id="4016">
            <IconStyle id="4017">
                <color>ffff0000</color>
                <colorMode>normal</colorMode>
                <scale>0.8</scale>
                <heading>0</heading>
                <Icon id="4018">
                    <href>http://maps.google.com/mapfiles/kml/paddle/wht-circle.png</href>
                </Icon>
            </IconStyle>
        </Style>
        <Style id="4021">
            <IconStyle id="4022">
                <color>ffff0000</color>
                <colorMode>normal</colorMode>
                <scale>0.8</scale>
                <heading>0</heading>
                <Icon id="4023">
                    <href>http://maps.google.com/mapfiles/kml/paddle/wht-circle.png</href>
                </Icon>
            </IconStyle>
        </Style>
        <Style id="4026">
            <IconStyle id="4027">
                <color>ffff0000</color>
                <colorMode>normal</colorMode>
                <scale>0.8</scale>
                <heading>0</heading>
                <Icon id="4028">
                    <href>http://maps.google.com/mapfiles/kml/paddle/wht-circle.png</href>
                </Icon>
            </IconStyle>
        </Style>
        <Style id="4031">
            <IconStyle id="4032">
                <color>ffff0000</color>
                <colorMode>normal</colorMode>
                <scale>0.8</scale>
                <heading>0</heading>
                <Icon id="4033">
                    <href>http://maps.google.com/mapfiles/kml/paddle/wht-circle.png</href>
                </Icon>
            </IconStyle>
        </Style>
        <Style id="4036">
            <IconStyle id="4037">
                <color>ffff0000</color>
                <colorMode>normal</colorMode>
                <scale>0.8</scale>
                <heading>0</heading>
                <Icon id="4038">
                    <href>http://maps.google.com/mapfiles/kml/paddle/wht-circle.png</href>
                </Icon>
            </IconStyle>
        </Style>
        <Style id="4041">
            <IconStyle id="4042">
                <color>ffff0000</color>
                <colorMode>normal</colorMode>
                <scale>0.8</scale>
                <heading>0</heading>
                <Icon id="4043">
                    <href>http://maps.google.com/mapfiles/kml/paddle/wht-circle.png</href>
                </Icon>
            </IconStyle>
        </Style>
        <Style id="4046">
            <IconStyle id="4047">
                <color>ffff0000</color>
                <colorMode>normal</colorMode>
                <scale>0.8</scale>
                <heading>0</heading>
                <Icon id="4048">
                    <href>http://maps.google.com/mapfiles/kml/paddle/wht-circle.png</href>
                </Icon>
            </IconStyle>
        </Style>
        <Style id="4051">
            <IconStyle id="4052">
                <color>ffff0000</color>
                <colorMode>normal</colorMode>
                <scale>0.8</scale>
                <heading>0</heading>
                <Icon id="4053">
                    <href>http://maps.google.com/mapfiles/kml/paddle/wht-circle.png</href>
                </Icon>
            </IconStyle>
        </Style>
        <Style id="4056">
            <IconStyle id="4057">
                <color>ffff0000</color>
                <colorMode>normal</colorMode>
                <scale>0.8</scale>
                <heading>0</heading>
                <Icon id="4058">
                    <href>http://maps.google.com/mapfiles/kml/paddle/wht-circle.png</href>
                </Icon>
            </IconStyle>
        </Style>
        <Style id="4061">
            <IconStyle id="4062">
                <color>ffff0000</color>
                <colorMode>normal</colorMode>
                <scale>0.8</scale>
                <heading>0</heading>
                <Icon id="4063">
                    <href>http://maps.google.com/mapfiles/kml/paddle/wht-circle.png</href>
                </Icon>
            </IconStyle>
        </Style>
        <Style id="4066">
            <IconStyle id="4067">
                <color>ffff0000</color>
                <colorMode>normal</colorMode>
                <scale>0.8</scale>
                <heading>0</heading>
                <Icon id="4068">
                    <href>http://maps.google.com/mapfiles/kml/paddle/wht-circle.png</href>
                </Icon>
            </IconStyle>
        </Style>
        <Style id="4071">
            <IconStyle id="4072">
                <color>ffff0000</color>
                <colorMode>normal</colorMode>
                <scale>0.8</scale>
                <heading>0</heading>
                <Icon id="4073">
                    <href>http://maps.google.com/mapfiles/kml/paddle/wht-circle.png</href>
                </Icon>
            </IconStyle>
        </Style>
        <Style id="4076">
            <IconStyle id="4077">
                <color>ffff0000</color>
                <colorMode>normal</colorMode>
                <scale>0.8</scale>
                <heading>0</heading>
                <Icon id="4078">
                    <href>http://maps.google.com/mapfiles/kml/paddle/wht-circle.png</href>
                </Icon>
            </IconStyle>
        </Style>
        <Style id="4081">
            <IconStyle id="4082">
                <color>ffff0000</color>
                <colorMode>normal</colorMode>
                <scale>0.8</scale>
                <heading>0</heading>
                <Icon id="4083">
                    <href>http://maps.google.com/mapfiles/kml/paddle/wht-circle.png</href>
                </Icon>
            </IconStyle>
        </Style>
        <Style id="4086">
            <IconStyle id="4087">
                <color>ffff0000</color>
                <colorMode>normal</colorMode>
                <scale>0.8</scale>
                <heading>0</heading>
                <Icon id="4088">
                    <href>http://maps.google.com/mapfiles/kml/paddle/wht-circle.png</href>
                </Icon>
            </IconStyle>
        </Style>
        <Style id="4091">
            <IconStyle id="4092">
                <color>ffff0000</color>
                <colorMode>normal</colorMode>
                <scale>0.8</scale>
                <heading>0</heading>
                <Icon id="4093">
                    <href>http://maps.google.com/mapfiles/kml/paddle/wht-circle.png</href>
                </Icon>
            </IconStyle>
        </Style>
        <Style id="4096">
            <IconStyle id="4097">
                <color>ffff0000</color>
                <colorMode>normal</colorMode>
                <scale>0.8</scale>
                <heading>0</heading>
                <Icon id="4098">
                    <href>http://maps.google.com/mapfiles/kml/paddle/wht-circle.png</href>
                </Icon>
            </IconStyle>
        </Style>
        <Style id="4101">
            <IconStyle id="4102">
                <color>ffff0000</color>
                <colorMode>normal</colorMode>
                <scale>0.8</scale>
                <heading>0</heading>
                <Icon id="4103">
                    <href>http://maps.google.com/mapfiles/kml/paddle/wht-circle.png</href>
                </Icon>
            </IconStyle>
        </Style>
        <Style id="4106">
            <IconStyle id="4107">
                <color>ffff0000</color>
                <colorMode>normal</colorMode>
                <scale>0.8</scale>
                <heading>0</heading>
                <Icon id="4108">
                    <href>http://maps.google.com/mapfiles/kml/paddle/wht-circle.png</href>
                </Icon>
            </IconStyle>
        </Style>
        <Style id="4111">
            <IconStyle id="4112">
                <color>ffff0000</color>
                <colorMode>normal</colorMode>
                <scale>0.8</scale>
                <heading>0</heading>
                <Icon id="4113">
                    <href>http://maps.google.com/mapfiles/kml/paddle/wht-circle.png</href>
                </Icon>
            </IconStyle>
        </Style>
        <Style id="4116">
            <IconStyle id="4117">
                <color>ffff0000</color>
                <colorMode>normal</colorMode>
                <scale>0.8</scale>
                <heading>0</heading>
                <Icon id="4118">
                    <href>http://maps.google.com/mapfiles/kml/paddle/wht-circle.png</href>
                </Icon>
            </IconStyle>
        </Style>
        <Style id="4121">
            <IconStyle id="4122">
                <color>ffff0000</color>
                <colorMode>normal</colorMode>
                <scale>0.8</scale>
                <heading>0</heading>
                <Icon id="4123">
                    <href>http://maps.google.com/mapfiles/kml/paddle/wht-circle.png</href>
                </Icon>
            </IconStyle>
        </Style>
        <Style id="4126">
            <IconStyle id="4127">
                <color>ffff0000</color>
                <colorMode>normal</colorMode>
                <scale>0.8</scale>
                <heading>0</heading>
                <Icon id="4128">
                    <href>http://maps.google.com/mapfiles/kml/paddle/wht-circle.png</href>
                </Icon>
            </IconStyle>
        </Style>
        <Style id="4131">
            <IconStyle id="4132">
                <color>ffff0000</color>
                <colorMode>normal</colorMode>
                <scale>0.8</scale>
                <heading>0</heading>
                <Icon id="4133">
                    <href>http://maps.google.com/mapfiles/kml/paddle/wht-circle.png</href>
                </Icon>
            </IconStyle>
        </Style>
        <Style id="4136">
            <IconStyle id="4137">
                <color>ffff0000</color>
                <colorMode>normal</colorMode>
                <scale>0.8</scale>
                <heading>0</heading>
                <Icon id="4138">
                    <href>http://maps.google.com/mapfiles/kml/paddle/wht-circle.png</href>
                </Icon>
            </IconStyle>
        </Style>
        <Style id="4141">
            <IconStyle id="4142">
                <color>ffff0000</color>
                <colorMode>normal</colorMode>
                <scale>0.8</scale>
                <heading>0</heading>
                <Icon id="4143">
                    <href>http://maps.google.com/mapfiles/kml/paddle/wht-circle.png</href>
                </Icon>
            </IconStyle>
        </Style>
        <Style id="4146">
            <IconStyle id="4147">
                <color>ffff0000</color>
                <colorMode>normal</colorMode>
                <scale>0.8</scale>
                <heading>0</heading>
                <Icon id="4148">
                    <href>http://maps.google.com/mapfiles/kml/paddle/wht-circle.png</href>
                </Icon>
            </IconStyle>
        </Style>
        <Style id="4151">
            <IconStyle id="4152">
                <color>ffff0000</color>
                <colorMode>normal</colorMode>
                <scale>0.8</scale>
                <heading>0</heading>
                <Icon id="4153">
                    <href>http://maps.google.com/mapfiles/kml/paddle/wht-circle.png</href>
                </Icon>
            </IconStyle>
        </Style>
        <Style id="4156">
            <IconStyle id="4157">
                <color>ffff0000</color>
                <colorMode>normal</colorMode>
                <scale>0.8</scale>
                <heading>0</heading>
                <Icon id="4158">
                    <href>http://maps.google.com/mapfiles/kml/paddle/wht-circle.png</href>
                </Icon>
            </IconStyle>
        </Style>
        <Style id="4161">
            <IconStyle id="4162">
                <color>ffff0000</color>
                <colorMode>normal</colorMode>
                <scale>0.8</scale>
                <heading>0</heading>
                <Icon id="4163">
                    <href>http://maps.google.com/mapfiles/kml/paddle/wht-circle.png</href>
                </Icon>
            </IconStyle>
        </Style>
        <Style id="4166">
            <IconStyle id="4167">
                <color>ffff0000</color>
                <colorMode>normal</colorMode>
                <scale>0.8</scale>
                <heading>0</heading>
                <Icon id="4168">
                    <href>http://maps.google.com/mapfiles/kml/paddle/wht-circle.png</href>
                </Icon>
            </IconStyle>
        </Style>
        <Style id="4171">
            <IconStyle id="4172">
                <color>ffff0000</color>
                <colorMode>normal</colorMode>
                <scale>0.8</scale>
                <heading>0</heading>
                <Icon id="4173">
                    <href>http://maps.google.com/mapfiles/kml/paddle/wht-circle.png</href>
                </Icon>
            </IconStyle>
        </Style>
        <Style id="4176">
            <IconStyle id="4177">
                <color>ffff0000</color>
                <colorMode>normal</colorMode>
                <scale>0.8</scale>
                <heading>0</heading>
                <Icon id="4178">
                    <href>http://maps.google.com/mapfiles/kml/paddle/wht-circle.png</href>
                </Icon>
            </IconStyle>
        </Style>
        <Style id="4181">
            <IconStyle id="4182">
                <color>ffff0000</color>
                <colorMode>normal</colorMode>
                <scale>0.8</scale>
                <heading>0</heading>
                <Icon id="4183">
                    <href>http://maps.google.com/mapfiles/kml/paddle/wht-circle.png</href>
                </Icon>
            </IconStyle>
        </Style>
        <Style id="4186">
            <IconStyle id="4187">
                <color>ffff0000</color>
                <colorMode>normal</colorMode>
                <scale>0.8</scale>
                <heading>0</heading>
                <Icon id="4188">
                    <href>http://maps.google.com/mapfiles/kml/paddle/wht-circle.png</href>
                </Icon>
            </IconStyle>
        </Style>
        <Style id="4191">
            <IconStyle id="4192">
                <color>ffff0000</color>
                <colorMode>normal</colorMode>
                <scale>0.8</scale>
                <heading>0</heading>
                <Icon id="4193">
                    <href>http://maps.google.com/mapfiles/kml/paddle/wht-circle.png</href>
                </Icon>
            </IconStyle>
        </Style>
        <Style id="4196">
            <IconStyle id="4197">
                <color>ffff0000</color>
                <colorMode>normal</colorMode>
                <scale>0.8</scale>
                <heading>0</heading>
                <Icon id="4198">
                    <href>http://maps.google.com/mapfiles/kml/paddle/wht-circle.png</href>
                </Icon>
            </IconStyle>
        </Style>
        <Style id="4201">
            <IconStyle id="4202">
                <color>ffff0000</color>
                <colorMode>normal</colorMode>
                <scale>0.8</scale>
                <heading>0</heading>
                <Icon id="4203">
                    <href>http://maps.google.com/mapfiles/kml/paddle/wht-circle.png</href>
                </Icon>
            </IconStyle>
        </Style>
        <Style id="4206">
            <IconStyle id="4207">
                <color>ffff0000</color>
                <colorMode>normal</colorMode>
                <scale>0.8</scale>
                <heading>0</heading>
                <Icon id="4208">
                    <href>http://maps.google.com/mapfiles/kml/paddle/wht-circle.png</href>
                </Icon>
            </IconStyle>
        </Style>
        <Style id="4211">
            <IconStyle id="4212">
                <color>ffff0000</color>
                <colorMode>normal</colorMode>
                <scale>0.8</scale>
                <heading>0</heading>
                <Icon id="4213">
                    <href>http://maps.google.com/mapfiles/kml/paddle/wht-circle.png</href>
                </Icon>
            </IconStyle>
        </Style>
        <Style id="4216">
            <IconStyle id="4217">
                <color>ffff0000</color>
                <colorMode>normal</colorMode>
                <scale>0.8</scale>
                <heading>0</heading>
                <Icon id="4218">
                    <href>http://maps.google.com/mapfiles/kml/paddle/wht-circle.png</href>
                </Icon>
            </IconStyle>
        </Style>
        <Style id="4221">
            <IconStyle id="4222">
                <color>ffff0000</color>
                <colorMode>normal</colorMode>
                <scale>0.8</scale>
                <heading>0</heading>
                <Icon id="4223">
                    <href>http://maps.google.com/mapfiles/kml/paddle/wht-circle.png</href>
                </Icon>
            </IconStyle>
        </Style>
        <Style id="4226">
            <IconStyle id="4227">
                <color>ffff0000</color>
                <colorMode>normal</colorMode>
                <scale>0.8</scale>
                <heading>0</heading>
                <Icon id="4228">
                    <href>http://maps.google.com/mapfiles/kml/paddle/wht-circle.png</href>
                </Icon>
            </IconStyle>
        </Style>
        <Style id="4231">
            <IconStyle id="4232">
                <color>ffff0000</color>
                <colorMode>normal</colorMode>
                <scale>0.8</scale>
                <heading>0</heading>
                <Icon id="4233">
                    <href>http://maps.google.com/mapfiles/kml/paddle/wht-circle.png</href>
                </Icon>
            </IconStyle>
        </Style>
        <Style id="4236">
            <IconStyle id="4237">
                <color>ffff0000</color>
                <colorMode>normal</colorMode>
                <scale>0.8</scale>
                <heading>0</heading>
                <Icon id="4238">
                    <href>http://maps.google.com/mapfiles/kml/paddle/wht-circle.png</href>
                </Icon>
            </IconStyle>
        </Style>
        <Style id="4241">
            <IconStyle id="4242">
                <color>ffff0000</color>
                <colorMode>normal</colorMode>
                <scale>0.8</scale>
                <heading>0</heading>
                <Icon id="4243">
                    <href>http://maps.google.com/mapfiles/kml/paddle/wht-circle.png</href>
                </Icon>
            </IconStyle>
        </Style>
        <Style id="4246">
            <IconStyle id="4247">
                <color>ffff0000</color>
                <colorMode>normal</colorMode>
                <scale>0.8</scale>
                <heading>0</heading>
                <Icon id="4248">
                    <href>http://maps.google.com/mapfiles/kml/paddle/wht-circle.png</href>
                </Icon>
            </IconStyle>
        </Style>
        <Style id="4251">
            <IconStyle id="4252">
                <color>ffff0000</color>
                <colorMode>normal</colorMode>
                <scale>0.8</scale>
                <heading>0</heading>
                <Icon id="4253">
                    <href>http://maps.google.com/mapfiles/kml/paddle/wht-circle.png</href>
                </Icon>
            </IconStyle>
        </Style>
        <Style id="4256">
            <IconStyle id="4257">
                <color>ffff0000</color>
                <colorMode>normal</colorMode>
                <scale>0.8</scale>
                <heading>0</heading>
                <Icon id="4258">
                    <href>http://maps.google.com/mapfiles/kml/paddle/wht-circle.png</href>
                </Icon>
            </IconStyle>
        </Style>
        <Style id="4261">
            <IconStyle id="4262">
                <color>ffff0000</color>
                <colorMode>normal</colorMode>
                <scale>0.8</scale>
                <heading>0</heading>
                <Icon id="4263">
                    <href>http://maps.google.com/mapfiles/kml/paddle/wht-circle.png</href>
                </Icon>
            </IconStyle>
        </Style>
        <Style id="4266">
            <IconStyle id="4267">
                <color>ffff0000</color>
                <colorMode>normal</colorMode>
                <scale>0.8</scale>
                <heading>0</heading>
                <Icon id="4268">
                    <href>http://maps.google.com/mapfiles/kml/paddle/wht-circle.png</href>
                </Icon>
            </IconStyle>
        </Style>
        <Style id="4271">
            <IconStyle id="4272">
                <color>ffff0000</color>
                <colorMode>normal</colorMode>
                <scale>0.8</scale>
                <heading>0</heading>
                <Icon id="4273">
                    <href>http://maps.google.com/mapfiles/kml/paddle/wht-circle.png</href>
                </Icon>
            </IconStyle>
        </Style>
        <Style id="4276">
            <IconStyle id="4277">
                <color>ffff0000</color>
                <colorMode>normal</colorMode>
                <scale>0.8</scale>
                <heading>0</heading>
                <Icon id="4278">
                    <href>http://maps.google.com/mapfiles/kml/paddle/wht-circle.png</href>
                </Icon>
            </IconStyle>
        </Style>
        <Style id="4281">
            <IconStyle id="4282">
                <color>ffff0000</color>
                <colorMode>normal</colorMode>
                <scale>0.8</scale>
                <heading>0</heading>
                <Icon id="4283">
                    <href>http://maps.google.com/mapfiles/kml/paddle/wht-circle.png</href>
                </Icon>
            </IconStyle>
        </Style>
        <Style id="4286">
            <IconStyle id="4287">
                <color>ffff0000</color>
                <colorMode>normal</colorMode>
                <scale>0.8</scale>
                <heading>0</heading>
                <Icon id="4288">
                    <href>http://maps.google.com/mapfiles/kml/paddle/wht-circle.png</href>
                </Icon>
            </IconStyle>
        </Style>
        <Style id="4291">
            <IconStyle id="4292">
                <color>ffff0000</color>
                <colorMode>normal</colorMode>
                <scale>0.8</scale>
                <heading>0</heading>
                <Icon id="4293">
                    <href>http://maps.google.com/mapfiles/kml/paddle/wht-circle.png</href>
                </Icon>
            </IconStyle>
        </Style>
        <Style id="4296">
            <IconStyle id="4297">
                <color>ffff0000</color>
                <colorMode>normal</colorMode>
                <scale>0.8</scale>
                <heading>0</heading>
                <Icon id="4298">
                    <href>http://maps.google.com/mapfiles/kml/paddle/wht-circle.png</href>
                </Icon>
            </IconStyle>
        </Style>
        <Style id="4301">
            <IconStyle id="4302">
                <color>ffff0000</color>
                <colorMode>normal</colorMode>
                <scale>0.8</scale>
                <heading>0</heading>
                <Icon id="4303">
                    <href>http://maps.google.com/mapfiles/kml/paddle/wht-circle.png</href>
                </Icon>
            </IconStyle>
        </Style>
        <Style id="4306">
            <IconStyle id="4307">
                <color>ffff0000</color>
                <colorMode>normal</colorMode>
                <scale>0.8</scale>
                <heading>0</heading>
                <Icon id="4308">
                    <href>http://maps.google.com/mapfiles/kml/paddle/wht-circle.png</href>
                </Icon>
            </IconStyle>
        </Style>
        <Style id="4311">
            <IconStyle id="4312">
                <color>ffff0000</color>
                <colorMode>normal</colorMode>
                <scale>0.8</scale>
                <heading>0</heading>
                <Icon id="4313">
                    <href>http://maps.google.com/mapfiles/kml/paddle/wht-circle.png</href>
                </Icon>
            </IconStyle>
        </Style>
        <Style id="4316">
            <IconStyle id="4317">
                <color>ffff0000</color>
                <colorMode>normal</colorMode>
                <scale>0.8</scale>
                <heading>0</heading>
                <Icon id="4318">
                    <href>http://maps.google.com/mapfiles/kml/paddle/wht-circle.png</href>
                </Icon>
            </IconStyle>
        </Style>
        <Style id="4321">
            <IconStyle id="4322">
                <color>ffff0000</color>
                <colorMode>normal</colorMode>
                <scale>0.8</scale>
                <heading>0</heading>
                <Icon id="4323">
                    <href>http://maps.google.com/mapfiles/kml/paddle/wht-circle.png</href>
                </Icon>
            </IconStyle>
        </Style>
        <Style id="4326">
            <IconStyle id="4327">
                <color>ffff0000</color>
                <colorMode>normal</colorMode>
                <scale>0.8</scale>
                <heading>0</heading>
                <Icon id="4328">
                    <href>http://maps.google.com/mapfiles/kml/paddle/wht-circle.png</href>
                </Icon>
            </IconStyle>
        </Style>
        <Style id="4331">
            <IconStyle id="4332">
                <color>ffff0000</color>
                <colorMode>normal</colorMode>
                <scale>0.8</scale>
                <heading>0</heading>
                <Icon id="4333">
                    <href>http://maps.google.com/mapfiles/kml/paddle/wht-circle.png</href>
                </Icon>
            </IconStyle>
        </Style>
        <Style id="4336">
            <IconStyle id="4337">
                <color>ffff0000</color>
                <colorMode>normal</colorMode>
                <scale>0.8</scale>
                <heading>0</heading>
                <Icon id="4338">
                    <href>http://maps.google.com/mapfiles/kml/paddle/wht-circle.png</href>
                </Icon>
            </IconStyle>
        </Style>
        <Style id="4341">
            <IconStyle id="4342">
                <color>ffff0000</color>
                <colorMode>normal</colorMode>
                <scale>0.8</scale>
                <heading>0</heading>
                <Icon id="4343">
                    <href>http://maps.google.com/mapfiles/kml/paddle/wht-circle.png</href>
                </Icon>
            </IconStyle>
        </Style>
        <Style id="4346">
            <IconStyle id="4347">
                <color>ffff0000</color>
                <colorMode>normal</colorMode>
                <scale>0.8</scale>
                <heading>0</heading>
                <Icon id="4348">
                    <href>http://maps.google.com/mapfiles/kml/paddle/wht-circle.png</href>
                </Icon>
            </IconStyle>
        </Style>
        <Style id="4351">
            <IconStyle id="4352">
                <color>ffff0000</color>
                <colorMode>normal</colorMode>
                <scale>0.8</scale>
                <heading>0</heading>
                <Icon id="4353">
                    <href>http://maps.google.com/mapfiles/kml/paddle/wht-circle.png</href>
                </Icon>
            </IconStyle>
        </Style>
        <Style id="4356">
            <IconStyle id="4357">
                <color>ffff0000</color>
                <colorMode>normal</colorMode>
                <scale>0.8</scale>
                <heading>0</heading>
                <Icon id="4358">
                    <href>http://maps.google.com/mapfiles/kml/paddle/wht-circle.png</href>
                </Icon>
            </IconStyle>
        </Style>
        <Style id="4361">
            <IconStyle id="4362">
                <color>ffff0000</color>
                <colorMode>normal</colorMode>
                <scale>0.8</scale>
                <heading>0</heading>
                <Icon id="4363">
                    <href>http://maps.google.com/mapfiles/kml/paddle/wht-circle.png</href>
                </Icon>
            </IconStyle>
        </Style>
        <Style id="4366">
            <IconStyle id="4367">
                <color>ffff0000</color>
                <colorMode>normal</colorMode>
                <scale>0.8</scale>
                <heading>0</heading>
                <Icon id="4368">
                    <href>http://maps.google.com/mapfiles/kml/paddle/wht-circle.png</href>
                </Icon>
            </IconStyle>
        </Style>
        <Style id="4371">
            <IconStyle id="4372">
                <color>ffff0000</color>
                <colorMode>normal</colorMode>
                <scale>0.8</scale>
                <heading>0</heading>
                <Icon id="4373">
                    <href>http://maps.google.com/mapfiles/kml/paddle/wht-circle.png</href>
                </Icon>
            </IconStyle>
        </Style>
        <Style id="4376">
            <IconStyle id="4377">
                <color>ffff0000</color>
                <colorMode>normal</colorMode>
                <scale>0.8</scale>
                <heading>0</heading>
                <Icon id="4378">
                    <href>http://maps.google.com/mapfiles/kml/paddle/wht-circle.png</href>
                </Icon>
            </IconStyle>
        </Style>
        <Style id="4381">
            <IconStyle id="4382">
                <color>ffff0000</color>
                <colorMode>normal</colorMode>
                <scale>0.8</scale>
                <heading>0</heading>
                <Icon id="4383">
                    <href>http://maps.google.com/mapfiles/kml/paddle/wht-circle.png</href>
                </Icon>
            </IconStyle>
        </Style>
        <Style id="4386">
            <IconStyle id="4387">
                <color>ffff0000</color>
                <colorMode>normal</colorMode>
                <scale>0.8</scale>
                <heading>0</heading>
                <Icon id="4388">
                    <href>http://maps.google.com/mapfiles/kml/paddle/wht-circle.png</href>
                </Icon>
            </IconStyle>
        </Style>
        <Style id="4391">
            <IconStyle id="4392">
                <color>ffff0000</color>
                <colorMode>normal</colorMode>
                <scale>0.8</scale>
                <heading>0</heading>
                <Icon id="4393">
                    <href>http://maps.google.com/mapfiles/kml/paddle/wht-circle.png</href>
                </Icon>
            </IconStyle>
        </Style>
        <Style id="4396">
            <IconStyle id="4397">
                <color>ffff0000</color>
                <colorMode>normal</colorMode>
                <scale>0.8</scale>
                <heading>0</heading>
                <Icon id="4398">
                    <href>http://maps.google.com/mapfiles/kml/paddle/wht-circle.png</href>
                </Icon>
            </IconStyle>
        </Style>
        <Style id="4401">
            <IconStyle id="4402">
                <color>ffff0000</color>
                <colorMode>normal</colorMode>
                <scale>0.8</scale>
                <heading>0</heading>
                <Icon id="4403">
                    <href>http://maps.google.com/mapfiles/kml/paddle/wht-circle.png</href>
                </Icon>
            </IconStyle>
        </Style>
        <Style id="4406">
            <IconStyle id="4407">
                <color>ffff0000</color>
                <colorMode>normal</colorMode>
                <scale>0.8</scale>
                <heading>0</heading>
                <Icon id="4408">
                    <href>http://maps.google.com/mapfiles/kml/paddle/wht-circle.png</href>
                </Icon>
            </IconStyle>
        </Style>
        <Style id="4411">
            <IconStyle id="4412">
                <color>ffff0000</color>
                <colorMode>normal</colorMode>
                <scale>0.8</scale>
                <heading>0</heading>
                <Icon id="4413">
                    <href>http://maps.google.com/mapfiles/kml/paddle/wht-circle.png</href>
                </Icon>
            </IconStyle>
        </Style>
        <Style id="4416">
            <IconStyle id="4417">
                <color>ffff0000</color>
                <colorMode>normal</colorMode>
                <scale>0.8</scale>
                <heading>0</heading>
                <Icon id="4418">
                    <href>http://maps.google.com/mapfiles/kml/paddle/wht-circle.png</href>
                </Icon>
            </IconStyle>
        </Style>
        <Style id="4421">
            <IconStyle id="4422">
                <color>ffff0000</color>
                <colorMode>normal</colorMode>
                <scale>0.8</scale>
                <heading>0</heading>
                <Icon id="4423">
                    <href>http://maps.google.com/mapfiles/kml/paddle/wht-circle.png</href>
                </Icon>
            </IconStyle>
        </Style>
        <Style id="4426">
            <IconStyle id="4427">
                <color>ffff0000</color>
                <colorMode>normal</colorMode>
                <scale>0.8</scale>
                <heading>0</heading>
                <Icon id="4428">
                    <href>http://maps.google.com/mapfiles/kml/paddle/wht-circle.png</href>
                </Icon>
            </IconStyle>
        </Style>
        <Style id="4431">
            <IconStyle id="4432">
                <color>ffff0000</color>
                <colorMode>normal</colorMode>
                <scale>0.8</scale>
                <heading>0</heading>
                <Icon id="4433">
                    <href>http://maps.google.com/mapfiles/kml/paddle/wht-circle.png</href>
                </Icon>
            </IconStyle>
        </Style>
        <Style id="4436">
            <IconStyle id="4437">
                <color>ffff0000</color>
                <colorMode>normal</colorMode>
                <scale>0.8</scale>
                <heading>0</heading>
                <Icon id="4438">
                    <href>http://maps.google.com/mapfiles/kml/paddle/wht-circle.png</href>
                </Icon>
            </IconStyle>
        </Style>
        <Style id="4441">
            <IconStyle id="4442">
                <color>ffff0000</color>
                <colorMode>normal</colorMode>
                <scale>0.8</scale>
                <heading>0</heading>
                <Icon id="4443">
                    <href>http://maps.google.com/mapfiles/kml/paddle/wht-circle.png</href>
                </Icon>
            </IconStyle>
        </Style>
        <Style id="4446">
            <IconStyle id="4447">
                <color>ffff0000</color>
                <colorMode>normal</colorMode>
                <scale>0.8</scale>
                <heading>0</heading>
                <Icon id="4448">
                    <href>http://maps.google.com/mapfiles/kml/paddle/wht-circle.png</href>
                </Icon>
            </IconStyle>
        </Style>
        <Style id="4451">
            <IconStyle id="4452">
                <color>ffff0000</color>
                <colorMode>normal</colorMode>
                <scale>0.8</scale>
                <heading>0</heading>
                <Icon id="4453">
                    <href>http://maps.google.com/mapfiles/kml/paddle/wht-circle.png</href>
                </Icon>
            </IconStyle>
        </Style>
        <Style id="4456">
            <IconStyle id="4457">
                <color>ffff0000</color>
                <colorMode>normal</colorMode>
                <scale>0.8</scale>
                <heading>0</heading>
                <Icon id="4458">
                    <href>http://maps.google.com/mapfiles/kml/paddle/wht-circle.png</href>
                </Icon>
            </IconStyle>
        </Style>
        <Style id="4461">
            <IconStyle id="4462">
                <color>ffff0000</color>
                <colorMode>normal</colorMode>
                <scale>0.8</scale>
                <heading>0</heading>
                <Icon id="4463">
                    <href>http://maps.google.com/mapfiles/kml/paddle/wht-circle.png</href>
                </Icon>
            </IconStyle>
        </Style>
        <Style id="4466">
            <IconStyle id="4467">
                <color>ffff0000</color>
                <colorMode>normal</colorMode>
                <scale>0.8</scale>
                <heading>0</heading>
                <Icon id="4468">
                    <href>http://maps.google.com/mapfiles/kml/paddle/wht-circle.png</href>
                </Icon>
            </IconStyle>
        </Style>
        <Style id="4471">
            <IconStyle id="4472">
                <color>ffff0000</color>
                <colorMode>normal</colorMode>
                <scale>0.8</scale>
                <heading>0</heading>
                <Icon id="4473">
                    <href>http://maps.google.com/mapfiles/kml/paddle/wht-circle.png</href>
                </Icon>
            </IconStyle>
        </Style>
        <Style id="4476">
            <IconStyle id="4477">
                <color>ffff0000</color>
                <colorMode>normal</colorMode>
                <scale>0.8</scale>
                <heading>0</heading>
                <Icon id="4478">
                    <href>http://maps.google.com/mapfiles/kml/paddle/wht-circle.png</href>
                </Icon>
            </IconStyle>
        </Style>
        <Style id="4481">
            <IconStyle id="4482">
                <color>ffff0000</color>
                <colorMode>normal</colorMode>
                <scale>0.8</scale>
                <heading>0</heading>
                <Icon id="4483">
                    <href>http://maps.google.com/mapfiles/kml/paddle/wht-circle.png</href>
                </Icon>
            </IconStyle>
        </Style>
        <Style id="4486">
            <IconStyle id="4487">
                <color>ffff0000</color>
                <colorMode>normal</colorMode>
                <scale>0.8</scale>
                <heading>0</heading>
                <Icon id="4488">
                    <href>http://maps.google.com/mapfiles/kml/paddle/wht-circle.png</href>
                </Icon>
            </IconStyle>
        </Style>
        <Style id="4491">
            <IconStyle id="4492">
                <color>ffff0000</color>
                <colorMode>normal</colorMode>
                <scale>0.8</scale>
                <heading>0</heading>
                <Icon id="4493">
                    <href>http://maps.google.com/mapfiles/kml/paddle/wht-circle.png</href>
                </Icon>
            </IconStyle>
        </Style>
        <Style id="4496">
            <IconStyle id="4497">
                <color>ffff0000</color>
                <colorMode>normal</colorMode>
                <scale>0.8</scale>
                <heading>0</heading>
                <Icon id="4498">
                    <href>http://maps.google.com/mapfiles/kml/paddle/wht-circle.png</href>
                </Icon>
            </IconStyle>
        </Style>
        <Style id="4501">
            <IconStyle id="4502">
                <color>ffff0000</color>
                <colorMode>normal</colorMode>
                <scale>0.8</scale>
                <heading>0</heading>
                <Icon id="4503">
                    <href>http://maps.google.com/mapfiles/kml/paddle/wht-circle.png</href>
                </Icon>
            </IconStyle>
        </Style>
        <Style id="4506">
            <IconStyle id="4507">
                <color>ffff0000</color>
                <colorMode>normal</colorMode>
                <scale>0.8</scale>
                <heading>0</heading>
                <Icon id="4508">
                    <href>http://maps.google.com/mapfiles/kml/paddle/wht-circle.png</href>
                </Icon>
            </IconStyle>
        </Style>
        <Style id="4511">
            <IconStyle id="4512">
                <color>ffff0000</color>
                <colorMode>normal</colorMode>
                <scale>0.8</scale>
                <heading>0</heading>
                <Icon id="4513">
                    <href>http://maps.google.com/mapfiles/kml/paddle/wht-circle.png</href>
                </Icon>
            </IconStyle>
        </Style>
        <Style id="4516">
            <IconStyle id="4517">
                <color>ffff0000</color>
                <colorMode>normal</colorMode>
                <scale>0.8</scale>
                <heading>0</heading>
                <Icon id="4518">
                    <href>http://maps.google.com/mapfiles/kml/paddle/wht-circle.png</href>
                </Icon>
            </IconStyle>
        </Style>
        <Style id="4521">
            <IconStyle id="4522">
                <color>ffff0000</color>
                <colorMode>normal</colorMode>
                <scale>0.8</scale>
                <heading>0</heading>
                <Icon id="4523">
                    <href>http://maps.google.com/mapfiles/kml/paddle/wht-circle.png</href>
                </Icon>
            </IconStyle>
        </Style>
        <Style id="4526">
            <IconStyle id="4527">
                <color>ffff0000</color>
                <colorMode>normal</colorMode>
                <scale>0.8</scale>
                <heading>0</heading>
                <Icon id="4528">
                    <href>http://maps.google.com/mapfiles/kml/paddle/wht-circle.png</href>
                </Icon>
            </IconStyle>
        </Style>
        <Style id="4531">
            <IconStyle id="4532">
                <color>ffff0000</color>
                <colorMode>normal</colorMode>
                <scale>0.8</scale>
                <heading>0</heading>
                <Icon id="4533">
                    <href>http://maps.google.com/mapfiles/kml/paddle/wht-circle.png</href>
                </Icon>
            </IconStyle>
        </Style>
        <Style id="4536">
            <IconStyle id="4537">
                <color>ffff0000</color>
                <colorMode>normal</colorMode>
                <scale>0.8</scale>
                <heading>0</heading>
                <Icon id="4538">
                    <href>http://maps.google.com/mapfiles/kml/paddle/wht-circle.png</href>
                </Icon>
            </IconStyle>
        </Style>
        <Style id="4541">
            <IconStyle id="4542">
                <color>ffff0000</color>
                <colorMode>normal</colorMode>
                <scale>0.8</scale>
                <heading>0</heading>
                <Icon id="4543">
                    <href>http://maps.google.com/mapfiles/kml/paddle/wht-circle.png</href>
                </Icon>
            </IconStyle>
        </Style>
        <Style id="4546">
            <IconStyle id="4547">
                <color>ffff0000</color>
                <colorMode>normal</colorMode>
                <scale>0.8</scale>
                <heading>0</heading>
                <Icon id="4548">
                    <href>http://maps.google.com/mapfiles/kml/paddle/wht-circle.png</href>
                </Icon>
            </IconStyle>
        </Style>
        <Style id="4551">
            <IconStyle id="4552">
                <color>ffff0000</color>
                <colorMode>normal</colorMode>
                <scale>0.8</scale>
                <heading>0</heading>
                <Icon id="4553">
                    <href>http://maps.google.com/mapfiles/kml/paddle/wht-circle.png</href>
                </Icon>
            </IconStyle>
        </Style>
        <Style id="4556">
            <IconStyle id="4557">
                <color>ffff0000</color>
                <colorMode>normal</colorMode>
                <scale>0.8</scale>
                <heading>0</heading>
                <Icon id="4558">
                    <href>http://maps.google.com/mapfiles/kml/paddle/wht-circle.png</href>
                </Icon>
            </IconStyle>
        </Style>
        <Style id="4561">
            <IconStyle id="4562">
                <color>ffff0000</color>
                <colorMode>normal</colorMode>
                <scale>0.8</scale>
                <heading>0</heading>
                <Icon id="4563">
                    <href>http://maps.google.com/mapfiles/kml/paddle/wht-circle.png</href>
                </Icon>
            </IconStyle>
        </Style>
        <Style id="4566">
            <IconStyle id="4567">
                <color>ffff0000</color>
                <colorMode>normal</colorMode>
                <scale>0.8</scale>
                <heading>0</heading>
                <Icon id="4568">
                    <href>http://maps.google.com/mapfiles/kml/paddle/wht-circle.png</href>
                </Icon>
            </IconStyle>
        </Style>
        <Style id="4571">
            <IconStyle id="4572">
                <color>ffff0000</color>
                <colorMode>normal</colorMode>
                <scale>0.8</scale>
                <heading>0</heading>
                <Icon id="4573">
                    <href>http://maps.google.com/mapfiles/kml/paddle/wht-circle.png</href>
                </Icon>
            </IconStyle>
        </Style>
        <Style id="4576">
            <IconStyle id="4577">
                <color>ffff0000</color>
                <colorMode>normal</colorMode>
                <scale>0.8</scale>
                <heading>0</heading>
                <Icon id="4578">
                    <href>http://maps.google.com/mapfiles/kml/paddle/wht-circle.png</href>
                </Icon>
            </IconStyle>
        </Style>
        <Style id="4581">
            <IconStyle id="4582">
                <color>ffff0000</color>
                <colorMode>normal</colorMode>
                <scale>0.8</scale>
                <heading>0</heading>
                <Icon id="4583">
                    <href>http://maps.google.com/mapfiles/kml/paddle/wht-circle.png</href>
                </Icon>
            </IconStyle>
        </Style>
        <Style id="4586">
            <IconStyle id="4587">
                <color>ffff0000</color>
                <colorMode>normal</colorMode>
                <scale>0.8</scale>
                <heading>0</heading>
                <Icon id="4588">
                    <href>http://maps.google.com/mapfiles/kml/paddle/wht-circle.png</href>
                </Icon>
            </IconStyle>
        </Style>
        <Style id="4591">
            <IconStyle id="4592">
                <color>ffff0000</color>
                <colorMode>normal</colorMode>
                <scale>0.8</scale>
                <heading>0</heading>
                <Icon id="4593">
                    <href>http://maps.google.com/mapfiles/kml/paddle/wht-circle.png</href>
                </Icon>
            </IconStyle>
        </Style>
        <Style id="4596">
            <IconStyle id="4597">
                <color>ffff0000</color>
                <colorMode>normal</colorMode>
                <scale>0.8</scale>
                <heading>0</heading>
                <Icon id="4598">
                    <href>http://maps.google.com/mapfiles/kml/paddle/wht-circle.png</href>
                </Icon>
            </IconStyle>
        </Style>
        <Style id="4601">
            <IconStyle id="4602">
                <color>ffff0000</color>
                <colorMode>normal</colorMode>
                <scale>0.8</scale>
                <heading>0</heading>
                <Icon id="4603">
                    <href>http://maps.google.com/mapfiles/kml/paddle/wht-circle.png</href>
                </Icon>
            </IconStyle>
        </Style>
        <Style id="4606">
            <IconStyle id="4607">
                <color>ffff0000</color>
                <colorMode>normal</colorMode>
                <scale>0.8</scale>
                <heading>0</heading>
                <Icon id="4608">
                    <href>http://maps.google.com/mapfiles/kml/paddle/wht-circle.png</href>
                </Icon>
            </IconStyle>
        </Style>
        <Style id="4611">
            <IconStyle id="4612">
                <color>ffff0000</color>
                <colorMode>normal</colorMode>
                <scale>0.8</scale>
                <heading>0</heading>
                <Icon id="4613">
                    <href>http://maps.google.com/mapfiles/kml/paddle/wht-circle.png</href>
                </Icon>
            </IconStyle>
        </Style>
        <Style id="4616">
            <IconStyle id="4617">
                <color>ffff0000</color>
                <colorMode>normal</colorMode>
                <scale>0.8</scale>
                <heading>0</heading>
                <Icon id="4618">
                    <href>http://maps.google.com/mapfiles/kml/paddle/wht-circle.png</href>
                </Icon>
            </IconStyle>
        </Style>
        <Style id="4621">
            <IconStyle id="4622">
                <color>ffff0000</color>
                <colorMode>normal</colorMode>
                <scale>0.8</scale>
                <heading>0</heading>
                <Icon id="4623">
                    <href>http://maps.google.com/mapfiles/kml/paddle/wht-circle.png</href>
                </Icon>
            </IconStyle>
        </Style>
        <Style id="4626">
            <IconStyle id="4627">
                <color>ffff0000</color>
                <colorMode>normal</colorMode>
                <scale>0.8</scale>
                <heading>0</heading>
                <Icon id="4628">
                    <href>http://maps.google.com/mapfiles/kml/paddle/wht-circle.png</href>
                </Icon>
            </IconStyle>
        </Style>
        <Style id="4631">
            <IconStyle id="4632">
                <color>ffff0000</color>
                <colorMode>normal</colorMode>
                <scale>0.8</scale>
                <heading>0</heading>
                <Icon id="4633">
                    <href>http://maps.google.com/mapfiles/kml/paddle/wht-circle.png</href>
                </Icon>
            </IconStyle>
        </Style>
        <Style id="4636">
            <IconStyle id="4637">
                <color>ffff0000</color>
                <colorMode>normal</colorMode>
                <scale>0.8</scale>
                <heading>0</heading>
                <Icon id="4638">
                    <href>http://maps.google.com/mapfiles/kml/paddle/wht-circle.png</href>
                </Icon>
            </IconStyle>
        </Style>
        <Style id="4641">
            <IconStyle id="4642">
                <color>ffff0000</color>
                <colorMode>normal</colorMode>
                <scale>0.8</scale>
                <heading>0</heading>
                <Icon id="4643">
                    <href>http://maps.google.com/mapfiles/kml/paddle/wht-circle.png</href>
                </Icon>
            </IconStyle>
        </Style>
        <Style id="4646">
            <IconStyle id="4647">
                <color>ffff0000</color>
                <colorMode>normal</colorMode>
                <scale>0.8</scale>
                <heading>0</heading>
                <Icon id="4648">
                    <href>http://maps.google.com/mapfiles/kml/paddle/wht-circle.png</href>
                </Icon>
            </IconStyle>
        </Style>
        <Style id="4651">
            <IconStyle id="4652">
                <color>ffff0000</color>
                <colorMode>normal</colorMode>
                <scale>0.8</scale>
                <heading>0</heading>
                <Icon id="4653">
                    <href>http://maps.google.com/mapfiles/kml/paddle/wht-circle.png</href>
                </Icon>
            </IconStyle>
        </Style>
        <Style id="4656">
            <IconStyle id="4657">
                <color>ffff0000</color>
                <colorMode>normal</colorMode>
                <scale>0.8</scale>
                <heading>0</heading>
                <Icon id="4658">
                    <href>http://maps.google.com/mapfiles/kml/paddle/wht-circle.png</href>
                </Icon>
            </IconStyle>
        </Style>
        <Style id="4661">
            <IconStyle id="4662">
                <color>ffff0000</color>
                <colorMode>normal</colorMode>
                <scale>0.8</scale>
                <heading>0</heading>
                <Icon id="4663">
                    <href>http://maps.google.com/mapfiles/kml/paddle/wht-circle.png</href>
                </Icon>
            </IconStyle>
        </Style>
        <Style id="4666">
            <IconStyle id="4667">
                <color>ffff0000</color>
                <colorMode>normal</colorMode>
                <scale>0.8</scale>
                <heading>0</heading>
                <Icon id="4668">
                    <href>http://maps.google.com/mapfiles/kml/paddle/wht-circle.png</href>
                </Icon>
            </IconStyle>
        </Style>
        <Style id="4671">
            <IconStyle id="4672">
                <color>ffff0000</color>
                <colorMode>normal</colorMode>
                <scale>0.8</scale>
                <heading>0</heading>
                <Icon id="4673">
                    <href>http://maps.google.com/mapfiles/kml/paddle/wht-circle.png</href>
                </Icon>
            </IconStyle>
        </Style>
        <Style id="4676">
            <IconStyle id="4677">
                <color>ffff0000</color>
                <colorMode>normal</colorMode>
                <scale>0.8</scale>
                <heading>0</heading>
                <Icon id="4678">
                    <href>http://maps.google.com/mapfiles/kml/paddle/wht-circle.png</href>
                </Icon>
            </IconStyle>
        </Style>
        <Style id="4681">
            <IconStyle id="4682">
                <color>ffff0000</color>
                <colorMode>normal</colorMode>
                <scale>0.8</scale>
                <heading>0</heading>
                <Icon id="4683">
                    <href>http://maps.google.com/mapfiles/kml/paddle/wht-circle.png</href>
                </Icon>
            </IconStyle>
        </Style>
        <Style id="4686">
            <IconStyle id="4687">
                <color>ffff0000</color>
                <colorMode>normal</colorMode>
                <scale>0.8</scale>
                <heading>0</heading>
                <Icon id="4688">
                    <href>http://maps.google.com/mapfiles/kml/paddle/wht-circle.png</href>
                </Icon>
            </IconStyle>
        </Style>
        <Style id="4691">
            <IconStyle id="4692">
                <color>ffff0000</color>
                <colorMode>normal</colorMode>
                <scale>0.8</scale>
                <heading>0</heading>
                <Icon id="4693">
                    <href>http://maps.google.com/mapfiles/kml/paddle/wht-circle.png</href>
                </Icon>
            </IconStyle>
        </Style>
        <Style id="4696">
            <IconStyle id="4697">
                <color>ffff0000</color>
                <colorMode>normal</colorMode>
                <scale>0.8</scale>
                <heading>0</heading>
                <Icon id="4698">
                    <href>http://maps.google.com/mapfiles/kml/paddle/wht-circle.png</href>
                </Icon>
            </IconStyle>
        </Style>
        <Style id="4701">
            <IconStyle id="4702">
                <color>ffff0000</color>
                <colorMode>normal</colorMode>
                <scale>0.8</scale>
                <heading>0</heading>
                <Icon id="4703">
                    <href>http://maps.google.com/mapfiles/kml/paddle/wht-circle.png</href>
                </Icon>
            </IconStyle>
        </Style>
        <Style id="4706">
            <IconStyle id="4707">
                <color>ffff0000</color>
                <colorMode>normal</colorMode>
                <scale>0.8</scale>
                <heading>0</heading>
                <Icon id="4708">
                    <href>http://maps.google.com/mapfiles/kml/paddle/wht-circle.png</href>
                </Icon>
            </IconStyle>
        </Style>
        <Style id="4711">
            <IconStyle id="4712">
                <color>ffff0000</color>
                <colorMode>normal</colorMode>
                <scale>0.8</scale>
                <heading>0</heading>
                <Icon id="4713">
                    <href>http://maps.google.com/mapfiles/kml/paddle/wht-circle.png</href>
                </Icon>
            </IconStyle>
        </Style>
        <Style id="4716">
            <IconStyle id="4717">
                <color>ffff0000</color>
                <colorMode>normal</colorMode>
                <scale>0.8</scale>
                <heading>0</heading>
                <Icon id="4718">
                    <href>http://maps.google.com/mapfiles/kml/paddle/wht-circle.png</href>
                </Icon>
            </IconStyle>
        </Style>
        <Style id="4721">
            <IconStyle id="4722">
                <color>ffff0000</color>
                <colorMode>normal</colorMode>
                <scale>0.8</scale>
                <heading>0</heading>
                <Icon id="4723">
                    <href>http://maps.google.com/mapfiles/kml/paddle/wht-circle.png</href>
                </Icon>
            </IconStyle>
        </Style>
        <Style id="4726">
            <IconStyle id="4727">
                <color>ffff0000</color>
                <colorMode>normal</colorMode>
                <scale>0.8</scale>
                <heading>0</heading>
                <Icon id="4728">
                    <href>http://maps.google.com/mapfiles/kml/paddle/wht-circle.png</href>
                </Icon>
            </IconStyle>
        </Style>
        <Style id="4731">
            <IconStyle id="4732">
                <color>ffff0000</color>
                <colorMode>normal</colorMode>
                <scale>0.8</scale>
                <heading>0</heading>
                <Icon id="4733">
                    <href>http://maps.google.com/mapfiles/kml/paddle/wht-circle.png</href>
                </Icon>
            </IconStyle>
        </Style>
        <Style id="4736">
            <IconStyle id="4737">
                <color>ffff0000</color>
                <colorMode>normal</colorMode>
                <scale>0.8</scale>
                <heading>0</heading>
                <Icon id="4738">
                    <href>http://maps.google.com/mapfiles/kml/paddle/wht-circle.png</href>
                </Icon>
            </IconStyle>
        </Style>
        <Style id="4741">
            <IconStyle id="4742">
                <color>ffff0000</color>
                <colorMode>normal</colorMode>
                <scale>0.8</scale>
                <heading>0</heading>
                <Icon id="4743">
                    <href>http://maps.google.com/mapfiles/kml/paddle/wht-circle.png</href>
                </Icon>
            </IconStyle>
        </Style>
        <Style id="4746">
            <IconStyle id="4747">
                <color>ffff0000</color>
                <colorMode>normal</colorMode>
                <scale>0.8</scale>
                <heading>0</heading>
                <Icon id="4748">
                    <href>http://maps.google.com/mapfiles/kml/paddle/wht-circle.png</href>
                </Icon>
            </IconStyle>
        </Style>
        <Style id="4751">
            <IconStyle id="4752">
                <color>ffff0000</color>
                <colorMode>normal</colorMode>
                <scale>0.8</scale>
                <heading>0</heading>
                <Icon id="4753">
                    <href>http://maps.google.com/mapfiles/kml/paddle/wht-circle.png</href>
                </Icon>
            </IconStyle>
        </Style>
        <Style id="4756">
            <IconStyle id="4757">
                <color>ffff0000</color>
                <colorMode>normal</colorMode>
                <scale>0.8</scale>
                <heading>0</heading>
                <Icon id="4758">
                    <href>http://maps.google.com/mapfiles/kml/paddle/wht-circle.png</href>
                </Icon>
            </IconStyle>
        </Style>
        <Style id="4761">
            <IconStyle id="4762">
                <color>ffff0000</color>
                <colorMode>normal</colorMode>
                <scale>0.8</scale>
                <heading>0</heading>
                <Icon id="4763">
                    <href>http://maps.google.com/mapfiles/kml/paddle/wht-circle.png</href>
                </Icon>
            </IconStyle>
        </Style>
        <Style id="4766">
            <IconStyle id="4767">
                <color>ffff0000</color>
                <colorMode>normal</colorMode>
                <scale>0.8</scale>
                <heading>0</heading>
                <Icon id="4768">
                    <href>http://maps.google.com/mapfiles/kml/paddle/wht-circle.png</href>
                </Icon>
            </IconStyle>
        </Style>
        <Style id="4771">
            <IconStyle id="4772">
                <color>ffff0000</color>
                <colorMode>normal</colorMode>
                <scale>0.8</scale>
                <heading>0</heading>
                <Icon id="4773">
                    <href>http://maps.google.com/mapfiles/kml/paddle/wht-circle.png</href>
                </Icon>
            </IconStyle>
        </Style>
        <Style id="4776">
            <IconStyle id="4777">
                <color>ffff0000</color>
                <colorMode>normal</colorMode>
                <scale>0.8</scale>
                <heading>0</heading>
                <Icon id="4778">
                    <href>http://maps.google.com/mapfiles/kml/paddle/wht-circle.png</href>
                </Icon>
            </IconStyle>
        </Style>
        <Style id="4781">
            <IconStyle id="4782">
                <color>ffff0000</color>
                <colorMode>normal</colorMode>
                <scale>0.8</scale>
                <heading>0</heading>
                <Icon id="4783">
                    <href>http://maps.google.com/mapfiles/kml/paddle/wht-circle.png</href>
                </Icon>
            </IconStyle>
        </Style>
        <Style id="4786">
            <IconStyle id="4787">
                <color>ffff0000</color>
                <colorMode>normal</colorMode>
                <scale>0.8</scale>
                <heading>0</heading>
                <Icon id="4788">
                    <href>http://maps.google.com/mapfiles/kml/paddle/wht-circle.png</href>
                </Icon>
            </IconStyle>
        </Style>
        <Style id="4791">
            <IconStyle id="4792">
                <color>ffff0000</color>
                <colorMode>normal</colorMode>
                <scale>0.8</scale>
                <heading>0</heading>
                <Icon id="4793">
                    <href>http://maps.google.com/mapfiles/kml/paddle/wht-circle.png</href>
                </Icon>
            </IconStyle>
        </Style>
        <Style id="4796">
            <IconStyle id="4797">
                <color>ffff0000</color>
                <colorMode>normal</colorMode>
                <scale>0.8</scale>
                <heading>0</heading>
                <Icon id="4798">
                    <href>http://maps.google.com/mapfiles/kml/paddle/wht-circle.png</href>
                </Icon>
            </IconStyle>
        </Style>
        <Style id="4801">
            <IconStyle id="4802">
                <color>ffff0000</color>
                <colorMode>normal</colorMode>
                <scale>0.8</scale>
                <heading>0</heading>
                <Icon id="4803">
                    <href>http://maps.google.com/mapfiles/kml/paddle/wht-circle.png</href>
                </Icon>
            </IconStyle>
        </Style>
        <Style id="4806">
            <IconStyle id="4807">
                <color>ffff0000</color>
                <colorMode>normal</colorMode>
                <scale>0.8</scale>
                <heading>0</heading>
                <Icon id="4808">
                    <href>http://maps.google.com/mapfiles/kml/paddle/wht-circle.png</href>
                </Icon>
            </IconStyle>
        </Style>
        <Style id="4811">
            <IconStyle id="4812">
                <color>ffff0000</color>
                <colorMode>normal</colorMode>
                <scale>0.8</scale>
                <heading>0</heading>
                <Icon id="4813">
                    <href>http://maps.google.com/mapfiles/kml/paddle/wht-circle.png</href>
                </Icon>
            </IconStyle>
        </Style>
        <Style id="4816">
            <IconStyle id="4817">
                <color>ffff0000</color>
                <colorMode>normal</colorMode>
                <scale>0.8</scale>
                <heading>0</heading>
                <Icon id="4818">
                    <href>http://maps.google.com/mapfiles/kml/paddle/wht-circle.png</href>
                </Icon>
            </IconStyle>
        </Style>
        <Style id="4821">
            <IconStyle id="4822">
                <color>ffff0000</color>
                <colorMode>normal</colorMode>
                <scale>0.8</scale>
                <heading>0</heading>
                <Icon id="4823">
                    <href>http://maps.google.com/mapfiles/kml/paddle/wht-circle.png</href>
                </Icon>
            </IconStyle>
        </Style>
        <Style id="4826">
            <IconStyle id="4827">
                <color>ffff0000</color>
                <colorMode>normal</colorMode>
                <scale>0.8</scale>
                <heading>0</heading>
                <Icon id="4828">
                    <href>http://maps.google.com/mapfiles/kml/paddle/wht-circle.png</href>
                </Icon>
            </IconStyle>
        </Style>
        <Style id="4831">
            <IconStyle id="4832">
                <color>ffff0000</color>
                <colorMode>normal</colorMode>
                <scale>0.8</scale>
                <heading>0</heading>
                <Icon id="4833">
                    <href>http://maps.google.com/mapfiles/kml/paddle/wht-circle.png</href>
                </Icon>
            </IconStyle>
        </Style>
        <Style id="4836">
            <IconStyle id="4837">
                <color>ffff0000</color>
                <colorMode>normal</colorMode>
                <scale>0.8</scale>
                <heading>0</heading>
                <Icon id="4838">
                    <href>http://maps.google.com/mapfiles/kml/paddle/wht-circle.png</href>
                </Icon>
            </IconStyle>
        </Style>
        <Style id="4841">
            <IconStyle id="4842">
                <color>ffff0000</color>
                <colorMode>normal</colorMode>
                <scale>0.8</scale>
                <heading>0</heading>
                <Icon id="4843">
                    <href>http://maps.google.com/mapfiles/kml/paddle/wht-circle.png</href>
                </Icon>
            </IconStyle>
        </Style>
        <Style id="4846">
            <IconStyle id="4847">
                <color>ffff0000</color>
                <colorMode>normal</colorMode>
                <scale>0.8</scale>
                <heading>0</heading>
                <Icon id="4848">
                    <href>http://maps.google.com/mapfiles/kml/paddle/wht-circle.png</href>
                </Icon>
            </IconStyle>
        </Style>
        <Style id="4851">
            <IconStyle id="4852">
                <color>ffff0000</color>
                <colorMode>normal</colorMode>
                <scale>0.8</scale>
                <heading>0</heading>
                <Icon id="4853">
                    <href>http://maps.google.com/mapfiles/kml/paddle/wht-circle.png</href>
                </Icon>
            </IconStyle>
        </Style>
        <Style id="4856">
            <IconStyle id="4857">
                <color>ffff0000</color>
                <colorMode>normal</colorMode>
                <scale>0.8</scale>
                <heading>0</heading>
                <Icon id="4858">
                    <href>http://maps.google.com/mapfiles/kml/paddle/wht-circle.png</href>
                </Icon>
            </IconStyle>
        </Style>
        <Style id="4861">
            <IconStyle id="4862">
                <color>ffff0000</color>
                <colorMode>normal</colorMode>
                <scale>0.8</scale>
                <heading>0</heading>
                <Icon id="4863">
                    <href>http://maps.google.com/mapfiles/kml/paddle/wht-circle.png</href>
                </Icon>
            </IconStyle>
        </Style>
        <Style id="4866">
            <IconStyle id="4867">
                <color>ffff0000</color>
                <colorMode>normal</colorMode>
                <scale>0.8</scale>
                <heading>0</heading>
                <Icon id="4868">
                    <href>http://maps.google.com/mapfiles/kml/paddle/wht-circle.png</href>
                </Icon>
            </IconStyle>
        </Style>
        <Style id="4871">
            <IconStyle id="4872">
                <color>ffff0000</color>
                <colorMode>normal</colorMode>
                <scale>0.8</scale>
                <heading>0</heading>
                <Icon id="4873">
                    <href>http://maps.google.com/mapfiles/kml/paddle/wht-circle.png</href>
                </Icon>
            </IconStyle>
        </Style>
        <Style id="4876">
            <IconStyle id="4877">
                <color>ffff0000</color>
                <colorMode>normal</colorMode>
                <scale>0.8</scale>
                <heading>0</heading>
                <Icon id="4878">
                    <href>http://maps.google.com/mapfiles/kml/paddle/wht-circle.png</href>
                </Icon>
            </IconStyle>
        </Style>
        <Style id="4881">
            <IconStyle id="4882">
                <color>ffff0000</color>
                <colorMode>normal</colorMode>
                <scale>0.8</scale>
                <heading>0</heading>
                <Icon id="4883">
                    <href>http://maps.google.com/mapfiles/kml/paddle/wht-circle.png</href>
                </Icon>
            </IconStyle>
        </Style>
        <Style id="4886">
            <IconStyle id="4887">
                <color>ffff0000</color>
                <colorMode>normal</colorMode>
                <scale>0.8</scale>
                <heading>0</heading>
                <Icon id="4888">
                    <href>http://maps.google.com/mapfiles/kml/paddle/wht-circle.png</href>
                </Icon>
            </IconStyle>
        </Style>
        <Style id="4891">
            <IconStyle id="4892">
                <color>ffff0000</color>
                <colorMode>normal</colorMode>
                <scale>0.8</scale>
                <heading>0</heading>
                <Icon id="4893">
                    <href>http://maps.google.com/mapfiles/kml/paddle/wht-circle.png</href>
                </Icon>
            </IconStyle>
        </Style>
        <Style id="4896">
            <IconStyle id="4897">
                <color>ffff0000</color>
                <colorMode>normal</colorMode>
                <scale>0.8</scale>
                <heading>0</heading>
                <Icon id="4898">
                    <href>http://maps.google.com/mapfiles/kml/paddle/wht-circle.png</href>
                </Icon>
            </IconStyle>
        </Style>
        <Style id="4901">
            <IconStyle id="4902">
                <color>ffff0000</color>
                <colorMode>normal</colorMode>
                <scale>0.8</scale>
                <heading>0</heading>
                <Icon id="4903">
                    <href>http://maps.google.com/mapfiles/kml/paddle/wht-circle.png</href>
                </Icon>
            </IconStyle>
        </Style>
        <Style id="4906">
            <IconStyle id="4907">
                <color>ffff0000</color>
                <colorMode>normal</colorMode>
                <scale>0.8</scale>
                <heading>0</heading>
                <Icon id="4908">
                    <href>http://maps.google.com/mapfiles/kml/paddle/wht-circle.png</href>
                </Icon>
            </IconStyle>
        </Style>
        <Style id="4911">
            <IconStyle id="4912">
                <color>ffff0000</color>
                <colorMode>normal</colorMode>
                <scale>0.8</scale>
                <heading>0</heading>
                <Icon id="4913">
                    <href>http://maps.google.com/mapfiles/kml/paddle/wht-circle.png</href>
                </Icon>
            </IconStyle>
        </Style>
        <Style id="4916">
            <IconStyle id="4917">
                <color>ffff0000</color>
                <colorMode>normal</colorMode>
                <scale>0.8</scale>
                <heading>0</heading>
                <Icon id="4918">
                    <href>http://maps.google.com/mapfiles/kml/paddle/wht-circle.png</href>
                </Icon>
            </IconStyle>
        </Style>
        <Style id="4921">
            <IconStyle id="4922">
                <color>ffff0000</color>
                <colorMode>normal</colorMode>
                <scale>0.8</scale>
                <heading>0</heading>
                <Icon id="4923">
                    <href>http://maps.google.com/mapfiles/kml/paddle/wht-circle.png</href>
                </Icon>
            </IconStyle>
        </Style>
        <Style id="4926">
            <IconStyle id="4927">
                <color>ffff0000</color>
                <colorMode>normal</colorMode>
                <scale>0.8</scale>
                <heading>0</heading>
                <Icon id="4928">
                    <href>http://maps.google.com/mapfiles/kml/paddle/wht-circle.png</href>
                </Icon>
            </IconStyle>
        </Style>
        <Style id="4931">
            <IconStyle id="4932">
                <color>ffff0000</color>
                <colorMode>normal</colorMode>
                <scale>0.8</scale>
                <heading>0</heading>
                <Icon id="4933">
                    <href>http://maps.google.com/mapfiles/kml/paddle/wht-circle.png</href>
                </Icon>
            </IconStyle>
        </Style>
        <Style id="4936">
            <IconStyle id="4937">
                <color>ffff0000</color>
                <colorMode>normal</colorMode>
                <scale>0.8</scale>
                <heading>0</heading>
                <Icon id="4938">
                    <href>http://maps.google.com/mapfiles/kml/paddle/wht-circle.png</href>
                </Icon>
            </IconStyle>
        </Style>
        <Style id="4941">
            <IconStyle id="4942">
                <color>ffff0000</color>
                <colorMode>normal</colorMode>
                <scale>0.8</scale>
                <heading>0</heading>
                <Icon id="4943">
                    <href>http://maps.google.com/mapfiles/kml/paddle/wht-circle.png</href>
                </Icon>
            </IconStyle>
        </Style>
        <Style id="4946">
            <IconStyle id="4947">
                <color>ffff0000</color>
                <colorMode>normal</colorMode>
                <scale>0.8</scale>
                <heading>0</heading>
                <Icon id="4948">
                    <href>http://maps.google.com/mapfiles/kml/paddle/wht-circle.png</href>
                </Icon>
            </IconStyle>
        </Style>
        <Style id="4951">
            <IconStyle id="4952">
                <color>ffff0000</color>
                <colorMode>normal</colorMode>
                <scale>0.8</scale>
                <heading>0</heading>
                <Icon id="4953">
                    <href>http://maps.google.com/mapfiles/kml/paddle/wht-circle.png</href>
                </Icon>
            </IconStyle>
        </Style>
        <Style id="4956">
            <IconStyle id="4957">
                <color>ffff0000</color>
                <colorMode>normal</colorMode>
                <scale>0.8</scale>
                <heading>0</heading>
                <Icon id="4958">
                    <href>http://maps.google.com/mapfiles/kml/paddle/wht-circle.png</href>
                </Icon>
            </IconStyle>
        </Style>
        <Style id="4961">
            <IconStyle id="4962">
                <color>ffff0000</color>
                <colorMode>normal</colorMode>
                <scale>0.8</scale>
                <heading>0</heading>
                <Icon id="4963">
                    <href>http://maps.google.com/mapfiles/kml/paddle/wht-circle.png</href>
                </Icon>
            </IconStyle>
        </Style>
        <Style id="4966">
            <IconStyle id="4967">
                <color>ffff0000</color>
                <colorMode>normal</colorMode>
                <scale>0.8</scale>
                <heading>0</heading>
                <Icon id="4968">
                    <href>http://maps.google.com/mapfiles/kml/paddle/wht-circle.png</href>
                </Icon>
            </IconStyle>
        </Style>
        <Style id="4971">
            <IconStyle id="4972">
                <color>ffff0000</color>
                <colorMode>normal</colorMode>
                <scale>0.8</scale>
                <heading>0</heading>
                <Icon id="4973">
                    <href>http://maps.google.com/mapfiles/kml/paddle/wht-circle.png</href>
                </Icon>
            </IconStyle>
        </Style>
        <Style id="4976">
            <IconStyle id="4977">
                <color>ffff0000</color>
                <colorMode>normal</colorMode>
                <scale>0.8</scale>
                <heading>0</heading>
                <Icon id="4978">
                    <href>http://maps.google.com/mapfiles/kml/paddle/wht-circle.png</href>
                </Icon>
            </IconStyle>
        </Style>
        <Style id="4981">
            <IconStyle id="4982">
                <color>ffff0000</color>
                <colorMode>normal</colorMode>
                <scale>0.8</scale>
                <heading>0</heading>
                <Icon id="4983">
                    <href>http://maps.google.com/mapfiles/kml/paddle/wht-circle.png</href>
                </Icon>
            </IconStyle>
        </Style>
        <Style id="4986">
            <IconStyle id="4987">
                <color>ffff0000</color>
                <colorMode>normal</colorMode>
                <scale>0.8</scale>
                <heading>0</heading>
                <Icon id="4988">
                    <href>http://maps.google.com/mapfiles/kml/paddle/wht-circle.png</href>
                </Icon>
            </IconStyle>
        </Style>
        <Style id="4991">
            <IconStyle id="4992">
                <color>ffff0000</color>
                <colorMode>normal</colorMode>
                <scale>0.8</scale>
                <heading>0</heading>
                <Icon id="4993">
                    <href>http://maps.google.com/mapfiles/kml/paddle/wht-circle.png</href>
                </Icon>
            </IconStyle>
        </Style>
        <Style id="4996">
            <IconStyle id="4997">
                <color>ffff0000</color>
                <colorMode>normal</colorMode>
                <scale>0.8</scale>
                <heading>0</heading>
                <Icon id="4998">
                    <href>http://maps.google.com/mapfiles/kml/paddle/wht-circle.png</href>
                </Icon>
            </IconStyle>
        </Style>
        <Style id="5001">
            <IconStyle id="5002">
                <color>ffff0000</color>
                <colorMode>normal</colorMode>
                <scale>0.8</scale>
                <heading>0</heading>
                <Icon id="5003">
                    <href>http://maps.google.com/mapfiles/kml/paddle/wht-circle.png</href>
                </Icon>
            </IconStyle>
        </Style>
        <Style id="5006">
            <IconStyle id="5007">
                <color>ffff0000</color>
                <colorMode>normal</colorMode>
                <scale>0.8</scale>
                <heading>0</heading>
                <Icon id="5008">
                    <href>http://maps.google.com/mapfiles/kml/paddle/wht-circle.png</href>
                </Icon>
            </IconStyle>
        </Style>
        <Style id="5011">
            <IconStyle id="5012">
                <color>ffff0000</color>
                <colorMode>normal</colorMode>
                <scale>0.8</scale>
                <heading>0</heading>
                <Icon id="5013">
                    <href>http://maps.google.com/mapfiles/kml/paddle/wht-circle.png</href>
                </Icon>
            </IconStyle>
        </Style>
        <Style id="5016">
            <IconStyle id="5017">
                <color>ffff0000</color>
                <colorMode>normal</colorMode>
                <scale>0.8</scale>
                <heading>0</heading>
                <Icon id="5018">
                    <href>http://maps.google.com/mapfiles/kml/paddle/wht-circle.png</href>
                </Icon>
            </IconStyle>
        </Style>
        <Style id="5021">
            <IconStyle id="5022">
                <color>ffff0000</color>
                <colorMode>normal</colorMode>
                <scale>0.8</scale>
                <heading>0</heading>
                <Icon id="5023">
                    <href>http://maps.google.com/mapfiles/kml/paddle/wht-circle.png</href>
                </Icon>
            </IconStyle>
        </Style>
        <Style id="5026">
            <IconStyle id="5027">
                <color>ffff0000</color>
                <colorMode>normal</colorMode>
                <scale>0.8</scale>
                <heading>0</heading>
                <Icon id="5028">
                    <href>http://maps.google.com/mapfiles/kml/paddle/wht-circle.png</href>
                </Icon>
            </IconStyle>
        </Style>
        <Style id="5031">
            <IconStyle id="5032">
                <color>ffff0000</color>
                <colorMode>normal</colorMode>
                <scale>0.8</scale>
                <heading>0</heading>
                <Icon id="5033">
                    <href>http://maps.google.com/mapfiles/kml/paddle/wht-circle.png</href>
                </Icon>
            </IconStyle>
        </Style>
        <Style id="5036">
            <IconStyle id="5037">
                <color>ffff0000</color>
                <colorMode>normal</colorMode>
                <scale>0.8</scale>
                <heading>0</heading>
                <Icon id="5038">
                    <href>http://maps.google.com/mapfiles/kml/paddle/wht-circle.png</href>
                </Icon>
            </IconStyle>
        </Style>
        <Style id="5041">
            <IconStyle id="5042">
                <color>ffff0000</color>
                <colorMode>normal</colorMode>
                <scale>0.8</scale>
                <heading>0</heading>
                <Icon id="5043">
                    <href>http://maps.google.com/mapfiles/kml/paddle/wht-circle.png</href>
                </Icon>
            </IconStyle>
        </Style>
        <Style id="5046">
            <IconStyle id="5047">
                <color>ffff0000</color>
                <colorMode>normal</colorMode>
                <scale>0.8</scale>
                <heading>0</heading>
                <Icon id="5048">
                    <href>http://maps.google.com/mapfiles/kml/paddle/wht-circle.png</href>
                </Icon>
            </IconStyle>
        </Style>
        <Style id="5051">
            <IconStyle id="5052">
                <color>ffff0000</color>
                <colorMode>normal</colorMode>
                <scale>0.8</scale>
                <heading>0</heading>
                <Icon id="5053">
                    <href>http://maps.google.com/mapfiles/kml/paddle/wht-circle.png</href>
                </Icon>
            </IconStyle>
        </Style>
        <Style id="5056">
            <IconStyle id="5057">
                <color>ffff0000</color>
                <colorMode>normal</colorMode>
                <scale>0.8</scale>
                <heading>0</heading>
                <Icon id="5058">
                    <href>http://maps.google.com/mapfiles/kml/paddle/wht-circle.png</href>
                </Icon>
            </IconStyle>
        </Style>
        <Style id="5061">
            <IconStyle id="5062">
                <color>ffff0000</color>
                <colorMode>normal</colorMode>
                <scale>0.8</scale>
                <heading>0</heading>
                <Icon id="5063">
                    <href>http://maps.google.com/mapfiles/kml/paddle/wht-circle.png</href>
                </Icon>
            </IconStyle>
        </Style>
        <Style id="5066">
            <IconStyle id="5067">
                <color>ffff0000</color>
                <colorMode>normal</colorMode>
                <scale>0.8</scale>
                <heading>0</heading>
                <Icon id="5068">
                    <href>http://maps.google.com/mapfiles/kml/paddle/wht-circle.png</href>
                </Icon>
            </IconStyle>
        </Style>
        <Style id="5071">
            <IconStyle id="5072">
                <color>ffff0000</color>
                <colorMode>normal</colorMode>
                <scale>0.8</scale>
                <heading>0</heading>
                <Icon id="5073">
                    <href>http://maps.google.com/mapfiles/kml/paddle/wht-circle.png</href>
                </Icon>
            </IconStyle>
        </Style>
        <Style id="5076">
            <IconStyle id="5077">
                <color>ffff0000</color>
                <colorMode>normal</colorMode>
                <scale>0.8</scale>
                <heading>0</heading>
                <Icon id="5078">
                    <href>http://maps.google.com/mapfiles/kml/paddle/wht-circle.png</href>
                </Icon>
            </IconStyle>
        </Style>
        <Style id="5081">
            <IconStyle id="5082">
                <color>ffff0000</color>
                <colorMode>normal</colorMode>
                <scale>0.8</scale>
                <heading>0</heading>
                <Icon id="5083">
                    <href>http://maps.google.com/mapfiles/kml/paddle/wht-circle.png</href>
                </Icon>
            </IconStyle>
        </Style>
        <Style id="5086">
            <IconStyle id="5087">
                <color>ffff0000</color>
                <colorMode>normal</colorMode>
                <scale>0.8</scale>
                <heading>0</heading>
                <Icon id="5088">
                    <href>http://maps.google.com/mapfiles/kml/paddle/wht-circle.png</href>
                </Icon>
            </IconStyle>
        </Style>
        <Style id="5091">
            <IconStyle id="5092">
                <color>ffff0000</color>
                <colorMode>normal</colorMode>
                <scale>0.8</scale>
                <heading>0</heading>
                <Icon id="5093">
                    <href>http://maps.google.com/mapfiles/kml/paddle/wht-circle.png</href>
                </Icon>
            </IconStyle>
        </Style>
        <Style id="5096">
            <IconStyle id="5097">
                <color>ffff0000</color>
                <colorMode>normal</colorMode>
                <scale>0.8</scale>
                <heading>0</heading>
                <Icon id="5098">
                    <href>http://maps.google.com/mapfiles/kml/paddle/wht-circle.png</href>
                </Icon>
            </IconStyle>
        </Style>
        <Style id="5101">
            <IconStyle id="5102">
                <color>ffff0000</color>
                <colorMode>normal</colorMode>
                <scale>0.8</scale>
                <heading>0</heading>
                <Icon id="5103">
                    <href>http://maps.google.com/mapfiles/kml/paddle/wht-circle.png</href>
                </Icon>
            </IconStyle>
        </Style>
        <Style id="5106">
            <IconStyle id="5107">
                <color>ffff0000</color>
                <colorMode>normal</colorMode>
                <scale>0.8</scale>
                <heading>0</heading>
                <Icon id="5108">
                    <href>http://maps.google.com/mapfiles/kml/paddle/wht-circle.png</href>
                </Icon>
            </IconStyle>
        </Style>
        <Style id="5111">
            <IconStyle id="5112">
                <color>ffff0000</color>
                <colorMode>normal</colorMode>
                <scale>0.8</scale>
                <heading>0</heading>
                <Icon id="5113">
                    <href>http://maps.google.com/mapfiles/kml/paddle/wht-circle.png</href>
                </Icon>
            </IconStyle>
        </Style>
        <Style id="5116">
            <IconStyle id="5117">
                <color>ffff0000</color>
                <colorMode>normal</colorMode>
                <scale>0.8</scale>
                <heading>0</heading>
                <Icon id="5118">
                    <href>http://maps.google.com/mapfiles/kml/paddle/wht-circle.png</href>
                </Icon>
            </IconStyle>
        </Style>
        <Style id="5121">
            <IconStyle id="5122">
                <color>ffff0000</color>
                <colorMode>normal</colorMode>
                <scale>0.8</scale>
                <heading>0</heading>
                <Icon id="5123">
                    <href>http://maps.google.com/mapfiles/kml/paddle/wht-circle.png</href>
                </Icon>
            </IconStyle>
        </Style>
        <Style id="5126">
            <IconStyle id="5127">
                <color>ffff0000</color>
                <colorMode>normal</colorMode>
                <scale>0.8</scale>
                <heading>0</heading>
                <Icon id="5128">
                    <href>http://maps.google.com/mapfiles/kml/paddle/wht-circle.png</href>
                </Icon>
            </IconStyle>
        </Style>
        <Style id="5131">
            <IconStyle id="5132">
                <color>ffff0000</color>
                <colorMode>normal</colorMode>
                <scale>0.8</scale>
                <heading>0</heading>
                <Icon id="5133">
                    <href>http://maps.google.com/mapfiles/kml/paddle/wht-circle.png</href>
                </Icon>
            </IconStyle>
        </Style>
        <Style id="5136">
            <IconStyle id="5137">
                <color>ffff0000</color>
                <colorMode>normal</colorMode>
                <scale>0.8</scale>
                <heading>0</heading>
                <Icon id="5138">
                    <href>http://maps.google.com/mapfiles/kml/paddle/wht-circle.png</href>
                </Icon>
            </IconStyle>
        </Style>
        <Style id="5141">
            <IconStyle id="5142">
                <color>ffff0000</color>
                <colorMode>normal</colorMode>
                <scale>0.8</scale>
                <heading>0</heading>
                <Icon id="5143">
                    <href>http://maps.google.com/mapfiles/kml/paddle/wht-circle.png</href>
                </Icon>
            </IconStyle>
        </Style>
        <Style id="5146">
            <IconStyle id="5147">
                <color>ffff0000</color>
                <colorMode>normal</colorMode>
                <scale>0.8</scale>
                <heading>0</heading>
                <Icon id="5148">
                    <href>http://maps.google.com/mapfiles/kml/paddle/wht-circle.png</href>
                </Icon>
            </IconStyle>
        </Style>
        <Style id="5151">
            <IconStyle id="5152">
                <color>ffff0000</color>
                <colorMode>normal</colorMode>
                <scale>0.8</scale>
                <heading>0</heading>
                <Icon id="5153">
                    <href>http://maps.google.com/mapfiles/kml/paddle/wht-circle.png</href>
                </Icon>
            </IconStyle>
        </Style>
        <Style id="5156">
            <IconStyle id="5157">
                <color>ffff0000</color>
                <colorMode>normal</colorMode>
                <scale>0.8</scale>
                <heading>0</heading>
                <Icon id="5158">
                    <href>http://maps.google.com/mapfiles/kml/paddle/wht-circle.png</href>
                </Icon>
            </IconStyle>
        </Style>
        <Style id="5161">
            <IconStyle id="5162">
                <color>ffff0000</color>
                <colorMode>normal</colorMode>
                <scale>0.8</scale>
                <heading>0</heading>
                <Icon id="5163">
                    <href>http://maps.google.com/mapfiles/kml/paddle/wht-circle.png</href>
                </Icon>
            </IconStyle>
        </Style>
        <Style id="5166">
            <IconStyle id="5167">
                <color>ffff0000</color>
                <colorMode>normal</colorMode>
                <scale>0.8</scale>
                <heading>0</heading>
                <Icon id="5168">
                    <href>http://maps.google.com/mapfiles/kml/paddle/wht-circle.png</href>
                </Icon>
            </IconStyle>
        </Style>
        <Style id="5171">
            <IconStyle id="5172">
                <color>ffff0000</color>
                <colorMode>normal</colorMode>
                <scale>0.8</scale>
                <heading>0</heading>
                <Icon id="5173">
                    <href>http://maps.google.com/mapfiles/kml/paddle/wht-circle.png</href>
                </Icon>
            </IconStyle>
        </Style>
        <Style id="5176">
            <IconStyle id="5177">
                <color>ffff0000</color>
                <colorMode>normal</colorMode>
                <scale>0.8</scale>
                <heading>0</heading>
                <Icon id="5178">
                    <href>http://maps.google.com/mapfiles/kml/paddle/wht-circle.png</href>
                </Icon>
            </IconStyle>
        </Style>
        <Style id="5181">
            <IconStyle id="5182">
                <color>ffff0000</color>
                <colorMode>normal</colorMode>
                <scale>0.8</scale>
                <heading>0</heading>
                <Icon id="5183">
                    <href>http://maps.google.com/mapfiles/kml/paddle/wht-circle.png</href>
                </Icon>
            </IconStyle>
        </Style>
        <Style id="5186">
            <IconStyle id="5187">
                <color>ffff0000</color>
                <colorMode>normal</colorMode>
                <scale>0.8</scale>
                <heading>0</heading>
                <Icon id="5188">
                    <href>http://maps.google.com/mapfiles/kml/paddle/wht-circle.png</href>
                </Icon>
            </IconStyle>
        </Style>
        <Style id="5191">
            <IconStyle id="5192">
                <color>ffff0000</color>
                <colorMode>normal</colorMode>
                <scale>0.8</scale>
                <heading>0</heading>
                <Icon id="5193">
                    <href>http://maps.google.com/mapfiles/kml/paddle/wht-circle.png</href>
                </Icon>
            </IconStyle>
        </Style>
        <Style id="5196">
            <IconStyle id="5197">
                <color>ffff0000</color>
                <colorMode>normal</colorMode>
                <scale>0.8</scale>
                <heading>0</heading>
                <Icon id="5198">
                    <href>http://maps.google.com/mapfiles/kml/paddle/wht-circle.png</href>
                </Icon>
            </IconStyle>
        </Style>
        <Style id="5201">
            <IconStyle id="5202">
                <color>ffff0000</color>
                <colorMode>normal</colorMode>
                <scale>0.8</scale>
                <heading>0</heading>
                <Icon id="5203">
                    <href>http://maps.google.com/mapfiles/kml/paddle/wht-circle.png</href>
                </Icon>
            </IconStyle>
        </Style>
        <Style id="5206">
            <IconStyle id="5207">
                <color>ffff0000</color>
                <colorMode>normal</colorMode>
                <scale>0.8</scale>
                <heading>0</heading>
                <Icon id="5208">
                    <href>http://maps.google.com/mapfiles/kml/paddle/wht-circle.png</href>
                </Icon>
            </IconStyle>
        </Style>
        <Style id="5211">
            <IconStyle id="5212">
                <color>ffff0000</color>
                <colorMode>normal</colorMode>
                <scale>0.8</scale>
                <heading>0</heading>
                <Icon id="5213">
                    <href>http://maps.google.com/mapfiles/kml/paddle/wht-circle.png</href>
                </Icon>
            </IconStyle>
        </Style>
        <Style id="5216">
            <IconStyle id="5217">
                <color>ffff0000</color>
                <colorMode>normal</colorMode>
                <scale>0.8</scale>
                <heading>0</heading>
                <Icon id="5218">
                    <href>http://maps.google.com/mapfiles/kml/paddle/wht-circle.png</href>
                </Icon>
            </IconStyle>
        </Style>
        <Style id="5221">
            <IconStyle id="5222">
                <color>ffff0000</color>
                <colorMode>normal</colorMode>
                <scale>0.8</scale>
                <heading>0</heading>
                <Icon id="5223">
                    <href>http://maps.google.com/mapfiles/kml/paddle/wht-circle.png</href>
                </Icon>
            </IconStyle>
        </Style>
        <Style id="5226">
            <IconStyle id="5227">
                <color>ffff0000</color>
                <colorMode>normal</colorMode>
                <scale>0.8</scale>
                <heading>0</heading>
                <Icon id="5228">
                    <href>http://maps.google.com/mapfiles/kml/paddle/wht-circle.png</href>
                </Icon>
            </IconStyle>
        </Style>
        <Style id="5231">
            <IconStyle id="5232">
                <color>ffff0000</color>
                <colorMode>normal</colorMode>
                <scale>0.8</scale>
                <heading>0</heading>
                <Icon id="5233">
                    <href>http://maps.google.com/mapfiles/kml/paddle/wht-circle.png</href>
                </Icon>
            </IconStyle>
        </Style>
        <Style id="5236">
            <IconStyle id="5237">
                <color>ffff0000</color>
                <colorMode>normal</colorMode>
                <scale>0.8</scale>
                <heading>0</heading>
                <Icon id="5238">
                    <href>http://maps.google.com/mapfiles/kml/paddle/wht-circle.png</href>
                </Icon>
            </IconStyle>
        </Style>
        <Style id="5241">
            <IconStyle id="5242">
                <color>ffff0000</color>
                <colorMode>normal</colorMode>
                <scale>0.8</scale>
                <heading>0</heading>
                <Icon id="5243">
                    <href>http://maps.google.com/mapfiles/kml/paddle/wht-circle.png</href>
                </Icon>
            </IconStyle>
        </Style>
        <Style id="5246">
            <IconStyle id="5247">
                <color>ffff0000</color>
                <colorMode>normal</colorMode>
                <scale>0.8</scale>
                <heading>0</heading>
                <Icon id="5248">
                    <href>http://maps.google.com/mapfiles/kml/paddle/wht-circle.png</href>
                </Icon>
            </IconStyle>
        </Style>
        <Style id="5251">
            <IconStyle id="5252">
                <color>ffff0000</color>
                <colorMode>normal</colorMode>
                <scale>0.8</scale>
                <heading>0</heading>
                <Icon id="5253">
                    <href>http://maps.google.com/mapfiles/kml/paddle/wht-circle.png</href>
                </Icon>
            </IconStyle>
        </Style>
        <Style id="5256">
            <IconStyle id="5257">
                <color>ffff0000</color>
                <colorMode>normal</colorMode>
                <scale>0.8</scale>
                <heading>0</heading>
                <Icon id="5258">
                    <href>http://maps.google.com/mapfiles/kml/paddle/wht-circle.png</href>
                </Icon>
            </IconStyle>
        </Style>
        <Style id="5261">
            <IconStyle id="5262">
                <color>ffff0000</color>
                <colorMode>normal</colorMode>
                <scale>0.8</scale>
                <heading>0</heading>
                <Icon id="5263">
                    <href>http://maps.google.com/mapfiles/kml/paddle/wht-circle.png</href>
                </Icon>
            </IconStyle>
        </Style>
        <Style id="5266">
            <IconStyle id="5267">
                <color>ffff0000</color>
                <colorMode>normal</colorMode>
                <scale>0.8</scale>
                <heading>0</heading>
                <Icon id="5268">
                    <href>http://maps.google.com/mapfiles/kml/paddle/wht-circle.png</href>
                </Icon>
            </IconStyle>
        </Style>
        <Style id="5271">
            <IconStyle id="5272">
                <color>ffff0000</color>
                <colorMode>normal</colorMode>
                <scale>0.8</scale>
                <heading>0</heading>
                <Icon id="5273">
                    <href>http://maps.google.com/mapfiles/kml/paddle/wht-circle.png</href>
                </Icon>
            </IconStyle>
        </Style>
        <Style id="5276">
            <IconStyle id="5277">
                <color>ffff0000</color>
                <colorMode>normal</colorMode>
                <scale>0.8</scale>
                <heading>0</heading>
                <Icon id="5278">
                    <href>http://maps.google.com/mapfiles/kml/paddle/wht-circle.png</href>
                </Icon>
            </IconStyle>
        </Style>
        <Style id="5281">
            <IconStyle id="5282">
                <color>ffff0000</color>
                <colorMode>normal</colorMode>
                <scale>0.8</scale>
                <heading>0</heading>
                <Icon id="5283">
                    <href>http://maps.google.com/mapfiles/kml/paddle/wht-circle.png</href>
                </Icon>
            </IconStyle>
        </Style>
        <Style id="5286">
            <IconStyle id="5287">
                <color>ffff0000</color>
                <colorMode>normal</colorMode>
                <scale>0.8</scale>
                <heading>0</heading>
                <Icon id="5288">
                    <href>http://maps.google.com/mapfiles/kml/paddle/wht-circle.png</href>
                </Icon>
            </IconStyle>
        </Style>
        <Style id="5291">
            <IconStyle id="5292">
                <color>ffff0000</color>
                <colorMode>normal</colorMode>
                <scale>0.8</scale>
                <heading>0</heading>
                <Icon id="5293">
                    <href>http://maps.google.com/mapfiles/kml/paddle/wht-circle.png</href>
                </Icon>
            </IconStyle>
        </Style>
        <Style id="5296">
            <IconStyle id="5297">
                <color>ffff0000</color>
                <colorMode>normal</colorMode>
                <scale>0.8</scale>
                <heading>0</heading>
                <Icon id="5298">
                    <href>http://maps.google.com/mapfiles/kml/paddle/wht-circle.png</href>
                </Icon>
            </IconStyle>
        </Style>
        <Style id="5301">
            <IconStyle id="5302">
                <color>ffff0000</color>
                <colorMode>normal</colorMode>
                <scale>0.8</scale>
                <heading>0</heading>
                <Icon id="5303">
                    <href>http://maps.google.com/mapfiles/kml/paddle/wht-circle.png</href>
                </Icon>
            </IconStyle>
        </Style>
        <Style id="5306">
            <IconStyle id="5307">
                <color>ffff0000</color>
                <colorMode>normal</colorMode>
                <scale>0.8</scale>
                <heading>0</heading>
                <Icon id="5308">
                    <href>http://maps.google.com/mapfiles/kml/paddle/wht-circle.png</href>
                </Icon>
            </IconStyle>
        </Style>
        <Style id="5311">
            <IconStyle id="5312">
                <color>ffff0000</color>
                <colorMode>normal</colorMode>
                <scale>0.8</scale>
                <heading>0</heading>
                <Icon id="5313">
                    <href>http://maps.google.com/mapfiles/kml/paddle/wht-circle.png</href>
                </Icon>
            </IconStyle>
        </Style>
        <Style id="5316">
            <IconStyle id="5317">
                <color>ffff0000</color>
                <colorMode>normal</colorMode>
                <scale>0.8</scale>
                <heading>0</heading>
                <Icon id="5318">
                    <href>http://maps.google.com/mapfiles/kml/paddle/wht-circle.png</href>
                </Icon>
            </IconStyle>
        </Style>
        <Style id="5321">
            <IconStyle id="5322">
                <color>ffff0000</color>
                <colorMode>normal</colorMode>
                <scale>0.8</scale>
                <heading>0</heading>
                <Icon id="5323">
                    <href>http://maps.google.com/mapfiles/kml/paddle/wht-circle.png</href>
                </Icon>
            </IconStyle>
        </Style>
        <Style id="5326">
            <IconStyle id="5327">
                <color>ffff0000</color>
                <colorMode>normal</colorMode>
                <scale>0.8</scale>
                <heading>0</heading>
                <Icon id="5328">
                    <href>http://maps.google.com/mapfiles/kml/paddle/wht-circle.png</href>
                </Icon>
            </IconStyle>
        </Style>
        <Style id="5331">
            <IconStyle id="5332">
                <color>ffff0000</color>
                <colorMode>normal</colorMode>
                <scale>0.8</scale>
                <heading>0</heading>
                <Icon id="5333">
                    <href>http://maps.google.com/mapfiles/kml/paddle/wht-circle.png</href>
                </Icon>
            </IconStyle>
        </Style>
        <Style id="5336">
            <IconStyle id="5337">
                <color>ffff0000</color>
                <colorMode>normal</colorMode>
                <scale>0.8</scale>
                <heading>0</heading>
                <Icon id="5338">
                    <href>http://maps.google.com/mapfiles/kml/paddle/wht-circle.png</href>
                </Icon>
            </IconStyle>
        </Style>
        <Style id="5341">
            <IconStyle id="5342">
                <color>ffff0000</color>
                <colorMode>normal</colorMode>
                <scale>0.8</scale>
                <heading>0</heading>
                <Icon id="5343">
                    <href>http://maps.google.com/mapfiles/kml/paddle/wht-circle.png</href>
                </Icon>
            </IconStyle>
        </Style>
        <Style id="5346">
            <IconStyle id="5347">
                <color>ffff0000</color>
                <colorMode>normal</colorMode>
                <scale>0.8</scale>
                <heading>0</heading>
                <Icon id="5348">
                    <href>http://maps.google.com/mapfiles/kml/paddle/wht-circle.png</href>
                </Icon>
            </IconStyle>
        </Style>
        <Style id="5351">
            <IconStyle id="5352">
                <color>ffff0000</color>
                <colorMode>normal</colorMode>
                <scale>0.8</scale>
                <heading>0</heading>
                <Icon id="5353">
                    <href>http://maps.google.com/mapfiles/kml/paddle/wht-circle.png</href>
                </Icon>
            </IconStyle>
        </Style>
        <Style id="5356">
            <IconStyle id="5357">
                <color>ffff0000</color>
                <colorMode>normal</colorMode>
                <scale>0.8</scale>
                <heading>0</heading>
                <Icon id="5358">
                    <href>http://maps.google.com/mapfiles/kml/paddle/wht-circle.png</href>
                </Icon>
            </IconStyle>
        </Style>
        <Style id="5361">
            <IconStyle id="5362">
                <color>ffff0000</color>
                <colorMode>normal</colorMode>
                <scale>0.8</scale>
                <heading>0</heading>
                <Icon id="5363">
                    <href>http://maps.google.com/mapfiles/kml/paddle/wht-circle.png</href>
                </Icon>
            </IconStyle>
        </Style>
        <Style id="5366">
            <IconStyle id="5367">
                <color>ffff0000</color>
                <colorMode>normal</colorMode>
                <scale>0.8</scale>
                <heading>0</heading>
                <Icon id="5368">
                    <href>http://maps.google.com/mapfiles/kml/paddle/wht-circle.png</href>
                </Icon>
            </IconStyle>
        </Style>
        <Style id="5371">
            <IconStyle id="5372">
                <color>ffff0000</color>
                <colorMode>normal</colorMode>
                <scale>0.8</scale>
                <heading>0</heading>
                <Icon id="5373">
                    <href>http://maps.google.com/mapfiles/kml/paddle/wht-circle.png</href>
                </Icon>
            </IconStyle>
        </Style>
        <Style id="5376">
            <IconStyle id="5377">
                <color>ffff0000</color>
                <colorMode>normal</colorMode>
                <scale>0.8</scale>
                <heading>0</heading>
                <Icon id="5378">
                    <href>http://maps.google.com/mapfiles/kml/paddle/wht-circle.png</href>
                </Icon>
            </IconStyle>
        </Style>
        <Style id="5381">
            <IconStyle id="5382">
                <color>ffff0000</color>
                <colorMode>normal</colorMode>
                <scale>0.8</scale>
                <heading>0</heading>
                <Icon id="5383">
                    <href>http://maps.google.com/mapfiles/kml/paddle/wht-circle.png</href>
                </Icon>
            </IconStyle>
        </Style>
        <Style id="5386">
            <IconStyle id="5387">
                <color>ffff0000</color>
                <colorMode>normal</colorMode>
                <scale>0.8</scale>
                <heading>0</heading>
                <Icon id="5388">
                    <href>http://maps.google.com/mapfiles/kml/paddle/wht-circle.png</href>
                </Icon>
            </IconStyle>
        </Style>
        <Style id="5391">
            <IconStyle id="5392">
                <color>ffff0000</color>
                <colorMode>normal</colorMode>
                <scale>0.8</scale>
                <heading>0</heading>
                <Icon id="5393">
                    <href>http://maps.google.com/mapfiles/kml/paddle/wht-circle.png</href>
                </Icon>
            </IconStyle>
        </Style>
        <Style id="5396">
            <IconStyle id="5397">
                <color>ffff0000</color>
                <colorMode>normal</colorMode>
                <scale>0.8</scale>
                <heading>0</heading>
                <Icon id="5398">
                    <href>http://maps.google.com/mapfiles/kml/paddle/wht-circle.png</href>
                </Icon>
            </IconStyle>
        </Style>
        <Style id="5401">
            <IconStyle id="5402">
                <color>ffff0000</color>
                <colorMode>normal</colorMode>
                <scale>0.8</scale>
                <heading>0</heading>
                <Icon id="5403">
                    <href>http://maps.google.com/mapfiles/kml/paddle/wht-circle.png</href>
                </Icon>
            </IconStyle>
        </Style>
        <Style id="5406">
            <IconStyle id="5407">
                <color>ffff0000</color>
                <colorMode>normal</colorMode>
                <scale>0.8</scale>
                <heading>0</heading>
                <Icon id="5408">
                    <href>http://maps.google.com/mapfiles/kml/paddle/wht-circle.png</href>
                </Icon>
            </IconStyle>
        </Style>
        <Style id="5411">
            <IconStyle id="5412">
                <color>ffff0000</color>
                <colorMode>normal</colorMode>
                <scale>0.8</scale>
                <heading>0</heading>
                <Icon id="5413">
                    <href>http://maps.google.com/mapfiles/kml/paddle/wht-circle.png</href>
                </Icon>
            </IconStyle>
        </Style>
        <Style id="5416">
            <IconStyle id="5417">
                <color>ffff0000</color>
                <colorMode>normal</colorMode>
                <scale>0.8</scale>
                <heading>0</heading>
                <Icon id="5418">
                    <href>http://maps.google.com/mapfiles/kml/paddle/wht-circle.png</href>
                </Icon>
            </IconStyle>
        </Style>
        <Style id="5421">
            <IconStyle id="5422">
                <color>ffff0000</color>
                <colorMode>normal</colorMode>
                <scale>0.8</scale>
                <heading>0</heading>
                <Icon id="5423">
                    <href>http://maps.google.com/mapfiles/kml/paddle/wht-circle.png</href>
                </Icon>
            </IconStyle>
        </Style>
        <Style id="5426">
            <IconStyle id="5427">
                <color>ffff0000</color>
                <colorMode>normal</colorMode>
                <scale>0.8</scale>
                <heading>0</heading>
                <Icon id="5428">
                    <href>http://maps.google.com/mapfiles/kml/paddle/wht-circle.png</href>
                </Icon>
            </IconStyle>
        </Style>
        <Style id="5431">
            <IconStyle id="5432">
                <color>ffff0000</color>
                <colorMode>normal</colorMode>
                <scale>0.8</scale>
                <heading>0</heading>
                <Icon id="5433">
                    <href>http://maps.google.com/mapfiles/kml/paddle/wht-circle.png</href>
                </Icon>
            </IconStyle>
        </Style>
        <Style id="5436">
            <IconStyle id="5437">
                <color>ffff0000</color>
                <colorMode>normal</colorMode>
                <scale>0.8</scale>
                <heading>0</heading>
                <Icon id="5438">
                    <href>http://maps.google.com/mapfiles/kml/paddle/wht-circle.png</href>
                </Icon>
            </IconStyle>
        </Style>
        <Style id="5441">
            <IconStyle id="5442">
                <color>ffff0000</color>
                <colorMode>normal</colorMode>
                <scale>0.8</scale>
                <heading>0</heading>
                <Icon id="5443">
                    <href>http://maps.google.com/mapfiles/kml/paddle/wht-circle.png</href>
                </Icon>
            </IconStyle>
        </Style>
        <Style id="5446">
            <IconStyle id="5447">
                <color>ffff0000</color>
                <colorMode>normal</colorMode>
                <scale>0.8</scale>
                <heading>0</heading>
                <Icon id="5448">
                    <href>http://maps.google.com/mapfiles/kml/paddle/wht-circle.png</href>
                </Icon>
            </IconStyle>
        </Style>
        <Style id="5451">
            <IconStyle id="5452">
                <color>ffff0000</color>
                <colorMode>normal</colorMode>
                <scale>0.8</scale>
                <heading>0</heading>
                <Icon id="5453">
                    <href>http://maps.google.com/mapfiles/kml/paddle/wht-circle.png</href>
                </Icon>
            </IconStyle>
        </Style>
        <Style id="5456">
            <IconStyle id="5457">
                <color>ffff0000</color>
                <colorMode>normal</colorMode>
                <scale>0.8</scale>
                <heading>0</heading>
                <Icon id="5458">
                    <href>http://maps.google.com/mapfiles/kml/paddle/wht-circle.png</href>
                </Icon>
            </IconStyle>
        </Style>
        <Style id="5461">
            <IconStyle id="5462">
                <color>ffff0000</color>
                <colorMode>normal</colorMode>
                <scale>0.8</scale>
                <heading>0</heading>
                <Icon id="5463">
                    <href>http://maps.google.com/mapfiles/kml/paddle/wht-circle.png</href>
                </Icon>
            </IconStyle>
        </Style>
        <Style id="5466">
            <IconStyle id="5467">
                <color>ffff0000</color>
                <colorMode>normal</colorMode>
                <scale>0.8</scale>
                <heading>0</heading>
                <Icon id="5468">
                    <href>http://maps.google.com/mapfiles/kml/paddle/wht-circle.png</href>
                </Icon>
            </IconStyle>
        </Style>
        <Style id="5471">
            <IconStyle id="5472">
                <color>ffff0000</color>
                <colorMode>normal</colorMode>
                <scale>0.8</scale>
                <heading>0</heading>
                <Icon id="5473">
                    <href>http://maps.google.com/mapfiles/kml/paddle/wht-circle.png</href>
                </Icon>
            </IconStyle>
        </Style>
        <Style id="5476">
            <IconStyle id="5477">
                <color>ffff0000</color>
                <colorMode>normal</colorMode>
                <scale>0.8</scale>
                <heading>0</heading>
                <Icon id="5478">
                    <href>http://maps.google.com/mapfiles/kml/paddle/wht-circle.png</href>
                </Icon>
            </IconStyle>
        </Style>
        <Style id="5481">
            <IconStyle id="5482">
                <color>ffff0000</color>
                <colorMode>normal</colorMode>
                <scale>0.8</scale>
                <heading>0</heading>
                <Icon id="5483">
                    <href>http://maps.google.com/mapfiles/kml/paddle/wht-circle.png</href>
                </Icon>
            </IconStyle>
        </Style>
        <Style id="5486">
            <IconStyle id="5487">
                <color>ffff0000</color>
                <colorMode>normal</colorMode>
                <scale>0.8</scale>
                <heading>0</heading>
                <Icon id="5488">
                    <href>http://maps.google.com/mapfiles/kml/paddle/wht-circle.png</href>
                </Icon>
            </IconStyle>
        </Style>
        <Style id="5491">
            <IconStyle id="5492">
                <color>ffff0000</color>
                <colorMode>normal</colorMode>
                <scale>0.8</scale>
                <heading>0</heading>
                <Icon id="5493">
                    <href>http://maps.google.com/mapfiles/kml/paddle/wht-circle.png</href>
                </Icon>
            </IconStyle>
        </Style>
        <Style id="5496">
            <IconStyle id="5497">
                <color>ffff0000</color>
                <colorMode>normal</colorMode>
                <scale>0.8</scale>
                <heading>0</heading>
                <Icon id="5498">
                    <href>http://maps.google.com/mapfiles/kml/paddle/wht-circle.png</href>
                </Icon>
            </IconStyle>
        </Style>
        <Style id="5501">
            <IconStyle id="5502">
                <color>ffff0000</color>
                <colorMode>normal</colorMode>
                <scale>0.8</scale>
                <heading>0</heading>
                <Icon id="5503">
                    <href>http://maps.google.com/mapfiles/kml/paddle/wht-circle.png</href>
                </Icon>
            </IconStyle>
        </Style>
        <Style id="5506">
            <IconStyle id="5507">
                <color>ffff0000</color>
                <colorMode>normal</colorMode>
                <scale>0.8</scale>
                <heading>0</heading>
                <Icon id="5508">
                    <href>http://maps.google.com/mapfiles/kml/paddle/wht-circle.png</href>
                </Icon>
            </IconStyle>
        </Style>
        <Style id="5511">
            <IconStyle id="5512">
                <color>ffff0000</color>
                <colorMode>normal</colorMode>
                <scale>0.8</scale>
                <heading>0</heading>
                <Icon id="5513">
                    <href>http://maps.google.com/mapfiles/kml/paddle/wht-circle.png</href>
                </Icon>
            </IconStyle>
        </Style>
        <Style id="5516">
            <IconStyle id="5517">
                <color>ffff0000</color>
                <colorMode>normal</colorMode>
                <scale>0.8</scale>
                <heading>0</heading>
                <Icon id="5518">
                    <href>http://maps.google.com/mapfiles/kml/paddle/wht-circle.png</href>
                </Icon>
            </IconStyle>
        </Style>
        <Style id="5521">
            <IconStyle id="5522">
                <color>ffff0000</color>
                <colorMode>normal</colorMode>
                <scale>0.8</scale>
                <heading>0</heading>
                <Icon id="5523">
                    <href>http://maps.google.com/mapfiles/kml/paddle/wht-circle.png</href>
                </Icon>
            </IconStyle>
        </Style>
        <Style id="5526">
            <IconStyle id="5527">
                <color>ffff0000</color>
                <colorMode>normal</colorMode>
                <scale>0.8</scale>
                <heading>0</heading>
                <Icon id="5528">
                    <href>http://maps.google.com/mapfiles/kml/paddle/wht-circle.png</href>
                </Icon>
            </IconStyle>
        </Style>
        <Style id="5531">
            <IconStyle id="5532">
                <color>ffff0000</color>
                <colorMode>normal</colorMode>
                <scale>0.8</scale>
                <heading>0</heading>
                <Icon id="5533">
                    <href>http://maps.google.com/mapfiles/kml/paddle/wht-circle.png</href>
                </Icon>
            </IconStyle>
        </Style>
        <Style id="5536">
            <IconStyle id="5537">
                <color>ffff0000</color>
                <colorMode>normal</colorMode>
                <scale>0.8</scale>
                <heading>0</heading>
                <Icon id="5538">
                    <href>http://maps.google.com/mapfiles/kml/paddle/wht-circle.png</href>
                </Icon>
            </IconStyle>
        </Style>
        <Style id="5541">
            <IconStyle id="5542">
                <color>ffff0000</color>
                <colorMode>normal</colorMode>
                <scale>0.8</scale>
                <heading>0</heading>
                <Icon id="5543">
                    <href>http://maps.google.com/mapfiles/kml/paddle/wht-circle.png</href>
                </Icon>
            </IconStyle>
        </Style>
        <Style id="5546">
            <IconStyle id="5547">
                <color>ffff0000</color>
                <colorMode>normal</colorMode>
                <scale>0.8</scale>
                <heading>0</heading>
                <Icon id="5548">
                    <href>http://maps.google.com/mapfiles/kml/paddle/wht-circle.png</href>
                </Icon>
            </IconStyle>
        </Style>
        <Style id="5551">
            <IconStyle id="5552">
                <color>ffff0000</color>
                <colorMode>normal</colorMode>
                <scale>0.8</scale>
                <heading>0</heading>
                <Icon id="5553">
                    <href>http://maps.google.com/mapfiles/kml/paddle/wht-circle.png</href>
                </Icon>
            </IconStyle>
        </Style>
        <Style id="5556">
            <IconStyle id="5557">
                <color>ffff0000</color>
                <colorMode>normal</colorMode>
                <scale>0.8</scale>
                <heading>0</heading>
                <Icon id="5558">
                    <href>http://maps.google.com/mapfiles/kml/paddle/wht-circle.png</href>
                </Icon>
            </IconStyle>
        </Style>
        <Style id="5561">
            <IconStyle id="5562">
                <color>ffff0000</color>
                <colorMode>normal</colorMode>
                <scale>0.8</scale>
                <heading>0</heading>
                <Icon id="5563">
                    <href>http://maps.google.com/mapfiles/kml/paddle/wht-circle.png</href>
                </Icon>
            </IconStyle>
        </Style>
        <Style id="5566">
            <IconStyle id="5567">
                <color>ffff0000</color>
                <colorMode>normal</colorMode>
                <scale>0.8</scale>
                <heading>0</heading>
                <Icon id="5568">
                    <href>http://maps.google.com/mapfiles/kml/paddle/wht-circle.png</href>
                </Icon>
            </IconStyle>
        </Style>
        <Style id="5571">
            <IconStyle id="5572">
                <color>ffff0000</color>
                <colorMode>normal</colorMode>
                <scale>0.8</scale>
                <heading>0</heading>
                <Icon id="5573">
                    <href>http://maps.google.com/mapfiles/kml/paddle/wht-circle.png</href>
                </Icon>
            </IconStyle>
        </Style>
        <Style id="5576">
            <IconStyle id="5577">
                <color>ffff0000</color>
                <colorMode>normal</colorMode>
                <scale>0.8</scale>
                <heading>0</heading>
                <Icon id="5578">
                    <href>http://maps.google.com/mapfiles/kml/paddle/wht-circle.png</href>
                </Icon>
            </IconStyle>
        </Style>
        <Style id="5581">
            <IconStyle id="5582">
                <color>ffff0000</color>
                <colorMode>normal</colorMode>
                <scale>0.8</scale>
                <heading>0</heading>
                <Icon id="5583">
                    <href>http://maps.google.com/mapfiles/kml/paddle/wht-circle.png</href>
                </Icon>
            </IconStyle>
        </Style>
        <Style id="5586">
            <IconStyle id="5587">
                <color>ffff0000</color>
                <colorMode>normal</colorMode>
                <scale>0.8</scale>
                <heading>0</heading>
                <Icon id="5588">
                    <href>http://maps.google.com/mapfiles/kml/paddle/wht-circle.png</href>
                </Icon>
            </IconStyle>
        </Style>
        <Style id="5591">
            <IconStyle id="5592">
                <color>ffff0000</color>
                <colorMode>normal</colorMode>
                <scale>0.8</scale>
                <heading>0</heading>
                <Icon id="5593">
                    <href>http://maps.google.com/mapfiles/kml/paddle/wht-circle.png</href>
                </Icon>
            </IconStyle>
        </Style>
        <Style id="5596">
            <IconStyle id="5597">
                <color>ffff0000</color>
                <colorMode>normal</colorMode>
                <scale>0.8</scale>
                <heading>0</heading>
                <Icon id="5598">
                    <href>http://maps.google.com/mapfiles/kml/paddle/wht-circle.png</href>
                </Icon>
            </IconStyle>
        </Style>
        <Style id="5601">
            <IconStyle id="5602">
                <color>ffff0000</color>
                <colorMode>normal</colorMode>
                <scale>0.8</scale>
                <heading>0</heading>
                <Icon id="5603">
                    <href>http://maps.google.com/mapfiles/kml/paddle/wht-circle.png</href>
                </Icon>
            </IconStyle>
        </Style>
        <Style id="5606">
            <IconStyle id="5607">
                <color>ffff0000</color>
                <colorMode>normal</colorMode>
                <scale>0.8</scale>
                <heading>0</heading>
                <Icon id="5608">
                    <href>http://maps.google.com/mapfiles/kml/paddle/wht-circle.png</href>
                </Icon>
            </IconStyle>
        </Style>
        <Style id="5611">
            <IconStyle id="5612">
                <color>ffff0000</color>
                <colorMode>normal</colorMode>
                <scale>0.8</scale>
                <heading>0</heading>
                <Icon id="5613">
                    <href>http://maps.google.com/mapfiles/kml/paddle/wht-circle.png</href>
                </Icon>
            </IconStyle>
        </Style>
        <Style id="5616">
            <IconStyle id="5617">
                <color>ffff0000</color>
                <colorMode>normal</colorMode>
                <scale>0.8</scale>
                <heading>0</heading>
                <Icon id="5618">
                    <href>http://maps.google.com/mapfiles/kml/paddle/wht-circle.png</href>
                </Icon>
            </IconStyle>
        </Style>
        <Style id="5621">
            <IconStyle id="5622">
                <color>ffff0000</color>
                <colorMode>normal</colorMode>
                <scale>0.8</scale>
                <heading>0</heading>
                <Icon id="5623">
                    <href>http://maps.google.com/mapfiles/kml/paddle/wht-circle.png</href>
                </Icon>
            </IconStyle>
        </Style>
        <Style id="5626">
            <IconStyle id="5627">
                <color>ffff0000</color>
                <colorMode>normal</colorMode>
                <scale>0.8</scale>
                <heading>0</heading>
                <Icon id="5628">
                    <href>http://maps.google.com/mapfiles/kml/paddle/wht-circle.png</href>
                </Icon>
            </IconStyle>
        </Style>
        <Style id="5631">
            <IconStyle id="5632">
                <color>ffff0000</color>
                <colorMode>normal</colorMode>
                <scale>0.8</scale>
                <heading>0</heading>
                <Icon id="5633">
                    <href>http://maps.google.com/mapfiles/kml/paddle/wht-circle.png</href>
                </Icon>
            </IconStyle>
        </Style>
        <Style id="5636">
            <IconStyle id="5637">
                <color>ffff0000</color>
                <colorMode>normal</colorMode>
                <scale>0.8</scale>
                <heading>0</heading>
                <Icon id="5638">
                    <href>http://maps.google.com/mapfiles/kml/paddle/wht-circle.png</href>
                </Icon>
            </IconStyle>
        </Style>
        <Style id="5641">
            <IconStyle id="5642">
                <color>ffff0000</color>
                <colorMode>normal</colorMode>
                <scale>0.8</scale>
                <heading>0</heading>
                <Icon id="5643">
                    <href>http://maps.google.com/mapfiles/kml/paddle/wht-circle.png</href>
                </Icon>
            </IconStyle>
        </Style>
        <Style id="5646">
            <IconStyle id="5647">
                <color>ffff0000</color>
                <colorMode>normal</colorMode>
                <scale>0.8</scale>
                <heading>0</heading>
                <Icon id="5648">
                    <href>http://maps.google.com/mapfiles/kml/paddle/wht-circle.png</href>
                </Icon>
            </IconStyle>
        </Style>
        <Style id="5651">
            <IconStyle id="5652">
                <color>ffff0000</color>
                <colorMode>normal</colorMode>
                <scale>0.8</scale>
                <heading>0</heading>
                <Icon id="5653">
                    <href>http://maps.google.com/mapfiles/kml/paddle/wht-circle.png</href>
                </Icon>
            </IconStyle>
        </Style>
        <Style id="5656">
            <IconStyle id="5657">
                <color>ffff0000</color>
                <colorMode>normal</colorMode>
                <scale>0.8</scale>
                <heading>0</heading>
                <Icon id="5658">
                    <href>http://maps.google.com/mapfiles/kml/paddle/wht-circle.png</href>
                </Icon>
            </IconStyle>
        </Style>
        <Style id="5661">
            <IconStyle id="5662">
                <color>ffff0000</color>
                <colorMode>normal</colorMode>
                <scale>0.8</scale>
                <heading>0</heading>
                <Icon id="5663">
                    <href>http://maps.google.com/mapfiles/kml/paddle/wht-circle.png</href>
                </Icon>
            </IconStyle>
        </Style>
        <Style id="5666">
            <IconStyle id="5667">
                <color>ffff0000</color>
                <colorMode>normal</colorMode>
                <scale>0.8</scale>
                <heading>0</heading>
                <Icon id="5668">
                    <href>http://maps.google.com/mapfiles/kml/paddle/wht-circle.png</href>
                </Icon>
            </IconStyle>
        </Style>
        <Style id="5671">
            <IconStyle id="5672">
                <color>ffff0000</color>
                <colorMode>normal</colorMode>
                <scale>0.8</scale>
                <heading>0</heading>
                <Icon id="5673">
                    <href>http://maps.google.com/mapfiles/kml/paddle/wht-circle.png</href>
                </Icon>
            </IconStyle>
        </Style>
        <Style id="5676">
            <IconStyle id="5677">
                <color>ffff0000</color>
                <colorMode>normal</colorMode>
                <scale>0.8</scale>
                <heading>0</heading>
                <Icon id="5678">
                    <href>http://maps.google.com/mapfiles/kml/paddle/wht-circle.png</href>
                </Icon>
            </IconStyle>
        </Style>
        <Style id="5681">
            <IconStyle id="5682">
                <color>ffff0000</color>
                <colorMode>normal</colorMode>
                <scale>0.8</scale>
                <heading>0</heading>
                <Icon id="5683">
                    <href>http://maps.google.com/mapfiles/kml/paddle/wht-circle.png</href>
                </Icon>
            </IconStyle>
        </Style>
        <Style id="5686">
            <IconStyle id="5687">
                <color>ffff0000</color>
                <colorMode>normal</colorMode>
                <scale>0.8</scale>
                <heading>0</heading>
                <Icon id="5688">
                    <href>http://maps.google.com/mapfiles/kml/paddle/wht-circle.png</href>
                </Icon>
            </IconStyle>
        </Style>
        <Style id="5691">
            <IconStyle id="5692">
                <color>ffff0000</color>
                <colorMode>normal</colorMode>
                <scale>0.8</scale>
                <heading>0</heading>
                <Icon id="5693">
                    <href>http://maps.google.com/mapfiles/kml/paddle/wht-circle.png</href>
                </Icon>
            </IconStyle>
        </Style>
        <Style id="5696">
            <IconStyle id="5697">
                <color>ffff0000</color>
                <colorMode>normal</colorMode>
                <scale>0.8</scale>
                <heading>0</heading>
                <Icon id="5698">
                    <href>http://maps.google.com/mapfiles/kml/paddle/wht-circle.png</href>
                </Icon>
            </IconStyle>
        </Style>
        <Style id="5701">
            <IconStyle id="5702">
                <color>ffff0000</color>
                <colorMode>normal</colorMode>
                <scale>0.8</scale>
                <heading>0</heading>
                <Icon id="5703">
                    <href>http://maps.google.com/mapfiles/kml/paddle/wht-circle.png</href>
                </Icon>
            </IconStyle>
        </Style>
        <Style id="5706">
            <IconStyle id="5707">
                <color>ffff0000</color>
                <colorMode>normal</colorMode>
                <scale>0.8</scale>
                <heading>0</heading>
                <Icon id="5708">
                    <href>http://maps.google.com/mapfiles/kml/paddle/wht-circle.png</href>
                </Icon>
            </IconStyle>
        </Style>
        <Style id="5711">
            <IconStyle id="5712">
                <color>ffff0000</color>
                <colorMode>normal</colorMode>
                <scale>0.8</scale>
                <heading>0</heading>
                <Icon id="5713">
                    <href>http://maps.google.com/mapfiles/kml/paddle/wht-circle.png</href>
                </Icon>
            </IconStyle>
        </Style>
        <Style id="5716">
            <IconStyle id="5717">
                <color>ffff0000</color>
                <colorMode>normal</colorMode>
                <scale>0.8</scale>
                <heading>0</heading>
                <Icon id="5718">
                    <href>http://maps.google.com/mapfiles/kml/paddle/wht-circle.png</href>
                </Icon>
            </IconStyle>
        </Style>
        <Style id="5721">
            <IconStyle id="5722">
                <color>ffff0000</color>
                <colorMode>normal</colorMode>
                <scale>0.8</scale>
                <heading>0</heading>
                <Icon id="5723">
                    <href>http://maps.google.com/mapfiles/kml/paddle/wht-circle.png</href>
                </Icon>
            </IconStyle>
        </Style>
        <Style id="5726">
            <IconStyle id="5727">
                <color>ffff0000</color>
                <colorMode>normal</colorMode>
                <scale>0.8</scale>
                <heading>0</heading>
                <Icon id="5728">
                    <href>http://maps.google.com/mapfiles/kml/paddle/wht-circle.png</href>
                </Icon>
            </IconStyle>
        </Style>
        <Style id="5731">
            <IconStyle id="5732">
                <color>ffff0000</color>
                <colorMode>normal</colorMode>
                <scale>0.8</scale>
                <heading>0</heading>
                <Icon id="5733">
                    <href>http://maps.google.com/mapfiles/kml/paddle/wht-circle.png</href>
                </Icon>
            </IconStyle>
        </Style>
        <Style id="5736">
            <IconStyle id="5737">
                <color>ffff0000</color>
                <colorMode>normal</colorMode>
                <scale>0.8</scale>
                <heading>0</heading>
                <Icon id="5738">
                    <href>http://maps.google.com/mapfiles/kml/paddle/wht-circle.png</href>
                </Icon>
            </IconStyle>
        </Style>
        <Style id="5741">
            <IconStyle id="5742">
                <color>ffff0000</color>
                <colorMode>normal</colorMode>
                <scale>0.8</scale>
                <heading>0</heading>
                <Icon id="5743">
                    <href>http://maps.google.com/mapfiles/kml/paddle/wht-circle.png</href>
                </Icon>
            </IconStyle>
        </Style>
        <Style id="5746">
            <IconStyle id="5747">
                <color>ffff0000</color>
                <colorMode>normal</colorMode>
                <scale>0.8</scale>
                <heading>0</heading>
                <Icon id="5748">
                    <href>http://maps.google.com/mapfiles/kml/paddle/wht-circle.png</href>
                </Icon>
            </IconStyle>
        </Style>
        <Style id="5751">
            <IconStyle id="5752">
                <color>ffff0000</color>
                <colorMode>normal</colorMode>
                <scale>0.8</scale>
                <heading>0</heading>
                <Icon id="5753">
                    <href>http://maps.google.com/mapfiles/kml/paddle/wht-circle.png</href>
                </Icon>
            </IconStyle>
        </Style>
        <Style id="5756">
            <IconStyle id="5757">
                <color>ffff0000</color>
                <colorMode>normal</colorMode>
                <scale>0.8</scale>
                <heading>0</heading>
                <Icon id="5758">
                    <href>http://maps.google.com/mapfiles/kml/paddle/wht-circle.png</href>
                </Icon>
            </IconStyle>
        </Style>
        <Style id="5761">
            <IconStyle id="5762">
                <color>ffff0000</color>
                <colorMode>normal</colorMode>
                <scale>0.8</scale>
                <heading>0</heading>
                <Icon id="5763">
                    <href>http://maps.google.com/mapfiles/kml/paddle/wht-circle.png</href>
                </Icon>
            </IconStyle>
        </Style>
        <Style id="5766">
            <IconStyle id="5767">
                <color>ffff0000</color>
                <colorMode>normal</colorMode>
                <scale>0.8</scale>
                <heading>0</heading>
                <Icon id="5768">
                    <href>http://maps.google.com/mapfiles/kml/paddle/wht-circle.png</href>
                </Icon>
            </IconStyle>
        </Style>
        <Style id="5771">
            <IconStyle id="5772">
                <color>ffff0000</color>
                <colorMode>normal</colorMode>
                <scale>0.8</scale>
                <heading>0</heading>
                <Icon id="5773">
                    <href>http://maps.google.com/mapfiles/kml/paddle/wht-circle.png</href>
                </Icon>
            </IconStyle>
        </Style>
        <Style id="5776">
            <IconStyle id="5777">
                <color>ffff0000</color>
                <colorMode>normal</colorMode>
                <scale>0.8</scale>
                <heading>0</heading>
                <Icon id="5778">
                    <href>http://maps.google.com/mapfiles/kml/paddle/wht-circle.png</href>
                </Icon>
            </IconStyle>
        </Style>
        <Style id="5781">
            <IconStyle id="5782">
                <color>ffff0000</color>
                <colorMode>normal</colorMode>
                <scale>0.8</scale>
                <heading>0</heading>
                <Icon id="5783">
                    <href>http://maps.google.com/mapfiles/kml/paddle/wht-circle.png</href>
                </Icon>
            </IconStyle>
        </Style>
        <Style id="5786">
            <IconStyle id="5787">
                <color>ffff0000</color>
                <colorMode>normal</colorMode>
                <scale>0.8</scale>
                <heading>0</heading>
                <Icon id="5788">
                    <href>http://maps.google.com/mapfiles/kml/paddle/wht-circle.png</href>
                </Icon>
            </IconStyle>
        </Style>
        <Style id="5791">
            <IconStyle id="5792">
                <color>ffff0000</color>
                <colorMode>normal</colorMode>
                <scale>0.8</scale>
                <heading>0</heading>
                <Icon id="5793">
                    <href>http://maps.google.com/mapfiles/kml/paddle/wht-circle.png</href>
                </Icon>
            </IconStyle>
        </Style>
        <Style id="5796">
            <IconStyle id="5797">
                <color>ffff0000</color>
                <colorMode>normal</colorMode>
                <scale>0.8</scale>
                <heading>0</heading>
                <Icon id="5798">
                    <href>http://maps.google.com/mapfiles/kml/paddle/wht-circle.png</href>
                </Icon>
            </IconStyle>
        </Style>
        <Style id="5801">
            <IconStyle id="5802">
                <color>ffff0000</color>
                <colorMode>normal</colorMode>
                <scale>0.8</scale>
                <heading>0</heading>
                <Icon id="5803">
                    <href>http://maps.google.com/mapfiles/kml/paddle/wht-circle.png</href>
                </Icon>
            </IconStyle>
        </Style>
        <Style id="5806">
            <IconStyle id="5807">
                <color>ffff0000</color>
                <colorMode>normal</colorMode>
                <scale>0.8</scale>
                <heading>0</heading>
                <Icon id="5808">
                    <href>http://maps.google.com/mapfiles/kml/paddle/wht-circle.png</href>
                </Icon>
            </IconStyle>
        </Style>
        <Style id="5811">
            <IconStyle id="5812">
                <color>ffff0000</color>
                <colorMode>normal</colorMode>
                <scale>0.8</scale>
                <heading>0</heading>
                <Icon id="5813">
                    <href>http://maps.google.com/mapfiles/kml/paddle/wht-circle.png</href>
                </Icon>
            </IconStyle>
        </Style>
        <Style id="5816">
            <IconStyle id="5817">
                <color>ffff0000</color>
                <colorMode>normal</colorMode>
                <scale>0.8</scale>
                <heading>0</heading>
                <Icon id="5818">
                    <href>http://maps.google.com/mapfiles/kml/paddle/wht-circle.png</href>
                </Icon>
            </IconStyle>
        </Style>
        <Style id="5821">
            <IconStyle id="5822">
                <color>ffff0000</color>
                <colorMode>normal</colorMode>
                <scale>0.8</scale>
                <heading>0</heading>
                <Icon id="5823">
                    <href>http://maps.google.com/mapfiles/kml/paddle/wht-circle.png</href>
                </Icon>
            </IconStyle>
        </Style>
        <Style id="5826">
            <IconStyle id="5827">
                <color>ffff0000</color>
                <colorMode>normal</colorMode>
                <scale>0.8</scale>
                <heading>0</heading>
                <Icon id="5828">
                    <href>http://maps.google.com/mapfiles/kml/paddle/wht-circle.png</href>
                </Icon>
            </IconStyle>
        </Style>
        <Style id="5831">
            <IconStyle id="5832">
                <color>ffff0000</color>
                <colorMode>normal</colorMode>
                <scale>0.8</scale>
                <heading>0</heading>
                <Icon id="5833">
                    <href>http://maps.google.com/mapfiles/kml/paddle/wht-circle.png</href>
                </Icon>
            </IconStyle>
        </Style>
        <Style id="5836">
            <IconStyle id="5837">
                <color>ffff0000</color>
                <colorMode>normal</colorMode>
                <scale>0.8</scale>
                <heading>0</heading>
                <Icon id="5838">
                    <href>http://maps.google.com/mapfiles/kml/paddle/wht-circle.png</href>
                </Icon>
            </IconStyle>
        </Style>
        <Style id="5841">
            <IconStyle id="5842">
                <color>ffff0000</color>
                <colorMode>normal</colorMode>
                <scale>0.8</scale>
                <heading>0</heading>
                <Icon id="5843">
                    <href>http://maps.google.com/mapfiles/kml/paddle/wht-circle.png</href>
                </Icon>
            </IconStyle>
        </Style>
        <Style id="5846">
            <IconStyle id="5847">
                <color>ffff0000</color>
                <colorMode>normal</colorMode>
                <scale>0.8</scale>
                <heading>0</heading>
                <Icon id="5848">
                    <href>http://maps.google.com/mapfiles/kml/paddle/wht-circle.png</href>
                </Icon>
            </IconStyle>
        </Style>
        <Style id="5851">
            <IconStyle id="5852">
                <color>ffff0000</color>
                <colorMode>normal</colorMode>
                <scale>0.8</scale>
                <heading>0</heading>
                <Icon id="5853">
                    <href>http://maps.google.com/mapfiles/kml/paddle/wht-circle.png</href>
                </Icon>
            </IconStyle>
        </Style>
        <Style id="5856">
            <IconStyle id="5857">
                <color>ffff0000</color>
                <colorMode>normal</colorMode>
                <scale>0.8</scale>
                <heading>0</heading>
                <Icon id="5858">
                    <href>http://maps.google.com/mapfiles/kml/paddle/wht-circle.png</href>
                </Icon>
            </IconStyle>
        </Style>
        <Style id="5861">
            <IconStyle id="5862">
                <color>ffff0000</color>
                <colorMode>normal</colorMode>
                <scale>0.8</scale>
                <heading>0</heading>
                <Icon id="5863">
                    <href>http://maps.google.com/mapfiles/kml/paddle/wht-circle.png</href>
                </Icon>
            </IconStyle>
        </Style>
        <Style id="5866">
            <IconStyle id="5867">
                <color>ffff0000</color>
                <colorMode>normal</colorMode>
                <scale>0.8</scale>
                <heading>0</heading>
                <Icon id="5868">
                    <href>http://maps.google.com/mapfiles/kml/paddle/wht-circle.png</href>
                </Icon>
            </IconStyle>
        </Style>
        <Style id="5871">
            <IconStyle id="5872">
                <color>ffff0000</color>
                <colorMode>normal</colorMode>
                <scale>0.8</scale>
                <heading>0</heading>
                <Icon id="5873">
                    <href>http://maps.google.com/mapfiles/kml/paddle/wht-circle.png</href>
                </Icon>
            </IconStyle>
        </Style>
        <Style id="5876">
            <IconStyle id="5877">
                <color>ffff0000</color>
                <colorMode>normal</colorMode>
                <scale>0.8</scale>
                <heading>0</heading>
                <Icon id="5878">
                    <href>http://maps.google.com/mapfiles/kml/paddle/wht-circle.png</href>
                </Icon>
            </IconStyle>
        </Style>
        <Style id="5881">
            <IconStyle id="5882">
                <color>ffff0000</color>
                <colorMode>normal</colorMode>
                <scale>0.8</scale>
                <heading>0</heading>
                <Icon id="5883">
                    <href>http://maps.google.com/mapfiles/kml/paddle/wht-circle.png</href>
                </Icon>
            </IconStyle>
        </Style>
        <Style id="5886">
            <IconStyle id="5887">
                <color>ffff0000</color>
                <colorMode>normal</colorMode>
                <scale>0.8</scale>
                <heading>0</heading>
                <Icon id="5888">
                    <href>http://maps.google.com/mapfiles/kml/paddle/wht-circle.png</href>
                </Icon>
            </IconStyle>
        </Style>
        <Style id="5891">
            <IconStyle id="5892">
                <color>ffff0000</color>
                <colorMode>normal</colorMode>
                <scale>0.8</scale>
                <heading>0</heading>
                <Icon id="5893">
                    <href>http://maps.google.com/mapfiles/kml/paddle/wht-circle.png</href>
                </Icon>
            </IconStyle>
        </Style>
        <Style id="5896">
            <IconStyle id="5897">
                <color>ffff0000</color>
                <colorMode>normal</colorMode>
                <scale>0.8</scale>
                <heading>0</heading>
                <Icon id="5898">
                    <href>http://maps.google.com/mapfiles/kml/paddle/wht-circle.png</href>
                </Icon>
            </IconStyle>
        </Style>
        <Style id="5901">
            <IconStyle id="5902">
                <color>ffff0000</color>
                <colorMode>normal</colorMode>
                <scale>0.8</scale>
                <heading>0</heading>
                <Icon id="5903">
                    <href>http://maps.google.com/mapfiles/kml/paddle/wht-circle.png</href>
                </Icon>
            </IconStyle>
        </Style>
        <Style id="5906">
            <IconStyle id="5907">
                <color>ffff0000</color>
                <colorMode>normal</colorMode>
                <scale>0.8</scale>
                <heading>0</heading>
                <Icon id="5908">
                    <href>http://maps.google.com/mapfiles/kml/paddle/wht-circle.png</href>
                </Icon>
            </IconStyle>
        </Style>
        <Style id="5911">
            <IconStyle id="5912">
                <color>ffff0000</color>
                <colorMode>normal</colorMode>
                <scale>0.8</scale>
                <heading>0</heading>
                <Icon id="5913">
                    <href>http://maps.google.com/mapfiles/kml/paddle/wht-circle.png</href>
                </Icon>
            </IconStyle>
        </Style>
        <Style id="5916">
            <IconStyle id="5917">
                <color>ffff0000</color>
                <colorMode>normal</colorMode>
                <scale>0.8</scale>
                <heading>0</heading>
                <Icon id="5918">
                    <href>http://maps.google.com/mapfiles/kml/paddle/wht-circle.png</href>
                </Icon>
            </IconStyle>
        </Style>
        <Style id="5921">
            <IconStyle id="5922">
                <color>ffff0000</color>
                <colorMode>normal</colorMode>
                <scale>0.8</scale>
                <heading>0</heading>
                <Icon id="5923">
                    <href>http://maps.google.com/mapfiles/kml/paddle/wht-circle.png</href>
                </Icon>
            </IconStyle>
        </Style>
        <Style id="5926">
            <IconStyle id="5927">
                <color>ffff0000</color>
                <colorMode>normal</colorMode>
                <scale>0.8</scale>
                <heading>0</heading>
                <Icon id="5928">
                    <href>http://maps.google.com/mapfiles/kml/paddle/wht-circle.png</href>
                </Icon>
            </IconStyle>
        </Style>
        <Style id="5931">
            <IconStyle id="5932">
                <color>ffff0000</color>
                <colorMode>normal</colorMode>
                <scale>0.8</scale>
                <heading>0</heading>
                <Icon id="5933">
                    <href>http://maps.google.com/mapfiles/kml/paddle/wht-circle.png</href>
                </Icon>
            </IconStyle>
        </Style>
        <Style id="5936">
            <IconStyle id="5937">
                <color>ffff0000</color>
                <colorMode>normal</colorMode>
                <scale>0.8</scale>
                <heading>0</heading>
                <Icon id="5938">
                    <href>http://maps.google.com/mapfiles/kml/paddle/wht-circle.png</href>
                </Icon>
            </IconStyle>
        </Style>
        <Style id="5941">
            <IconStyle id="5942">
                <color>ffff0000</color>
                <colorMode>normal</colorMode>
                <scale>0.8</scale>
                <heading>0</heading>
                <Icon id="5943">
                    <href>http://maps.google.com/mapfiles/kml/paddle/wht-circle.png</href>
                </Icon>
            </IconStyle>
        </Style>
        <Style id="5946">
            <IconStyle id="5947">
                <color>ffff0000</color>
                <colorMode>normal</colorMode>
                <scale>0.8</scale>
                <heading>0</heading>
                <Icon id="5948">
                    <href>http://maps.google.com/mapfiles/kml/paddle/wht-circle.png</href>
                </Icon>
            </IconStyle>
        </Style>
        <Style id="5951">
            <IconStyle id="5952">
                <color>ffff0000</color>
                <colorMode>normal</colorMode>
                <scale>0.8</scale>
                <heading>0</heading>
                <Icon id="5953">
                    <href>http://maps.google.com/mapfiles/kml/paddle/wht-circle.png</href>
                </Icon>
            </IconStyle>
        </Style>
        <Style id="5956">
            <IconStyle id="5957">
                <color>ffff0000</color>
                <colorMode>normal</colorMode>
                <scale>0.8</scale>
                <heading>0</heading>
                <Icon id="5958">
                    <href>http://maps.google.com/mapfiles/kml/paddle/wht-circle.png</href>
                </Icon>
            </IconStyle>
        </Style>
        <Style id="5961">
            <IconStyle id="5962">
                <color>ffff0000</color>
                <colorMode>normal</colorMode>
                <scale>0.8</scale>
                <heading>0</heading>
                <Icon id="5963">
                    <href>http://maps.google.com/mapfiles/kml/paddle/wht-circle.png</href>
                </Icon>
            </IconStyle>
        </Style>
        <Style id="5966">
            <IconStyle id="5967">
                <color>ffff0000</color>
                <colorMode>normal</colorMode>
                <scale>0.8</scale>
                <heading>0</heading>
                <Icon id="5968">
                    <href>http://maps.google.com/mapfiles/kml/paddle/wht-circle.png</href>
                </Icon>
            </IconStyle>
        </Style>
        <Style id="5971">
            <IconStyle id="5972">
                <color>ffff0000</color>
                <colorMode>normal</colorMode>
                <scale>0.8</scale>
                <heading>0</heading>
                <Icon id="5973">
                    <href>http://maps.google.com/mapfiles/kml/paddle/wht-circle.png</href>
                </Icon>
            </IconStyle>
        </Style>
        <Style id="5976">
            <IconStyle id="5977">
                <color>ffff0000</color>
                <colorMode>normal</colorMode>
                <scale>0.8</scale>
                <heading>0</heading>
                <Icon id="5978">
                    <href>http://maps.google.com/mapfiles/kml/paddle/wht-circle.png</href>
                </Icon>
            </IconStyle>
        </Style>
        <Style id="5981">
            <IconStyle id="5982">
                <color>ffff0000</color>
                <colorMode>normal</colorMode>
                <scale>0.8</scale>
                <heading>0</heading>
                <Icon id="5983">
                    <href>http://maps.google.com/mapfiles/kml/paddle/wht-circle.png</href>
                </Icon>
            </IconStyle>
        </Style>
        <Style id="5986">
            <IconStyle id="5987">
                <color>ffff0000</color>
                <colorMode>normal</colorMode>
                <scale>0.8</scale>
                <heading>0</heading>
                <Icon id="5988">
                    <href>http://maps.google.com/mapfiles/kml/paddle/wht-circle.png</href>
                </Icon>
            </IconStyle>
        </Style>
        <Style id="5991">
            <IconStyle id="5992">
                <color>ffff0000</color>
                <colorMode>normal</colorMode>
                <scale>0.8</scale>
                <heading>0</heading>
                <Icon id="5993">
                    <href>http://maps.google.com/mapfiles/kml/paddle/wht-circle.png</href>
                </Icon>
            </IconStyle>
        </Style>
        <Style id="5996">
            <IconStyle id="5997">
                <color>ffff0000</color>
                <colorMode>normal</colorMode>
                <scale>0.8</scale>
                <heading>0</heading>
                <Icon id="5998">
                    <href>http://maps.google.com/mapfiles/kml/paddle/wht-circle.png</href>
                </Icon>
            </IconStyle>
        </Style>
        <Style id="6001">
            <IconStyle id="6002">
                <color>ffff0000</color>
                <colorMode>normal</colorMode>
                <scale>0.8</scale>
                <heading>0</heading>
                <Icon id="6003">
                    <href>http://maps.google.com/mapfiles/kml/paddle/wht-circle.png</href>
                </Icon>
            </IconStyle>
        </Style>
        <Style id="6006">
            <IconStyle id="6007">
                <color>ffff0000</color>
                <colorMode>normal</colorMode>
                <scale>0.8</scale>
                <heading>0</heading>
                <Icon id="6008">
                    <href>http://maps.google.com/mapfiles/kml/paddle/wht-circle.png</href>
                </Icon>
            </IconStyle>
        </Style>
        <Style id="6011">
            <IconStyle id="6012">
                <color>ffff0000</color>
                <colorMode>normal</colorMode>
                <scale>0.8</scale>
                <heading>0</heading>
                <Icon id="6013">
                    <href>http://maps.google.com/mapfiles/kml/paddle/wht-circle.png</href>
                </Icon>
            </IconStyle>
        </Style>
        <Style id="6016">
            <IconStyle id="6017">
                <color>ffff0000</color>
                <colorMode>normal</colorMode>
                <scale>0.8</scale>
                <heading>0</heading>
                <Icon id="6018">
                    <href>http://maps.google.com/mapfiles/kml/paddle/wht-circle.png</href>
                </Icon>
            </IconStyle>
        </Style>
        <Style id="6021">
            <IconStyle id="6022">
                <color>ffff0000</color>
                <colorMode>normal</colorMode>
                <scale>0.8</scale>
                <heading>0</heading>
                <Icon id="6023">
                    <href>http://maps.google.com/mapfiles/kml/paddle/wht-circle.png</href>
                </Icon>
            </IconStyle>
        </Style>
        <Style id="6026">
            <IconStyle id="6027">
                <color>ffff0000</color>
                <colorMode>normal</colorMode>
                <scale>0.8</scale>
                <heading>0</heading>
                <Icon id="6028">
                    <href>http://maps.google.com/mapfiles/kml/paddle/wht-circle.png</href>
                </Icon>
            </IconStyle>
        </Style>
        <Style id="6031">
            <IconStyle id="6032">
                <color>ffff0000</color>
                <colorMode>normal</colorMode>
                <scale>0.8</scale>
                <heading>0</heading>
                <Icon id="6033">
                    <href>http://maps.google.com/mapfiles/kml/paddle/wht-circle.png</href>
                </Icon>
            </IconStyle>
        </Style>
        <Style id="6036">
            <IconStyle id="6037">
                <color>ffff0000</color>
                <colorMode>normal</colorMode>
                <scale>0.8</scale>
                <heading>0</heading>
                <Icon id="6038">
                    <href>http://maps.google.com/mapfiles/kml/paddle/wht-circle.png</href>
                </Icon>
            </IconStyle>
        </Style>
        <Style id="6041">
            <IconStyle id="6042">
                <color>ffff0000</color>
                <colorMode>normal</colorMode>
                <scale>0.8</scale>
                <heading>0</heading>
                <Icon id="6043">
                    <href>http://maps.google.com/mapfiles/kml/paddle/wht-circle.png</href>
                </Icon>
            </IconStyle>
        </Style>
        <Style id="6046">
            <IconStyle id="6047">
                <color>ffff0000</color>
                <colorMode>normal</colorMode>
                <scale>0.8</scale>
                <heading>0</heading>
                <Icon id="6048">
                    <href>http://maps.google.com/mapfiles/kml/paddle/wht-circle.png</href>
                </Icon>
            </IconStyle>
        </Style>
        <Style id="6051">
            <IconStyle id="6052">
                <color>ffff0000</color>
                <colorMode>normal</colorMode>
                <scale>0.8</scale>
                <heading>0</heading>
                <Icon id="6053">
                    <href>http://maps.google.com/mapfiles/kml/paddle/wht-circle.png</href>
                </Icon>
            </IconStyle>
        </Style>
        <Style id="6056">
            <IconStyle id="6057">
                <color>ffff0000</color>
                <colorMode>normal</colorMode>
                <scale>0.8</scale>
                <heading>0</heading>
                <Icon id="6058">
                    <href>http://maps.google.com/mapfiles/kml/paddle/wht-circle.png</href>
                </Icon>
            </IconStyle>
        </Style>
        <Style id="6061">
            <IconStyle id="6062">
                <color>ffff0000</color>
                <colorMode>normal</colorMode>
                <scale>0.8</scale>
                <heading>0</heading>
                <Icon id="6063">
                    <href>http://maps.google.com/mapfiles/kml/paddle/wht-circle.png</href>
                </Icon>
            </IconStyle>
        </Style>
        <Style id="6066">
            <IconStyle id="6067">
                <color>ffff0000</color>
                <colorMode>normal</colorMode>
                <scale>0.8</scale>
                <heading>0</heading>
                <Icon id="6068">
                    <href>http://maps.google.com/mapfiles/kml/paddle/wht-circle.png</href>
                </Icon>
            </IconStyle>
        </Style>
        <Style id="6071">
            <IconStyle id="6072">
                <color>ffff0000</color>
                <colorMode>normal</colorMode>
                <scale>0.8</scale>
                <heading>0</heading>
                <Icon id="6073">
                    <href>http://maps.google.com/mapfiles/kml/paddle/wht-circle.png</href>
                </Icon>
            </IconStyle>
        </Style>
        <Style id="6076">
            <IconStyle id="6077">
                <color>ffff0000</color>
                <colorMode>normal</colorMode>
                <scale>0.8</scale>
                <heading>0</heading>
                <Icon id="6078">
                    <href>http://maps.google.com/mapfiles/kml/paddle/wht-circle.png</href>
                </Icon>
            </IconStyle>
        </Style>
        <Style id="6081">
            <IconStyle id="6082">
                <color>ffff0000</color>
                <colorMode>normal</colorMode>
                <scale>0.8</scale>
                <heading>0</heading>
                <Icon id="6083">
                    <href>http://maps.google.com/mapfiles/kml/paddle/wht-circle.png</href>
                </Icon>
            </IconStyle>
        </Style>
        <Style id="6086">
            <IconStyle id="6087">
                <color>ffff0000</color>
                <colorMode>normal</colorMode>
                <scale>0.8</scale>
                <heading>0</heading>
                <Icon id="6088">
                    <href>http://maps.google.com/mapfiles/kml/paddle/wht-circle.png</href>
                </Icon>
            </IconStyle>
        </Style>
        <Style id="6091">
            <IconStyle id="6092">
                <color>ffff0000</color>
                <colorMode>normal</colorMode>
                <scale>0.8</scale>
                <heading>0</heading>
                <Icon id="6093">
                    <href>http://maps.google.com/mapfiles/kml/paddle/wht-circle.png</href>
                </Icon>
            </IconStyle>
        </Style>
        <Style id="6096">
            <IconStyle id="6097">
                <color>ffff0000</color>
                <colorMode>normal</colorMode>
                <scale>0.8</scale>
                <heading>0</heading>
                <Icon id="6098">
                    <href>http://maps.google.com/mapfiles/kml/paddle/wht-circle.png</href>
                </Icon>
            </IconStyle>
        </Style>
        <Style id="6101">
            <IconStyle id="6102">
                <color>ffff0000</color>
                <colorMode>normal</colorMode>
                <scale>0.8</scale>
                <heading>0</heading>
                <Icon id="6103">
                    <href>http://maps.google.com/mapfiles/kml/paddle/wht-circle.png</href>
                </Icon>
            </IconStyle>
        </Style>
        <Style id="6106">
            <IconStyle id="6107">
                <color>ffff0000</color>
                <colorMode>normal</colorMode>
                <scale>0.8</scale>
                <heading>0</heading>
                <Icon id="6108">
                    <href>http://maps.google.com/mapfiles/kml/paddle/wht-circle.png</href>
                </Icon>
            </IconStyle>
        </Style>
        <Style id="6111">
            <IconStyle id="6112">
                <color>ffff0000</color>
                <colorMode>normal</colorMode>
                <scale>0.8</scale>
                <heading>0</heading>
                <Icon id="6113">
                    <href>http://maps.google.com/mapfiles/kml/paddle/wht-circle.png</href>
                </Icon>
            </IconStyle>
        </Style>
        <Style id="6116">
            <IconStyle id="6117">
                <color>ffff0000</color>
                <colorMode>normal</colorMode>
                <scale>0.8</scale>
                <heading>0</heading>
                <Icon id="6118">
                    <href>http://maps.google.com/mapfiles/kml/paddle/wht-circle.png</href>
                </Icon>
            </IconStyle>
        </Style>
        <Style id="6121">
            <IconStyle id="6122">
                <color>ffff0000</color>
                <colorMode>normal</colorMode>
                <scale>0.8</scale>
                <heading>0</heading>
                <Icon id="6123">
                    <href>http://maps.google.com/mapfiles/kml/paddle/wht-circle.png</href>
                </Icon>
            </IconStyle>
        </Style>
        <Style id="6126">
            <IconStyle id="6127">
                <color>ffff0000</color>
                <colorMode>normal</colorMode>
                <scale>0.8</scale>
                <heading>0</heading>
                <Icon id="6128">
                    <href>http://maps.google.com/mapfiles/kml/paddle/wht-circle.png</href>
                </Icon>
            </IconStyle>
        </Style>
        <Style id="6131">
            <IconStyle id="6132">
                <color>ffff0000</color>
                <colorMode>normal</colorMode>
                <scale>0.8</scale>
                <heading>0</heading>
                <Icon id="6133">
                    <href>http://maps.google.com/mapfiles/kml/paddle/wht-circle.png</href>
                </Icon>
            </IconStyle>
        </Style>
        <Style id="6136">
            <IconStyle id="6137">
                <color>ffff0000</color>
                <colorMode>normal</colorMode>
                <scale>0.8</scale>
                <heading>0</heading>
                <Icon id="6138">
                    <href>http://maps.google.com/mapfiles/kml/paddle/wht-circle.png</href>
                </Icon>
            </IconStyle>
        </Style>
        <Style id="6141">
            <IconStyle id="6142">
                <color>ffff0000</color>
                <colorMode>normal</colorMode>
                <scale>0.8</scale>
                <heading>0</heading>
                <Icon id="6143">
                    <href>http://maps.google.com/mapfiles/kml/paddle/wht-circle.png</href>
                </Icon>
            </IconStyle>
        </Style>
        <Style id="6146">
            <IconStyle id="6147">
                <color>ffff0000</color>
                <colorMode>normal</colorMode>
                <scale>0.8</scale>
                <heading>0</heading>
                <Icon id="6148">
                    <href>http://maps.google.com/mapfiles/kml/paddle/wht-circle.png</href>
                </Icon>
            </IconStyle>
        </Style>
        <Style id="6151">
            <IconStyle id="6152">
                <color>ffff0000</color>
                <colorMode>normal</colorMode>
                <scale>0.8</scale>
                <heading>0</heading>
                <Icon id="6153">
                    <href>http://maps.google.com/mapfiles/kml/paddle/wht-circle.png</href>
                </Icon>
            </IconStyle>
        </Style>
        <Style id="6156">
            <IconStyle id="6157">
                <color>ffff0000</color>
                <colorMode>normal</colorMode>
                <scale>0.8</scale>
                <heading>0</heading>
                <Icon id="6158">
                    <href>http://maps.google.com/mapfiles/kml/paddle/wht-circle.png</href>
                </Icon>
            </IconStyle>
        </Style>
        <Style id="6161">
            <IconStyle id="6162">
                <color>ffff0000</color>
                <colorMode>normal</colorMode>
                <scale>0.8</scale>
                <heading>0</heading>
                <Icon id="6163">
                    <href>http://maps.google.com/mapfiles/kml/paddle/wht-circle.png</href>
                </Icon>
            </IconStyle>
        </Style>
        <Style id="6166">
            <IconStyle id="6167">
                <color>ffff0000</color>
                <colorMode>normal</colorMode>
                <scale>0.8</scale>
                <heading>0</heading>
                <Icon id="6168">
                    <href>http://maps.google.com/mapfiles/kml/paddle/wht-circle.png</href>
                </Icon>
            </IconStyle>
        </Style>
        <Style id="6171">
            <IconStyle id="6172">
                <color>ffff0000</color>
                <colorMode>normal</colorMode>
                <scale>0.8</scale>
                <heading>0</heading>
                <Icon id="6173">
                    <href>http://maps.google.com/mapfiles/kml/paddle/wht-circle.png</href>
                </Icon>
            </IconStyle>
        </Style>
        <Style id="6176">
            <IconStyle id="6177">
                <color>ffff0000</color>
                <colorMode>normal</colorMode>
                <scale>0.8</scale>
                <heading>0</heading>
                <Icon id="6178">
                    <href>http://maps.google.com/mapfiles/kml/paddle/wht-circle.png</href>
                </Icon>
            </IconStyle>
        </Style>
        <Style id="6181">
            <IconStyle id="6182">
                <color>ffff0000</color>
                <colorMode>normal</colorMode>
                <scale>0.8</scale>
                <heading>0</heading>
                <Icon id="6183">
                    <href>http://maps.google.com/mapfiles/kml/paddle/wht-circle.png</href>
                </Icon>
            </IconStyle>
        </Style>
        <Style id="6186">
            <IconStyle id="6187">
                <color>ffff0000</color>
                <colorMode>normal</colorMode>
                <scale>0.8</scale>
                <heading>0</heading>
                <Icon id="6188">
                    <href>http://maps.google.com/mapfiles/kml/paddle/wht-circle.png</href>
                </Icon>
            </IconStyle>
        </Style>
        <Style id="6191">
            <IconStyle id="6192">
                <color>ffff0000</color>
                <colorMode>normal</colorMode>
                <scale>0.8</scale>
                <heading>0</heading>
                <Icon id="6193">
                    <href>http://maps.google.com/mapfiles/kml/paddle/wht-circle.png</href>
                </Icon>
            </IconStyle>
        </Style>
        <Style id="6196">
            <IconStyle id="6197">
                <color>ffff0000</color>
                <colorMode>normal</colorMode>
                <scale>0.8</scale>
                <heading>0</heading>
                <Icon id="6198">
                    <href>http://maps.google.com/mapfiles/kml/paddle/wht-circle.png</href>
                </Icon>
            </IconStyle>
        </Style>
        <Style id="6201">
            <IconStyle id="6202">
                <color>ffff0000</color>
                <colorMode>normal</colorMode>
                <scale>0.8</scale>
                <heading>0</heading>
                <Icon id="6203">
                    <href>http://maps.google.com/mapfiles/kml/paddle/wht-circle.png</href>
                </Icon>
            </IconStyle>
        </Style>
        <Style id="6206">
            <IconStyle id="6207">
                <color>ffff0000</color>
                <colorMode>normal</colorMode>
                <scale>0.8</scale>
                <heading>0</heading>
                <Icon id="6208">
                    <href>http://maps.google.com/mapfiles/kml/paddle/wht-circle.png</href>
                </Icon>
            </IconStyle>
        </Style>
        <Style id="6211">
            <IconStyle id="6212">
                <color>ffff0000</color>
                <colorMode>normal</colorMode>
                <scale>0.8</scale>
                <heading>0</heading>
                <Icon id="6213">
                    <href>http://maps.google.com/mapfiles/kml/paddle/wht-circle.png</href>
                </Icon>
            </IconStyle>
        </Style>
        <Style id="6216">
            <IconStyle id="6217">
                <color>ffff0000</color>
                <colorMode>normal</colorMode>
                <scale>0.8</scale>
                <heading>0</heading>
                <Icon id="6218">
                    <href>http://maps.google.com/mapfiles/kml/paddle/wht-circle.png</href>
                </Icon>
            </IconStyle>
        </Style>
        <Style id="6221">
            <IconStyle id="6222">
                <color>ffff0000</color>
                <colorMode>normal</colorMode>
                <scale>0.8</scale>
                <heading>0</heading>
                <Icon id="6223">
                    <href>http://maps.google.com/mapfiles/kml/paddle/wht-circle.png</href>
                </Icon>
            </IconStyle>
        </Style>
        <Style id="6226">
            <IconStyle id="6227">
                <color>ffff0000</color>
                <colorMode>normal</colorMode>
                <scale>0.8</scale>
                <heading>0</heading>
                <Icon id="6228">
                    <href>http://maps.google.com/mapfiles/kml/paddle/wht-circle.png</href>
                </Icon>
            </IconStyle>
        </Style>
        <Style id="6231">
            <IconStyle id="6232">
                <color>ffff0000</color>
                <colorMode>normal</colorMode>
                <scale>0.8</scale>
                <heading>0</heading>
                <Icon id="6233">
                    <href>http://maps.google.com/mapfiles/kml/paddle/wht-circle.png</href>
                </Icon>
            </IconStyle>
        </Style>
        <Style id="6236">
            <IconStyle id="6237">
                <color>ffff0000</color>
                <colorMode>normal</colorMode>
                <scale>0.8</scale>
                <heading>0</heading>
                <Icon id="6238">
                    <href>http://maps.google.com/mapfiles/kml/paddle/wht-circle.png</href>
                </Icon>
            </IconStyle>
        </Style>
        <Style id="6241">
            <IconStyle id="6242">
                <color>ffff0000</color>
                <colorMode>normal</colorMode>
                <scale>0.8</scale>
                <heading>0</heading>
                <Icon id="6243">
                    <href>http://maps.google.com/mapfiles/kml/paddle/wht-circle.png</href>
                </Icon>
            </IconStyle>
        </Style>
        <Style id="6246">
            <IconStyle id="6247">
                <color>ffff0000</color>
                <colorMode>normal</colorMode>
                <scale>0.8</scale>
                <heading>0</heading>
                <Icon id="6248">
                    <href>http://maps.google.com/mapfiles/kml/paddle/wht-circle.png</href>
                </Icon>
            </IconStyle>
        </Style>
        <Style id="6251">
            <IconStyle id="6252">
                <color>ffff0000</color>
                <colorMode>normal</colorMode>
                <scale>0.8</scale>
                <heading>0</heading>
                <Icon id="6253">
                    <href>http://maps.google.com/mapfiles/kml/paddle/wht-circle.png</href>
                </Icon>
            </IconStyle>
        </Style>
        <Style id="6256">
            <IconStyle id="6257">
                <color>ffff0000</color>
                <colorMode>normal</colorMode>
                <scale>0.8</scale>
                <heading>0</heading>
                <Icon id="6258">
                    <href>http://maps.google.com/mapfiles/kml/paddle/wht-circle.png</href>
                </Icon>
            </IconStyle>
        </Style>
        <Style id="6261">
            <IconStyle id="6262">
                <color>ffff0000</color>
                <colorMode>normal</colorMode>
                <scale>0.8</scale>
                <heading>0</heading>
                <Icon id="6263">
                    <href>http://maps.google.com/mapfiles/kml/paddle/wht-circle.png</href>
                </Icon>
            </IconStyle>
        </Style>
        <Style id="6266">
            <IconStyle id="6267">
                <color>ffff0000</color>
                <colorMode>normal</colorMode>
                <scale>0.8</scale>
                <heading>0</heading>
                <Icon id="6268">
                    <href>http://maps.google.com/mapfiles/kml/paddle/wht-circle.png</href>
                </Icon>
            </IconStyle>
        </Style>
        <Style id="6271">
            <IconStyle id="6272">
                <color>ffff0000</color>
                <colorMode>normal</colorMode>
                <scale>0.8</scale>
                <heading>0</heading>
                <Icon id="6273">
                    <href>http://maps.google.com/mapfiles/kml/paddle/wht-circle.png</href>
                </Icon>
            </IconStyle>
        </Style>
        <Style id="6276">
            <IconStyle id="6277">
                <color>ffff0000</color>
                <colorMode>normal</colorMode>
                <scale>0.8</scale>
                <heading>0</heading>
                <Icon id="6278">
                    <href>http://maps.google.com/mapfiles/kml/paddle/wht-circle.png</href>
                </Icon>
            </IconStyle>
        </Style>
        <Style id="6281">
            <IconStyle id="6282">
                <color>ffff0000</color>
                <colorMode>normal</colorMode>
                <scale>0.8</scale>
                <heading>0</heading>
                <Icon id="6283">
                    <href>http://maps.google.com/mapfiles/kml/paddle/wht-circle.png</href>
                </Icon>
            </IconStyle>
        </Style>
        <Style id="6286">
            <IconStyle id="6287">
                <color>ffff0000</color>
                <colorMode>normal</colorMode>
                <scale>0.8</scale>
                <heading>0</heading>
                <Icon id="6288">
                    <href>http://maps.google.com/mapfiles/kml/paddle/wht-circle.png</href>
                </Icon>
            </IconStyle>
        </Style>
        <Style id="6291">
            <IconStyle id="6292">
                <color>ffff0000</color>
                <colorMode>normal</colorMode>
                <scale>0.8</scale>
                <heading>0</heading>
                <Icon id="6293">
                    <href>http://maps.google.com/mapfiles/kml/paddle/wht-circle.png</href>
                </Icon>
            </IconStyle>
        </Style>
        <Style id="6296">
            <IconStyle id="6297">
                <color>ffff0000</color>
                <colorMode>normal</colorMode>
                <scale>0.8</scale>
                <heading>0</heading>
                <Icon id="6298">
                    <href>http://maps.google.com/mapfiles/kml/paddle/wht-circle.png</href>
                </Icon>
            </IconStyle>
        </Style>
        <Style id="6301">
            <IconStyle id="6302">
                <color>ffff0000</color>
                <colorMode>normal</colorMode>
                <scale>0.8</scale>
                <heading>0</heading>
                <Icon id="6303">
                    <href>http://maps.google.com/mapfiles/kml/paddle/wht-circle.png</href>
                </Icon>
            </IconStyle>
        </Style>
        <Style id="6306">
            <IconStyle id="6307">
                <color>ffff0000</color>
                <colorMode>normal</colorMode>
                <scale>0.8</scale>
                <heading>0</heading>
                <Icon id="6308">
                    <href>http://maps.google.com/mapfiles/kml/paddle/wht-circle.png</href>
                </Icon>
            </IconStyle>
        </Style>
        <Style id="6311">
            <IconStyle id="6312">
                <color>ffff0000</color>
                <colorMode>normal</colorMode>
                <scale>0.8</scale>
                <heading>0</heading>
                <Icon id="6313">
                    <href>http://maps.google.com/mapfiles/kml/paddle/wht-circle.png</href>
                </Icon>
            </IconStyle>
        </Style>
        <Style id="6316">
            <IconStyle id="6317">
                <color>ffff0000</color>
                <colorMode>normal</colorMode>
                <scale>0.8</scale>
                <heading>0</heading>
                <Icon id="6318">
                    <href>http://maps.google.com/mapfiles/kml/paddle/wht-circle.png</href>
                </Icon>
            </IconStyle>
        </Style>
        <Style id="6321">
            <IconStyle id="6322">
                <color>ffff0000</color>
                <colorMode>normal</colorMode>
                <scale>0.8</scale>
                <heading>0</heading>
                <Icon id="6323">
                    <href>http://maps.google.com/mapfiles/kml/paddle/wht-circle.png</href>
                </Icon>
            </IconStyle>
        </Style>
        <Style id="6326">
            <IconStyle id="6327">
                <color>ffff0000</color>
                <colorMode>normal</colorMode>
                <scale>0.8</scale>
                <heading>0</heading>
                <Icon id="6328">
                    <href>http://maps.google.com/mapfiles/kml/paddle/wht-circle.png</href>
                </Icon>
            </IconStyle>
        </Style>
        <Style id="6331">
            <IconStyle id="6332">
                <color>ffff0000</color>
                <colorMode>normal</colorMode>
                <scale>0.8</scale>
                <heading>0</heading>
                <Icon id="6333">
                    <href>http://maps.google.com/mapfiles/kml/paddle/wht-circle.png</href>
                </Icon>
            </IconStyle>
        </Style>
        <Style id="6336">
            <IconStyle id="6337">
                <color>ffff0000</color>
                <colorMode>normal</colorMode>
                <scale>0.8</scale>
                <heading>0</heading>
                <Icon id="6338">
                    <href>http://maps.google.com/mapfiles/kml/paddle/wht-circle.png</href>
                </Icon>
            </IconStyle>
        </Style>
        <Style id="6341">
            <IconStyle id="6342">
                <color>ffff0000</color>
                <colorMode>normal</colorMode>
                <scale>0.8</scale>
                <heading>0</heading>
                <Icon id="6343">
                    <href>http://maps.google.com/mapfiles/kml/paddle/wht-circle.png</href>
                </Icon>
            </IconStyle>
        </Style>
        <Style id="6346">
            <IconStyle id="6347">
                <color>ffff0000</color>
                <colorMode>normal</colorMode>
                <scale>0.8</scale>
                <heading>0</heading>
                <Icon id="6348">
                    <href>http://maps.google.com/mapfiles/kml/paddle/wht-circle.png</href>
                </Icon>
            </IconStyle>
        </Style>
        <Style id="6351">
            <IconStyle id="6352">
                <color>ffff0000</color>
                <colorMode>normal</colorMode>
                <scale>0.8</scale>
                <heading>0</heading>
                <Icon id="6353">
                    <href>http://maps.google.com/mapfiles/kml/paddle/wht-circle.png</href>
                </Icon>
            </IconStyle>
        </Style>
        <Style id="6356">
            <IconStyle id="6357">
                <color>ffff0000</color>
                <colorMode>normal</colorMode>
                <scale>0.8</scale>
                <heading>0</heading>
                <Icon id="6358">
                    <href>http://maps.google.com/mapfiles/kml/paddle/wht-circle.png</href>
                </Icon>
            </IconStyle>
        </Style>
        <Style id="6361">
            <IconStyle id="6362">
                <color>ffff0000</color>
                <colorMode>normal</colorMode>
                <scale>0.8</scale>
                <heading>0</heading>
                <Icon id="6363">
                    <href>http://maps.google.com/mapfiles/kml/paddle/wht-circle.png</href>
                </Icon>
            </IconStyle>
        </Style>
        <Style id="6366">
            <IconStyle id="6367">
                <color>ffff0000</color>
                <colorMode>normal</colorMode>
                <scale>0.8</scale>
                <heading>0</heading>
                <Icon id="6368">
                    <href>http://maps.google.com/mapfiles/kml/paddle/wht-circle.png</href>
                </Icon>
            </IconStyle>
        </Style>
        <Style id="6371">
            <IconStyle id="6372">
                <color>ffff0000</color>
                <colorMode>normal</colorMode>
                <scale>0.8</scale>
                <heading>0</heading>
                <Icon id="6373">
                    <href>http://maps.google.com/mapfiles/kml/paddle/wht-circle.png</href>
                </Icon>
            </IconStyle>
        </Style>
        <Style id="6376">
            <IconStyle id="6377">
                <color>ffff0000</color>
                <colorMode>normal</colorMode>
                <scale>0.8</scale>
                <heading>0</heading>
                <Icon id="6378">
                    <href>http://maps.google.com/mapfiles/kml/paddle/wht-circle.png</href>
                </Icon>
            </IconStyle>
        </Style>
        <Style id="6381">
            <IconStyle id="6382">
                <color>ffff0000</color>
                <colorMode>normal</colorMode>
                <scale>0.8</scale>
                <heading>0</heading>
                <Icon id="6383">
                    <href>http://maps.google.com/mapfiles/kml/paddle/wht-circle.png</href>
                </Icon>
            </IconStyle>
        </Style>
        <Style id="6386">
            <IconStyle id="6387">
                <color>ffff0000</color>
                <colorMode>normal</colorMode>
                <scale>0.8</scale>
                <heading>0</heading>
                <Icon id="6388">
                    <href>http://maps.google.com/mapfiles/kml/paddle/wht-circle.png</href>
                </Icon>
            </IconStyle>
        </Style>
        <Style id="6391">
            <IconStyle id="6392">
                <color>ffff0000</color>
                <colorMode>normal</colorMode>
                <scale>0.8</scale>
                <heading>0</heading>
                <Icon id="6393">
                    <href>http://maps.google.com/mapfiles/kml/paddle/wht-circle.png</href>
                </Icon>
            </IconStyle>
        </Style>
        <Style id="6396">
            <IconStyle id="6397">
                <color>ffff0000</color>
                <colorMode>normal</colorMode>
                <scale>0.8</scale>
                <heading>0</heading>
                <Icon id="6398">
                    <href>http://maps.google.com/mapfiles/kml/paddle/wht-circle.png</href>
                </Icon>
            </IconStyle>
        </Style>
        <Style id="6401">
            <IconStyle id="6402">
                <color>ffff0000</color>
                <colorMode>normal</colorMode>
                <scale>0.8</scale>
                <heading>0</heading>
                <Icon id="6403">
                    <href>http://maps.google.com/mapfiles/kml/paddle/wht-circle.png</href>
                </Icon>
            </IconStyle>
        </Style>
        <Style id="6406">
            <IconStyle id="6407">
                <color>ffff0000</color>
                <colorMode>normal</colorMode>
                <scale>0.8</scale>
                <heading>0</heading>
                <Icon id="6408">
                    <href>http://maps.google.com/mapfiles/kml/paddle/wht-circle.png</href>
                </Icon>
            </IconStyle>
        </Style>
        <Style id="6411">
            <IconStyle id="6412">
                <color>ffff0000</color>
                <colorMode>normal</colorMode>
                <scale>0.8</scale>
                <heading>0</heading>
                <Icon id="6413">
                    <href>http://maps.google.com/mapfiles/kml/paddle/wht-circle.png</href>
                </Icon>
            </IconStyle>
        </Style>
        <Style id="6416">
            <IconStyle id="6417">
                <color>ffff0000</color>
                <colorMode>normal</colorMode>
                <scale>0.8</scale>
                <heading>0</heading>
                <Icon id="6418">
                    <href>http://maps.google.com/mapfiles/kml/paddle/wht-circle.png</href>
                </Icon>
            </IconStyle>
        </Style>
        <Style id="6421">
            <IconStyle id="6422">
                <color>ffff0000</color>
                <colorMode>normal</colorMode>
                <scale>0.8</scale>
                <heading>0</heading>
                <Icon id="6423">
                    <href>http://maps.google.com/mapfiles/kml/paddle/wht-circle.png</href>
                </Icon>
            </IconStyle>
        </Style>
        <Style id="6426">
            <IconStyle id="6427">
                <color>ffff0000</color>
                <colorMode>normal</colorMode>
                <scale>0.8</scale>
                <heading>0</heading>
                <Icon id="6428">
                    <href>http://maps.google.com/mapfiles/kml/paddle/wht-circle.png</href>
                </Icon>
            </IconStyle>
        </Style>
        <Style id="6431">
            <IconStyle id="6432">
                <color>ffff0000</color>
                <colorMode>normal</colorMode>
                <scale>0.8</scale>
                <heading>0</heading>
                <Icon id="6433">
                    <href>http://maps.google.com/mapfiles/kml/paddle/wht-circle.png</href>
                </Icon>
            </IconStyle>
        </Style>
        <Style id="6436">
            <IconStyle id="6437">
                <color>ffff0000</color>
                <colorMode>normal</colorMode>
                <scale>0.8</scale>
                <heading>0</heading>
                <Icon id="6438">
                    <href>http://maps.google.com/mapfiles/kml/paddle/wht-circle.png</href>
                </Icon>
            </IconStyle>
        </Style>
        <Style id="6441">
            <IconStyle id="6442">
                <color>ffff0000</color>
                <colorMode>normal</colorMode>
                <scale>0.8</scale>
                <heading>0</heading>
                <Icon id="6443">
                    <href>http://maps.google.com/mapfiles/kml/paddle/wht-circle.png</href>
                </Icon>
            </IconStyle>
        </Style>
        <Style id="6446">
            <IconStyle id="6447">
                <color>ffff0000</color>
                <colorMode>normal</colorMode>
                <scale>0.8</scale>
                <heading>0</heading>
                <Icon id="6448">
                    <href>http://maps.google.com/mapfiles/kml/paddle/wht-circle.png</href>
                </Icon>
            </IconStyle>
        </Style>
        <Style id="6451">
            <IconStyle id="6452">
                <color>ffff0000</color>
                <colorMode>normal</colorMode>
                <scale>0.8</scale>
                <heading>0</heading>
                <Icon id="6453">
                    <href>http://maps.google.com/mapfiles/kml/paddle/wht-circle.png</href>
                </Icon>
            </IconStyle>
        </Style>
        <Style id="6456">
            <IconStyle id="6457">
                <color>ffff0000</color>
                <colorMode>normal</colorMode>
                <scale>0.8</scale>
                <heading>0</heading>
                <Icon id="6458">
                    <href>http://maps.google.com/mapfiles/kml/paddle/wht-circle.png</href>
                </Icon>
            </IconStyle>
        </Style>
        <Style id="6461">
            <IconStyle id="6462">
                <color>ffff0000</color>
                <colorMode>normal</colorMode>
                <scale>0.8</scale>
                <heading>0</heading>
                <Icon id="6463">
                    <href>http://maps.google.com/mapfiles/kml/paddle/wht-circle.png</href>
                </Icon>
            </IconStyle>
        </Style>
        <Style id="6466">
            <IconStyle id="6467">
                <color>ffff0000</color>
                <colorMode>normal</colorMode>
                <scale>0.8</scale>
                <heading>0</heading>
                <Icon id="6468">
                    <href>http://maps.google.com/mapfiles/kml/paddle/wht-circle.png</href>
                </Icon>
            </IconStyle>
        </Style>
        <Style id="6471">
            <IconStyle id="6472">
                <color>ffff0000</color>
                <colorMode>normal</colorMode>
                <scale>0.8</scale>
                <heading>0</heading>
                <Icon id="6473">
                    <href>http://maps.google.com/mapfiles/kml/paddle/wht-circle.png</href>
                </Icon>
            </IconStyle>
        </Style>
        <Style id="6476">
            <IconStyle id="6477">
                <color>ffff0000</color>
                <colorMode>normal</colorMode>
                <scale>0.8</scale>
                <heading>0</heading>
                <Icon id="6478">
                    <href>http://maps.google.com/mapfiles/kml/paddle/wht-circle.png</href>
                </Icon>
            </IconStyle>
        </Style>
        <Style id="6481">
            <IconStyle id="6482">
                <color>ffff0000</color>
                <colorMode>normal</colorMode>
                <scale>0.8</scale>
                <heading>0</heading>
                <Icon id="6483">
                    <href>http://maps.google.com/mapfiles/kml/paddle/wht-circle.png</href>
                </Icon>
            </IconStyle>
        </Style>
        <Style id="6486">
            <IconStyle id="6487">
                <color>ffff0000</color>
                <colorMode>normal</colorMode>
                <scale>0.8</scale>
                <heading>0</heading>
                <Icon id="6488">
                    <href>http://maps.google.com/mapfiles/kml/paddle/wht-circle.png</href>
                </Icon>
            </IconStyle>
        </Style>
        <Style id="6491">
            <IconStyle id="6492">
                <color>ffff0000</color>
                <colorMode>normal</colorMode>
                <scale>0.8</scale>
                <heading>0</heading>
                <Icon id="6493">
                    <href>http://maps.google.com/mapfiles/kml/paddle/wht-circle.png</href>
                </Icon>
            </IconStyle>
        </Style>
        <Style id="6496">
            <IconStyle id="6497">
                <color>ffff0000</color>
                <colorMode>normal</colorMode>
                <scale>0.8</scale>
                <heading>0</heading>
                <Icon id="6498">
                    <href>http://maps.google.com/mapfiles/kml/paddle/wht-circle.png</href>
                </Icon>
            </IconStyle>
        </Style>
        <Style id="6501">
            <IconStyle id="6502">
                <color>ffff0000</color>
                <colorMode>normal</colorMode>
                <scale>0.8</scale>
                <heading>0</heading>
                <Icon id="6503">
                    <href>http://maps.google.com/mapfiles/kml/paddle/wht-circle.png</href>
                </Icon>
            </IconStyle>
        </Style>
        <Style id="6506">
            <IconStyle id="6507">
                <color>ffff0000</color>
                <colorMode>normal</colorMode>
                <scale>0.8</scale>
                <heading>0</heading>
                <Icon id="6508">
                    <href>http://maps.google.com/mapfiles/kml/paddle/wht-circle.png</href>
                </Icon>
            </IconStyle>
        </Style>
        <Style id="6511">
            <IconStyle id="6512">
                <color>ffff0000</color>
                <colorMode>normal</colorMode>
                <scale>0.8</scale>
                <heading>0</heading>
                <Icon id="6513">
                    <href>http://maps.google.com/mapfiles/kml/paddle/wht-circle.png</href>
                </Icon>
            </IconStyle>
        </Style>
        <Style id="6516">
            <IconStyle id="6517">
                <color>ffff0000</color>
                <colorMode>normal</colorMode>
                <scale>0.8</scale>
                <heading>0</heading>
                <Icon id="6518">
                    <href>http://maps.google.com/mapfiles/kml/paddle/wht-circle.png</href>
                </Icon>
            </IconStyle>
        </Style>
        <Style id="6521">
            <IconStyle id="6522">
                <color>ffff0000</color>
                <colorMode>normal</colorMode>
                <scale>0.8</scale>
                <heading>0</heading>
                <Icon id="6523">
                    <href>http://maps.google.com/mapfiles/kml/paddle/wht-circle.png</href>
                </Icon>
            </IconStyle>
        </Style>
        <Style id="6526">
            <IconStyle id="6527">
                <color>ffff0000</color>
                <colorMode>normal</colorMode>
                <scale>0.8</scale>
                <heading>0</heading>
                <Icon id="6528">
                    <href>http://maps.google.com/mapfiles/kml/paddle/wht-circle.png</href>
                </Icon>
            </IconStyle>
        </Style>
        <Style id="6531">
            <IconStyle id="6532">
                <color>ffff0000</color>
                <colorMode>normal</colorMode>
                <scale>0.8</scale>
                <heading>0</heading>
                <Icon id="6533">
                    <href>http://maps.google.com/mapfiles/kml/paddle/wht-circle.png</href>
                </Icon>
            </IconStyle>
        </Style>
        <Style id="6536">
            <IconStyle id="6537">
                <color>ffff0000</color>
                <colorMode>normal</colorMode>
                <scale>0.8</scale>
                <heading>0</heading>
                <Icon id="6538">
                    <href>http://maps.google.com/mapfiles/kml/paddle/wht-circle.png</href>
                </Icon>
            </IconStyle>
        </Style>
        <Style id="6541">
            <IconStyle id="6542">
                <color>ffff0000</color>
                <colorMode>normal</colorMode>
                <scale>0.8</scale>
                <heading>0</heading>
                <Icon id="6543">
                    <href>http://maps.google.com/mapfiles/kml/paddle/wht-circle.png</href>
                </Icon>
            </IconStyle>
        </Style>
        <Style id="6546">
            <IconStyle id="6547">
                <color>ffff0000</color>
                <colorMode>normal</colorMode>
                <scale>0.8</scale>
                <heading>0</heading>
                <Icon id="6548">
                    <href>http://maps.google.com/mapfiles/kml/paddle/wht-circle.png</href>
                </Icon>
            </IconStyle>
        </Style>
        <Style id="6551">
            <IconStyle id="6552">
                <color>ffff0000</color>
                <colorMode>normal</colorMode>
                <scale>0.8</scale>
                <heading>0</heading>
                <Icon id="6553">
                    <href>http://maps.google.com/mapfiles/kml/paddle/wht-circle.png</href>
                </Icon>
            </IconStyle>
        </Style>
        <Style id="6556">
            <IconStyle id="6557">
                <color>ffff0000</color>
                <colorMode>normal</colorMode>
                <scale>0.8</scale>
                <heading>0</heading>
                <Icon id="6558">
                    <href>http://maps.google.com/mapfiles/kml/paddle/wht-circle.png</href>
                </Icon>
            </IconStyle>
        </Style>
        <Style id="6561">
            <IconStyle id="6562">
                <color>ffff0000</color>
                <colorMode>normal</colorMode>
                <scale>0.8</scale>
                <heading>0</heading>
                <Icon id="6563">
                    <href>http://maps.google.com/mapfiles/kml/paddle/wht-circle.png</href>
                </Icon>
            </IconStyle>
        </Style>
        <Style id="6566">
            <IconStyle id="6567">
                <color>ffff0000</color>
                <colorMode>normal</colorMode>
                <scale>0.8</scale>
                <heading>0</heading>
                <Icon id="6568">
                    <href>http://maps.google.com/mapfiles/kml/paddle/wht-circle.png</href>
                </Icon>
            </IconStyle>
        </Style>
        <Style id="6571">
            <IconStyle id="6572">
                <color>ffff0000</color>
                <colorMode>normal</colorMode>
                <scale>0.8</scale>
                <heading>0</heading>
                <Icon id="6573">
                    <href>http://maps.google.com/mapfiles/kml/paddle/wht-circle.png</href>
                </Icon>
            </IconStyle>
        </Style>
        <Style id="6576">
            <IconStyle id="6577">
                <color>ffff0000</color>
                <colorMode>normal</colorMode>
                <scale>0.8</scale>
                <heading>0</heading>
                <Icon id="6578">
                    <href>http://maps.google.com/mapfiles/kml/paddle/wht-circle.png</href>
                </Icon>
            </IconStyle>
        </Style>
        <Style id="6581">
            <IconStyle id="6582">
                <color>ffff0000</color>
                <colorMode>normal</colorMode>
                <scale>0.8</scale>
                <heading>0</heading>
                <Icon id="6583">
                    <href>http://maps.google.com/mapfiles/kml/paddle/wht-circle.png</href>
                </Icon>
            </IconStyle>
        </Style>
        <Style id="6586">
            <IconStyle id="6587">
                <color>ffff0000</color>
                <colorMode>normal</colorMode>
                <scale>0.8</scale>
                <heading>0</heading>
                <Icon id="6588">
                    <href>http://maps.google.com/mapfiles/kml/paddle/wht-circle.png</href>
                </Icon>
            </IconStyle>
        </Style>
        <Style id="6591">
            <IconStyle id="6592">
                <color>ffff0000</color>
                <colorMode>normal</colorMode>
                <scale>0.8</scale>
                <heading>0</heading>
                <Icon id="6593">
                    <href>http://maps.google.com/mapfiles/kml/paddle/wht-circle.png</href>
                </Icon>
            </IconStyle>
        </Style>
        <Style id="6596">
            <IconStyle id="6597">
                <color>ffff0000</color>
                <colorMode>normal</colorMode>
                <scale>0.8</scale>
                <heading>0</heading>
                <Icon id="6598">
                    <href>http://maps.google.com/mapfiles/kml/paddle/wht-circle.png</href>
                </Icon>
            </IconStyle>
        </Style>
        <Style id="6601">
            <IconStyle id="6602">
                <color>ffff0000</color>
                <colorMode>normal</colorMode>
                <scale>0.8</scale>
                <heading>0</heading>
                <Icon id="6603">
                    <href>http://maps.google.com/mapfiles/kml/paddle/wht-circle.png</href>
                </Icon>
            </IconStyle>
        </Style>
        <Style id="6606">
            <IconStyle id="6607">
                <color>ffff0000</color>
                <colorMode>normal</colorMode>
                <scale>0.8</scale>
                <heading>0</heading>
                <Icon id="6608">
                    <href>http://maps.google.com/mapfiles/kml/paddle/wht-circle.png</href>
                </Icon>
            </IconStyle>
        </Style>
        <Style id="6611">
            <IconStyle id="6612">
                <color>ffff0000</color>
                <colorMode>normal</colorMode>
                <scale>0.8</scale>
                <heading>0</heading>
                <Icon id="6613">
                    <href>http://maps.google.com/mapfiles/kml/paddle/wht-circle.png</href>
                </Icon>
            </IconStyle>
        </Style>
        <Style id="6616">
            <IconStyle id="6617">
                <color>ffff0000</color>
                <colorMode>normal</colorMode>
                <scale>0.8</scale>
                <heading>0</heading>
                <Icon id="6618">
                    <href>http://maps.google.com/mapfiles/kml/paddle/wht-circle.png</href>
                </Icon>
            </IconStyle>
        </Style>
        <Style id="6621">
            <IconStyle id="6622">
                <color>ffff0000</color>
                <colorMode>normal</colorMode>
                <scale>0.8</scale>
                <heading>0</heading>
                <Icon id="6623">
                    <href>http://maps.google.com/mapfiles/kml/paddle/wht-circle.png</href>
                </Icon>
            </IconStyle>
        </Style>
        <Style id="6626">
            <IconStyle id="6627">
                <color>ffff0000</color>
                <colorMode>normal</colorMode>
                <scale>0.8</scale>
                <heading>0</heading>
                <Icon id="6628">
                    <href>http://maps.google.com/mapfiles/kml/paddle/wht-circle.png</href>
                </Icon>
            </IconStyle>
        </Style>
        <Style id="6631">
            <IconStyle id="6632">
                <color>ffff0000</color>
                <colorMode>normal</colorMode>
                <scale>0.8</scale>
                <heading>0</heading>
                <Icon id="6633">
                    <href>http://maps.google.com/mapfiles/kml/paddle/wht-circle.png</href>
                </Icon>
            </IconStyle>
        </Style>
        <Style id="6636">
            <IconStyle id="6637">
                <color>ffff0000</color>
                <colorMode>normal</colorMode>
                <scale>0.8</scale>
                <heading>0</heading>
                <Icon id="6638">
                    <href>http://maps.google.com/mapfiles/kml/paddle/wht-circle.png</href>
                </Icon>
            </IconStyle>
        </Style>
        <Style id="6641">
            <IconStyle id="6642">
                <color>ffff0000</color>
                <colorMode>normal</colorMode>
                <scale>0.8</scale>
                <heading>0</heading>
                <Icon id="6643">
                    <href>http://maps.google.com/mapfiles/kml/paddle/wht-circle.png</href>
                </Icon>
            </IconStyle>
        </Style>
        <Style id="6646">
            <IconStyle id="6647">
                <color>ffff0000</color>
                <colorMode>normal</colorMode>
                <scale>0.8</scale>
                <heading>0</heading>
                <Icon id="6648">
                    <href>http://maps.google.com/mapfiles/kml/paddle/wht-circle.png</href>
                </Icon>
            </IconStyle>
        </Style>
        <Style id="6651">
            <IconStyle id="6652">
                <color>ffff0000</color>
                <colorMode>normal</colorMode>
                <scale>0.8</scale>
                <heading>0</heading>
                <Icon id="6653">
                    <href>http://maps.google.com/mapfiles/kml/paddle/wht-circle.png</href>
                </Icon>
            </IconStyle>
        </Style>
        <Style id="6656">
            <IconStyle id="6657">
                <color>ffff0000</color>
                <colorMode>normal</colorMode>
                <scale>0.8</scale>
                <heading>0</heading>
                <Icon id="6658">
                    <href>http://maps.google.com/mapfiles/kml/paddle/wht-circle.png</href>
                </Icon>
            </IconStyle>
        </Style>
        <Style id="6661">
            <IconStyle id="6662">
                <color>ffff0000</color>
                <colorMode>normal</colorMode>
                <scale>0.8</scale>
                <heading>0</heading>
                <Icon id="6663">
                    <href>http://maps.google.com/mapfiles/kml/paddle/wht-circle.png</href>
                </Icon>
            </IconStyle>
        </Style>
        <Style id="6666">
            <IconStyle id="6667">
                <color>ffff0000</color>
                <colorMode>normal</colorMode>
                <scale>0.8</scale>
                <heading>0</heading>
                <Icon id="6668">
                    <href>http://maps.google.com/mapfiles/kml/paddle/wht-circle.png</href>
                </Icon>
            </IconStyle>
        </Style>
        <Style id="6671">
            <IconStyle id="6672">
                <color>ffff0000</color>
                <colorMode>normal</colorMode>
                <scale>0.8</scale>
                <heading>0</heading>
                <Icon id="6673">
                    <href>http://maps.google.com/mapfiles/kml/paddle/wht-circle.png</href>
                </Icon>
            </IconStyle>
        </Style>
        <Style id="6676">
            <IconStyle id="6677">
                <color>ffff0000</color>
                <colorMode>normal</colorMode>
                <scale>0.8</scale>
                <heading>0</heading>
                <Icon id="6678">
                    <href>http://maps.google.com/mapfiles/kml/paddle/wht-circle.png</href>
                </Icon>
            </IconStyle>
        </Style>
        <Style id="6681">
            <IconStyle id="6682">
                <color>ffff0000</color>
                <colorMode>normal</colorMode>
                <scale>0.8</scale>
                <heading>0</heading>
                <Icon id="6683">
                    <href>http://maps.google.com/mapfiles/kml/paddle/wht-circle.png</href>
                </Icon>
            </IconStyle>
        </Style>
        <Style id="6686">
            <IconStyle id="6687">
                <color>ffff0000</color>
                <colorMode>normal</colorMode>
                <scale>0.8</scale>
                <heading>0</heading>
                <Icon id="6688">
                    <href>http://maps.google.com/mapfiles/kml/paddle/wht-circle.png</href>
                </Icon>
            </IconStyle>
        </Style>
        <Style id="6691">
            <IconStyle id="6692">
                <color>ffff0000</color>
                <colorMode>normal</colorMode>
                <scale>0.8</scale>
                <heading>0</heading>
                <Icon id="6693">
                    <href>http://maps.google.com/mapfiles/kml/paddle/wht-circle.png</href>
                </Icon>
            </IconStyle>
        </Style>
        <Style id="6696">
            <IconStyle id="6697">
                <color>ffff0000</color>
                <colorMode>normal</colorMode>
                <scale>0.8</scale>
                <heading>0</heading>
                <Icon id="6698">
                    <href>http://maps.google.com/mapfiles/kml/paddle/wht-circle.png</href>
                </Icon>
            </IconStyle>
        </Style>
        <Style id="6701">
            <IconStyle id="6702">
                <color>ffff0000</color>
                <colorMode>normal</colorMode>
                <scale>0.8</scale>
                <heading>0</heading>
                <Icon id="6703">
                    <href>http://maps.google.com/mapfiles/kml/paddle/wht-circle.png</href>
                </Icon>
            </IconStyle>
        </Style>
        <Style id="6706">
            <IconStyle id="6707">
                <color>ffff0000</color>
                <colorMode>normal</colorMode>
                <scale>0.8</scale>
                <heading>0</heading>
                <Icon id="6708">
                    <href>http://maps.google.com/mapfiles/kml/paddle/wht-circle.png</href>
                </Icon>
            </IconStyle>
        </Style>
        <Style id="6711">
            <IconStyle id="6712">
                <color>ffff0000</color>
                <colorMode>normal</colorMode>
                <scale>0.8</scale>
                <heading>0</heading>
                <Icon id="6713">
                    <href>http://maps.google.com/mapfiles/kml/paddle/wht-circle.png</href>
                </Icon>
            </IconStyle>
        </Style>
        <Style id="6716">
            <IconStyle id="6717">
                <color>ffff0000</color>
                <colorMode>normal</colorMode>
                <scale>0.8</scale>
                <heading>0</heading>
                <Icon id="6718">
                    <href>http://maps.google.com/mapfiles/kml/paddle/wht-circle.png</href>
                </Icon>
            </IconStyle>
        </Style>
        <Style id="6721">
            <IconStyle id="6722">
                <color>ffff0000</color>
                <colorMode>normal</colorMode>
                <scale>0.8</scale>
                <heading>0</heading>
                <Icon id="6723">
                    <href>http://maps.google.com/mapfiles/kml/paddle/wht-circle.png</href>
                </Icon>
            </IconStyle>
        </Style>
        <Style id="6726">
            <IconStyle id="6727">
                <color>ffff0000</color>
                <colorMode>normal</colorMode>
                <scale>0.8</scale>
                <heading>0</heading>
                <Icon id="6728">
                    <href>http://maps.google.com/mapfiles/kml/paddle/wht-circle.png</href>
                </Icon>
            </IconStyle>
        </Style>
        <Style id="6731">
            <IconStyle id="6732">
                <color>ffff0000</color>
                <colorMode>normal</colorMode>
                <scale>0.8</scale>
                <heading>0</heading>
                <Icon id="6733">
                    <href>http://maps.google.com/mapfiles/kml/paddle/wht-circle.png</href>
                </Icon>
            </IconStyle>
        </Style>
        <Style id="6736">
            <IconStyle id="6737">
                <color>ffff0000</color>
                <colorMode>normal</colorMode>
                <scale>0.8</scale>
                <heading>0</heading>
                <Icon id="6738">
                    <href>http://maps.google.com/mapfiles/kml/paddle/wht-circle.png</href>
                </Icon>
            </IconStyle>
        </Style>
        <Style id="6741">
            <IconStyle id="6742">
                <color>ffff0000</color>
                <colorMode>normal</colorMode>
                <scale>0.8</scale>
                <heading>0</heading>
                <Icon id="6743">
                    <href>http://maps.google.com/mapfiles/kml/paddle/wht-circle.png</href>
                </Icon>
            </IconStyle>
        </Style>
        <Style id="6746">
            <IconStyle id="6747">
                <color>ffff0000</color>
                <colorMode>normal</colorMode>
                <scale>0.8</scale>
                <heading>0</heading>
                <Icon id="6748">
                    <href>http://maps.google.com/mapfiles/kml/paddle/wht-circle.png</href>
                </Icon>
            </IconStyle>
        </Style>
        <Style id="6751">
            <IconStyle id="6752">
                <color>ffff0000</color>
                <colorMode>normal</colorMode>
                <scale>0.8</scale>
                <heading>0</heading>
                <Icon id="6753">
                    <href>http://maps.google.com/mapfiles/kml/paddle/wht-circle.png</href>
                </Icon>
            </IconStyle>
        </Style>
        <Style id="6756">
            <IconStyle id="6757">
                <color>ffff0000</color>
                <colorMode>normal</colorMode>
                <scale>0.8</scale>
                <heading>0</heading>
                <Icon id="6758">
                    <href>http://maps.google.com/mapfiles/kml/paddle/wht-circle.png</href>
                </Icon>
            </IconStyle>
        </Style>
        <Style id="6761">
            <IconStyle id="6762">
                <color>ffff0000</color>
                <colorMode>normal</colorMode>
                <scale>0.8</scale>
                <heading>0</heading>
                <Icon id="6763">
                    <href>http://maps.google.com/mapfiles/kml/paddle/wht-circle.png</href>
                </Icon>
            </IconStyle>
        </Style>
        <Style id="6766">
            <IconStyle id="6767">
                <color>ffff0000</color>
                <colorMode>normal</colorMode>
                <scale>0.8</scale>
                <heading>0</heading>
                <Icon id="6768">
                    <href>http://maps.google.com/mapfiles/kml/paddle/wht-circle.png</href>
                </Icon>
            </IconStyle>
        </Style>
        <Style id="6771">
            <IconStyle id="6772">
                <color>ffff0000</color>
                <colorMode>normal</colorMode>
                <scale>0.8</scale>
                <heading>0</heading>
                <Icon id="6773">
                    <href>http://maps.google.com/mapfiles/kml/paddle/wht-circle.png</href>
                </Icon>
            </IconStyle>
        </Style>
        <Style id="6776">
            <IconStyle id="6777">
                <color>ffff0000</color>
                <colorMode>normal</colorMode>
                <scale>0.8</scale>
                <heading>0</heading>
                <Icon id="6778">
                    <href>http://maps.google.com/mapfiles/kml/paddle/wht-circle.png</href>
                </Icon>
            </IconStyle>
        </Style>
        <Style id="6781">
            <IconStyle id="6782">
                <color>ffff0000</color>
                <colorMode>normal</colorMode>
                <scale>0.8</scale>
                <heading>0</heading>
                <Icon id="6783">
                    <href>http://maps.google.com/mapfiles/kml/paddle/wht-circle.png</href>
                </Icon>
            </IconStyle>
        </Style>
        <Style id="6786">
            <IconStyle id="6787">
                <color>ffff0000</color>
                <colorMode>normal</colorMode>
                <scale>0.8</scale>
                <heading>0</heading>
                <Icon id="6788">
                    <href>http://maps.google.com/mapfiles/kml/paddle/wht-circle.png</href>
                </Icon>
            </IconStyle>
        </Style>
        <Style id="6791">
            <IconStyle id="6792">
                <color>ffff0000</color>
                <colorMode>normal</colorMode>
                <scale>0.8</scale>
                <heading>0</heading>
                <Icon id="6793">
                    <href>http://maps.google.com/mapfiles/kml/paddle/wht-circle.png</href>
                </Icon>
            </IconStyle>
        </Style>
        <Style id="6796">
            <IconStyle id="6797">
                <color>ffff0000</color>
                <colorMode>normal</colorMode>
                <scale>0.8</scale>
                <heading>0</heading>
                <Icon id="6798">
                    <href>http://maps.google.com/mapfiles/kml/paddle/wht-circle.png</href>
                </Icon>
            </IconStyle>
        </Style>
        <Style id="6801">
            <IconStyle id="6802">
                <color>ffff0000</color>
                <colorMode>normal</colorMode>
                <scale>0.8</scale>
                <heading>0</heading>
                <Icon id="6803">
                    <href>http://maps.google.com/mapfiles/kml/paddle/wht-circle.png</href>
                </Icon>
            </IconStyle>
        </Style>
        <Style id="6806">
            <IconStyle id="6807">
                <color>ffff0000</color>
                <colorMode>normal</colorMode>
                <scale>0.8</scale>
                <heading>0</heading>
                <Icon id="6808">
                    <href>http://maps.google.com/mapfiles/kml/paddle/wht-circle.png</href>
                </Icon>
            </IconStyle>
        </Style>
        <Style id="6811">
            <IconStyle id="6812">
                <color>ffff0000</color>
                <colorMode>normal</colorMode>
                <scale>0.8</scale>
                <heading>0</heading>
                <Icon id="6813">
                    <href>http://maps.google.com/mapfiles/kml/paddle/wht-circle.png</href>
                </Icon>
            </IconStyle>
        </Style>
        <Style id="6816">
            <IconStyle id="6817">
                <color>ffff0000</color>
                <colorMode>normal</colorMode>
                <scale>0.8</scale>
                <heading>0</heading>
                <Icon id="6818">
                    <href>http://maps.google.com/mapfiles/kml/paddle/wht-circle.png</href>
                </Icon>
            </IconStyle>
        </Style>
        <Style id="6821">
            <IconStyle id="6822">
                <color>ffff0000</color>
                <colorMode>normal</colorMode>
                <scale>0.8</scale>
                <heading>0</heading>
                <Icon id="6823">
                    <href>http://maps.google.com/mapfiles/kml/paddle/wht-circle.png</href>
                </Icon>
            </IconStyle>
        </Style>
        <Style id="6826">
            <IconStyle id="6827">
                <color>ffff0000</color>
                <colorMode>normal</colorMode>
                <scale>0.8</scale>
                <heading>0</heading>
                <Icon id="6828">
                    <href>http://maps.google.com/mapfiles/kml/paddle/wht-circle.png</href>
                </Icon>
            </IconStyle>
        </Style>
        <Style id="6831">
            <IconStyle id="6832">
                <color>ffff0000</color>
                <colorMode>normal</colorMode>
                <scale>0.8</scale>
                <heading>0</heading>
                <Icon id="6833">
                    <href>http://maps.google.com/mapfiles/kml/paddle/wht-circle.png</href>
                </Icon>
            </IconStyle>
        </Style>
        <Style id="6836">
            <IconStyle id="6837">
                <color>ffff0000</color>
                <colorMode>normal</colorMode>
                <scale>0.8</scale>
                <heading>0</heading>
                <Icon id="6838">
                    <href>http://maps.google.com/mapfiles/kml/paddle/wht-circle.png</href>
                </Icon>
            </IconStyle>
        </Style>
        <Style id="6841">
            <IconStyle id="6842">
                <color>ffff0000</color>
                <colorMode>normal</colorMode>
                <scale>0.8</scale>
                <heading>0</heading>
                <Icon id="6843">
                    <href>http://maps.google.com/mapfiles/kml/paddle/wht-circle.png</href>
                </Icon>
            </IconStyle>
        </Style>
        <Style id="6846">
            <IconStyle id="6847">
                <color>ffff0000</color>
                <colorMode>normal</colorMode>
                <scale>0.8</scale>
                <heading>0</heading>
                <Icon id="6848">
                    <href>http://maps.google.com/mapfiles/kml/paddle/wht-circle.png</href>
                </Icon>
            </IconStyle>
        </Style>
        <Style id="6851">
            <IconStyle id="6852">
                <color>ffff0000</color>
                <colorMode>normal</colorMode>
                <scale>0.8</scale>
                <heading>0</heading>
                <Icon id="6853">
                    <href>http://maps.google.com/mapfiles/kml/paddle/wht-circle.png</href>
                </Icon>
            </IconStyle>
        </Style>
        <Style id="6856">
            <IconStyle id="6857">
                <color>ffff0000</color>
                <colorMode>normal</colorMode>
                <scale>0.8</scale>
                <heading>0</heading>
                <Icon id="6858">
                    <href>http://maps.google.com/mapfiles/kml/paddle/wht-circle.png</href>
                </Icon>
            </IconStyle>
        </Style>
        <Style id="6861">
            <IconStyle id="6862">
                <color>ffff0000</color>
                <colorMode>normal</colorMode>
                <scale>0.8</scale>
                <heading>0</heading>
                <Icon id="6863">
                    <href>http://maps.google.com/mapfiles/kml/paddle/wht-circle.png</href>
                </Icon>
            </IconStyle>
        </Style>
        <Style id="6866">
            <IconStyle id="6867">
                <color>ffff0000</color>
                <colorMode>normal</colorMode>
                <scale>0.8</scale>
                <heading>0</heading>
                <Icon id="6868">
                    <href>http://maps.google.com/mapfiles/kml/paddle/wht-circle.png</href>
                </Icon>
            </IconStyle>
        </Style>
        <Style id="6871">
            <IconStyle id="6872">
                <color>ffff0000</color>
                <colorMode>normal</colorMode>
                <scale>0.8</scale>
                <heading>0</heading>
                <Icon id="6873">
                    <href>http://maps.google.com/mapfiles/kml/paddle/wht-circle.png</href>
                </Icon>
            </IconStyle>
        </Style>
        <Style id="6876">
            <IconStyle id="6877">
                <color>ffff0000</color>
                <colorMode>normal</colorMode>
                <scale>0.8</scale>
                <heading>0</heading>
                <Icon id="6878">
                    <href>http://maps.google.com/mapfiles/kml/paddle/wht-circle.png</href>
                </Icon>
            </IconStyle>
        </Style>
        <Style id="6881">
            <IconStyle id="6882">
                <color>ffff0000</color>
                <colorMode>normal</colorMode>
                <scale>0.8</scale>
                <heading>0</heading>
                <Icon id="6883">
                    <href>http://maps.google.com/mapfiles/kml/paddle/wht-circle.png</href>
                </Icon>
            </IconStyle>
        </Style>
        <Style id="6886">
            <IconStyle id="6887">
                <color>ffff0000</color>
                <colorMode>normal</colorMode>
                <scale>0.8</scale>
                <heading>0</heading>
                <Icon id="6888">
                    <href>http://maps.google.com/mapfiles/kml/paddle/wht-circle.png</href>
                </Icon>
            </IconStyle>
        </Style>
        <Style id="6891">
            <IconStyle id="6892">
                <color>ffff0000</color>
                <colorMode>normal</colorMode>
                <scale>0.8</scale>
                <heading>0</heading>
                <Icon id="6893">
                    <href>http://maps.google.com/mapfiles/kml/paddle/wht-circle.png</href>
                </Icon>
            </IconStyle>
        </Style>
        <Style id="6896">
            <IconStyle id="6897">
                <color>ffff0000</color>
                <colorMode>normal</colorMode>
                <scale>0.8</scale>
                <heading>0</heading>
                <Icon id="6898">
                    <href>http://maps.google.com/mapfiles/kml/paddle/wht-circle.png</href>
                </Icon>
            </IconStyle>
        </Style>
        <Style id="6901">
            <IconStyle id="6902">
                <color>ffff0000</color>
                <colorMode>normal</colorMode>
                <scale>0.8</scale>
                <heading>0</heading>
                <Icon id="6903">
                    <href>http://maps.google.com/mapfiles/kml/paddle/wht-circle.png</href>
                </Icon>
            </IconStyle>
        </Style>
        <Style id="6906">
            <IconStyle id="6907">
                <color>ffff0000</color>
                <colorMode>normal</colorMode>
                <scale>0.8</scale>
                <heading>0</heading>
                <Icon id="6908">
                    <href>http://maps.google.com/mapfiles/kml/paddle/wht-circle.png</href>
                </Icon>
            </IconStyle>
        </Style>
        <Style id="6911">
            <IconStyle id="6912">
                <color>ffff0000</color>
                <colorMode>normal</colorMode>
                <scale>0.8</scale>
                <heading>0</heading>
                <Icon id="6913">
                    <href>http://maps.google.com/mapfiles/kml/paddle/wht-circle.png</href>
                </Icon>
            </IconStyle>
        </Style>
        <Style id="6916">
            <IconStyle id="6917">
                <color>ffff0000</color>
                <colorMode>normal</colorMode>
                <scale>0.8</scale>
                <heading>0</heading>
                <Icon id="6918">
                    <href>http://maps.google.com/mapfiles/kml/paddle/wht-circle.png</href>
                </Icon>
            </IconStyle>
        </Style>
        <Style id="6921">
            <IconStyle id="6922">
                <color>ffff0000</color>
                <colorMode>normal</colorMode>
                <scale>0.8</scale>
                <heading>0</heading>
                <Icon id="6923">
                    <href>http://maps.google.com/mapfiles/kml/paddle/wht-circle.png</href>
                </Icon>
            </IconStyle>
        </Style>
        <Style id="6926">
            <IconStyle id="6927">
                <color>ffff0000</color>
                <colorMode>normal</colorMode>
                <scale>0.8</scale>
                <heading>0</heading>
                <Icon id="6928">
                    <href>http://maps.google.com/mapfiles/kml/paddle/wht-circle.png</href>
                </Icon>
            </IconStyle>
        </Style>
        <Style id="6931">
            <IconStyle id="6932">
                <color>ffff0000</color>
                <colorMode>normal</colorMode>
                <scale>0.8</scale>
                <heading>0</heading>
                <Icon id="6933">
                    <href>http://maps.google.com/mapfiles/kml/paddle/wht-circle.png</href>
                </Icon>
            </IconStyle>
        </Style>
        <Style id="6936">
            <IconStyle id="6937">
                <color>ffff0000</color>
                <colorMode>normal</colorMode>
                <scale>0.8</scale>
                <heading>0</heading>
                <Icon id="6938">
                    <href>http://maps.google.com/mapfiles/kml/paddle/wht-circle.png</href>
                </Icon>
            </IconStyle>
        </Style>
        <Style id="6941">
            <IconStyle id="6942">
                <color>ffff0000</color>
                <colorMode>normal</colorMode>
                <scale>0.8</scale>
                <heading>0</heading>
                <Icon id="6943">
                    <href>http://maps.google.com/mapfiles/kml/paddle/wht-circle.png</href>
                </Icon>
            </IconStyle>
        </Style>
        <Style id="6946">
            <IconStyle id="6947">
                <color>ffff0000</color>
                <colorMode>normal</colorMode>
                <scale>0.8</scale>
                <heading>0</heading>
                <Icon id="6948">
                    <href>http://maps.google.com/mapfiles/kml/paddle/wht-circle.png</href>
                </Icon>
            </IconStyle>
        </Style>
        <Style id="6951">
            <IconStyle id="6952">
                <color>ffff0000</color>
                <colorMode>normal</colorMode>
                <scale>0.8</scale>
                <heading>0</heading>
                <Icon id="6953">
                    <href>http://maps.google.com/mapfiles/kml/paddle/wht-circle.png</href>
                </Icon>
            </IconStyle>
        </Style>
        <Style id="6956">
            <IconStyle id="6957">
                <color>ffff0000</color>
                <colorMode>normal</colorMode>
                <scale>0.8</scale>
                <heading>0</heading>
                <Icon id="6958">
                    <href>http://maps.google.com/mapfiles/kml/paddle/wht-circle.png</href>
                </Icon>
            </IconStyle>
        </Style>
        <Style id="6961">
            <IconStyle id="6962">
                <color>ffff0000</color>
                <colorMode>normal</colorMode>
                <scale>0.8</scale>
                <heading>0</heading>
                <Icon id="6963">
                    <href>http://maps.google.com/mapfiles/kml/paddle/wht-circle.png</href>
                </Icon>
            </IconStyle>
        </Style>
        <Style id="6966">
            <IconStyle id="6967">
                <color>ffff0000</color>
                <colorMode>normal</colorMode>
                <scale>0.8</scale>
                <heading>0</heading>
                <Icon id="6968">
                    <href>http://maps.google.com/mapfiles/kml/paddle/wht-circle.png</href>
                </Icon>
            </IconStyle>
        </Style>
        <Style id="6971">
            <IconStyle id="6972">
                <color>ffff0000</color>
                <colorMode>normal</colorMode>
                <scale>0.8</scale>
                <heading>0</heading>
                <Icon id="6973">
                    <href>http://maps.google.com/mapfiles/kml/paddle/wht-circle.png</href>
                </Icon>
            </IconStyle>
        </Style>
        <Style id="6976">
            <IconStyle id="6977">
                <color>ffff0000</color>
                <colorMode>normal</colorMode>
                <scale>0.8</scale>
                <heading>0</heading>
                <Icon id="6978">
                    <href>http://maps.google.com/mapfiles/kml/paddle/wht-circle.png</href>
                </Icon>
            </IconStyle>
        </Style>
        <Style id="6981">
            <IconStyle id="6982">
                <color>ffff0000</color>
                <colorMode>normal</colorMode>
                <scale>0.8</scale>
                <heading>0</heading>
                <Icon id="6983">
                    <href>http://maps.google.com/mapfiles/kml/paddle/wht-circle.png</href>
                </Icon>
            </IconStyle>
        </Style>
        <Style id="6986">
            <IconStyle id="6987">
                <color>ffff0000</color>
                <colorMode>normal</colorMode>
                <scale>0.8</scale>
                <heading>0</heading>
                <Icon id="6988">
                    <href>http://maps.google.com/mapfiles/kml/paddle/wht-circle.png</href>
                </Icon>
            </IconStyle>
        </Style>
        <Style id="6991">
            <IconStyle id="6992">
                <color>ffff0000</color>
                <colorMode>normal</colorMode>
                <scale>0.8</scale>
                <heading>0</heading>
                <Icon id="6993">
                    <href>http://maps.google.com/mapfiles/kml/paddle/wht-circle.png</href>
                </Icon>
            </IconStyle>
        </Style>
        <Style id="6996">
            <IconStyle id="6997">
                <color>ffff0000</color>
                <colorMode>normal</colorMode>
                <scale>0.8</scale>
                <heading>0</heading>
                <Icon id="6998">
                    <href>http://maps.google.com/mapfiles/kml/paddle/wht-circle.png</href>
                </Icon>
            </IconStyle>
        </Style>
        <Style id="7001">
            <IconStyle id="7002">
                <color>ffff0000</color>
                <colorMode>normal</colorMode>
                <scale>0.8</scale>
                <heading>0</heading>
                <Icon id="7003">
                    <href>http://maps.google.com/mapfiles/kml/paddle/wht-circle.png</href>
                </Icon>
            </IconStyle>
        </Style>
        <Style id="7006">
            <IconStyle id="7007">
                <color>ffff0000</color>
                <colorMode>normal</colorMode>
                <scale>0.8</scale>
                <heading>0</heading>
                <Icon id="7008">
                    <href>http://maps.google.com/mapfiles/kml/paddle/wht-circle.png</href>
                </Icon>
            </IconStyle>
        </Style>
        <Style id="7011">
            <IconStyle id="7012">
                <color>ffff0000</color>
                <colorMode>normal</colorMode>
                <scale>0.8</scale>
                <heading>0</heading>
                <Icon id="7013">
                    <href>http://maps.google.com/mapfiles/kml/paddle/wht-circle.png</href>
                </Icon>
            </IconStyle>
        </Style>
        <Style id="7016">
            <IconStyle id="7017">
                <color>ffff0000</color>
                <colorMode>normal</colorMode>
                <scale>0.8</scale>
                <heading>0</heading>
                <Icon id="7018">
                    <href>http://maps.google.com/mapfiles/kml/paddle/wht-circle.png</href>
                </Icon>
            </IconStyle>
        </Style>
        <Style id="7021">
            <IconStyle id="7022">
                <color>ffff0000</color>
                <colorMode>normal</colorMode>
                <scale>0.8</scale>
                <heading>0</heading>
                <Icon id="7023">
                    <href>http://maps.google.com/mapfiles/kml/paddle/wht-circle.png</href>
                </Icon>
            </IconStyle>
        </Style>
        <Style id="7026">
            <IconStyle id="7027">
                <color>ffff0000</color>
                <colorMode>normal</colorMode>
                <scale>0.8</scale>
                <heading>0</heading>
                <Icon id="7028">
                    <href>http://maps.google.com/mapfiles/kml/paddle/wht-circle.png</href>
                </Icon>
            </IconStyle>
        </Style>
        <Style id="7031">
            <IconStyle id="7032">
                <color>ffff0000</color>
                <colorMode>normal</colorMode>
                <scale>0.8</scale>
                <heading>0</heading>
                <Icon id="7033">
                    <href>http://maps.google.com/mapfiles/kml/paddle/wht-circle.png</href>
                </Icon>
            </IconStyle>
        </Style>
        <Style id="7036">
            <IconStyle id="7037">
                <color>ffff0000</color>
                <colorMode>normal</colorMode>
                <scale>0.8</scale>
                <heading>0</heading>
                <Icon id="7038">
                    <href>http://maps.google.com/mapfiles/kml/paddle/wht-circle.png</href>
                </Icon>
            </IconStyle>
        </Style>
        <Style id="7041">
            <IconStyle id="7042">
                <color>ffff0000</color>
                <colorMode>normal</colorMode>
                <scale>0.8</scale>
                <heading>0</heading>
                <Icon id="7043">
                    <href>http://maps.google.com/mapfiles/kml/paddle/wht-circle.png</href>
                </Icon>
            </IconStyle>
        </Style>
        <Style id="7046">
            <IconStyle id="7047">
                <color>ffff0000</color>
                <colorMode>normal</colorMode>
                <scale>0.8</scale>
                <heading>0</heading>
                <Icon id="7048">
                    <href>http://maps.google.com/mapfiles/kml/paddle/wht-circle.png</href>
                </Icon>
            </IconStyle>
        </Style>
        <Style id="7051">
            <IconStyle id="7052">
                <color>ffff0000</color>
                <colorMode>normal</colorMode>
                <scale>0.8</scale>
                <heading>0</heading>
                <Icon id="7053">
                    <href>http://maps.google.com/mapfiles/kml/paddle/wht-circle.png</href>
                </Icon>
            </IconStyle>
        </Style>
        <Style id="7056">
            <IconStyle id="7057">
                <color>ffff0000</color>
                <colorMode>normal</colorMode>
                <scale>0.8</scale>
                <heading>0</heading>
                <Icon id="7058">
                    <href>http://maps.google.com/mapfiles/kml/paddle/wht-circle.png</href>
                </Icon>
            </IconStyle>
        </Style>
        <Style id="7061">
            <IconStyle id="7062">
                <color>ffff0000</color>
                <colorMode>normal</colorMode>
                <scale>0.8</scale>
                <heading>0</heading>
                <Icon id="7063">
                    <href>http://maps.google.com/mapfiles/kml/paddle/wht-circle.png</href>
                </Icon>
            </IconStyle>
        </Style>
        <Style id="7066">
            <IconStyle id="7067">
                <color>ffff0000</color>
                <colorMode>normal</colorMode>
                <scale>0.8</scale>
                <heading>0</heading>
                <Icon id="7068">
                    <href>http://maps.google.com/mapfiles/kml/paddle/wht-circle.png</href>
                </Icon>
            </IconStyle>
        </Style>
        <Style id="7071">
            <IconStyle id="7072">
                <color>ffff0000</color>
                <colorMode>normal</colorMode>
                <scale>0.8</scale>
                <heading>0</heading>
                <Icon id="7073">
                    <href>http://maps.google.com/mapfiles/kml/paddle/wht-circle.png</href>
                </Icon>
            </IconStyle>
        </Style>
        <Style id="7076">
            <IconStyle id="7077">
                <color>ffff0000</color>
                <colorMode>normal</colorMode>
                <scale>0.8</scale>
                <heading>0</heading>
                <Icon id="7078">
                    <href>http://maps.google.com/mapfiles/kml/paddle/wht-circle.png</href>
                </Icon>
            </IconStyle>
        </Style>
        <Style id="7081">
            <IconStyle id="7082">
                <color>ffff0000</color>
                <colorMode>normal</colorMode>
                <scale>0.8</scale>
                <heading>0</heading>
                <Icon id="7083">
                    <href>http://maps.google.com/mapfiles/kml/paddle/wht-circle.png</href>
                </Icon>
            </IconStyle>
        </Style>
        <Style id="7086">
            <IconStyle id="7087">
                <color>ffff0000</color>
                <colorMode>normal</colorMode>
                <scale>0.8</scale>
                <heading>0</heading>
                <Icon id="7088">
                    <href>http://maps.google.com/mapfiles/kml/paddle/wht-circle.png</href>
                </Icon>
            </IconStyle>
        </Style>
        <Style id="7091">
            <IconStyle id="7092">
                <color>ffff0000</color>
                <colorMode>normal</colorMode>
                <scale>0.8</scale>
                <heading>0</heading>
                <Icon id="7093">
                    <href>http://maps.google.com/mapfiles/kml/paddle/wht-circle.png</href>
                </Icon>
            </IconStyle>
        </Style>
        <Style id="7096">
            <IconStyle id="7097">
                <color>ffff0000</color>
                <colorMode>normal</colorMode>
                <scale>0.8</scale>
                <heading>0</heading>
                <Icon id="7098">
                    <href>http://maps.google.com/mapfiles/kml/paddle/wht-circle.png</href>
                </Icon>
            </IconStyle>
        </Style>
        <Style id="7101">
            <IconStyle id="7102">
                <color>ffff0000</color>
                <colorMode>normal</colorMode>
                <scale>0.8</scale>
                <heading>0</heading>
                <Icon id="7103">
                    <href>http://maps.google.com/mapfiles/kml/paddle/wht-circle.png</href>
                </Icon>
            </IconStyle>
        </Style>
        <Style id="7106">
            <IconStyle id="7107">
                <color>ffff0000</color>
                <colorMode>normal</colorMode>
                <scale>0.8</scale>
                <heading>0</heading>
                <Icon id="7108">
                    <href>http://maps.google.com/mapfiles/kml/paddle/wht-circle.png</href>
                </Icon>
            </IconStyle>
        </Style>
        <Style id="7111">
            <IconStyle id="7112">
                <color>ffff0000</color>
                <colorMode>normal</colorMode>
                <scale>0.8</scale>
                <heading>0</heading>
                <Icon id="7113">
                    <href>http://maps.google.com/mapfiles/kml/paddle/wht-circle.png</href>
                </Icon>
            </IconStyle>
        </Style>
        <Style id="7116">
            <IconStyle id="7117">
                <color>ffff0000</color>
                <colorMode>normal</colorMode>
                <scale>0.8</scale>
                <heading>0</heading>
                <Icon id="7118">
                    <href>http://maps.google.com/mapfiles/kml/paddle/wht-circle.png</href>
                </Icon>
            </IconStyle>
        </Style>
        <Style id="7121">
            <IconStyle id="7122">
                <color>ffff0000</color>
                <colorMode>normal</colorMode>
                <scale>0.8</scale>
                <heading>0</heading>
                <Icon id="7123">
                    <href>http://maps.google.com/mapfiles/kml/paddle/wht-circle.png</href>
                </Icon>
            </IconStyle>
        </Style>
        <Style id="7126">
            <IconStyle id="7127">
                <color>ffff0000</color>
                <colorMode>normal</colorMode>
                <scale>0.8</scale>
                <heading>0</heading>
                <Icon id="7128">
                    <href>http://maps.google.com/mapfiles/kml/paddle/wht-circle.png</href>
                </Icon>
            </IconStyle>
        </Style>
        <Style id="7131">
            <IconStyle id="7132">
                <color>ffff0000</color>
                <colorMode>normal</colorMode>
                <scale>0.8</scale>
                <heading>0</heading>
                <Icon id="7133">
                    <href>http://maps.google.com/mapfiles/kml/paddle/wht-circle.png</href>
                </Icon>
            </IconStyle>
        </Style>
        <Style id="7136">
            <IconStyle id="7137">
                <color>ffff0000</color>
                <colorMode>normal</colorMode>
                <scale>0.8</scale>
                <heading>0</heading>
                <Icon id="7138">
                    <href>http://maps.google.com/mapfiles/kml/paddle/wht-circle.png</href>
                </Icon>
            </IconStyle>
        </Style>
        <Style id="7141">
            <IconStyle id="7142">
                <color>ffff0000</color>
                <colorMode>normal</colorMode>
                <scale>0.8</scale>
                <heading>0</heading>
                <Icon id="7143">
                    <href>http://maps.google.com/mapfiles/kml/paddle/wht-circle.png</href>
                </Icon>
            </IconStyle>
        </Style>
        <Style id="7146">
            <IconStyle id="7147">
                <color>ffff0000</color>
                <colorMode>normal</colorMode>
                <scale>0.8</scale>
                <heading>0</heading>
                <Icon id="7148">
                    <href>http://maps.google.com/mapfiles/kml/paddle/wht-circle.png</href>
                </Icon>
            </IconStyle>
        </Style>
        <Style id="7151">
            <IconStyle id="7152">
                <color>ffff0000</color>
                <colorMode>normal</colorMode>
                <scale>0.8</scale>
                <heading>0</heading>
                <Icon id="7153">
                    <href>http://maps.google.com/mapfiles/kml/paddle/wht-circle.png</href>
                </Icon>
            </IconStyle>
        </Style>
        <Style id="7156">
            <IconStyle id="7157">
                <color>ffff0000</color>
                <colorMode>normal</colorMode>
                <scale>0.8</scale>
                <heading>0</heading>
                <Icon id="7158">
                    <href>http://maps.google.com/mapfiles/kml/paddle/wht-circle.png</href>
                </Icon>
            </IconStyle>
        </Style>
        <Style id="7161">
            <IconStyle id="7162">
                <color>ffff0000</color>
                <colorMode>normal</colorMode>
                <scale>0.8</scale>
                <heading>0</heading>
                <Icon id="7163">
                    <href>http://maps.google.com/mapfiles/kml/paddle/wht-circle.png</href>
                </Icon>
            </IconStyle>
        </Style>
        <Style id="7166">
            <IconStyle id="7167">
                <color>ffff0000</color>
                <colorMode>normal</colorMode>
                <scale>0.8</scale>
                <heading>0</heading>
                <Icon id="7168">
                    <href>http://maps.google.com/mapfiles/kml/paddle/wht-circle.png</href>
                </Icon>
            </IconStyle>
        </Style>
        <Style id="7171">
            <IconStyle id="7172">
                <color>ffff0000</color>
                <colorMode>normal</colorMode>
                <scale>0.8</scale>
                <heading>0</heading>
                <Icon id="7173">
                    <href>http://maps.google.com/mapfiles/kml/paddle/wht-circle.png</href>
                </Icon>
            </IconStyle>
        </Style>
        <name>La Capilla (Ground Camera)</name>
        <Placemark id="3180">
            <name>20260107_084840.jpg</name>
            <description>
                
        
<![CDATA[
        <b>File:</b> 20260107_084840.jpg<br>
        <b>Site:</b> La Capilla<br>
        <b>Camera:</b> Ground (Celular)<br>
        <b>Coordinates:</b> -34.473569, -70.937723<br>
        <b>UMAP X:</b> 6.6484675<br>
        <b>UMAP Y:</b> 6.270952<br>
        ]]>                
        
            </description>
            <styleUrl>#3181</styleUrl>
            <Point id="3179">
                <coordinates>-70.93772319972223,-34.473569099722226,0.0</coordinates>
            </Point>
        </Placemark>
        <Placemark id="3185">
            <name>20260107_084850.jpg</name>
            <description>
                
        
<![CDATA[
        <b>File:</b> 20260107_084850.jpg<br>
        <b>Site:</b> La Capilla<br>
        <b>Camera:</b> Ground (Celular)<br>
        <b>Coordinates:</b> -34.473576, -70.937685<br>
        <b>UMAP X:</b> 8.668107<br>
        <b>UMAP Y:</b> 3.6015537<br>
        ]]>                
        
            </description>
            <styleUrl>#3186</styleUrl>
            <Point id="3184">
                <coordinates>-70.937685,-34.473576299722225,0.0</coordinates>
            </Point>
        </Placemark>
        <Placemark id="3190">
            <name>20260107_084857.jpg</name>
            <description>
                
        
<![CDATA[
        <b>File:</b> 20260107_084857.jpg<br>
        <b>Site:</b> La Capilla<br>
        <b>Camera:</b> Ground (Celular)<br>
        <b>Coordinates:</b> -34.473584, -70.937675<br>
        <b>UMAP X:</b> 6.8366<br>
        <b>UMAP Y:</b> 2.5297837<br>
        ]]>                
        
            </description>
            <styleUrl>#3191</styleUrl>
            <Point id="3189">
                <coordinates>-70.93767479972223,-34.473584099722224,0.0</coordinates>
            </Point>
        </Placemark>
        <Placemark id="3195">
            <name>20260107_084900.jpg</name>
            <description>
                
        
<![CDATA[
        <b>File:</b> 20260107_084900.jpg<br>
        <b>Site:</b> La Capilla<br>
        <b>Camera:</b> Ground (Celular)<br>
        <b>Coordinates:</b> -34.473587, -70.937665<br>
        <b>UMAP X:</b> 8.647174<br>
        <b>UMAP Y:</b> 7.10596<br>
        ]]>                
        
            </description>
            <styleUrl>#3196</styleUrl>
            <Point id="3194">
                <coordinates>-70.9376649,-34.4735871,0.0</coordinates>
            </Point>
        </Placemark>
        <Placemark id="3200">
            <name>20260107_084903.jpg</name>
            <description>
                
        
<![CDATA[
        <b>File:</b> 20260107_084903.jpg<br>
        <b>Site:</b> La Capilla<br>
        <b>Camera:</b> Ground (Celular)<br>
        <b>Coordinates:</b> -34.473587, -70.937658<br>
        <b>UMAP X:</b> 6.2186747<br>
        <b>UMAP Y:</b> 5.1437273<br>
        ]]>                
        
            </description>
            <styleUrl>#3201</styleUrl>
            <Point id="3199">
                <coordinates>-70.9376584,-34.47358739972223,0.0</coordinates>
            </Point>
        </Placemark>
        <Placemark id="3205">
            <name>20260107_084907.jpg</name>
            <description>
                
        
<![CDATA[
        <b>File:</b> 20260107_084907.jpg<br>
        <b>Site:</b> La Capilla<br>
        <b>Camera:</b> Ground (Celular)<br>
        <b>Coordinates:</b> -34.473593, -70.937643<br>
        <b>UMAP X:</b> 6.4469132<br>
        <b>UMAP Y:</b> 5.783333<br>
        ]]>                
        
            </description>
            <styleUrl>#3206</styleUrl>
            <Point id="3204">
                <coordinates>-70.9376426,-34.4735932,0.0</coordinates>
            </Point>
        </Placemark>
        <Placemark id="3210">
            <name>20260107_084910.jpg</name>
            <description>
                
        
<![CDATA[
        <b>File:</b> 20260107_084910.jpg<br>
        <b>Site:</b> La Capilla<br>
        <b>Camera:</b> Ground (Celular)<br>
        <b>Coordinates:</b> -34.473595, -70.937619<br>
        <b>UMAP X:</b> 6.268215<br>
        <b>UMAP Y:</b> 6.77036<br>
        ]]>                
        
            </description>
            <styleUrl>#3211</styleUrl>
            <Point id="3209">
                <coordinates>-70.9376192,-34.473595199722226,0.0</coordinates>
            </Point>
        </Placemark>
        <Placemark id="3215">
            <name>20260107_084914.jpg</name>
            <description>
                
        
<![CDATA[
        <b>File:</b> 20260107_084914.jpg<br>
        <b>Site:</b> La Capilla<br>
        <b>Camera:</b> Ground (Celular)<br>
        <b>Coordinates:</b> -34.473595, -70.937619<br>
        <b>UMAP X:</b> 8.129007<br>
        <b>UMAP Y:</b> 4.5208135<br>
        ]]>                
        
            </description>
            <styleUrl>#3216</styleUrl>
            <Point id="3214">
                <coordinates>-70.9376192,-34.473595199722226,0.0</coordinates>
            </Point>
        </Placemark>
        <Placemark id="3220">
            <name>20260107_084922.jpg</name>
            <description>
                
        
<![CDATA[
        <b>File:</b> 20260107_084922.jpg<br>
        <b>Site:</b> La Capilla<br>
        <b>Camera:</b> Ground (Celular)<br>
        <b>Coordinates:</b> -34.473601, -70.937576<br>
        <b>UMAP X:</b> 6.548963<br>
        <b>UMAP Y:</b> 6.4089227<br>
        ]]>                
        
            </description>
            <styleUrl>#3221</styleUrl>
            <Point id="3219">
                <coordinates>-70.9375761,-34.473601199722225,0.0</coordinates>
            </Point>
        </Placemark>
        <Placemark id="3225">
            <name>20260107_084927.jpg</name>
            <description>
                
        
<![CDATA[
        <b>File:</b> 20260107_084927.jpg<br>
        <b>Site:</b> La Capilla<br>
        <b>Camera:</b> Ground (Celular)<br>
        <b>Coordinates:</b> -34.473604, -70.937558<br>
        <b>UMAP X:</b> 7.1973987<br>
        <b>UMAP Y:</b> 6.604103<br>
        ]]>                
        
            </description>
            <styleUrl>#3226</styleUrl>
            <Point id="3224">
                <coordinates>-70.9375583,-34.4736039,0.0</coordinates>
            </Point>
        </Placemark>
        <Placemark id="3230">
            <name>20260107_084933.jpg</name>
            <description>
                
        
<![CDATA[
        <b>File:</b> 20260107_084933.jpg<br>
        <b>Site:</b> La Capilla<br>
        <b>Camera:</b> Ground (Celular)<br>
        <b>Coordinates:</b> -34.473604, -70.937558<br>
        <b>UMAP X:</b> 6.5596485<br>
        <b>UMAP Y:</b> 5.3821125<br>
        ]]>                
        
            </description>
            <styleUrl>#3231</styleUrl>
            <Point id="3229">
                <coordinates>-70.9375583,-34.4736039,0.0</coordinates>
            </Point>
        </Placemark>
        <Placemark id="3235">
            <name>20260107_084935.jpg</name>
            <description>
                
        
<![CDATA[
        <b>File:</b> 20260107_084935.jpg<br>
        <b>Site:</b> La Capilla<br>
        <b>Camera:</b> Ground (Celular)<br>
        <b>Coordinates:</b> -34.473604, -70.937558<br>
        <b>UMAP X:</b> 6.2798905<br>
        <b>UMAP Y:</b> 5.530458<br>
        ]]>                
        
            </description>
            <styleUrl>#3236</styleUrl>
            <Point id="3234">
                <coordinates>-70.9375583,-34.4736039,0.0</coordinates>
            </Point>
        </Placemark>
        <Placemark id="3240">
            <name>20260107_084942.jpg</name>
            <description>
                
        
<![CDATA[
        <b>File:</b> 20260107_084942.jpg<br>
        <b>Site:</b> La Capilla<br>
        <b>Camera:</b> Ground (Celular)<br>
        <b>Coordinates:</b> -34.473604, -70.937558<br>
        <b>UMAP X:</b> 6.3285103<br>
        <b>UMAP Y:</b> 6.159735<br>
        ]]>                
        
            </description>
            <styleUrl>#3241</styleUrl>
            <Point id="3239">
                <coordinates>-70.9375583,-34.4736039,0.0</coordinates>
            </Point>
        </Placemark>
        <Placemark id="3245">
            <name>20260107_084945.jpg</name>
            <description>
                
        
<![CDATA[
        <b>File:</b> 20260107_084945.jpg<br>
        <b>Site:</b> La Capilla<br>
        <b>Camera:</b> Ground (Celular)<br>
        <b>Coordinates:</b> -34.473604, -70.937558<br>
        <b>UMAP X:</b> 9.475535<br>
        <b>UMAP Y:</b> 7.0847144<br>
        ]]>                
        
            </description>
            <styleUrl>#3246</styleUrl>
            <Point id="3244">
                <coordinates>-70.9375583,-34.4736039,0.0</coordinates>
            </Point>
        </Placemark>
        <Placemark id="3250">
            <name>20260107_084949.jpg</name>
            <description>
                
        
<![CDATA[
        <b>File:</b> 20260107_084949.jpg<br>
        <b>Site:</b> La Capilla<br>
        <b>Camera:</b> Ground (Celular)<br>
        <b>Coordinates:</b> -34.473604, -70.937558<br>
        <b>UMAP X:</b> 7.747308<br>
        <b>UMAP Y:</b> 2.4851441<br>
        ]]>                
        
            </description>
            <styleUrl>#3251</styleUrl>
            <Point id="3249">
                <coordinates>-70.9375583,-34.4736039,0.0</coordinates>
            </Point>
        </Placemark>
        <Placemark id="3255">
            <name>20260107_084952.jpg</name>
            <description>
                
        
<![CDATA[
        <b>File:</b> 20260107_084952.jpg<br>
        <b>Site:</b> La Capilla<br>
        <b>Camera:</b> Ground (Celular)<br>
        <b>Coordinates:</b> -34.473604, -70.937558<br>
        <b>UMAP X:</b> 7.720399<br>
        <b>UMAP Y:</b> 4.6074896<br>
        ]]>                
        
            </description>
            <styleUrl>#3256</styleUrl>
            <Point id="3254">
                <coordinates>-70.9375583,-34.4736039,0.0</coordinates>
            </Point>
        </Placemark>
        <Placemark id="3260">
            <name>20260107_084954.jpg</name>
            <description>
                
        
<![CDATA[
        <b>File:</b> 20260107_084954.jpg<br>
        <b>Site:</b> La Capilla<br>
        <b>Camera:</b> Ground (Celular)<br>
        <b>Coordinates:</b> -34.473604, -70.937558<br>
        <b>UMAP X:</b> 6.5084114<br>
        <b>UMAP Y:</b> 7.9717712<br>
        ]]>                
        
            </description>
            <styleUrl>#3261</styleUrl>
            <Point id="3259">
                <coordinates>-70.9375583,-34.4736039,0.0</coordinates>
            </Point>
        </Placemark>
        <Placemark id="3265">
            <name>20260107_084959.jpg</name>
            <description>
                
        
<![CDATA[
        <b>File:</b> 20260107_084959.jpg<br>
        <b>Site:</b> La Capilla<br>
        <b>Camera:</b> Ground (Celular)<br>
        <b>Coordinates:</b> -34.473604, -70.937558<br>
        <b>UMAP X:</b> 7.566402<br>
        <b>UMAP Y:</b> 2.6068132<br>
        ]]>                
        
            </description>
            <styleUrl>#3266</styleUrl>
            <Point id="3264">
                <coordinates>-70.9375583,-34.4736039,0.0</coordinates>
            </Point>
        </Placemark>
        <Placemark id="3270">
            <name>20260107_085002.jpg</name>
            <description>
                
        
<![CDATA[
        <b>File:</b> 20260107_085002.jpg<br>
        <b>Site:</b> La Capilla<br>
        <b>Camera:</b> Ground (Celular)<br>
        <b>Coordinates:</b> -34.473604, -70.937558<br>
        <b>UMAP X:</b> 6.2389154<br>
        <b>UMAP Y:</b> 5.24152<br>
        ]]>                
        
            </description>
            <styleUrl>#3271</styleUrl>
            <Point id="3269">
                <coordinates>-70.9375583,-34.4736039,0.0</coordinates>
            </Point>
        </Placemark>
        <Placemark id="3275">
            <name>20260107_085005.jpg</name>
            <description>
                
        
<![CDATA[
        <b>File:</b> 20260107_085005.jpg<br>
        <b>Site:</b> La Capilla<br>
        <b>Camera:</b> Ground (Celular)<br>
        <b>Coordinates:</b> -34.473604, -70.937558<br>
        <b>UMAP X:</b> 9.907804<br>
        <b>UMAP Y:</b> 6.496036<br>
        ]]>                
        
            </description>
            <styleUrl>#3276</styleUrl>
            <Point id="3274">
                <coordinates>-70.9375583,-34.4736039,0.0</coordinates>
            </Point>
        </Placemark>
        <Placemark id="3280">
            <name>20260107_085008.jpg</name>
            <description>
                
        
<![CDATA[
        <b>File:</b> 20260107_085008.jpg<br>
        <b>Site:</b> La Capilla<br>
        <b>Camera:</b> Ground (Celular)<br>
        <b>Coordinates:</b> -34.473604, -70.937558<br>
        <b>UMAP X:</b> 9.976158<br>
        <b>UMAP Y:</b> 6.5581408<br>
        ]]>                
        
            </description>
            <styleUrl>#3281</styleUrl>
            <Point id="3279">
                <coordinates>-70.9375583,-34.4736039,0.0</coordinates>
            </Point>
        </Placemark>
        <Placemark id="3285">
            <name>20260107_085011.jpg</name>
            <description>
                
        
<![CDATA[
        <b>File:</b> 20260107_085011.jpg<br>
        <b>Site:</b> La Capilla<br>
        <b>Camera:</b> Ground (Celular)<br>
        <b>Coordinates:</b> -34.473604, -70.937558<br>
        <b>UMAP X:</b> 8.272526<br>
        <b>UMAP Y:</b> 2.3593178<br>
        ]]>                
        
            </description>
            <styleUrl>#3286</styleUrl>
            <Point id="3284">
                <coordinates>-70.9375583,-34.4736039,0.0</coordinates>
            </Point>
        </Placemark>
        <Placemark id="3290">
            <name>20260107_085018.jpg</name>
            <description>
                
        
<![CDATA[
        <b>File:</b> 20260107_085018.jpg<br>
        <b>Site:</b> La Capilla<br>
        <b>Camera:</b> Ground (Celular)<br>
        <b>Coordinates:</b> -34.473604, -70.937558<br>
        <b>UMAP X:</b> 9.107006<br>
        <b>UMAP Y:</b> 5.2304564<br>
        ]]>                
        
            </description>
            <styleUrl>#3291</styleUrl>
            <Point id="3289">
                <coordinates>-70.9375583,-34.4736039,0.0</coordinates>
            </Point>
        </Placemark>
        <Placemark id="3295">
            <name>20260107_085022.jpg</name>
            <description>
                
        
<![CDATA[
        <b>File:</b> 20260107_085022.jpg<br>
        <b>Site:</b> La Capilla<br>
        <b>Camera:</b> Ground (Celular)<br>
        <b>Coordinates:</b> -34.473604, -70.937558<br>
        <b>UMAP X:</b> 7.6864686<br>
        <b>UMAP Y:</b> 3.6047857<br>
        ]]>                
        
            </description>
            <styleUrl>#3296</styleUrl>
            <Point id="3294">
                <coordinates>-70.9375583,-34.4736039,0.0</coordinates>
            </Point>
        </Placemark>
        <Placemark id="3300">
            <name>20260107_085025.jpg</name>
            <description>
                
        
<![CDATA[
        <b>File:</b> 20260107_085025.jpg<br>
        <b>Site:</b> La Capilla<br>
        <b>Camera:</b> Ground (Celular)<br>
        <b>Coordinates:</b> -34.473604, -70.937558<br>
        <b>UMAP X:</b> 7.992907<br>
        <b>UMAP Y:</b> 3.1374886<br>
        ]]>                
        
            </description>
            <styleUrl>#3301</styleUrl>
            <Point id="3299">
                <coordinates>-70.9375583,-34.4736039,0.0</coordinates>
            </Point>
        </Placemark>
        <Placemark id="3305">
            <name>20260107_085029.jpg</name>
            <description>
                
        
<![CDATA[
        <b>File:</b> 20260107_085029.jpg<br>
        <b>Site:</b> La Capilla<br>
        <b>Camera:</b> Ground (Celular)<br>
        <b>Coordinates:</b> -34.473604, -70.937558<br>
        <b>UMAP X:</b> 7.3025875<br>
        <b>UMAP Y:</b> 2.3847976<br>
        ]]>                
        
            </description>
            <styleUrl>#3306</styleUrl>
            <Point id="3304">
                <coordinates>-70.9375583,-34.4736039,0.0</coordinates>
            </Point>
        </Placemark>
        <Placemark id="3310">
            <name>20260107_085033.jpg</name>
            <description>
                
        
<![CDATA[
        <b>File:</b> 20260107_085033.jpg<br>
        <b>Site:</b> La Capilla<br>
        <b>Camera:</b> Ground (Celular)<br>
        <b>Coordinates:</b> -34.473604, -70.937558<br>
        <b>UMAP X:</b> 7.077548<br>
        <b>UMAP Y:</b> 6.7615776<br>
        ]]>                
        
            </description>
            <styleUrl>#3311</styleUrl>
            <Point id="3309">
                <coordinates>-70.9375583,-34.4736039,0.0</coordinates>
            </Point>
        </Placemark>
        <Placemark id="3315">
            <name>20260107_085040.jpg</name>
            <description>
                
        
<![CDATA[
        <b>File:</b> 20260107_085040.jpg<br>
        <b>Site:</b> La Capilla<br>
        <b>Camera:</b> Ground (Celular)<br>
        <b>Coordinates:</b> -34.473604, -70.937558<br>
        <b>UMAP X:</b> 7.7303004<br>
        <b>UMAP Y:</b> 3.1457226<br>
        ]]>                
        
            </description>
            <styleUrl>#3316</styleUrl>
            <Point id="3314">
                <coordinates>-70.9375583,-34.4736039,0.0</coordinates>
            </Point>
        </Placemark>
        <Placemark id="3320">
            <name>20260107_085043.jpg</name>
            <description>
                
        
<![CDATA[
        <b>File:</b> 20260107_085043.jpg<br>
        <b>Site:</b> La Capilla<br>
        <b>Camera:</b> Ground (Celular)<br>
        <b>Coordinates:</b> -34.473604, -70.937558<br>
        <b>UMAP X:</b> 6.879165<br>
        <b>UMAP Y:</b> 3.3833323<br>
        ]]>                
        
            </description>
            <styleUrl>#3321</styleUrl>
            <Point id="3319">
                <coordinates>-70.9375583,-34.4736039,0.0</coordinates>
            </Point>
        </Placemark>
        <Placemark id="3325">
            <name>20260107_085045.jpg</name>
            <description>
                
        
<![CDATA[
        <b>File:</b> 20260107_085045.jpg<br>
        <b>Site:</b> La Capilla<br>
        <b>Camera:</b> Ground (Celular)<br>
        <b>Coordinates:</b> -34.473604, -70.937558<br>
        <b>UMAP X:</b> 9.159147<br>
        <b>UMAP Y:</b> 3.4905353<br>
        ]]>                
        
            </description>
            <styleUrl>#3326</styleUrl>
            <Point id="3324">
                <coordinates>-70.9375583,-34.4736039,0.0</coordinates>
            </Point>
        </Placemark>
        <Placemark id="3330">
            <name>20260107_085048.jpg</name>
            <description>
                
        
<![CDATA[
        <b>File:</b> 20260107_085048.jpg<br>
        <b>Site:</b> La Capilla<br>
        <b>Camera:</b> Ground (Celular)<br>
        <b>Coordinates:</b> -34.473604, -70.937558<br>
        <b>UMAP X:</b> 8.7987795<br>
        <b>UMAP Y:</b> 2.9756417<br>
        ]]>                
        
            </description>
            <styleUrl>#3331</styleUrl>
            <Point id="3329">
                <coordinates>-70.9375583,-34.4736039,0.0</coordinates>
            </Point>
        </Placemark>
        <Placemark id="3335">
            <name>20260107_085052.jpg</name>
            <description>
                
        
<![CDATA[
        <b>File:</b> 20260107_085052.jpg<br>
        <b>Site:</b> La Capilla<br>
        <b>Camera:</b> Ground (Celular)<br>
        <b>Coordinates:</b> -34.473604, -70.937558<br>
        <b>UMAP X:</b> 5.5282717<br>
        <b>UMAP Y:</b> 6.4490075<br>
        ]]>                
        
            </description>
            <styleUrl>#3336</styleUrl>
            <Point id="3334">
                <coordinates>-70.9375583,-34.4736039,0.0</coordinates>
            </Point>
        </Placemark>
        <Placemark id="3340">
            <name>20260107_085056.jpg</name>
            <description>
                
        
<![CDATA[
        <b>File:</b> 20260107_085056.jpg<br>
        <b>Site:</b> La Capilla<br>
        <b>Camera:</b> Ground (Celular)<br>
        <b>Coordinates:</b> -34.473604, -70.937558<br>
        <b>UMAP X:</b> 6.1867127<br>
        <b>UMAP Y:</b> 4.550383<br>
        ]]>                
        
            </description>
            <styleUrl>#3341</styleUrl>
            <Point id="3339">
                <coordinates>-70.9375583,-34.4736039,0.0</coordinates>
            </Point>
        </Placemark>
        <Placemark id="3345">
            <name>20260107_085059.jpg</name>
            <description>
                
        
<![CDATA[
        <b>File:</b> 20260107_085059.jpg<br>
        <b>Site:</b> La Capilla<br>
        <b>Camera:</b> Ground (Celular)<br>
        <b>Coordinates:</b> -34.473604, -70.937558<br>
        <b>UMAP X:</b> 9.005383<br>
        <b>UMAP Y:</b> 2.7389665<br>
        ]]>                
        
            </description>
            <styleUrl>#3346</styleUrl>
            <Point id="3344">
                <coordinates>-70.9375583,-34.4736039,0.0</coordinates>
            </Point>
        </Placemark>
        <Placemark id="3350">
            <name>20260107_085103.jpg</name>
            <description>
                
        
<![CDATA[
        <b>File:</b> 20260107_085103.jpg<br>
        <b>Site:</b> La Capilla<br>
        <b>Camera:</b> Ground (Celular)<br>
        <b>Coordinates:</b> -34.473604, -70.937558<br>
        <b>UMAP X:</b> 6.8326306<br>
        <b>UMAP Y:</b> 2.6547098<br>
        ]]>                
        
            </description>
            <styleUrl>#3351</styleUrl>
            <Point id="3349">
                <coordinates>-70.9375583,-34.4736039,0.0</coordinates>
            </Point>
        </Placemark>
        <Placemark id="3355">
            <name>20260107_085105.jpg</name>
            <description>
                
        
<![CDATA[
        <b>File:</b> 20260107_085105.jpg<br>
        <b>Site:</b> La Capilla<br>
        <b>Camera:</b> Ground (Celular)<br>
        <b>Coordinates:</b> -34.473604, -70.937558<br>
        <b>UMAP X:</b> 7.9567432<br>
        <b>UMAP Y:</b> 2.8157098<br>
        ]]>                
        
            </description>
            <styleUrl>#3356</styleUrl>
            <Point id="3354">
                <coordinates>-70.9375583,-34.4736039,0.0</coordinates>
            </Point>
        </Placemark>
        <Placemark id="3360">
            <name>20260107_085109.jpg</name>
            <description>
                
        
<![CDATA[
        <b>File:</b> 20260107_085109.jpg<br>
        <b>Site:</b> La Capilla<br>
        <b>Camera:</b> Ground (Celular)<br>
        <b>Coordinates:</b> -34.473604, -70.937558<br>
        <b>UMAP X:</b> 7.420297<br>
        <b>UMAP Y:</b> 6.622681<br>
        ]]>                
        
            </description>
            <styleUrl>#3361</styleUrl>
            <Point id="3359">
                <coordinates>-70.9375583,-34.4736039,0.0</coordinates>
            </Point>
        </Placemark>
        <Placemark id="3365">
            <name>20260107_085112.jpg</name>
            <description>
                
        
<![CDATA[
        <b>File:</b> 20260107_085112.jpg<br>
        <b>Site:</b> La Capilla<br>
        <b>Camera:</b> Ground (Celular)<br>
        <b>Coordinates:</b> -34.473604, -70.937558<br>
        <b>UMAP X:</b> 6.9937463<br>
        <b>UMAP Y:</b> 5.911594<br>
        ]]>                
        
            </description>
            <styleUrl>#3366</styleUrl>
            <Point id="3364">
                <coordinates>-70.9375583,-34.473604,0.0</coordinates>
            </Point>
        </Placemark>
        <Placemark id="3370">
            <name>20260107_085118.jpg</name>
            <description>
                
        
<![CDATA[
        <b>File:</b> 20260107_085118.jpg<br>
        <b>Site:</b> La Capilla<br>
        <b>Camera:</b> Ground (Celular)<br>
        <b>Coordinates:</b> -34.473604, -70.937558<br>
        <b>UMAP X:</b> 7.727277<br>
        <b>UMAP Y:</b> 2.5645576<br>
        ]]>                
        
            </description>
            <styleUrl>#3371</styleUrl>
            <Point id="3369">
                <coordinates>-70.9375583,-34.473604,0.0</coordinates>
            </Point>
        </Placemark>
        <Placemark id="3375">
            <name>20260107_085121.jpg</name>
            <description>
                
        
<![CDATA[
        <b>File:</b> 20260107_085121.jpg<br>
        <b>Site:</b> La Capilla<br>
        <b>Camera:</b> Ground (Celular)<br>
        <b>Coordinates:</b> -34.473604, -70.937558<br>
        <b>UMAP X:</b> 7.2961745<br>
        <b>UMAP Y:</b> 3.2596545<br>
        ]]>                
        
            </description>
            <styleUrl>#3376</styleUrl>
            <Point id="3374">
                <coordinates>-70.9375583,-34.473604,0.0</coordinates>
            </Point>
        </Placemark>
        <Placemark id="3380">
            <name>20260107_085126.jpg</name>
            <description>
                
        
<![CDATA[
        <b>File:</b> 20260107_085126.jpg<br>
        <b>Site:</b> La Capilla<br>
        <b>Camera:</b> Ground (Celular)<br>
        <b>Coordinates:</b> -34.473604, -70.937558<br>
        <b>UMAP X:</b> 7.071035<br>
        <b>UMAP Y:</b> 5.591686<br>
        ]]>                
        
            </description>
            <styleUrl>#3381</styleUrl>
            <Point id="3379">
                <coordinates>-70.9375583,-34.473604,0.0</coordinates>
            </Point>
        </Placemark>
        <Placemark id="3385">
            <name>20260107_085133.jpg</name>
            <description>
                
        
<![CDATA[
        <b>File:</b> 20260107_085133.jpg<br>
        <b>Site:</b> La Capilla<br>
        <b>Camera:</b> Ground (Celular)<br>
        <b>Coordinates:</b> -34.473604, -70.937558<br>
        <b>UMAP X:</b> 7.1477847<br>
        <b>UMAP Y:</b> 6.719618<br>
        ]]>                
        
            </description>
            <styleUrl>#3386</styleUrl>
            <Point id="3384">
                <coordinates>-70.9375583,-34.473604,0.0</coordinates>
            </Point>
        </Placemark>
        <Placemark id="3390">
            <name>20260107_085136.jpg</name>
            <description>
                
        
<![CDATA[
        <b>File:</b> 20260107_085136.jpg<br>
        <b>Site:</b> La Capilla<br>
        <b>Camera:</b> Ground (Celular)<br>
        <b>Coordinates:</b> -34.473604, -70.937558<br>
        <b>UMAP X:</b> 6.1193867<br>
        <b>UMAP Y:</b> 7.8979263<br>
        ]]>                
        
            </description>
            <styleUrl>#3391</styleUrl>
            <Point id="3389">
                <coordinates>-70.9375583,-34.473604,0.0</coordinates>
            </Point>
        </Placemark>
        <Placemark id="3395">
            <name>20260107_085141.jpg</name>
            <description>
                
        
<![CDATA[
        <b>File:</b> 20260107_085141.jpg<br>
        <b>Site:</b> La Capilla<br>
        <b>Camera:</b> Ground (Celular)<br>
        <b>Coordinates:</b> -34.473604, -70.937558<br>
        <b>UMAP X:</b> 7.4961553<br>
        <b>UMAP Y:</b> 7.461902<br>
        ]]>                
        
            </description>
            <styleUrl>#3396</styleUrl>
            <Point id="3394">
                <coordinates>-70.9375583,-34.473604,0.0</coordinates>
            </Point>
        </Placemark>
        <Placemark id="3400">
            <name>20260107_085145.jpg</name>
            <description>
                
        
<![CDATA[
        <b>File:</b> 20260107_085145.jpg<br>
        <b>Site:</b> La Capilla<br>
        <b>Camera:</b> Ground (Celular)<br>
        <b>Coordinates:</b> -34.473604, -70.937558<br>
        <b>UMAP X:</b> 7.662296<br>
        <b>UMAP Y:</b> 2.957175<br>
        ]]>                
        
            </description>
            <styleUrl>#3401</styleUrl>
            <Point id="3399">
                <coordinates>-70.9375583,-34.473604,0.0</coordinates>
            </Point>
        </Placemark>
        <Placemark id="3405">
            <name>20260107_085149.jpg</name>
            <description>
                
        
<![CDATA[
        <b>File:</b> 20260107_085149.jpg<br>
        <b>Site:</b> La Capilla<br>
        <b>Camera:</b> Ground (Celular)<br>
        <b>Coordinates:</b> -34.473604, -70.937558<br>
        <b>UMAP X:</b> 5.3843346<br>
        <b>UMAP Y:</b> 6.7705035<br>
        ]]>                
        
            </description>
            <styleUrl>#3406</styleUrl>
            <Point id="3404">
                <coordinates>-70.9375583,-34.473604,0.0</coordinates>
            </Point>
        </Placemark>
        <Placemark id="3410">
            <name>20260107_085153.jpg</name>
            <description>
                
        
<![CDATA[
        <b>File:</b> 20260107_085153.jpg<br>
        <b>Site:</b> La Capilla<br>
        <b>Camera:</b> Ground (Celular)<br>
        <b>Coordinates:</b> -34.473604, -70.937558<br>
        <b>UMAP X:</b> 9.456477<br>
        <b>UMAP Y:</b> 4.605086<br>
        ]]>                
        
            </description>
            <styleUrl>#3411</styleUrl>
            <Point id="3409">
                <coordinates>-70.9375583,-34.473604,0.0</coordinates>
            </Point>
        </Placemark>
        <Placemark id="3415">
            <name>20260107_085156.jpg</name>
            <description>
                
        
<![CDATA[
        <b>File:</b> 20260107_085156.jpg<br>
        <b>Site:</b> La Capilla<br>
        <b>Camera:</b> Ground (Celular)<br>
        <b>Coordinates:</b> -34.473604, -70.937558<br>
        <b>UMAP X:</b> 8.112932<br>
        <b>UMAP Y:</b> 4.383095<br>
        ]]>                
        
            </description>
            <styleUrl>#3416</styleUrl>
            <Point id="3414">
                <coordinates>-70.9375583,-34.473604,0.0</coordinates>
            </Point>
        </Placemark>
        <Placemark id="3420">
            <name>20260107_085158.jpg</name>
            <description>
                
        
<![CDATA[
        <b>File:</b> 20260107_085158.jpg<br>
        <b>Site:</b> La Capilla<br>
        <b>Camera:</b> Ground (Celular)<br>
        <b>Coordinates:</b> -34.473604, -70.937558<br>
        <b>UMAP X:</b> 7.0821123<br>
        <b>UMAP Y:</b> 3.4426875<br>
        ]]>                
        
            </description>
            <styleUrl>#3421</styleUrl>
            <Point id="3419">
                <coordinates>-70.9375583,-34.473604,0.0</coordinates>
            </Point>
        </Placemark>
        <Placemark id="3425">
            <name>20260107_085204.jpg</name>
            <description>
                
        
<![CDATA[
        <b>File:</b> 20260107_085204.jpg<br>
        <b>Site:</b> La Capilla<br>
        <b>Camera:</b> Ground (Celular)<br>
        <b>Coordinates:</b> -34.473604, -70.937558<br>
        <b>UMAP X:</b> 6.7197437<br>
        <b>UMAP Y:</b> 6.752398<br>
        ]]>                
        
            </description>
            <styleUrl>#3426</styleUrl>
            <Point id="3424">
                <coordinates>-70.9375583,-34.473604,0.0</coordinates>
            </Point>
        </Placemark>
        <Placemark id="3430">
            <name>20260107_085206.jpg</name>
            <description>
                
        
<![CDATA[
        <b>File:</b> 20260107_085206.jpg<br>
        <b>Site:</b> La Capilla<br>
        <b>Camera:</b> Ground (Celular)<br>
        <b>Coordinates:</b> -34.473604, -70.937558<br>
        <b>UMAP X:</b> 6.0122538<br>
        <b>UMAP Y:</b> 7.664297<br>
        ]]>                
        
            </description>
            <styleUrl>#3431</styleUrl>
            <Point id="3429">
                <coordinates>-70.9375583,-34.473604,0.0</coordinates>
            </Point>
        </Placemark>
        <Placemark id="3435">
            <name>20260107_085209.jpg</name>
            <description>
                
        
<![CDATA[
        <b>File:</b> 20260107_085209.jpg<br>
        <b>Site:</b> La Capilla<br>
        <b>Camera:</b> Ground (Celular)<br>
        <b>Coordinates:</b> -34.473604, -70.937558<br>
        <b>UMAP X:</b> 7.1777706<br>
        <b>UMAP Y:</b> 5.2835865<br>
        ]]>                
        
            </description>
            <styleUrl>#3436</styleUrl>
            <Point id="3434">
                <coordinates>-70.9375583,-34.473604,0.0</coordinates>
            </Point>
        </Placemark>
        <Placemark id="3440">
            <name>20260107_085211.jpg</name>
            <description>
                
        
<![CDATA[
        <b>File:</b> 20260107_085211.jpg<br>
        <b>Site:</b> La Capilla<br>
        <b>Camera:</b> Ground (Celular)<br>
        <b>Coordinates:</b> -34.473604, -70.937558<br>
        <b>UMAP X:</b> 9.138208<br>
        <b>UMAP Y:</b> 6.8899517<br>
        ]]>                
        
            </description>
            <styleUrl>#3441</styleUrl>
            <Point id="3439">
                <coordinates>-70.9375583,-34.473604,0.0</coordinates>
            </Point>
        </Placemark>
        <Placemark id="3445">
            <name>20260107_085214.jpg</name>
            <description>
                
        
<![CDATA[
        <b>File:</b> 20260107_085214.jpg<br>
        <b>Site:</b> La Capilla<br>
        <b>Camera:</b> Ground (Celular)<br>
        <b>Coordinates:</b> -34.473604, -70.937558<br>
        <b>UMAP X:</b> 8.176039<br>
        <b>UMAP Y:</b> 7.4340124<br>
        ]]>                
        
            </description>
            <styleUrl>#3446</styleUrl>
            <Point id="3444">
                <coordinates>-70.9375583,-34.473604,0.0</coordinates>
            </Point>
        </Placemark>
        <Placemark id="3450">
            <name>20260107_085216.jpg</name>
            <description>
                
        
<![CDATA[
        <b>File:</b> 20260107_085216.jpg<br>
        <b>Site:</b> La Capilla<br>
        <b>Camera:</b> Ground (Celular)<br>
        <b>Coordinates:</b> -34.473604, -70.937558<br>
        <b>UMAP X:</b> 6.9830737<br>
        <b>UMAP Y:</b> 3.2677608<br>
        ]]>                
        
            </description>
            <styleUrl>#3451</styleUrl>
            <Point id="3449">
                <coordinates>-70.9375583,-34.473604,0.0</coordinates>
            </Point>
        </Placemark>
        <Placemark id="3455">
            <name>20260107_085222.jpg</name>
            <description>
                
        
<![CDATA[
        <b>File:</b> 20260107_085222.jpg<br>
        <b>Site:</b> La Capilla<br>
        <b>Camera:</b> Ground (Celular)<br>
        <b>Coordinates:</b> -34.473604, -70.937558<br>
        <b>UMAP X:</b> 5.602854<br>
        <b>UMAP Y:</b> 6.844235<br>
        ]]>                
        
            </description>
            <styleUrl>#3456</styleUrl>
            <Point id="3454">
                <coordinates>-70.9375583,-34.473604,0.0</coordinates>
            </Point>
        </Placemark>
        <Placemark id="3460">
            <name>20260107_085226.jpg</name>
            <description>
                
        
<![CDATA[
        <b>File:</b> 20260107_085226.jpg<br>
        <b>Site:</b> La Capilla<br>
        <b>Camera:</b> Ground (Celular)<br>
        <b>Coordinates:</b> -34.473604, -70.937558<br>
        <b>UMAP X:</b> 6.0168796<br>
        <b>UMAP Y:</b> 7.76777<br>
        ]]>                
        
            </description>
            <styleUrl>#3461</styleUrl>
            <Point id="3459">
                <coordinates>-70.9375583,-34.473604,0.0</coordinates>
            </Point>
        </Placemark>
        <Placemark id="3465">
            <name>20260107_085231.jpg</name>
            <description>
                
        
<![CDATA[
        <b>File:</b> 20260107_085231.jpg<br>
        <b>Site:</b> La Capilla<br>
        <b>Camera:</b> Ground (Celular)<br>
        <b>Coordinates:</b> -34.473604, -70.937558<br>
        <b>UMAP X:</b> 6.3701715<br>
        <b>UMAP Y:</b> 5.627908<br>
        ]]>                
        
            </description>
            <styleUrl>#3466</styleUrl>
            <Point id="3464">
                <coordinates>-70.9375583,-34.473604,0.0</coordinates>
            </Point>
        </Placemark>
        <Placemark id="3470">
            <name>20260107_085234.jpg</name>
            <description>
                
        
<![CDATA[
        <b>File:</b> 20260107_085234.jpg<br>
        <b>Site:</b> La Capilla<br>
        <b>Camera:</b> Ground (Celular)<br>
        <b>Coordinates:</b> -34.473604, -70.937558<br>
        <b>UMAP X:</b> 6.222422<br>
        <b>UMAP Y:</b> 4.1551147<br>
        ]]>                
        
            </description>
            <styleUrl>#3471</styleUrl>
            <Point id="3469">
                <coordinates>-70.9375583,-34.473604,0.0</coordinates>
            </Point>
        </Placemark>
        <Placemark id="3475">
            <name>20260107_085238.jpg</name>
            <description>
                
        
<![CDATA[
        <b>File:</b> 20260107_085238.jpg<br>
        <b>Site:</b> La Capilla<br>
        <b>Camera:</b> Ground (Celular)<br>
        <b>Coordinates:</b> -34.473604, -70.937558<br>
        <b>UMAP X:</b> 7.8907957<br>
        <b>UMAP Y:</b> 4.348361<br>
        ]]>                
        
            </description>
            <styleUrl>#3476</styleUrl>
            <Point id="3474">
                <coordinates>-70.9375583,-34.473604,0.0</coordinates>
            </Point>
        </Placemark>
        <Placemark id="3480">
            <name>20260107_085242.jpg</name>
            <description>
                
        
<![CDATA[
        <b>File:</b> 20260107_085242.jpg<br>
        <b>Site:</b> La Capilla<br>
        <b>Camera:</b> Ground (Celular)<br>
        <b>Coordinates:</b> -34.473604, -70.937558<br>
        <b>UMAP X:</b> 7.119375<br>
        <b>UMAP Y:</b> 2.5686946<br>
        ]]>                
        
            </description>
            <styleUrl>#3481</styleUrl>
            <Point id="3479">
                <coordinates>-70.9375583,-34.473604,0.0</coordinates>
            </Point>
        </Placemark>
        <Placemark id="3485">
            <name>20260107_085248.jpg</name>
            <description>
                
        
<![CDATA[
        <b>File:</b> 20260107_085248.jpg<br>
        <b>Site:</b> La Capilla<br>
        <b>Camera:</b> Ground (Celular)<br>
        <b>Coordinates:</b> -34.473604, -70.937558<br>
        <b>UMAP X:</b> 5.809716<br>
        <b>UMAP Y:</b> 6.7093844<br>
        ]]>                
        
            </description>
            <styleUrl>#3486</styleUrl>
            <Point id="3484">
                <coordinates>-70.9375583,-34.473604,0.0</coordinates>
            </Point>
        </Placemark>
        <Placemark id="3490">
            <name>20260107_085300.jpg</name>
            <description>
                
        
<![CDATA[
        <b>File:</b> 20260107_085300.jpg<br>
        <b>Site:</b> La Capilla<br>
        <b>Camera:</b> Ground (Celular)<br>
        <b>Coordinates:</b> -34.473604, -70.937558<br>
        <b>UMAP X:</b> 8.4659195<br>
        <b>UMAP Y:</b> 3.1857743<br>
        ]]>                
        
            </description>
            <styleUrl>#3491</styleUrl>
            <Point id="3489">
                <coordinates>-70.9375583,-34.473604,0.0</coordinates>
            </Point>
        </Placemark>
        <Placemark id="3495">
            <name>20260107_085305.jpg</name>
            <description>
                
        
<![CDATA[
        <b>File:</b> 20260107_085305.jpg<br>
        <b>Site:</b> La Capilla<br>
        <b>Camera:</b> Ground (Celular)<br>
        <b>Coordinates:</b> -34.473604, -70.937558<br>
        <b>UMAP X:</b> 7.8074646<br>
        <b>UMAP Y:</b> 2.9011943<br>
        ]]>                
        
            </description>
            <styleUrl>#3496</styleUrl>
            <Point id="3494">
                <coordinates>-70.9375583,-34.473604,0.0</coordinates>
            </Point>
        </Placemark>
        <Placemark id="3500">
            <name>20260107_085308.jpg</name>
            <description>
                
        
<![CDATA[
        <b>File:</b> 20260107_085308.jpg<br>
        <b>Site:</b> La Capilla<br>
        <b>Camera:</b> Ground (Celular)<br>
        <b>Coordinates:</b> -34.473604, -70.937558<br>
        <b>UMAP X:</b> 7.94007<br>
        <b>UMAP Y:</b> 7.2370095<br>
        ]]>                
        
            </description>
            <styleUrl>#3501</styleUrl>
            <Point id="3499">
                <coordinates>-70.9375583,-34.473604,0.0</coordinates>
            </Point>
        </Placemark>
        <Placemark id="3505">
            <name>20260107_085312.jpg</name>
            <description>
                
        
<![CDATA[
        <b>File:</b> 20260107_085312.jpg<br>
        <b>Site:</b> La Capilla<br>
        <b>Camera:</b> Ground (Celular)<br>
        <b>Coordinates:</b> -34.473739, -70.936797<br>
        <b>UMAP X:</b> 5.8618164<br>
        <b>UMAP Y:</b> 5.459327<br>
        ]]>                
        
            </description>
            <styleUrl>#3506</styleUrl>
            <Point id="3504">
                <coordinates>-70.9367971,-34.4737391,0.0</coordinates>
            </Point>
        </Placemark>
        <Placemark id="3510">
            <name>20260107_085315.jpg</name>
            <description>
                
        
<![CDATA[
        <b>File:</b> 20260107_085315.jpg<br>
        <b>Site:</b> La Capilla<br>
        <b>Camera:</b> Ground (Celular)<br>
        <b>Coordinates:</b> -34.473739, -70.936797<br>
        <b>UMAP X:</b> 6.727414<br>
        <b>UMAP Y:</b> 2.602594<br>
        ]]>                
        
            </description>
            <styleUrl>#3511</styleUrl>
            <Point id="3509">
                <coordinates>-70.9367971,-34.4737391,0.0</coordinates>
            </Point>
        </Placemark>
        <Placemark id="3515">
            <name>20260107_085326.jpg</name>
            <description>
                
        
<![CDATA[
        <b>File:</b> 20260107_085326.jpg<br>
        <b>Site:</b> La Capilla<br>
        <b>Camera:</b> Ground (Celular)<br>
        <b>Coordinates:</b> -34.473746, -70.936697<br>
        <b>UMAP X:</b> 5.925769<br>
        <b>UMAP Y:</b> 5.840218<br>
        ]]>                
        
            </description>
            <styleUrl>#3516</styleUrl>
            <Point id="3514">
                <coordinates>-70.9366968,-34.4737462,0.0</coordinates>
            </Point>
        </Placemark>
        <Placemark id="3520">
            <name>20260107_085329.jpg</name>
            <description>
                
        
<![CDATA[
        <b>File:</b> 20260107_085329.jpg<br>
        <b>Site:</b> La Capilla<br>
        <b>Camera:</b> Ground (Celular)<br>
        <b>Coordinates:</b> -34.473747, -70.936696<br>
        <b>UMAP X:</b> 6.591165<br>
        <b>UMAP Y:</b> 7.779865<br>
        ]]>                
        
            </description>
            <styleUrl>#3521</styleUrl>
            <Point id="3519">
                <coordinates>-70.9366964,-34.4737468,0.0</coordinates>
            </Point>
        </Placemark>
        <Placemark id="3525">
            <name>20260107_085331.jpg</name>
            <description>
                
        
<![CDATA[
        <b>File:</b> 20260107_085331.jpg<br>
        <b>Site:</b> La Capilla<br>
        <b>Camera:</b> Ground (Celular)<br>
        <b>Coordinates:</b> -34.473747, -70.936696<br>
        <b>UMAP X:</b> 6.5614524<br>
        <b>UMAP Y:</b> 8.176045<br>
        ]]>                
        
            </description>
            <styleUrl>#3526</styleUrl>
            <Point id="3524">
                <coordinates>-70.9366964,-34.4737468,0.0</coordinates>
            </Point>
        </Placemark>
        <Placemark id="3530">
            <name>20260107_085344.jpg</name>
            <description>
                
        
<![CDATA[
        <b>File:</b> 20260107_085344.jpg<br>
        <b>Site:</b> La Capilla<br>
        <b>Camera:</b> Ground (Celular)<br>
        <b>Coordinates:</b> -34.473748, -70.936609<br>
        <b>UMAP X:</b> 6.693412<br>
        <b>UMAP Y:</b> 2.8047302<br>
        ]]>                
        
            </description>
            <styleUrl>#3531</styleUrl>
            <Point id="3529">
                <coordinates>-70.93660859972222,-34.473748,0.0</coordinates>
            </Point>
        </Placemark>
        <Placemark id="3535">
            <name>20260107_085348.jpg</name>
            <description>
                
        
<![CDATA[
        <b>File:</b> 20260107_085348.jpg<br>
        <b>Site:</b> La Capilla<br>
        <b>Camera:</b> Ground (Celular)<br>
        <b>Coordinates:</b> -34.473754, -70.936593<br>
        <b>UMAP X:</b> 8.121527<br>
        <b>UMAP Y:</b> 3.5268526<br>
        ]]>                
        
            </description>
            <styleUrl>#3536</styleUrl>
            <Point id="3534">
                <coordinates>-70.93659309972223,-34.4737535,0.0</coordinates>
            </Point>
        </Placemark>
        <Placemark id="3540">
            <name>20260107_085350.jpg</name>
            <description>
                
        
<![CDATA[
        <b>File:</b> 20260107_085350.jpg<br>
        <b>Site:</b> La Capilla<br>
        <b>Camera:</b> Ground (Celular)<br>
        <b>Coordinates:</b> -34.473754, -70.936593<br>
        <b>UMAP X:</b> 6.9900284<br>
        <b>UMAP Y:</b> 7.2921734<br>
        ]]>                
        
            </description>
            <styleUrl>#3541</styleUrl>
            <Point id="3539">
                <coordinates>-70.93659309972223,-34.4737535,0.0</coordinates>
            </Point>
        </Placemark>
        <Placemark id="3545">
            <name>20260107_085355.jpg</name>
            <description>
                
        
<![CDATA[
        <b>File:</b> 20260107_085355.jpg<br>
        <b>Site:</b> La Capilla<br>
        <b>Camera:</b> Ground (Celular)<br>
        <b>Coordinates:</b> -34.473754, -70.936575<br>
        <b>UMAP X:</b> 9.534458<br>
        <b>UMAP Y:</b> 6.725831<br>
        ]]>                
        
            </description>
            <styleUrl>#3546</styleUrl>
            <Point id="3544">
                <coordinates>-70.93657489972223,-34.473754499722226,0.0</coordinates>
            </Point>
        </Placemark>
        <Placemark id="3550">
            <name>20260107_085359.jpg</name>
            <description>
                
        
<![CDATA[
        <b>File:</b> 20260107_085359.jpg<br>
        <b>Site:</b> La Capilla<br>
        <b>Camera:</b> Ground (Celular)<br>
        <b>Coordinates:</b> -34.473754, -70.936551<br>
        <b>UMAP X:</b> 6.128451<br>
        <b>UMAP Y:</b> 5.67403<br>
        ]]>                
        
            </description>
            <styleUrl>#3551</styleUrl>
            <Point id="3549">
                <coordinates>-70.93655099972223,-34.4737537,0.0</coordinates>
            </Point>
        </Placemark>
        <Placemark id="3555">
            <name>20260107_085401.jpg</name>
            <description>
                
        
<![CDATA[
        <b>File:</b> 20260107_085401.jpg<br>
        <b>Site:</b> La Capilla<br>
        <b>Camera:</b> Ground (Celular)<br>
        <b>Coordinates:</b> -34.473759, -70.936542<br>
        <b>UMAP X:</b> 9.723736<br>
        <b>UMAP Y:</b> 7.4402504<br>
        ]]>                
        
            </description>
            <styleUrl>#3556</styleUrl>
            <Point id="3554">
                <coordinates>-70.93654209972223,-34.47375889972223,0.0</coordinates>
            </Point>
        </Placemark>
        <Placemark id="3560">
            <name>20260107_085406.jpg</name>
            <description>
                
        
<![CDATA[
        <b>File:</b> 20260107_085406.jpg<br>
        <b>Site:</b> La Capilla<br>
        <b>Camera:</b> Ground (Celular)<br>
        <b>Coordinates:</b> -34.473762, -70.936526<br>
        <b>UMAP X:</b> 7.9505777<br>
        <b>UMAP Y:</b> 3.9137619<br>
        ]]>                
        
            </description>
            <styleUrl>#3561</styleUrl>
            <Point id="3559">
                <coordinates>-70.93652609972223,-34.473762299722225,0.0</coordinates>
            </Point>
        </Placemark>
        <Placemark id="3565">
            <name>20260107_085409.jpg</name>
            <description>
                
        
<![CDATA[
        <b>File:</b> 20260107_085409.jpg<br>
        <b>Site:</b> La Capilla<br>
        <b>Camera:</b> Ground (Celular)<br>
        <b>Coordinates:</b> -34.473765, -70.936505<br>
        <b>UMAP X:</b> 9.469021<br>
        <b>UMAP Y:</b> 3.0284617<br>
        ]]>                
        
            </description>
            <styleUrl>#3566</styleUrl>
            <Point id="3564">
                <coordinates>-70.9365047,-34.47376549972223,0.0</coordinates>
            </Point>
        </Placemark>
        <Placemark id="3570">
            <name>20260107_085412.jpg</name>
            <description>
                
        
<![CDATA[
        <b>File:</b> 20260107_085412.jpg<br>
        <b>Site:</b> La Capilla<br>
        <b>Camera:</b> Ground (Celular)<br>
        <b>Coordinates:</b> -34.473767, -70.936500<br>
        <b>UMAP X:</b> 8.962386<br>
        <b>UMAP Y:</b> 2.9063785<br>
        ]]>                
        
            </description>
            <styleUrl>#3571</styleUrl>
            <Point id="3569">
                <coordinates>-70.93650049972223,-34.4737669,0.0</coordinates>
            </Point>
        </Placemark>
        <Placemark id="3575">
            <name>20260107_085415.jpg</name>
            <description>
                
        
<![CDATA[
        <b>File:</b> 20260107_085415.jpg<br>
        <b>Site:</b> La Capilla<br>
        <b>Camera:</b> Ground (Celular)<br>
        <b>Coordinates:</b> -34.473782, -70.936478<br>
        <b>UMAP X:</b> 8.086035<br>
        <b>UMAP Y:</b> 7.2436266<br>
        ]]>                
        
            </description>
            <styleUrl>#3576</styleUrl>
            <Point id="3574">
                <coordinates>-70.93647789972222,-34.4737815,0.0</coordinates>
            </Point>
        </Placemark>
        <Placemark id="3580">
            <name>20260107_085417.jpg</name>
            <description>
                
        
<![CDATA[
        <b>File:</b> 20260107_085417.jpg<br>
        <b>Site:</b> La Capilla<br>
        <b>Camera:</b> Ground (Celular)<br>
        <b>Coordinates:</b> -34.473783, -70.936475<br>
        <b>UMAP X:</b> 6.463775<br>
        <b>UMAP Y:</b> 3.2647958<br>
        ]]>                
        
            </description>
            <styleUrl>#3581</styleUrl>
            <Point id="3579">
                <coordinates>-70.93647459972223,-34.4737827,0.0</coordinates>
            </Point>
        </Placemark>
        <Placemark id="3585">
            <name>20260107_085422.jpg</name>
            <description>
                
        
<![CDATA[
        <b>File:</b> 20260107_085422.jpg<br>
        <b>Site:</b> La Capilla<br>
        <b>Camera:</b> Ground (Celular)<br>
        <b>Coordinates:</b> -34.473781, -70.936448<br>
        <b>UMAP X:</b> 6.494093<br>
        <b>UMAP Y:</b> 7.18411<br>
        ]]>                
        
            </description>
            <styleUrl>#3586</styleUrl>
            <Point id="3584">
                <coordinates>-70.9364481,-34.473781,0.0</coordinates>
            </Point>
        </Placemark>
        <Placemark id="3590">
            <name>20260107_085426.jpg</name>
            <description>
                
        
<![CDATA[
        <b>File:</b> 20260107_085426.jpg<br>
        <b>Site:</b> La Capilla<br>
        <b>Camera:</b> Ground (Celular)<br>
        <b>Coordinates:</b> -34.473781, -70.936427<br>
        <b>UMAP X:</b> 6.9776435<br>
        <b>UMAP Y:</b> 2.635791<br>
        ]]>                
        
            </description>
            <styleUrl>#3591</styleUrl>
            <Point id="3589">
                <coordinates>-70.93642719972223,-34.473781299722226,0.0</coordinates>
            </Point>
        </Placemark>
        <Placemark id="3595">
            <name>20260107_085430.jpg</name>
            <description>
                
        
<![CDATA[
        <b>File:</b> 20260107_085430.jpg<br>
        <b>Site:</b> La Capilla<br>
        <b>Camera:</b> Ground (Celular)<br>
        <b>Coordinates:</b> -34.473784, -70.936415<br>
        <b>UMAP X:</b> 8.147035<br>
        <b>UMAP Y:</b> 2.1904154<br>
        ]]>                
        
            </description>
            <styleUrl>#3596</styleUrl>
            <Point id="3594">
                <coordinates>-70.9364147,-34.473783599722225,0.0</coordinates>
            </Point>
        </Placemark>
        <Placemark id="3600">
            <name>20260107_085433.jpg</name>
            <description>
                
        
<![CDATA[
        <b>File:</b> 20260107_085433.jpg<br>
        <b>Site:</b> La Capilla<br>
        <b>Camera:</b> Ground (Celular)<br>
        <b>Coordinates:</b> -34.473789, -70.936411<br>
        <b>UMAP X:</b> 6.354647<br>
        <b>UMAP Y:</b> 3.3756201<br>
        ]]>                
        
            </description>
            <styleUrl>#3601</styleUrl>
            <Point id="3599">
                <coordinates>-70.9364113,-34.473788999722224,0.0</coordinates>
            </Point>
        </Placemark>
        <Placemark id="3605">
            <name>20260107_085435.jpg</name>
            <description>
                
        
<![CDATA[
        <b>File:</b> 20260107_085435.jpg<br>
        <b>Site:</b> La Capilla<br>
        <b>Camera:</b> Ground (Celular)<br>
        <b>Coordinates:</b> -34.473789, -70.936406<br>
        <b>UMAP X:</b> 6.864186<br>
        <b>UMAP Y:</b> 2.6981394<br>
        ]]>                
        
            </description>
            <styleUrl>#3606</styleUrl>
            <Point id="3604">
                <coordinates>-70.9364063,-34.473788599722226,0.0</coordinates>
            </Point>
        </Placemark>
        <Placemark id="3610">
            <name>20260107_085439.jpg</name>
            <description>
                
        
<![CDATA[
        <b>File:</b> 20260107_085439.jpg<br>
        <b>Site:</b> La Capilla<br>
        <b>Camera:</b> Ground (Celular)<br>
        <b>Coordinates:</b> -34.473789, -70.936400<br>
        <b>UMAP X:</b> 5.7415414<br>
        <b>UMAP Y:</b> 5.2987814<br>
        ]]>                
        
            </description>
            <styleUrl>#3611</styleUrl>
            <Point id="3609">
                <coordinates>-70.93640019972223,-34.4737889,0.0</coordinates>
            </Point>
        </Placemark>
        <Placemark id="3615">
            <name>20260107_085442.jpg</name>
            <description>
                
        
<![CDATA[
        <b>File:</b> 20260107_085442.jpg<br>
        <b>Site:</b> La Capilla<br>
        <b>Camera:</b> Ground (Celular)<br>
        <b>Coordinates:</b> -34.473787, -70.936389<br>
        <b>UMAP X:</b> 8.785057<br>
        <b>UMAP Y:</b> 3.8023462<br>
        ]]>                
        
            </description>
            <styleUrl>#3616</styleUrl>
            <Point id="3614">
                <coordinates>-70.9363893,-34.4737865,0.0</coordinates>
            </Point>
        </Placemark>
        <Placemark id="3620">
            <name>20260107_085445.jpg</name>
            <description>
                
        
<![CDATA[
        <b>File:</b> 20260107_085445.jpg<br>
        <b>Site:</b> La Capilla<br>
        <b>Camera:</b> Ground (Celular)<br>
        <b>Coordinates:</b> -34.473789, -70.936376<br>
        <b>UMAP X:</b> 6.1157136<br>
        <b>UMAP Y:</b> 4.5273204<br>
        ]]>                
        
            </description>
            <styleUrl>#3621</styleUrl>
            <Point id="3619">
                <coordinates>-70.9363764,-34.473789099722225,0.0</coordinates>
            </Point>
        </Placemark>
        <Placemark id="3625">
            <name>20260107_085450.jpg</name>
            <description>
                
        
<![CDATA[
        <b>File:</b> 20260107_085450.jpg<br>
        <b>Site:</b> La Capilla<br>
        <b>Camera:</b> Ground (Celular)<br>
        <b>Coordinates:</b> -34.473797, -70.936361<br>
        <b>UMAP X:</b> 9.416846<br>
        <b>UMAP Y:</b> 4.983869<br>
        ]]>                
        
            </description>
            <styleUrl>#3626</styleUrl>
            <Point id="3624">
                <coordinates>-70.93636109972222,-34.4737969,0.0</coordinates>
            </Point>
        </Placemark>
        <Placemark id="3630">
            <name>20260107_085453.jpg</name>
            <description>
                
        
<![CDATA[
        <b>File:</b> 20260107_085453.jpg<br>
        <b>Site:</b> La Capilla<br>
        <b>Camera:</b> Ground (Celular)<br>
        <b>Coordinates:</b> -34.473797, -70.936361<br>
        <b>UMAP X:</b> 8.312593<br>
        <b>UMAP Y:</b> 7.2656903<br>
        ]]>                
        
            </description>
            <styleUrl>#3631</styleUrl>
            <Point id="3629">
                <coordinates>-70.936361,-34.4737967,0.0</coordinates>
            </Point>
        </Placemark>
        <Placemark id="3635">
            <name>20260107_085456.jpg</name>
            <description>
                
        
<![CDATA[
        <b>File:</b> 20260107_085456.jpg<br>
        <b>Site:</b> La Capilla<br>
        <b>Camera:</b> Ground (Celular)<br>
        <b>Coordinates:</b> -34.473793, -70.936345<br>
        <b>UMAP X:</b> 7.80595<br>
        <b>UMAP Y:</b> 2.8785083<br>
        ]]>                
        
            </description>
            <styleUrl>#3636</styleUrl>
            <Point id="3634">
                <coordinates>-70.9363447,-34.4737932,0.0</coordinates>
            </Point>
        </Placemark>
        <Placemark id="3640">
            <name>20260107_085500.jpg</name>
            <description>
                
        
<![CDATA[
        <b>File:</b> 20260107_085500.jpg<br>
        <b>Site:</b> La Capilla<br>
        <b>Camera:</b> Ground (Celular)<br>
        <b>Coordinates:</b> -34.473800, -70.936324<br>
        <b>UMAP X:</b> 7.483714<br>
        <b>UMAP Y:</b> 7.5920653<br>
        ]]>                
        
            </description>
            <styleUrl>#3641</styleUrl>
            <Point id="3639">
                <coordinates>-70.93632399972222,-34.4737999,0.0</coordinates>
            </Point>
        </Placemark>
        <Placemark id="3645">
            <name>20260107_085503.jpg</name>
            <description>
                
        
<![CDATA[
        <b>File:</b> 20260107_085503.jpg<br>
        <b>Site:</b> La Capilla<br>
        <b>Camera:</b> Ground (Celular)<br>
        <b>Coordinates:</b> -34.473803, -70.936309<br>
        <b>UMAP X:</b> 9.391667<br>
        <b>UMAP Y:</b> 3.1879883<br>
        ]]>                
        
            </description>
            <styleUrl>#3646</styleUrl>
            <Point id="3644">
                <coordinates>-70.93630869972223,-34.4738027,0.0</coordinates>
            </Point>
        </Placemark>
        <Placemark id="3650">
            <name>20260107_085505.jpg</name>
            <description>
                
        
<![CDATA[
        <b>File:</b> 20260107_085505.jpg<br>
        <b>Site:</b> La Capilla<br>
        <b>Camera:</b> Ground (Celular)<br>
        <b>Coordinates:</b> -34.473803, -70.936309<br>
        <b>UMAP X:</b> 5.981803<br>
        <b>UMAP Y:</b> 7.947016<br>
        ]]>                
        
            </description>
            <styleUrl>#3651</styleUrl>
            <Point id="3649">
                <coordinates>-70.93630869972223,-34.4738027,0.0</coordinates>
            </Point>
        </Placemark>
        <Placemark id="3655">
            <name>20260107_085507.jpg</name>
            <description>
                
        
<![CDATA[
        <b>File:</b> 20260107_085507.jpg<br>
        <b>Site:</b> La Capilla<br>
        <b>Camera:</b> Ground (Celular)<br>
        <b>Coordinates:</b> -34.473803, -70.936309<br>
        <b>UMAP X:</b> 7.6845193<br>
        <b>UMAP Y:</b> 2.3774722<br>
        ]]>                
        
            </description>
            <styleUrl>#3656</styleUrl>
            <Point id="3654">
                <coordinates>-70.93630869972223,-34.4738027,0.0</coordinates>
            </Point>
        </Placemark>
        <Placemark id="3660">
            <name>20260107_085509.jpg</name>
            <description>
                
        
<![CDATA[
        <b>File:</b> 20260107_085509.jpg<br>
        <b>Site:</b> La Capilla<br>
        <b>Camera:</b> Ground (Celular)<br>
        <b>Coordinates:</b> -34.473803, -70.936309<br>
        <b>UMAP X:</b> 7.8094373<br>
        <b>UMAP Y:</b> 4.4113708<br>
        ]]>                
        
            </description>
            <styleUrl>#3661</styleUrl>
            <Point id="3659">
                <coordinates>-70.93630869972223,-34.4738027,0.0</coordinates>
            </Point>
        </Placemark>
        <Placemark id="3665">
            <name>20260107_085516.jpg</name>
            <description>
                
        
<![CDATA[
        <b>File:</b> 20260107_085516.jpg<br>
        <b>Site:</b> La Capilla<br>
        <b>Camera:</b> Ground (Celular)<br>
        <b>Coordinates:</b> -34.473803, -70.936309<br>
        <b>UMAP X:</b> 6.672432<br>
        <b>UMAP Y:</b> 8.8518<br>
        ]]>                
        
            </description>
            <styleUrl>#3666</styleUrl>
            <Point id="3664">
                <coordinates>-70.93630869972223,-34.4738027,0.0</coordinates>
            </Point>
        </Placemark>
        <Placemark id="3670">
            <name>20260107_085519.jpg</name>
            <description>
                
        
<![CDATA[
        <b>File:</b> 20260107_085519.jpg<br>
        <b>Site:</b> La Capilla<br>
        <b>Camera:</b> Ground (Celular)<br>
        <b>Coordinates:</b> -34.473803, -70.936309<br>
        <b>UMAP X:</b> 9.707193<br>
        <b>UMAP Y:</b> 6.93324<br>
        ]]>                
        
            </description>
            <styleUrl>#3671</styleUrl>
            <Point id="3669">
                <coordinates>-70.93630869972223,-34.4738027,0.0</coordinates>
            </Point>
        </Placemark>
        <Placemark id="3675">
            <name>20260107_085523.jpg</name>
            <description>
                
        
<![CDATA[
        <b>File:</b> 20260107_085523.jpg<br>
        <b>Site:</b> La Capilla<br>
        <b>Camera:</b> Ground (Celular)<br>
        <b>Coordinates:</b> -34.473803, -70.936309<br>
        <b>UMAP X:</b> 6.50457<br>
        <b>UMAP Y:</b> 6.422283<br>
        ]]>                
        
            </description>
            <styleUrl>#3676</styleUrl>
            <Point id="3674">
                <coordinates>-70.93630869972223,-34.4738027,0.0</coordinates>
            </Point>
        </Placemark>
        <Placemark id="3680">
            <name>20260107_085528.jpg</name>
            <description>
                
        
<![CDATA[
        <b>File:</b> 20260107_085528.jpg<br>
        <b>Site:</b> La Capilla<br>
        <b>Camera:</b> Ground (Celular)<br>
        <b>Coordinates:</b> -34.473803, -70.936309<br>
        <b>UMAP X:</b> 6.827396<br>
        <b>UMAP Y:</b> 5.356999<br>
        ]]>                
        
            </description>
            <styleUrl>#3681</styleUrl>
            <Point id="3679">
                <coordinates>-70.93630869972223,-34.4738027,0.0</coordinates>
            </Point>
        </Placemark>
        <Placemark id="3685">
            <name>20260107_085533.jpg</name>
            <description>
                
        
<![CDATA[
        <b>File:</b> 20260107_085533.jpg<br>
        <b>Site:</b> La Capilla<br>
        <b>Camera:</b> Ground (Celular)<br>
        <b>Coordinates:</b> -34.473803, -70.936309<br>
        <b>UMAP X:</b> 8.007582<br>
        <b>UMAP Y:</b> 6.8053656<br>
        ]]>                
        
            </description>
            <styleUrl>#3686</styleUrl>
            <Point id="3684">
                <coordinates>-70.93630869972223,-34.4738027,0.0</coordinates>
            </Point>
        </Placemark>
        <Placemark id="3690">
            <name>20260107_085544.jpg</name>
            <description>
                
        
<![CDATA[
        <b>File:</b> 20260107_085544.jpg<br>
        <b>Site:</b> La Capilla<br>
        <b>Camera:</b> Ground (Celular)<br>
        <b>Coordinates:</b> -34.473841, -70.936164<br>
        <b>UMAP X:</b> 5.9978194<br>
        <b>UMAP Y:</b> 5.8101406<br>
        ]]>                
        
            </description>
            <styleUrl>#3691</styleUrl>
            <Point id="3689">
                <coordinates>-70.93616419972223,-34.4738411,0.0</coordinates>
            </Point>
        </Placemark>
        <Placemark id="3695">
            <name>20260107_085547.jpg</name>
            <description>
                
        
<![CDATA[
        <b>File:</b> 20260107_085547.jpg<br>
        <b>Site:</b> La Capilla<br>
        <b>Camera:</b> Ground (Celular)<br>
        <b>Coordinates:</b> -34.473841, -70.936164<br>
        <b>UMAP X:</b> 6.354104<br>
        <b>UMAP Y:</b> 6.3837624<br>
        ]]>                
        
            </description>
            <styleUrl>#3696</styleUrl>
            <Point id="3694">
                <coordinates>-70.93616419972223,-34.4738411,0.0</coordinates>
            </Point>
        </Placemark>
        <Placemark id="3700">
            <name>20260107_085603.jpg</name>
            <description>
                
        
<![CDATA[
        <b>File:</b> 20260107_085603.jpg<br>
        <b>Site:</b> La Capilla<br>
        <b>Camera:</b> Ground (Celular)<br>
        <b>Coordinates:</b> -34.473841, -70.936164<br>
        <b>UMAP X:</b> 7.9103665<br>
        <b>UMAP Y:</b> 2.92839<br>
        ]]>                
        
            </description>
            <styleUrl>#3701</styleUrl>
            <Point id="3699">
                <coordinates>-70.93616419972223,-34.4738411,0.0</coordinates>
            </Point>
        </Placemark>
        <Placemark id="3705">
            <name>20260107_085608.jpg</name>
            <description>
                
        
<![CDATA[
        <b>File:</b> 20260107_085608.jpg<br>
        <b>Site:</b> La Capilla<br>
        <b>Camera:</b> Ground (Celular)<br>
        <b>Coordinates:</b> -34.473841, -70.936164<br>
        <b>UMAP X:</b> 8.150266<br>
        <b>UMAP Y:</b> 3.3479204<br>
        ]]>                
        
            </description>
            <styleUrl>#3706</styleUrl>
            <Point id="3704">
                <coordinates>-70.93616419972223,-34.4738411,0.0</coordinates>
            </Point>
        </Placemark>
        <Placemark id="3710">
            <name>20260107_085618.jpg</name>
            <description>
                
        
<![CDATA[
        <b>File:</b> 20260107_085618.jpg<br>
        <b>Site:</b> La Capilla<br>
        <b>Camera:</b> Ground (Celular)<br>
        <b>Coordinates:</b> -34.473854, -70.935893<br>
        <b>UMAP X:</b> 8.153237<br>
        <b>UMAP Y:</b> 4.423528<br>
        ]]>                
        
            </description>
            <styleUrl>#3711</styleUrl>
            <Point id="3709">
                <coordinates>-70.9358933,-34.473854099722224,0.0</coordinates>
            </Point>
        </Placemark>
        <Placemark id="3715">
            <name>20260107_085628.jpg</name>
            <description>
                
        
<![CDATA[
        <b>File:</b> 20260107_085628.jpg<br>
        <b>Site:</b> La Capilla<br>
        <b>Camera:</b> Ground (Celular)<br>
        <b>Coordinates:</b> -34.473883, -70.935866<br>
        <b>UMAP X:</b> 9.02389<br>
        <b>UMAP Y:</b> 3.6443949<br>
        ]]>                
        
            </description>
            <styleUrl>#3716</styleUrl>
            <Point id="3714">
                <coordinates>-70.93586569972223,-34.4738826,0.0</coordinates>
            </Point>
        </Placemark>
        <Placemark id="3720">
            <name>20260107_085646.jpg</name>
            <description>
                
        
<![CDATA[
        <b>File:</b> 20260107_085646.jpg<br>
        <b>Site:</b> La Capilla<br>
        <b>Camera:</b> Ground (Celular)<br>
        <b>Coordinates:</b> -34.473885, -70.935860<br>
        <b>UMAP X:</b> 8.109112<br>
        <b>UMAP Y:</b> 4.0762773<br>
        ]]>                
        
            </description>
            <styleUrl>#3721</styleUrl>
            <Point id="3719">
                <coordinates>-70.93586019972223,-34.4738848,0.0</coordinates>
            </Point>
        </Placemark>
        <Placemark id="3725">
            <name>20260107_085650.jpg</name>
            <description>
                
        
<![CDATA[
        <b>File:</b> 20260107_085650.jpg<br>
        <b>Site:</b> La Capilla<br>
        <b>Camera:</b> Ground (Celular)<br>
        <b>Coordinates:</b> -34.473892, -70.935785<br>
        <b>UMAP X:</b> 6.744009<br>
        <b>UMAP Y:</b> 4.2985578<br>
        ]]>                
        
            </description>
            <styleUrl>#3726</styleUrl>
            <Point id="3724">
                <coordinates>-70.9357849,-34.4738923,0.0</coordinates>
            </Point>
        </Placemark>
        <Placemark id="3730">
            <name>20260107_085655.jpg</name>
            <description>
                
        
<![CDATA[
        <b>File:</b> 20260107_085655.jpg<br>
        <b>Site:</b> La Capilla<br>
        <b>Camera:</b> Ground (Celular)<br>
        <b>Coordinates:</b> -34.473892, -70.935785<br>
        <b>UMAP X:</b> 8.437746<br>
        <b>UMAP Y:</b> 7.868776<br>
        ]]>                
        
            </description>
            <styleUrl>#3731</styleUrl>
            <Point id="3729">
                <coordinates>-70.9357849,-34.4738923,0.0</coordinates>
            </Point>
        </Placemark>
        <Placemark id="3735">
            <name>20260107_085718.jpg</name>
            <description>
                
        
<![CDATA[
        <b>File:</b> 20260107_085718.jpg<br>
        <b>Site:</b> La Capilla<br>
        <b>Camera:</b> Ground (Celular)<br>
        <b>Coordinates:</b> -34.473892, -70.935785<br>
        <b>UMAP X:</b> 8.825371<br>
        <b>UMAP Y:</b> 3.5369217<br>
        ]]>                
        
            </description>
            <styleUrl>#3736</styleUrl>
            <Point id="3734">
                <coordinates>-70.9357849,-34.4738923,0.0</coordinates>
            </Point>
        </Placemark>
        <Placemark id="3740">
            <name>20260107_085738.jpg</name>
            <description>
                
        
<![CDATA[
        <b>File:</b> 20260107_085738.jpg<br>
        <b>Site:</b> La Capilla<br>
        <b>Camera:</b> Ground (Celular)<br>
        <b>Coordinates:</b> -34.473892, -70.935785<br>
        <b>UMAP X:</b> 8.5128145<br>
        <b>UMAP Y:</b> 2.112977<br>
        ]]>                
        
            </description>
            <styleUrl>#3741</styleUrl>
            <Point id="3739">
                <coordinates>-70.9357849,-34.4738923,0.0</coordinates>
            </Point>
        </Placemark>
        <Placemark id="3745">
            <name>20260107_085837.jpg</name>
            <description>
                
        
<![CDATA[
        <b>File:</b> 20260107_085837.jpg<br>
        <b>Site:</b> La Capilla<br>
        <b>Camera:</b> Ground (Celular)<br>
        <b>Coordinates:</b> -34.473805, -70.936166<br>
        <b>UMAP X:</b> 8.116519<br>
        <b>UMAP Y:</b> 7.7088327<br>
        ]]>                
        
            </description>
            <styleUrl>#3746</styleUrl>
            <Point id="3744">
                <coordinates>-70.9361664,-34.4738048,0.0</coordinates>
            </Point>
        </Placemark>
        <Placemark id="3750">
            <name>20260107_090101.jpg</name>
            <description>
                
        
<![CDATA[
        <b>File:</b> 20260107_090101.jpg<br>
        <b>Site:</b> La Capilla<br>
        <b>Camera:</b> Ground (Celular)<br>
        <b>Coordinates:</b> -34.473997, -70.935098<br>
        <b>UMAP X:</b> 9.809432<br>
        <b>UMAP Y:</b> 6.8980165<br>
        ]]>                
        
            </description>
            <styleUrl>#3751</styleUrl>
            <Point id="3749">
                <coordinates>-70.9350976,-34.4739968,0.0</coordinates>
            </Point>
        </Placemark>
        <Placemark id="3755">
            <name>20260107_090112.jpg</name>
            <description>
                
        
<![CDATA[
        <b>File:</b> 20260107_090112.jpg<br>
        <b>Site:</b> La Capilla<br>
        <b>Camera:</b> Ground (Celular)<br>
        <b>Coordinates:</b> -34.473997, -70.935098<br>
        <b>UMAP X:</b> 8.730168<br>
        <b>UMAP Y:</b> 2.5154483<br>
        ]]>                
        
            </description>
            <styleUrl>#3756</styleUrl>
            <Point id="3754">
                <coordinates>-70.9350976,-34.4739968,0.0</coordinates>
            </Point>
        </Placemark>
        <Placemark id="3760">
            <name>20260107_090116.jpg</name>
            <description>
                
        
<![CDATA[
        <b>File:</b> 20260107_090116.jpg<br>
        <b>Site:</b> La Capilla<br>
        <b>Camera:</b> Ground (Celular)<br>
        <b>Coordinates:</b> -34.473997, -70.935098<br>
        <b>UMAP X:</b> 7.843057<br>
        <b>UMAP Y:</b> 5.9244275<br>
        ]]>                
        
            </description>
            <styleUrl>#3761</styleUrl>
            <Point id="3759">
                <coordinates>-70.9350976,-34.4739968,0.0</coordinates>
            </Point>
        </Placemark>
        <Placemark id="3765">
            <name>20260107_090123.jpg</name>
            <description>
                
        
<![CDATA[
        <b>File:</b> 20260107_090123.jpg<br>
        <b>Site:</b> La Capilla<br>
        <b>Camera:</b> Ground (Celular)<br>
        <b>Coordinates:</b> -34.473997, -70.935098<br>
        <b>UMAP X:</b> 7.6461363<br>
        <b>UMAP Y:</b> 4.6177206<br>
        ]]>                
        
            </description>
            <styleUrl>#3766</styleUrl>
            <Point id="3764">
                <coordinates>-70.9350976,-34.4739968,0.0</coordinates>
            </Point>
        </Placemark>
        <Placemark id="3770">
            <name>20260107_090126.jpg</name>
            <description>
                
        
<![CDATA[
        <b>File:</b> 20260107_090126.jpg<br>
        <b>Site:</b> La Capilla<br>
        <b>Camera:</b> Ground (Celular)<br>
        <b>Coordinates:</b> -34.473997, -70.935098<br>
        <b>UMAP X:</b> 7.9225245<br>
        <b>UMAP Y:</b> 4.2209463<br>
        ]]>                
        
            </description>
            <styleUrl>#3771</styleUrl>
            <Point id="3769">
                <coordinates>-70.9350976,-34.4739968,0.0</coordinates>
            </Point>
        </Placemark>
        <Placemark id="3775">
            <name>20260107_090130.jpg</name>
            <description>
                
        
<![CDATA[
        <b>File:</b> 20260107_090130.jpg<br>
        <b>Site:</b> La Capilla<br>
        <b>Camera:</b> Ground (Celular)<br>
        <b>Coordinates:</b> -34.473997, -70.935098<br>
        <b>UMAP X:</b> 8.359653<br>
        <b>UMAP Y:</b> 3.7891273<br>
        ]]>                
        
            </description>
            <styleUrl>#3776</styleUrl>
            <Point id="3774">
                <coordinates>-70.9350976,-34.4739968,0.0</coordinates>
            </Point>
        </Placemark>
        <Placemark id="3780">
            <name>20260107_090134.jpg</name>
            <description>
                
        
<![CDATA[
        <b>File:</b> 20260107_090134.jpg<br>
        <b>Site:</b> La Capilla<br>
        <b>Camera:</b> Ground (Celular)<br>
        <b>Coordinates:</b> -34.473997, -70.935098<br>
        <b>UMAP X:</b> 7.3995185<br>
        <b>UMAP Y:</b> 3.496818<br>
        ]]>                
        
            </description>
            <styleUrl>#3781</styleUrl>
            <Point id="3779">
                <coordinates>-70.9350976,-34.4739968,0.0</coordinates>
            </Point>
        </Placemark>
        <Placemark id="3785">
            <name>20260107_090231.jpg</name>
            <description>
                
        
<![CDATA[
        <b>File:</b> 20260107_090231.jpg<br>
        <b>Site:</b> La Capilla<br>
        <b>Camera:</b> Ground (Celular)<br>
        <b>Coordinates:</b> -34.474064, -70.934784<br>
        <b>UMAP X:</b> 7.740276<br>
        <b>UMAP Y:</b> 2.4852393<br>
        ]]>                
        
            </description>
            <styleUrl>#3786</styleUrl>
            <Point id="3784">
                <coordinates>-70.93478389972222,-34.474063999722226,0.0</coordinates>
            </Point>
        </Placemark>
        <Placemark id="3790">
            <name>20260107_090240.jpg</name>
            <description>
                
        
<![CDATA[
        <b>File:</b> 20260107_090240.jpg<br>
        <b>Site:</b> La Capilla<br>
        <b>Camera:</b> Ground (Celular)<br>
        <b>Coordinates:</b> -34.474064, -70.934784<br>
        <b>UMAP X:</b> 7.967371<br>
        <b>UMAP Y:</b> 4.7810116<br>
        ]]>                
        
            </description>
            <styleUrl>#3791</styleUrl>
            <Point id="3789">
                <coordinates>-70.93478389972222,-34.474063999722226,0.0</coordinates>
            </Point>
        </Placemark>
        <Placemark id="3795">
            <name>20260107_090242.jpg</name>
            <description>
                
        
<![CDATA[
        <b>File:</b> 20260107_090242.jpg<br>
        <b>Site:</b> La Capilla<br>
        <b>Camera:</b> Ground (Celular)<br>
        <b>Coordinates:</b> -34.474064, -70.934784<br>
        <b>UMAP X:</b> 9.521974<br>
        <b>UMAP Y:</b> 4.120764<br>
        ]]>                
        
            </description>
            <styleUrl>#3796</styleUrl>
            <Point id="3794">
                <coordinates>-70.93478389972222,-34.474063999722226,0.0</coordinates>
            </Point>
        </Placemark>
        <Placemark id="3800">
            <name>20260107_090328.jpg</name>
            <description>
                
        
<![CDATA[
        <b>File:</b> 20260107_090328.jpg<br>
        <b>Site:</b> La Capilla<br>
        <b>Camera:</b> Ground (Celular)<br>
        <b>Coordinates:</b> -34.474107, -70.934564<br>
        <b>UMAP X:</b> 9.43353<br>
        <b>UMAP Y:</b> 6.868703<br>
        ]]>                
        
            </description>
            <styleUrl>#3801</styleUrl>
            <Point id="3799">
                <coordinates>-70.9345643,-34.4741067,0.0</coordinates>
            </Point>
        </Placemark>
        <Placemark id="3805">
            <name>20260107_090333.jpg</name>
            <description>
                
        
<![CDATA[
        <b>File:</b> 20260107_090333.jpg<br>
        <b>Site:</b> La Capilla<br>
        <b>Camera:</b> Ground (Celular)<br>
        <b>Coordinates:</b> -34.474107, -70.934564<br>
        <b>UMAP X:</b> 6.6015797<br>
        <b>UMAP Y:</b> 8.657698<br>
        ]]>                
        
            </description>
            <styleUrl>#3806</styleUrl>
            <Point id="3804">
                <coordinates>-70.9345643,-34.4741067,0.0</coordinates>
            </Point>
        </Placemark>
        <Placemark id="3810">
            <name>20260107_090336.jpg</name>
            <description>
                
        
<![CDATA[
        <b>File:</b> 20260107_090336.jpg<br>
        <b>Site:</b> La Capilla<br>
        <b>Camera:</b> Ground (Celular)<br>
        <b>Coordinates:</b> -34.474111, -70.934367<br>
        <b>UMAP X:</b> 9.33617<br>
        <b>UMAP Y:</b> 2.8441575<br>
        ]]>                
        
            </description>
            <styleUrl>#3811</styleUrl>
            <Point id="3809">
                <coordinates>-70.9343669,-34.47411149972223,0.0</coordinates>
            </Point>
        </Placemark>
        <Placemark id="3815">
            <name>20260107_090341.jpg</name>
            <description>
                
        
<![CDATA[
        <b>File:</b> 20260107_090341.jpg<br>
        <b>Site:</b> La Capilla<br>
        <b>Camera:</b> Ground (Celular)<br>
        <b>Coordinates:</b> -34.474124, -70.934354<br>
        <b>UMAP X:</b> 7.508506<br>
        <b>UMAP Y:</b> 6.4542074<br>
        ]]>                
        
            </description>
            <styleUrl>#3816</styleUrl>
            <Point id="3814">
                <coordinates>-70.93435379972223,-34.474124199722226,0.0</coordinates>
            </Point>
        </Placemark>
        <Placemark id="3820">
            <name>20260107_090345.jpg</name>
            <description>
                
        
<![CDATA[
        <b>File:</b> 20260107_090345.jpg<br>
        <b>Site:</b> La Capilla<br>
        <b>Camera:</b> Ground (Celular)<br>
        <b>Coordinates:</b> -34.474134, -70.934319<br>
        <b>UMAP X:</b> 6.41448<br>
        <b>UMAP Y:</b> 6.8669376<br>
        ]]>                
        
            </description>
            <styleUrl>#3821</styleUrl>
            <Point id="3819">
                <coordinates>-70.93431879972222,-34.4741342,0.0</coordinates>
            </Point>
        </Placemark>
        <Placemark id="3825">
            <name>20260107_090348.jpg</name>
            <description>
                
        
<![CDATA[
        <b>File:</b> 20260107_090348.jpg<br>
        <b>Site:</b> La Capilla<br>
        <b>Camera:</b> Ground (Celular)<br>
        <b>Coordinates:</b> -34.474136, -70.934305<br>
        <b>UMAP X:</b> 7.2613387<br>
        <b>UMAP Y:</b> 6.463421<br>
        ]]>                
        
            </description>
            <styleUrl>#3826</styleUrl>
            <Point id="3824">
                <coordinates>-70.93430519972223,-34.474136,0.0</coordinates>
            </Point>
        </Placemark>
        <Placemark id="3830">
            <name>20260107_090354.jpg</name>
            <description>
                
        
<![CDATA[
        <b>File:</b> 20260107_090354.jpg<br>
        <b>Site:</b> La Capilla<br>
        <b>Camera:</b> Ground (Celular)<br>
        <b>Coordinates:</b> -34.474134, -70.934274<br>
        <b>UMAP X:</b> 9.637631<br>
        <b>UMAP Y:</b> 3.2228248<br>
        ]]>                
        
            </description>
            <styleUrl>#3831</styleUrl>
            <Point id="3829">
                <coordinates>-70.934274,-34.474133899722226,0.0</coordinates>
            </Point>
        </Placemark>
        <Placemark id="3835">
            <name>20260107_090405.jpg</name>
            <description>
                
        
<![CDATA[
        <b>File:</b> 20260107_090405.jpg<br>
        <b>Site:</b> La Capilla<br>
        <b>Camera:</b> Ground (Celular)<br>
        <b>Coordinates:</b> -34.474143, -70.934207<br>
        <b>UMAP X:</b> 8.220983<br>
        <b>UMAP Y:</b> 8.217923<br>
        ]]>                
        
            </description>
            <styleUrl>#3836</styleUrl>
            <Point id="3834">
                <coordinates>-70.93420679972223,-34.474142999722226,0.0</coordinates>
            </Point>
        </Placemark>
        <Placemark id="3840">
            <name>20260107_090411.jpg</name>
            <description>
                
        
<![CDATA[
        <b>File:</b> 20260107_090411.jpg<br>
        <b>Site:</b> La Capilla<br>
        <b>Camera:</b> Ground (Celular)<br>
        <b>Coordinates:</b> -34.474148, -70.934172<br>
        <b>UMAP X:</b> 6.3693733<br>
        <b>UMAP Y:</b> 6.889632<br>
        ]]>                
        
            </description>
            <styleUrl>#3841</styleUrl>
            <Point id="3839">
                <coordinates>-70.9341722,-34.4741477,0.0</coordinates>
            </Point>
        </Placemark>
        <Placemark id="3845">
            <name>20260107_090426.jpg</name>
            <description>
                
        
<![CDATA[
        <b>File:</b> 20260107_090426.jpg<br>
        <b>Site:</b> La Capilla<br>
        <b>Camera:</b> Ground (Celular)<br>
        <b>Coordinates:</b> -34.474151, -70.934103<br>
        <b>UMAP X:</b> 7.6628733<br>
        <b>UMAP Y:</b> 6.2148376<br>
        ]]>                
        
            </description>
            <styleUrl>#3846</styleUrl>
            <Point id="3844">
                <coordinates>-70.9341031,-34.474150799722224,0.0</coordinates>
            </Point>
        </Placemark>
        <Placemark id="3850">
            <name>20260107_090428.jpg</name>
            <description>
                
        
<![CDATA[
        <b>File:</b> 20260107_090428.jpg<br>
        <b>Site:</b> La Capilla<br>
        <b>Camera:</b> Ground (Celular)<br>
        <b>Coordinates:</b> -34.474150, -70.934094<br>
        <b>UMAP X:</b> 6.633226<br>
        <b>UMAP Y:</b> 8.656913<br>
        ]]>                
        
            </description>
            <styleUrl>#3851</styleUrl>
            <Point id="3849">
                <coordinates>-70.93409409972223,-34.474149699722226,0.0</coordinates>
            </Point>
        </Placemark>
        <Placemark id="3855">
            <name>20260107_090431.jpg</name>
            <description>
                
        
<![CDATA[
        <b>File:</b> 20260107_090431.jpg<br>
        <b>Site:</b> La Capilla<br>
        <b>Camera:</b> Ground (Celular)<br>
        <b>Coordinates:</b> -34.474151, -70.934080<br>
        <b>UMAP X:</b> 8.337073<br>
        <b>UMAP Y:</b> 3.6464317<br>
        ]]>                
        
            </description>
            <styleUrl>#3856</styleUrl>
            <Point id="3854">
                <coordinates>-70.9340803,-34.474150899722225,0.0</coordinates>
            </Point>
        </Placemark>
        <Placemark id="3860">
            <name>20260107_090435.jpg</name>
            <description>
                
        
<![CDATA[
        <b>File:</b> 20260107_090435.jpg<br>
        <b>Site:</b> La Capilla<br>
        <b>Camera:</b> Ground (Celular)<br>
        <b>Coordinates:</b> -34.474154, -70.934073<br>
        <b>UMAP X:</b> 7.8776174<br>
        <b>UMAP Y:</b> 2.5132465<br>
        ]]>                
        
            </description>
            <styleUrl>#3861</styleUrl>
            <Point id="3859">
                <coordinates>-70.9340734,-34.4741538,0.0</coordinates>
            </Point>
        </Placemark>
        <Placemark id="3865">
            <name>20260107_090438.jpg</name>
            <description>
                
        
<![CDATA[
        <b>File:</b> 20260107_090438.jpg<br>
        <b>Site:</b> La Capilla<br>
        <b>Camera:</b> Ground (Celular)<br>
        <b>Coordinates:</b> -34.474154, -70.934073<br>
        <b>UMAP X:</b> 9.505467<br>
        <b>UMAP Y:</b> 4.1778755<br>
        ]]>                
        
            </description>
            <styleUrl>#3866</styleUrl>
            <Point id="3864">
                <coordinates>-70.9340734,-34.4741538,0.0</coordinates>
            </Point>
        </Placemark>
        <Placemark id="3870">
            <name>20260107_090444.jpg</name>
            <description>
                
        
<![CDATA[
        <b>File:</b> 20260107_090444.jpg<br>
        <b>Site:</b> La Capilla<br>
        <b>Camera:</b> Ground (Celular)<br>
        <b>Coordinates:</b> -34.474154, -70.934073<br>
        <b>UMAP X:</b> 8.685674<br>
        <b>UMAP Y:</b> 2.7297957<br>
        ]]>                
        
            </description>
            <styleUrl>#3871</styleUrl>
            <Point id="3869">
                <coordinates>-70.9340734,-34.4741538,0.0</coordinates>
            </Point>
        </Placemark>
        <Placemark id="3875">
            <name>20260107_090447.jpg</name>
            <description>
                
        
<![CDATA[
        <b>File:</b> 20260107_090447.jpg<br>
        <b>Site:</b> La Capilla<br>
        <b>Camera:</b> Ground (Celular)<br>
        <b>Coordinates:</b> -34.474154, -70.934073<br>
        <b>UMAP X:</b> 7.7377405<br>
        <b>UMAP Y:</b> 4.6070642<br>
        ]]>                
        
            </description>
            <styleUrl>#3876</styleUrl>
            <Point id="3874">
                <coordinates>-70.9340734,-34.4741538,0.0</coordinates>
            </Point>
        </Placemark>
        <Placemark id="3880">
            <name>20260107_090452.jpg</name>
            <description>
                
        
<![CDATA[
        <b>File:</b> 20260107_090452.jpg<br>
        <b>Site:</b> La Capilla<br>
        <b>Camera:</b> Ground (Celular)<br>
        <b>Coordinates:</b> -34.474154, -70.934073<br>
        <b>UMAP X:</b> 9.759857<br>
        <b>UMAP Y:</b> 3.4400108<br>
        ]]>                
        
            </description>
            <styleUrl>#3881</styleUrl>
            <Point id="3879">
                <coordinates>-70.9340734,-34.4741538,0.0</coordinates>
            </Point>
        </Placemark>
        <Placemark id="3885">
            <name>20260107_090517.jpg</name>
            <description>
                
        
<![CDATA[
        <b>File:</b> 20260107_090517.jpg<br>
        <b>Site:</b> La Capilla<br>
        <b>Camera:</b> Ground (Celular)<br>
        <b>Coordinates:</b> -34.474154, -70.934073<br>
        <b>UMAP X:</b> 8.902864<br>
        <b>UMAP Y:</b> 7.4768534<br>
        ]]>                
        
            </description>
            <styleUrl>#3886</styleUrl>
            <Point id="3884">
                <coordinates>-70.9340734,-34.4741538,0.0</coordinates>
            </Point>
        </Placemark>
        <Placemark id="3890">
            <name>20260107_090520.jpg</name>
            <description>
                
        
<![CDATA[
        <b>File:</b> 20260107_090520.jpg<br>
        <b>Site:</b> La Capilla<br>
        <b>Camera:</b> Ground (Celular)<br>
        <b>Coordinates:</b> -34.474154, -70.934073<br>
        <b>UMAP X:</b> 8.17537<br>
        <b>UMAP Y:</b> 4.96468<br>
        ]]>                
        
            </description>
            <styleUrl>#3891</styleUrl>
            <Point id="3889">
                <coordinates>-70.9340734,-34.4741538,0.0</coordinates>
            </Point>
        </Placemark>
        <Placemark id="3895">
            <name>20260107_090524.jpg</name>
            <description>
                
        
<![CDATA[
        <b>File:</b> 20260107_090524.jpg<br>
        <b>Site:</b> La Capilla<br>
        <b>Camera:</b> Ground (Celular)<br>
        <b>Coordinates:</b> -34.474154, -70.934073<br>
        <b>UMAP X:</b> 8.761938<br>
        <b>UMAP Y:</b> 1.9870962<br>
        ]]>                
        
            </description>
            <styleUrl>#3896</styleUrl>
            <Point id="3894">
                <coordinates>-70.9340734,-34.4741538,0.0</coordinates>
            </Point>
        </Placemark>
        <Placemark id="3900">
            <name>20260107_090532.jpg</name>
            <description>
                
        
<![CDATA[
        <b>File:</b> 20260107_090532.jpg<br>
        <b>Site:</b> La Capilla<br>
        <b>Camera:</b> Ground (Celular)<br>
        <b>Coordinates:</b> -34.474154, -70.934073<br>
        <b>UMAP X:</b> 9.85249<br>
        <b>UMAP Y:</b> 6.605476<br>
        ]]>                
        
            </description>
            <styleUrl>#3901</styleUrl>
            <Point id="3899">
                <coordinates>-70.9340734,-34.4741538,0.0</coordinates>
            </Point>
        </Placemark>
        <Placemark id="3905">
            <name>20260107_090534.jpg</name>
            <description>
                
        
<![CDATA[
        <b>File:</b> 20260107_090534.jpg<br>
        <b>Site:</b> La Capilla<br>
        <b>Camera:</b> Ground (Celular)<br>
        <b>Coordinates:</b> -34.474154, -70.934073<br>
        <b>UMAP X:</b> 9.846189<br>
        <b>UMAP Y:</b> 4.585271<br>
        ]]>                
        
            </description>
            <styleUrl>#3906</styleUrl>
            <Point id="3904">
                <coordinates>-70.9340734,-34.4741538,0.0</coordinates>
            </Point>
        </Placemark>
        <Placemark id="3910">
            <name>20260107_090537.jpg</name>
            <description>
                
        
<![CDATA[
        <b>File:</b> 20260107_090537.jpg<br>
        <b>Site:</b> La Capilla<br>
        <b>Camera:</b> Ground (Celular)<br>
        <b>Coordinates:</b> -34.474154, -70.934073<br>
        <b>UMAP X:</b> 8.1040125<br>
        <b>UMAP Y:</b> 2.2809908<br>
        ]]>                
        
            </description>
            <styleUrl>#3911</styleUrl>
            <Point id="3909">
                <coordinates>-70.9340734,-34.4741538,0.0</coordinates>
            </Point>
        </Placemark>
        <Placemark id="3915">
            <name>20260107_090549.jpg</name>
            <description>
                
        
<![CDATA[
        <b>File:</b> 20260107_090549.jpg<br>
        <b>Site:</b> La Capilla<br>
        <b>Camera:</b> Ground (Celular)<br>
        <b>Coordinates:</b> -34.474154, -70.934073<br>
        <b>UMAP X:</b> 8.507615<br>
        <b>UMAP Y:</b> 2.1278844<br>
        ]]>                
        
            </description>
            <styleUrl>#3916</styleUrl>
            <Point id="3914">
                <coordinates>-70.9340734,-34.4741538,0.0</coordinates>
            </Point>
        </Placemark>
        <Placemark id="3920">
            <name>20260107_090553.jpg</name>
            <description>
                
        
<![CDATA[
        <b>File:</b> 20260107_090553.jpg<br>
        <b>Site:</b> La Capilla<br>
        <b>Camera:</b> Ground (Celular)<br>
        <b>Coordinates:</b> -34.474154, -70.934073<br>
        <b>UMAP X:</b> 8.17587<br>
        <b>UMAP Y:</b> 2.6136663<br>
        ]]>                
        
            </description>
            <styleUrl>#3921</styleUrl>
            <Point id="3919">
                <coordinates>-70.9340734,-34.4741538,0.0</coordinates>
            </Point>
        </Placemark>
        <Placemark id="3925">
            <name>20260107_090558.jpg</name>
            <description>
                
        
<![CDATA[
        <b>File:</b> 20260107_090558.jpg<br>
        <b>Site:</b> La Capilla<br>
        <b>Camera:</b> Ground (Celular)<br>
        <b>Coordinates:</b> -34.474154, -70.934073<br>
        <b>UMAP X:</b> 8.688414<br>
        <b>UMAP Y:</b> 2.9159718<br>
        ]]>                
        
            </description>
            <styleUrl>#3926</styleUrl>
            <Point id="3924">
                <coordinates>-70.9340734,-34.4741538,0.0</coordinates>
            </Point>
        </Placemark>
        <Placemark id="3930">
            <name>20260107_090612.jpg</name>
            <description>
                
        
<![CDATA[
        <b>File:</b> 20260107_090612.jpg<br>
        <b>Site:</b> La Capilla<br>
        <b>Camera:</b> Ground (Celular)<br>
        <b>Coordinates:</b> -34.474154, -70.934073<br>
        <b>UMAP X:</b> 7.944239<br>
        <b>UMAP Y:</b> 6.3974314<br>
        ]]>                
        
            </description>
            <styleUrl>#3931</styleUrl>
            <Point id="3929">
                <coordinates>-70.9340734,-34.4741538,0.0</coordinates>
            </Point>
        </Placemark>
        <Placemark id="3935">
            <name>20260107_090619.jpg</name>
            <description>
                
        
<![CDATA[
        <b>File:</b> 20260107_090619.jpg<br>
        <b>Site:</b> La Capilla<br>
        <b>Camera:</b> Ground (Celular)<br>
        <b>Coordinates:</b> -34.474154, -70.934073<br>
        <b>UMAP X:</b> 8.262137<br>
        <b>UMAP Y:</b> 3.9268498<br>
        ]]>                
        
            </description>
            <styleUrl>#3936</styleUrl>
            <Point id="3934">
                <coordinates>-70.9340734,-34.4741538,0.0</coordinates>
            </Point>
        </Placemark>
        <Placemark id="3940">
            <name>20260107_090624.jpg</name>
            <description>
                
        
<![CDATA[
        <b>File:</b> 20260107_090624.jpg<br>
        <b>Site:</b> La Capilla<br>
        <b>Camera:</b> Ground (Celular)<br>
        <b>Coordinates:</b> -34.474154, -70.934073<br>
        <b>UMAP X:</b> 9.953102<br>
        <b>UMAP Y:</b> 7.109001<br>
        ]]>                
        
            </description>
            <styleUrl>#3941</styleUrl>
            <Point id="3939">
                <coordinates>-70.9340734,-34.4741538,0.0</coordinates>
            </Point>
        </Placemark>
        <Placemark id="3945">
            <name>20260107_090627.jpg</name>
            <description>
                
        
<![CDATA[
        <b>File:</b> 20260107_090627.jpg<br>
        <b>Site:</b> La Capilla<br>
        <b>Camera:</b> Ground (Celular)<br>
        <b>Coordinates:</b> -34.474154, -70.934073<br>
        <b>UMAP X:</b> 8.466225<br>
        <b>UMAP Y:</b> 7.6492105<br>
        ]]>                
        
            </description>
            <styleUrl>#3946</styleUrl>
            <Point id="3944">
                <coordinates>-70.9340734,-34.4741538,0.0</coordinates>
            </Point>
        </Placemark>
        <Placemark id="3950">
            <name>20260107_090630.jpg</name>
            <description>
                
        
<![CDATA[
        <b>File:</b> 20260107_090630.jpg<br>
        <b>Site:</b> La Capilla<br>
        <b>Camera:</b> Ground (Celular)<br>
        <b>Coordinates:</b> -34.474154, -70.934073<br>
        <b>UMAP X:</b> 8.4452505<br>
        <b>UMAP Y:</b> 8.215486<br>
        ]]>                
        
            </description>
            <styleUrl>#3951</styleUrl>
            <Point id="3949">
                <coordinates>-70.9340734,-34.4741538,0.0</coordinates>
            </Point>
        </Placemark>
        <Placemark id="3955">
            <name>20260107_090632.jpg</name>
            <description>
                
        
<![CDATA[
        <b>File:</b> 20260107_090632.jpg<br>
        <b>Site:</b> La Capilla<br>
        <b>Camera:</b> Ground (Celular)<br>
        <b>Coordinates:</b> -34.474154, -70.934073<br>
        <b>UMAP X:</b> 8.441908<br>
        <b>UMAP Y:</b> 2.0727744<br>
        ]]>                
        
            </description>
            <styleUrl>#3956</styleUrl>
            <Point id="3954">
                <coordinates>-70.9340734,-34.4741538,0.0</coordinates>
            </Point>
        </Placemark>
        <Placemark id="3960">
            <name>20260107_090636.jpg</name>
            <description>
                
        
<![CDATA[
        <b>File:</b> 20260107_090636.jpg<br>
        <b>Site:</b> La Capilla<br>
        <b>Camera:</b> Ground (Celular)<br>
        <b>Coordinates:</b> -34.474154, -70.934073<br>
        <b>UMAP X:</b> 8.3575735<br>
        <b>UMAP Y:</b> 2.5987341<br>
        ]]>                
        
            </description>
            <styleUrl>#3961</styleUrl>
            <Point id="3959">
                <coordinates>-70.9340734,-34.4741538,0.0</coordinates>
            </Point>
        </Placemark>
        <Placemark id="3965">
            <name>20260107_090640.jpg</name>
            <description>
                
        
<![CDATA[
        <b>File:</b> 20260107_090640.jpg<br>
        <b>Site:</b> La Capilla<br>
        <b>Camera:</b> Ground (Celular)<br>
        <b>Coordinates:</b> -34.474154, -70.934073<br>
        <b>UMAP X:</b> 8.534253<br>
        <b>UMAP Y:</b> 3.3761363<br>
        ]]>                
        
            </description>
            <styleUrl>#3966</styleUrl>
            <Point id="3964">
                <coordinates>-70.9340734,-34.4741538,0.0</coordinates>
            </Point>
        </Placemark>
        <Placemark id="3970">
            <name>20260107_090643.jpg</name>
            <description>
                
        
<![CDATA[
        <b>File:</b> 20260107_090643.jpg<br>
        <b>Site:</b> La Capilla<br>
        <b>Camera:</b> Ground (Celular)<br>
        <b>Coordinates:</b> -34.474154, -70.934073<br>
        <b>UMAP X:</b> 8.561204<br>
        <b>UMAP Y:</b> 2.8975513<br>
        ]]>                
        
            </description>
            <styleUrl>#3971</styleUrl>
            <Point id="3969">
                <coordinates>-70.9340734,-34.4741538,0.0</coordinates>
            </Point>
        </Placemark>
        <Placemark id="3975">
            <name>20260107_090648.jpg</name>
            <description>
                
        
<![CDATA[
        <b>File:</b> 20260107_090648.jpg<br>
        <b>Site:</b> La Capilla<br>
        <b>Camera:</b> Ground (Celular)<br>
        <b>Coordinates:</b> -34.474154, -70.934073<br>
        <b>UMAP X:</b> 9.092598<br>
        <b>UMAP Y:</b> 5.027484<br>
        ]]>                
        
            </description>
            <styleUrl>#3976</styleUrl>
            <Point id="3974">
                <coordinates>-70.9340734,-34.4741538,0.0</coordinates>
            </Point>
        </Placemark>
        <Placemark id="3980">
            <name>20260107_090652.jpg</name>
            <description>
                
        
<![CDATA[
        <b>File:</b> 20260107_090652.jpg<br>
        <b>Site:</b> La Capilla<br>
        <b>Camera:</b> Ground (Celular)<br>
        <b>Coordinates:</b> -34.474154, -70.934073<br>
        <b>UMAP X:</b> 8.634083<br>
        <b>UMAP Y:</b> 2.7407813<br>
        ]]>                
        
            </description>
            <styleUrl>#3981</styleUrl>
            <Point id="3979">
                <coordinates>-70.9340734,-34.4741538,0.0</coordinates>
            </Point>
        </Placemark>
        <Placemark id="3985">
            <name>20260107_090658.jpg</name>
            <description>
                
        
<![CDATA[
        <b>File:</b> 20260107_090658.jpg<br>
        <b>Site:</b> La Capilla<br>
        <b>Camera:</b> Ground (Celular)<br>
        <b>Coordinates:</b> -34.474154, -70.934073<br>
        <b>UMAP X:</b> 8.711782<br>
        <b>UMAP Y:</b> 1.906265<br>
        ]]>                
        
            </description>
            <styleUrl>#3986</styleUrl>
            <Point id="3984">
                <coordinates>-70.9340734,-34.4741538,0.0</coordinates>
            </Point>
        </Placemark>
        <Placemark id="3990">
            <name>20260107_090704.jpg</name>
            <description>
                
        
<![CDATA[
        <b>File:</b> 20260107_090704.jpg<br>
        <b>Site:</b> La Capilla<br>
        <b>Camera:</b> Ground (Celular)<br>
        <b>Coordinates:</b> -34.474154, -70.934073<br>
        <b>UMAP X:</b> 8.665583<br>
        <b>UMAP Y:</b> 1.7995268<br>
        ]]>                
        
            </description>
            <styleUrl>#3991</styleUrl>
            <Point id="3989">
                <coordinates>-70.9340734,-34.4741538,0.0</coordinates>
            </Point>
        </Placemark>
        <Placemark id="3995">
            <name>20260107_090709.jpg</name>
            <description>
                
        
<![CDATA[
        <b>File:</b> 20260107_090709.jpg<br>
        <b>Site:</b> La Capilla<br>
        <b>Camera:</b> Ground (Celular)<br>
        <b>Coordinates:</b> -34.474297, -70.933483<br>
        <b>UMAP X:</b> 8.398766<br>
        <b>UMAP Y:</b> 2.2147248<br>
        ]]>                
        
            </description>
            <styleUrl>#3996</styleUrl>
            <Point id="3994">
                <coordinates>-70.9334831,-34.4742965,0.0</coordinates>
            </Point>
        </Placemark>
        <Placemark id="4000">
            <name>20260107_090712.jpg</name>
            <description>
                
        
<![CDATA[
        <b>File:</b> 20260107_090712.jpg<br>
        <b>Site:</b> La Capilla<br>
        <b>Camera:</b> Ground (Celular)<br>
        <b>Coordinates:</b> -34.474293, -70.933475<br>
        <b>UMAP X:</b> 8.673534<br>
        <b>UMAP Y:</b> 1.9284151<br>
        ]]>                
        
            </description>
            <styleUrl>#4001</styleUrl>
            <Point id="3999">
                <coordinates>-70.93347479972222,-34.47429329972223,0.0</coordinates>
            </Point>
        </Placemark>
        <Placemark id="4005">
            <name>20260107_090716.jpg</name>
            <description>
                
        
<![CDATA[
        <b>File:</b> 20260107_090716.jpg<br>
        <b>Site:</b> La Capilla<br>
        <b>Camera:</b> Ground (Celular)<br>
        <b>Coordinates:</b> -34.474293, -70.933475<br>
        <b>UMAP X:</b> 9.11125<br>
        <b>UMAP Y:</b> 3.0988793<br>
        ]]>                
        
            </description>
            <styleUrl>#4006</styleUrl>
            <Point id="4004">
                <coordinates>-70.93347479972222,-34.47429329972223,0.0</coordinates>
            </Point>
        </Placemark>
        <Placemark id="4010">
            <name>20260107_090719.jpg</name>
            <description>
                
        
<![CDATA[
        <b>File:</b> 20260107_090719.jpg<br>
        <b>Site:</b> La Capilla<br>
        <b>Camera:</b> Ground (Celular)<br>
        <b>Coordinates:</b> -34.474286, -70.933435<br>
        <b>UMAP X:</b> 8.864153<br>
        <b>UMAP Y:</b> 3.700558<br>
        ]]>                
        
            </description>
            <styleUrl>#4011</styleUrl>
            <Point id="4009">
                <coordinates>-70.93343529972222,-34.474285899722226,0.0</coordinates>
            </Point>
        </Placemark>
        <Placemark id="4015">
            <name>20260107_090723.jpg</name>
            <description>
                
        
<![CDATA[
        <b>File:</b> 20260107_090723.jpg<br>
        <b>Site:</b> La Capilla<br>
        <b>Camera:</b> Ground (Celular)<br>
        <b>Coordinates:</b> -34.474285, -70.933438<br>
        <b>UMAP X:</b> 8.514784<br>
        <b>UMAP Y:</b> 3.7766597<br>
        ]]>                
        
            </description>
            <styleUrl>#4016</styleUrl>
            <Point id="4014">
                <coordinates>-70.9334381,-34.474285299722226,0.0</coordinates>
            </Point>
        </Placemark>
        <Placemark id="4020">
            <name>20260107_090726.jpg</name>
            <description>
                
        
<![CDATA[
        <b>File:</b> 20260107_090726.jpg<br>
        <b>Site:</b> La Capilla<br>
        <b>Camera:</b> Ground (Celular)<br>
        <b>Coordinates:</b> -34.474285, -70.933438<br>
        <b>UMAP X:</b> 8.555316<br>
        <b>UMAP Y:</b> 2.0990257<br>
        ]]>                
        
            </description>
            <styleUrl>#4021</styleUrl>
            <Point id="4019">
                <coordinates>-70.9334381,-34.474285299722226,0.0</coordinates>
            </Point>
        </Placemark>
        <Placemark id="4025">
            <name>20260107_090730.jpg</name>
            <description>
                
        
<![CDATA[
        <b>File:</b> 20260107_090730.jpg<br>
        <b>Site:</b> La Capilla<br>
        <b>Camera:</b> Ground (Celular)<br>
        <b>Coordinates:</b> -34.474285, -70.933438<br>
        <b>UMAP X:</b> 6.692092<br>
        <b>UMAP Y:</b> 3.557957<br>
        ]]>                
        
            </description>
            <styleUrl>#4026</styleUrl>
            <Point id="4024">
                <coordinates>-70.9334381,-34.474285299722226,0.0</coordinates>
            </Point>
        </Placemark>
        <Placemark id="4030">
            <name>20260107_090731.jpg</name>
            <description>
                
        
<![CDATA[
        <b>File:</b> 20260107_090731.jpg<br>
        <b>Site:</b> La Capilla<br>
        <b>Camera:</b> Ground (Celular)<br>
        <b>Coordinates:</b> -34.474285, -70.933438<br>
        <b>UMAP X:</b> 8.478007<br>
        <b>UMAP Y:</b> 3.2016013<br>
        ]]>                
        
            </description>
            <styleUrl>#4031</styleUrl>
            <Point id="4029">
                <coordinates>-70.9334381,-34.474285299722226,0.0</coordinates>
            </Point>
        </Placemark>
        <Placemark id="4035">
            <name>20260107_090733.jpg</name>
            <description>
                
        
<![CDATA[
        <b>File:</b> 20260107_090733.jpg<br>
        <b>Site:</b> La Capilla<br>
        <b>Camera:</b> Ground (Celular)<br>
        <b>Coordinates:</b> -34.474285, -70.933438<br>
        <b>UMAP X:</b> 8.7200575<br>
        <b>UMAP Y:</b> 1.8256856<br>
        ]]>                
        
            </description>
            <styleUrl>#4036</styleUrl>
            <Point id="4034">
                <coordinates>-70.9334381,-34.474285299722226,0.0</coordinates>
            </Point>
        </Placemark>
        <Placemark id="4040">
            <name>20260107_090737.jpg</name>
            <description>
                
        
<![CDATA[
        <b>File:</b> 20260107_090737.jpg<br>
        <b>Site:</b> La Capilla<br>
        <b>Camera:</b> Ground (Celular)<br>
        <b>Coordinates:</b> -34.474299, -70.933363<br>
        <b>UMAP X:</b> 8.718315<br>
        <b>UMAP Y:</b> 2.0517101<br>
        ]]>                
        
            </description>
            <styleUrl>#4041</styleUrl>
            <Point id="4039">
                <coordinates>-70.93336329972223,-34.4742991,0.0</coordinates>
            </Point>
        </Placemark>
        <Placemark id="4045">
            <name>20260107_090742.jpg</name>
            <description>
                
        
<![CDATA[
        <b>File:</b> 20260107_090742.jpg<br>
        <b>Site:</b> La Capilla<br>
        <b>Camera:</b> Ground (Celular)<br>
        <b>Coordinates:</b> -34.474283, -70.933348<br>
        <b>UMAP X:</b> 9.163116<br>
        <b>UMAP Y:</b> 4.7902803<br>
        ]]>                
        
            </description>
            <styleUrl>#4046</styleUrl>
            <Point id="4044">
                <coordinates>-70.9333478,-34.4742825,0.0</coordinates>
            </Point>
        </Placemark>
        <Placemark id="4050">
            <name>20260107_090745.jpg</name>
            <description>
                
        
<![CDATA[
        <b>File:</b> 20260107_090745.jpg<br>
        <b>Site:</b> La Capilla<br>
        <b>Camera:</b> Ground (Celular)<br>
        <b>Coordinates:</b> -34.474284, -70.933343<br>
        <b>UMAP X:</b> 8.792728<br>
        <b>UMAP Y:</b> 1.8221465<br>
        ]]>                
        
            </description>
            <styleUrl>#4051</styleUrl>
            <Point id="4049">
                <coordinates>-70.9333426,-34.4742838,0.0</coordinates>
            </Point>
        </Placemark>
        <Placemark id="4055">
            <name>20260107_090749.jpg</name>
            <description>
                
        
<![CDATA[
        <b>File:</b> 20260107_090749.jpg<br>
        <b>Site:</b> La Capilla<br>
        <b>Camera:</b> Ground (Celular)<br>
        <b>Coordinates:</b> -34.474285, -70.933314<br>
        <b>UMAP X:</b> 9.774125<br>
        <b>UMAP Y:</b> 4.217683<br>
        ]]>                
        
            </description>
            <styleUrl>#4056</styleUrl>
            <Point id="4054">
                <coordinates>-70.93331379972223,-34.474285199722225,0.0</coordinates>
            </Point>
        </Placemark>
        <Placemark id="4060">
            <name>20260107_090752.jpg</name>
            <description>
                
        
<![CDATA[
        <b>File:</b> 20260107_090752.jpg<br>
        <b>Site:</b> La Capilla<br>
        <b>Camera:</b> Ground (Celular)<br>
        <b>Coordinates:</b> -34.474285, -70.933314<br>
        <b>UMAP X:</b> 8.545523<br>
        <b>UMAP Y:</b> 3.132604<br>
        ]]>                
        
            </description>
            <styleUrl>#4061</styleUrl>
            <Point id="4059">
                <coordinates>-70.93331379972223,-34.474285199722225,0.0</coordinates>
            </Point>
        </Placemark>
        <Placemark id="4065">
            <name>20260107_090755.jpg</name>
            <description>
                
        
<![CDATA[
        <b>File:</b> 20260107_090755.jpg<br>
        <b>Site:</b> La Capilla<br>
        <b>Camera:</b> Ground (Celular)<br>
        <b>Coordinates:</b> -34.474279, -70.933290<br>
        <b>UMAP X:</b> 9.588482<br>
        <b>UMAP Y:</b> 4.059936<br>
        ]]>                
        
            </description>
            <styleUrl>#4066</styleUrl>
            <Point id="4064">
                <coordinates>-70.93328999972222,-34.4742794,0.0</coordinates>
            </Point>
        </Placemark>
        <Placemark id="4070">
            <name>20260107_090758.jpg</name>
            <description>
                
        
<![CDATA[
        <b>File:</b> 20260107_090758.jpg<br>
        <b>Site:</b> La Capilla<br>
        <b>Camera:</b> Ground (Celular)<br>
        <b>Coordinates:</b> -34.474279, -70.933290<br>
        <b>UMAP X:</b> 8.828035<br>
        <b>UMAP Y:</b> 3.6613684<br>
        ]]>                
        
            </description>
            <styleUrl>#4071</styleUrl>
            <Point id="4069">
                <coordinates>-70.93328999972222,-34.4742794,0.0</coordinates>
            </Point>
        </Placemark>
        <Placemark id="4075">
            <name>20260107_090802.jpg</name>
            <description>
                
        
<![CDATA[
        <b>File:</b> 20260107_090802.jpg<br>
        <b>Site:</b> La Capilla<br>
        <b>Camera:</b> Ground (Celular)<br>
        <b>Coordinates:</b> -34.474282, -70.933276<br>
        <b>UMAP X:</b> 8.543993<br>
        <b>UMAP Y:</b> 1.9267813<br>
        ]]>                
        
            </description>
            <styleUrl>#4076</styleUrl>
            <Point id="4074">
                <coordinates>-70.9332761,-34.474282,0.0</coordinates>
            </Point>
        </Placemark>
        <Placemark id="4080">
            <name>20260107_090804.jpg</name>
            <description>
                
        
<![CDATA[
        <b>File:</b> 20260107_090804.jpg<br>
        <b>Site:</b> La Capilla<br>
        <b>Camera:</b> Ground (Celular)<br>
        <b>Coordinates:</b> -34.474282, -70.933276<br>
        <b>UMAP X:</b> 7.944152<br>
        <b>UMAP Y:</b> 2.079273<br>
        ]]>                
        
            </description>
            <styleUrl>#4081</styleUrl>
            <Point id="4079">
                <coordinates>-70.9332761,-34.474282,0.0</coordinates>
            </Point>
        </Placemark>
        <Placemark id="4085">
            <name>20260107_090807.jpg</name>
            <description>
                
        
<![CDATA[
        <b>File:</b> 20260107_090807.jpg<br>
        <b>Site:</b> La Capilla<br>
        <b>Camera:</b> Ground (Celular)<br>
        <b>Coordinates:</b> -34.474285, -70.933261<br>
        <b>UMAP X:</b> 8.690499<br>
        <b>UMAP Y:</b> 1.8458214<br>
        ]]>                
        
            </description>
            <styleUrl>#4086</styleUrl>
            <Point id="4084">
                <coordinates>-70.9332605,-34.474284699722226,0.0</coordinates>
            </Point>
        </Placemark>
        <Placemark id="4090">
            <name>20260107_090812.jpg</name>
            <description>
                
        
<![CDATA[
        <b>File:</b> 20260107_090812.jpg<br>
        <b>Site:</b> La Capilla<br>
        <b>Camera:</b> Ground (Celular)<br>
        <b>Coordinates:</b> -34.474290, -70.933236<br>
        <b>UMAP X:</b> 7.047573<br>
        <b>UMAP Y:</b> 7.979872<br>
        ]]>                
        
            </description>
            <styleUrl>#4091</styleUrl>
            <Point id="4089">
                <coordinates>-70.93323599972223,-34.474289599722226,0.0</coordinates>
            </Point>
        </Placemark>
        <Placemark id="4095">
            <name>20260107_090815.jpg</name>
            <description>
                
        
<![CDATA[
        <b>File:</b> 20260107_090815.jpg<br>
        <b>Site:</b> La Capilla<br>
        <b>Camera:</b> Ground (Celular)<br>
        <b>Coordinates:</b> -34.474292, -70.933233<br>
        <b>UMAP X:</b> 7.5011396<br>
        <b>UMAP Y:</b> 3.692475<br>
        ]]>                
        
            </description>
            <styleUrl>#4096</styleUrl>
            <Point id="4094">
                <coordinates>-70.9332327,-34.474291899722225,0.0</coordinates>
            </Point>
        </Placemark>
        <Placemark id="4100">
            <name>20260107_090819.jpg</name>
            <description>
                
        
<![CDATA[
        <b>File:</b> 20260107_090819.jpg<br>
        <b>Site:</b> La Capilla<br>
        <b>Camera:</b> Ground (Celular)<br>
        <b>Coordinates:</b> -34.474298, -70.933215<br>
        <b>UMAP X:</b> 9.244252<br>
        <b>UMAP Y:</b> 4.4247036<br>
        ]]>                
        
            </description>
            <styleUrl>#4101</styleUrl>
            <Point id="4099">
                <coordinates>-70.93321469972223,-34.474298099722226,0.0</coordinates>
            </Point>
        </Placemark>
        <Placemark id="4105">
            <name>20260107_090823.jpg</name>
            <description>
                
        
<![CDATA[
        <b>File:</b> 20260107_090823.jpg<br>
        <b>Site:</b> La Capilla<br>
        <b>Camera:</b> Ground (Celular)<br>
        <b>Coordinates:</b> -34.474300, -70.933211<br>
        <b>UMAP X:</b> 9.601026<br>
        <b>UMAP Y:</b> 3.211167<br>
        ]]>                
        
            </description>
            <styleUrl>#4106</styleUrl>
            <Point id="4104">
                <coordinates>-70.9332107,-34.47429999972223,0.0</coordinates>
            </Point>
        </Placemark>
        <Placemark id="4110">
            <name>20260107_090826.jpg</name>
            <description>
                
        
<![CDATA[
        <b>File:</b> 20260107_090826.jpg<br>
        <b>Site:</b> La Capilla<br>
        <b>Camera:</b> Ground (Celular)<br>
        <b>Coordinates:</b> -34.474305, -70.933208<br>
        <b>UMAP X:</b> 8.634869<br>
        <b>UMAP Y:</b> 2.0905519<br>
        ]]>                
        
            </description>
            <styleUrl>#4111</styleUrl>
            <Point id="4109">
                <coordinates>-70.93320789972223,-34.4743051,0.0</coordinates>
            </Point>
        </Placemark>
        <Placemark id="4115">
            <name>20260107_090838.jpg</name>
            <description>
                
        
<![CDATA[
        <b>File:</b> 20260107_090838.jpg<br>
        <b>Site:</b> La Capilla<br>
        <b>Camera:</b> Ground (Celular)<br>
        <b>Coordinates:</b> -34.474313, -70.933182<br>
        <b>UMAP X:</b> 8.8981695<br>
        <b>UMAP Y:</b> 4.8618455<br>
        ]]>                
        
            </description>
            <styleUrl>#4116</styleUrl>
            <Point id="4114">
                <coordinates>-70.93318209972223,-34.4743131,0.0</coordinates>
            </Point>
        </Placemark>
        <Placemark id="4120">
            <name>20260107_090844.jpg</name>
            <description>
                
        
<![CDATA[
        <b>File:</b> 20260107_090844.jpg<br>
        <b>Site:</b> La Capilla<br>
        <b>Camera:</b> Ground (Celular)<br>
        <b>Coordinates:</b> -34.474313, -70.933182<br>
        <b>UMAP X:</b> 8.792811<br>
        <b>UMAP Y:</b> 3.5170743<br>
        ]]>                
        
            </description>
            <styleUrl>#4121</styleUrl>
            <Point id="4119">
                <coordinates>-70.93318209972223,-34.4743131,0.0</coordinates>
            </Point>
        </Placemark>
        <Placemark id="4125">
            <name>20260107_090849.jpg</name>
            <description>
                
        
<![CDATA[
        <b>File:</b> 20260107_090849.jpg<br>
        <b>Site:</b> La Capilla<br>
        <b>Camera:</b> Ground (Celular)<br>
        <b>Coordinates:</b> -34.474313, -70.933182<br>
        <b>UMAP X:</b> 8.603508<br>
        <b>UMAP Y:</b> 1.8284924<br>
        ]]>                
        
            </description>
            <styleUrl>#4126</styleUrl>
            <Point id="4124">
                <coordinates>-70.93318209972223,-34.4743131,0.0</coordinates>
            </Point>
        </Placemark>
        <Placemark id="4130">
            <name>20260107_090911.jpg</name>
            <description>
                
        
<![CDATA[
        <b>File:</b> 20260107_090911.jpg<br>
        <b>Site:</b> La Capilla<br>
        <b>Camera:</b> Ground (Celular)<br>
        <b>Coordinates:</b> -34.474313, -70.933182<br>
        <b>UMAP X:</b> 6.4468064<br>
        <b>UMAP Y:</b> 3.2769854<br>
        ]]>                
        
            </description>
            <styleUrl>#4131</styleUrl>
            <Point id="4129">
                <coordinates>-70.93318209972223,-34.4743131,0.0</coordinates>
            </Point>
        </Placemark>
        <Placemark id="4135">
            <name>20260107_090926.jpg</name>
            <description>
                
        
<![CDATA[
        <b>File:</b> 20260107_090926.jpg<br>
        <b>Site:</b> La Capilla<br>
        <b>Camera:</b> Ground (Celular)<br>
        <b>Coordinates:</b> -34.474313, -70.933182<br>
        <b>UMAP X:</b> 8.912079<br>
        <b>UMAP Y:</b> 7.8935957<br>
        ]]>                
        
            </description>
            <styleUrl>#4136</styleUrl>
            <Point id="4134">
                <coordinates>-70.93318209972223,-34.4743131,0.0</coordinates>
            </Point>
        </Placemark>
        <Placemark id="4140">
            <name>20260107_090930.jpg</name>
            <description>
                
        
<![CDATA[
        <b>File:</b> 20260107_090930.jpg<br>
        <b>Site:</b> La Capilla<br>
        <b>Camera:</b> Ground (Celular)<br>
        <b>Coordinates:</b> -34.474313, -70.933182<br>
        <b>UMAP X:</b> 7.7808585<br>
        <b>UMAP Y:</b> 6.4601307<br>
        ]]>                
        
            </description>
            <styleUrl>#4141</styleUrl>
            <Point id="4139">
                <coordinates>-70.93318209972223,-34.4743131,0.0</coordinates>
            </Point>
        </Placemark>
        <Placemark id="4145">
            <name>20260107_090942.jpg</name>
            <description>
                
        
<![CDATA[
        <b>File:</b> 20260107_090942.jpg<br>
        <b>Site:</b> La Capilla<br>
        <b>Camera:</b> Ground (Celular)<br>
        <b>Coordinates:</b> -34.474375, -70.932774<br>
        <b>UMAP X:</b> 6.178656<br>
        <b>UMAP Y:</b> 7.2924027<br>
        ]]>                
        
            </description>
            <styleUrl>#4146</styleUrl>
            <Point id="4144">
                <coordinates>-70.9327741,-34.474375299722226,0.0</coordinates>
            </Point>
        </Placemark>
        <Placemark id="4150">
            <name>20260107_090944.jpg</name>
            <description>
                
        
<![CDATA[
        <b>File:</b> 20260107_090944.jpg<br>
        <b>Site:</b> La Capilla<br>
        <b>Camera:</b> Ground (Celular)<br>
        <b>Coordinates:</b> -34.474375, -70.932774<br>
        <b>UMAP X:</b> 9.876568<br>
        <b>UMAP Y:</b> 4.118569<br>
        ]]>                
        
            </description>
            <styleUrl>#4151</styleUrl>
            <Point id="4149">
                <coordinates>-70.9327741,-34.474375299722226,0.0</coordinates>
            </Point>
        </Placemark>
        <Placemark id="4155">
            <name>20260107_090949.jpg</name>
            <description>
                
        
<![CDATA[
        <b>File:</b> 20260107_090949.jpg<br>
        <b>Site:</b> La Capilla<br>
        <b>Camera:</b> Ground (Celular)<br>
        <b>Coordinates:</b> -34.474380, -70.932727<br>
        <b>UMAP X:</b> 8.675048<br>
        <b>UMAP Y:</b> 5.375972<br>
        ]]>                
        
            </description>
            <styleUrl>#4156</styleUrl>
            <Point id="4154">
                <coordinates>-70.93272699972222,-34.474380099722225,0.0</coordinates>
            </Point>
        </Placemark>
        <Placemark id="4160">
            <name>20260107_090951.jpg</name>
            <description>
                
        
<![CDATA[
        <b>File:</b> 20260107_090951.jpg<br>
        <b>Site:</b> La Capilla<br>
        <b>Camera:</b> Ground (Celular)<br>
        <b>Coordinates:</b> -34.474382, -70.932718<br>
        <b>UMAP X:</b> 7.587744<br>
        <b>UMAP Y:</b> 3.7905962<br>
        ]]>                
        
            </description>
            <styleUrl>#4161</styleUrl>
            <Point id="4159">
                <coordinates>-70.93271769972223,-34.4743822,0.0</coordinates>
            </Point>
        </Placemark>
        <Placemark id="4165">
            <name>20260107_090956.jpg</name>
            <description>
                
        
<![CDATA[
        <b>File:</b> 20260107_090956.jpg<br>
        <b>Site:</b> La Capilla<br>
        <b>Camera:</b> Ground (Celular)<br>
        <b>Coordinates:</b> -34.474382, -70.932718<br>
        <b>UMAP X:</b> 8.004422<br>
        <b>UMAP Y:</b> 5.4653664<br>
        ]]>                
        
            </description>
            <styleUrl>#4166</styleUrl>
            <Point id="4164">
                <coordinates>-70.93271769972223,-34.4743822,0.0</coordinates>
            </Point>
        </Placemark>
        <Placemark id="4170">
            <name>20260107_090958.jpg</name>
            <description>
                
        
<![CDATA[
        <b>File:</b> 20260107_090958.jpg<br>
        <b>Site:</b> La Capilla<br>
        <b>Camera:</b> Ground (Celular)<br>
        <b>Coordinates:</b> -34.474382, -70.932718<br>
        <b>UMAP X:</b> 6.5030813<br>
        <b>UMAP Y:</b> 4.0727906<br>
        ]]>                
        
            </description>
            <styleUrl>#4171</styleUrl>
            <Point id="4169">
                <coordinates>-70.93271769972223,-34.4743822,0.0</coordinates>
            </Point>
        </Placemark>
        <Placemark id="4175">
            <name>20260107_091002.jpg</name>
            <description>
                
        
<![CDATA[
        <b>File:</b> 20260107_091002.jpg<br>
        <b>Site:</b> La Capilla<br>
        <b>Camera:</b> Ground (Celular)<br>
        <b>Coordinates:</b> -34.474382, -70.932718<br>
        <b>UMAP X:</b> 7.441244<br>
        <b>UMAP Y:</b> 3.5373397<br>
        ]]>                
        
            </description>
            <styleUrl>#4176</styleUrl>
            <Point id="4174">
                <coordinates>-70.93271769972223,-34.4743822,0.0</coordinates>
            </Point>
        </Placemark>
        <Placemark id="4180">
            <name>20260107_091006.jpg</name>
            <description>
                
        
<![CDATA[
        <b>File:</b> 20260107_091006.jpg<br>
        <b>Site:</b> La Capilla<br>
        <b>Camera:</b> Ground (Celular)<br>
        <b>Coordinates:</b> -34.474403, -70.932613<br>
        <b>UMAP X:</b> 6.3682604<br>
        <b>UMAP Y:</b> 4.5437727<br>
        ]]>                
        
            </description>
            <styleUrl>#4181</styleUrl>
            <Point id="4179">
                <coordinates>-70.932613,-34.4744028,0.0</coordinates>
            </Point>
        </Placemark>
        <Placemark id="4185">
            <name>20260107_091010.jpg</name>
            <description>
                
        
<![CDATA[
        <b>File:</b> 20260107_091010.jpg<br>
        <b>Site:</b> La Capilla<br>
        <b>Camera:</b> Ground (Celular)<br>
        <b>Coordinates:</b> -34.474397, -70.932592<br>
        <b>UMAP X:</b> 6.4012227<br>
        <b>UMAP Y:</b> 8.33428<br>
        ]]>                
        
            </description>
            <styleUrl>#4186</styleUrl>
            <Point id="4184">
                <coordinates>-70.9325919,-34.474397099722225,0.0</coordinates>
            </Point>
        </Placemark>
        <Placemark id="4190">
            <name>20260107_091015.jpg</name>
            <description>
                
        
<![CDATA[
        <b>File:</b> 20260107_091015.jpg<br>
        <b>Site:</b> La Capilla<br>
        <b>Camera:</b> Ground (Celular)<br>
        <b>Coordinates:</b> -34.474401, -70.932569<br>
        <b>UMAP X:</b> 8.968278<br>
        <b>UMAP Y:</b> 4.8487554<br>
        ]]>                
        
            </description>
            <styleUrl>#4191</styleUrl>
            <Point id="4189">
                <coordinates>-70.93256879972223,-34.4744012,0.0</coordinates>
            </Point>
        </Placemark>
        <Placemark id="4195">
            <name>20260107_091138.jpg</name>
            <description>
                
        
<![CDATA[
        <b>File:</b> 20260107_091138.jpg<br>
        <b>Site:</b> La Capilla<br>
        <b>Camera:</b> Ground (Celular)<br>
        <b>Coordinates:</b> -34.478384, -70.930345<br>
        <b>UMAP X:</b> 9.821982<br>
        <b>UMAP Y:</b> 5.595954<br>
        ]]>                
        
            </description>
            <styleUrl>#4196</styleUrl>
            <Point id="4194">
                <coordinates>-70.93034509972223,-34.4783843,0.0</coordinates>
            </Point>
        </Placemark>
        <Placemark id="4200">
            <name>20260107_091235.jpg</name>
            <description>
                
        
<![CDATA[
        <b>File:</b> 20260107_091235.jpg<br>
        <b>Site:</b> La Capilla<br>
        <b>Camera:</b> Ground (Celular)<br>
        <b>Coordinates:</b> -34.478384, -70.930345<br>
        <b>UMAP X:</b> 7.5065045<br>
        <b>UMAP Y:</b> 8.492256<br>
        ]]>                
        
            </description>
            <styleUrl>#4201</styleUrl>
            <Point id="4199">
                <coordinates>-70.93034509972223,-34.4783843,0.0</coordinates>
            </Point>
        </Placemark>
        <Placemark id="4205">
            <name>20260107_091241.jpg</name>
            <description>
                
        
<![CDATA[
        <b>File:</b> 20260107_091241.jpg<br>
        <b>Site:</b> La Capilla<br>
        <b>Camera:</b> Ground (Celular)<br>
        <b>Coordinates:</b> -34.478384, -70.930345<br>
        <b>UMAP X:</b> 6.4359245<br>
        <b>UMAP Y:</b> 2.7264462<br>
        ]]>                
        
            </description>
            <styleUrl>#4206</styleUrl>
            <Point id="4204">
                <coordinates>-70.93034509972223,-34.4783843,0.0</coordinates>
            </Point>
        </Placemark>
        <Placemark id="4210">
            <name>20260107_091246.jpg</name>
            <description>
                
        
<![CDATA[
        <b>File:</b> 20260107_091246.jpg<br>
        <b>Site:</b> La Capilla<br>
        <b>Camera:</b> Ground (Celular)<br>
        <b>Coordinates:</b> -34.478384, -70.930345<br>
        <b>UMAP X:</b> 8.632188<br>
        <b>UMAP Y:</b> 3.0237904<br>
        ]]>                
        
            </description>
            <styleUrl>#4211</styleUrl>
            <Point id="4209">
                <coordinates>-70.93034509972223,-34.4783843,0.0</coordinates>
            </Point>
        </Placemark>
        <Placemark id="4215">
            <name>20260107_091255.jpg</name>
            <description>
                
        
<![CDATA[
        <b>File:</b> 20260107_091255.jpg<br>
        <b>Site:</b> La Capilla<br>
        <b>Camera:</b> Ground (Celular)<br>
        <b>Coordinates:</b> -34.478384, -70.930345<br>
        <b>UMAP X:</b> 9.745994<br>
        <b>UMAP Y:</b> 3.7412798<br>
        ]]>                
        
            </description>
            <styleUrl>#4216</styleUrl>
            <Point id="4214">
                <coordinates>-70.93034509972223,-34.4783843,0.0</coordinates>
            </Point>
        </Placemark>
        <Placemark id="4220">
            <name>20260107_091300.jpg</name>
            <description>
                
        
<![CDATA[
        <b>File:</b> 20260107_091300.jpg<br>
        <b>Site:</b> La Capilla<br>
        <b>Camera:</b> Ground (Celular)<br>
        <b>Coordinates:</b> -34.474390, -70.932608<br>
        <b>UMAP X:</b> 8.686495<br>
        <b>UMAP Y:</b> 3.7031293<br>
        ]]>                
        
            </description>
            <styleUrl>#4221</styleUrl>
            <Point id="4219">
                <coordinates>-70.932608,-34.474390399722225,0.0</coordinates>
            </Point>
        </Placemark>
        <Placemark id="4225">
            <name>20260107_091306.jpg</name>
            <description>
                
        
<![CDATA[
        <b>File:</b> 20260107_091306.jpg<br>
        <b>Site:</b> La Capilla<br>
        <b>Camera:</b> Ground (Celular)<br>
        <b>Coordinates:</b> -34.474390, -70.932608<br>
        <b>UMAP X:</b> 9.208204<br>
        <b>UMAP Y:</b> 3.753561<br>
        ]]>                
        
            </description>
            <styleUrl>#4226</styleUrl>
            <Point id="4224">
                <coordinates>-70.932608,-34.474390399722225,0.0</coordinates>
            </Point>
        </Placemark>
        <Placemark id="4230">
            <name>20260107_091311.jpg</name>
            <description>
                
        
<![CDATA[
        <b>File:</b> 20260107_091311.jpg<br>
        <b>Site:</b> La Capilla<br>
        <b>Camera:</b> Ground (Celular)<br>
        <b>Coordinates:</b> -34.474390, -70.932608<br>
        <b>UMAP X:</b> 6.90501<br>
        <b>UMAP Y:</b> 4.37432<br>
        ]]>                
        
            </description>
            <styleUrl>#4231</styleUrl>
            <Point id="4229">
                <coordinates>-70.932608,-34.474390399722225,0.0</coordinates>
            </Point>
        </Placemark>
        <Placemark id="4235">
            <name>20260107_091318.jpg</name>
            <description>
                
        
<![CDATA[
        <b>File:</b> 20260107_091318.jpg<br>
        <b>Site:</b> La Capilla<br>
        <b>Camera:</b> Ground (Celular)<br>
        <b>Coordinates:</b> -34.474390, -70.932608<br>
        <b>UMAP X:</b> 8.880875<br>
        <b>UMAP Y:</b> 4.5190134<br>
        ]]>                
        
            </description>
            <styleUrl>#4236</styleUrl>
            <Point id="4234">
                <coordinates>-70.932608,-34.474390399722225,0.0</coordinates>
            </Point>
        </Placemark>
        <Placemark id="4240">
            <name>20260107_091321.jpg</name>
            <description>
                
        
<![CDATA[
        <b>File:</b> 20260107_091321.jpg<br>
        <b>Site:</b> La Capilla<br>
        <b>Camera:</b> Ground (Celular)<br>
        <b>Coordinates:</b> -34.474390, -70.932608<br>
        <b>UMAP X:</b> 8.58178<br>
        <b>UMAP Y:</b> 7.7764993<br>
        ]]>                
        
            </description>
            <styleUrl>#4241</styleUrl>
            <Point id="4239">
                <coordinates>-70.932608,-34.474390399722225,0.0</coordinates>
            </Point>
        </Placemark>
        <Placemark id="4245">
            <name>20260107_091325.jpg</name>
            <description>
                
        
<![CDATA[
        <b>File:</b> 20260107_091325.jpg<br>
        <b>Site:</b> La Capilla<br>
        <b>Camera:</b> Ground (Celular)<br>
        <b>Coordinates:</b> -34.474390, -70.932608<br>
        <b>UMAP X:</b> 7.947827<br>
        <b>UMAP Y:</b> 3.1578681<br>
        ]]>                
        
            </description>
            <styleUrl>#4246</styleUrl>
            <Point id="4244">
                <coordinates>-70.932608,-34.474390399722225,0.0</coordinates>
            </Point>
        </Placemark>
        <Placemark id="4250">
            <name>20260107_091335.jpg</name>
            <description>
                
        
<![CDATA[
        <b>File:</b> 20260107_091335.jpg<br>
        <b>Site:</b> La Capilla<br>
        <b>Camera:</b> Ground (Celular)<br>
        <b>Coordinates:</b> -34.474390, -70.932608<br>
        <b>UMAP X:</b> 8.47608<br>
        <b>UMAP Y:</b> 5.8933554<br>
        ]]>                
        
            </description>
            <styleUrl>#4251</styleUrl>
            <Point id="4249">
                <coordinates>-70.932608,-34.474390399722225,0.0</coordinates>
            </Point>
        </Placemark>
        <Placemark id="4255">
            <name>20260107_091340.jpg</name>
            <description>
                
        
<![CDATA[
        <b>File:</b> 20260107_091340.jpg<br>
        <b>Site:</b> La Capilla<br>
        <b>Camera:</b> Ground (Celular)<br>
        <b>Coordinates:</b> -34.474335, -70.932922<br>
        <b>UMAP X:</b> 5.9867125<br>
        <b>UMAP Y:</b> 6.6870937<br>
        ]]>                
        
            </description>
            <styleUrl>#4256</styleUrl>
            <Point id="4254">
                <coordinates>-70.9329218,-34.474335099722225,0.0</coordinates>
            </Point>
        </Placemark>
        <Placemark id="4260">
            <name>20260107_091343.jpg</name>
            <description>
                
        
<![CDATA[
        <b>File:</b> 20260107_091343.jpg<br>
        <b>Site:</b> La Capilla<br>
        <b>Camera:</b> Ground (Celular)<br>
        <b>Coordinates:</b> -34.474341, -70.932921<br>
        <b>UMAP X:</b> 8.248899<br>
        <b>UMAP Y:</b> 5.7441025<br>
        ]]>                
        
            </description>
            <styleUrl>#4261</styleUrl>
            <Point id="4259">
                <coordinates>-70.93292089972223,-34.4743409,0.0</coordinates>
            </Point>
        </Placemark>
        <Placemark id="4265">
            <name>20260107_091356.jpg</name>
            <description>
                
        
<![CDATA[
        <b>File:</b> 20260107_091356.jpg<br>
        <b>Site:</b> La Capilla<br>
        <b>Camera:</b> Ground (Celular)<br>
        <b>Coordinates:</b> -34.474341, -70.932978<br>
        <b>UMAP X:</b> 9.118559<br>
        <b>UMAP Y:</b> 7.276912<br>
        ]]>                
        
            </description>
            <styleUrl>#4266</styleUrl>
            <Point id="4264">
                <coordinates>-70.9329776,-34.4743414,0.0</coordinates>
            </Point>
        </Placemark>
        <Placemark id="4270">
            <name>20260107_091403.jpg</name>
            <description>
                
        
<![CDATA[
        <b>File:</b> 20260107_091403.jpg<br>
        <b>Site:</b> La Capilla<br>
        <b>Camera:</b> Ground (Celular)<br>
        <b>Coordinates:</b> -34.474339, -70.932999<br>
        <b>UMAP X:</b> 9.8982935<br>
        <b>UMAP Y:</b> 7.3397503<br>
        ]]>                
        
            </description>
            <styleUrl>#4271</styleUrl>
            <Point id="4269">
                <coordinates>-70.93299899972223,-34.474339,0.0</coordinates>
            </Point>
        </Placemark>
        <Placemark id="4275">
            <name>20260107_091408.jpg</name>
            <description>
                
        
<![CDATA[
        <b>File:</b> 20260107_091408.jpg<br>
        <b>Site:</b> La Capilla<br>
        <b>Camera:</b> Ground (Celular)<br>
        <b>Coordinates:</b> -34.474328, -70.933014<br>
        <b>UMAP X:</b> 8.551849<br>
        <b>UMAP Y:</b> 4.392463<br>
        ]]>                
        
            </description>
            <styleUrl>#4276</styleUrl>
            <Point id="4274">
                <coordinates>-70.9330139,-34.4743283,0.0</coordinates>
            </Point>
        </Placemark>
        <Placemark id="4280">
            <name>20260107_091411.jpg</name>
            <description>
                
        
<![CDATA[
        <b>File:</b> 20260107_091411.jpg<br>
        <b>Site:</b> La Capilla<br>
        <b>Camera:</b> Ground (Celular)<br>
        <b>Coordinates:</b> -34.474319, -70.933038<br>
        <b>UMAP X:</b> 9.933923<br>
        <b>UMAP Y:</b> 4.455424<br>
        ]]>                
        
            </description>
            <styleUrl>#4281</styleUrl>
            <Point id="4279">
                <coordinates>-70.9330384,-34.474318699722225,0.0</coordinates>
            </Point>
        </Placemark>
        <Placemark id="4285">
            <name>20260107_091419.jpg</name>
            <description>
                
        
<![CDATA[
        <b>File:</b> 20260107_091419.jpg<br>
        <b>Site:</b> La Capilla<br>
        <b>Camera:</b> Ground (Celular)<br>
        <b>Coordinates:</b> -34.474317, -70.933081<br>
        <b>UMAP X:</b> 8.315199<br>
        <b>UMAP Y:</b> 4.5765176<br>
        ]]>                
        
            </description>
            <styleUrl>#4286</styleUrl>
            <Point id="4284">
                <coordinates>-70.93308089972223,-34.4743171,0.0</coordinates>
            </Point>
        </Placemark>
        <Placemark id="4290">
            <name>20260107_091446.jpg</name>
            <description>
                
        
<![CDATA[
        <b>File:</b> 20260107_091446.jpg<br>
        <b>Site:</b> La Capilla<br>
        <b>Camera:</b> Ground (Celular)<br>
        <b>Coordinates:</b> -34.474286, -70.933255<br>
        <b>UMAP X:</b> 9.136759<br>
        <b>UMAP Y:</b> 5.179<br>
        ]]>                
        
            </description>
            <styleUrl>#4291</styleUrl>
            <Point id="4289">
                <coordinates>-70.9332548,-34.4742857,0.0</coordinates>
            </Point>
        </Placemark>
        <Placemark id="4295">
            <name>20260107_091449.jpg</name>
            <description>
                
        
<![CDATA[
        <b>File:</b> 20260107_091449.jpg<br>
        <b>Site:</b> La Capilla<br>
        <b>Camera:</b> Ground (Celular)<br>
        <b>Coordinates:</b> -34.474286, -70.933255<br>
        <b>UMAP X:</b> 9.366017<br>
        <b>UMAP Y:</b> 3.7515783<br>
        ]]>                
        
            </description>
            <styleUrl>#4296</styleUrl>
            <Point id="4294">
                <coordinates>-70.93325509972223,-34.4742856,0.0</coordinates>
            </Point>
        </Placemark>
        <Placemark id="4300">
            <name>20260107_091455.jpg</name>
            <description>
                
        
<![CDATA[
        <b>File:</b> 20260107_091455.jpg<br>
        <b>Site:</b> La Capilla<br>
        <b>Camera:</b> Ground (Celular)<br>
        <b>Coordinates:</b> -34.474284, -70.933292<br>
        <b>UMAP X:</b> 8.532017<br>
        <b>UMAP Y:</b> 5.4222207<br>
        ]]>                
        
            </description>
            <styleUrl>#4301</styleUrl>
            <Point id="4299">
                <coordinates>-70.93329199972223,-34.474284099722226,0.0</coordinates>
            </Point>
        </Placemark>
        <Placemark id="4305">
            <name>20260107_091459.jpg</name>
            <description>
                
        
<![CDATA[
        <b>File:</b> 20260107_091459.jpg<br>
        <b>Site:</b> La Capilla<br>
        <b>Camera:</b> Ground (Celular)<br>
        <b>Coordinates:</b> -34.474278, -70.933302<br>
        <b>UMAP X:</b> 8.71814<br>
        <b>UMAP Y:</b> 8.387739<br>
        ]]>                
        
            </description>
            <styleUrl>#4306</styleUrl>
            <Point id="4304">
                <coordinates>-70.9333019,-34.4742776,0.0</coordinates>
            </Point>
        </Placemark>
        <Placemark id="4310">
            <name>20260107_091502.jpg</name>
            <description>
                
        
<![CDATA[
        <b>File:</b> 20260107_091502.jpg<br>
        <b>Site:</b> La Capilla<br>
        <b>Camera:</b> Ground (Celular)<br>
        <b>Coordinates:</b> -34.474278, -70.933315<br>
        <b>UMAP X:</b> 8.196945<br>
        <b>UMAP Y:</b> 2.2960596<br>
        ]]>                
        
            </description>
            <styleUrl>#4311</styleUrl>
            <Point id="4309">
                <coordinates>-70.93331519972223,-34.4742778,0.0</coordinates>
            </Point>
        </Placemark>
        <Placemark id="4315">
            <name>20260107_091505.jpg</name>
            <description>
                
        
<![CDATA[
        <b>File:</b> 20260107_091505.jpg<br>
        <b>Site:</b> La Capilla<br>
        <b>Camera:</b> Ground (Celular)<br>
        <b>Coordinates:</b> -34.474270, -70.933335<br>
        <b>UMAP X:</b> 6.434743<br>
        <b>UMAP Y:</b> 3.4272199<br>
        ]]>                
        
            </description>
            <styleUrl>#4316</styleUrl>
            <Point id="4314">
                <coordinates>-70.9333354,-34.47426959972223,0.0</coordinates>
            </Point>
        </Placemark>
        <Placemark id="4320">
            <name>20260107_091508.jpg</name>
            <description>
                
        
<![CDATA[
        <b>File:</b> 20260107_091508.jpg<br>
        <b>Site:</b> La Capilla<br>
        <b>Camera:</b> Ground (Celular)<br>
        <b>Coordinates:</b> -34.474275, -70.933334<br>
        <b>UMAP X:</b> 8.609968<br>
        <b>UMAP Y:</b> 3.765722<br>
        ]]>                
        
            </description>
            <styleUrl>#4321</styleUrl>
            <Point id="4319">
                <coordinates>-70.9333337,-34.4742746,0.0</coordinates>
            </Point>
        </Placemark>
        <Placemark id="4325">
            <name>20260107_091513.jpg</name>
            <description>
                
        
<![CDATA[
        <b>File:</b> 20260107_091513.jpg<br>
        <b>Site:</b> La Capilla<br>
        <b>Camera:</b> Ground (Celular)<br>
        <b>Coordinates:</b> -34.474271, -70.933363<br>
        <b>UMAP X:</b> 8.910482<br>
        <b>UMAP Y:</b> 4.3925605<br>
        ]]>                
        
            </description>
            <styleUrl>#4326</styleUrl>
            <Point id="4324">
                <coordinates>-70.93336349972222,-34.474270599722225,0.0</coordinates>
            </Point>
        </Placemark>
        <Placemark id="4330">
            <name>20260107_091520.jpg</name>
            <description>
                
        
<![CDATA[
        <b>File:</b> 20260107_091520.jpg<br>
        <b>Site:</b> La Capilla<br>
        <b>Camera:</b> Ground (Celular)<br>
        <b>Coordinates:</b> -34.474265, -70.933401<br>
        <b>UMAP X:</b> 6.521462<br>
        <b>UMAP Y:</b> 4.2681484<br>
        ]]>                
        
            </description>
            <styleUrl>#4331</styleUrl>
            <Point id="4329">
                <coordinates>-70.93340089972223,-34.47426469972223,0.0</coordinates>
            </Point>
        </Placemark>
        <Placemark id="4335">
            <name>20260107_091522.jpg</name>
            <description>
                
        
<![CDATA[
        <b>File:</b> 20260107_091522.jpg<br>
        <b>Site:</b> La Capilla<br>
        <b>Camera:</b> Ground (Celular)<br>
        <b>Coordinates:</b> -34.474265, -70.933402<br>
        <b>UMAP X:</b> 8.223608<br>
        <b>UMAP Y:</b> 5.5594974<br>
        ]]>                
        
            </description>
            <styleUrl>#4336</styleUrl>
            <Point id="4334">
                <coordinates>-70.93340209972223,-34.47426469972223,0.0</coordinates>
            </Point>
        </Placemark>
        <Placemark id="4340">
            <name>20260107_091525.jpg</name>
            <description>
                
        
<![CDATA[
        <b>File:</b> 20260107_091525.jpg<br>
        <b>Site:</b> La Capilla<br>
        <b>Camera:</b> Ground (Celular)<br>
        <b>Coordinates:</b> -34.474262, -70.933418<br>
        <b>UMAP X:</b> 7.158956<br>
        <b>UMAP Y:</b> 8.674845<br>
        ]]>                
        
            </description>
            <styleUrl>#4341</styleUrl>
            <Point id="4339">
                <coordinates>-70.93341789972223,-34.4742618,0.0</coordinates>
            </Point>
        </Placemark>
        <Placemark id="4345">
            <name>20260107_091538.jpg</name>
            <description>
                
        
<![CDATA[
        <b>File:</b> 20260107_091538.jpg<br>
        <b>Site:</b> La Capilla<br>
        <b>Camera:</b> Ground (Celular)<br>
        <b>Coordinates:</b> -34.474246, -70.933515<br>
        <b>UMAP X:</b> 5.848513<br>
        <b>UMAP Y:</b> 5.699758<br>
        ]]>                
        
            </description>
            <styleUrl>#4346</styleUrl>
            <Point id="4344">
                <coordinates>-70.9335149,-34.474246399722226,0.0</coordinates>
            </Point>
        </Placemark>
        <Placemark id="4350">
            <name>20260107_091544.jpg</name>
            <description>
                
        
<![CDATA[
        <b>File:</b> 20260107_091544.jpg<br>
        <b>Site:</b> La Capilla<br>
        <b>Camera:</b> Ground (Celular)<br>
        <b>Coordinates:</b> -34.474241, -70.933544<br>
        <b>UMAP X:</b> 6.007574<br>
        <b>UMAP Y:</b> 4.609546<br>
        ]]>                
        
            </description>
            <styleUrl>#4351</styleUrl>
            <Point id="4349">
                <coordinates>-70.9335441,-34.4742405,0.0</coordinates>
            </Point>
        </Placemark>
        <Placemark id="4355">
            <name>20260107_091548.jpg</name>
            <description>
                
        
<![CDATA[
        <b>File:</b> 20260107_091548.jpg<br>
        <b>Site:</b> La Capilla<br>
        <b>Camera:</b> Ground (Celular)<br>
        <b>Coordinates:</b> -34.474234, -70.933560<br>
        <b>UMAP X:</b> 8.128387<br>
        <b>UMAP Y:</b> 8.394868<br>
        ]]>                
        
            </description>
            <styleUrl>#4356</styleUrl>
            <Point id="4354">
                <coordinates>-70.93356029972223,-34.47423369972223,0.0</coordinates>
            </Point>
        </Placemark>
        <Placemark id="4360">
            <name>20260107_091556.jpg</name>
            <description>
                
        
<![CDATA[
        <b>File:</b> 20260107_091556.jpg<br>
        <b>Site:</b> La Capilla<br>
        <b>Camera:</b> Ground (Celular)<br>
        <b>Coordinates:</b> -34.474226, -70.933616<br>
        <b>UMAP X:</b> 5.894818<br>
        <b>UMAP Y:</b> 7.766512<br>
        ]]>                
        
            </description>
            <styleUrl>#4361</styleUrl>
            <Point id="4359">
                <coordinates>-70.93361649972222,-34.4742259,0.0</coordinates>
            </Point>
        </Placemark>
        <Placemark id="4365">
            <name>20260107_091558.jpg</name>
            <description>
                
        
<![CDATA[
        <b>File:</b> 20260107_091558.jpg<br>
        <b>Site:</b> La Capilla<br>
        <b>Camera:</b> Ground (Celular)<br>
        <b>Coordinates:</b> -34.474226, -70.933616<br>
        <b>UMAP X:</b> 5.3336635<br>
        <b>UMAP Y:</b> 7.0364947<br>
        ]]>                
        
            </description>
            <styleUrl>#4366</styleUrl>
            <Point id="4364">
                <coordinates>-70.93361649972222,-34.4742259,0.0</coordinates>
            </Point>
        </Placemark>
        <Placemark id="4370">
            <name>20260107_091611.jpg</name>
            <description>
                
        
<![CDATA[
        <b>File:</b> 20260107_091611.jpg<br>
        <b>Site:</b> La Capilla<br>
        <b>Camera:</b> Ground (Celular)<br>
        <b>Coordinates:</b> -34.474218, -70.933706<br>
        <b>UMAP X:</b> 7.4271517<br>
        <b>UMAP Y:</b> 5.298004<br>
        ]]>                
        
            </description>
            <styleUrl>#4371</styleUrl>
            <Point id="4369">
                <coordinates>-70.9337064,-34.4742175,0.0</coordinates>
            </Point>
        </Placemark>
        <Placemark id="4375">
            <name>20260107_091616.jpg</name>
            <description>
                
        
<![CDATA[
        <b>File:</b> 20260107_091616.jpg<br>
        <b>Site:</b> La Capilla<br>
        <b>Camera:</b> Ground (Celular)<br>
        <b>Coordinates:</b> -34.474215, -70.933720<br>
        <b>UMAP X:</b> 8.661258<br>
        <b>UMAP Y:</b> 3.7386918<br>
        ]]>                
        
            </description>
            <styleUrl>#4376</styleUrl>
            <Point id="4374">
                <coordinates>-70.93372019972223,-34.474214799722226,0.0</coordinates>
            </Point>
        </Placemark>
        <Placemark id="4380">
            <name>20260107_091621.jpg</name>
            <description>
                
        
<![CDATA[
        <b>File:</b> 20260107_091621.jpg<br>
        <b>Site:</b> La Capilla<br>
        <b>Camera:</b> Ground (Celular)<br>
        <b>Coordinates:</b> -34.474209, -70.933748<br>
        <b>UMAP X:</b> 8.867635<br>
        <b>UMAP Y:</b> 3.5860958<br>
        ]]>                
        
            </description>
            <styleUrl>#4381</styleUrl>
            <Point id="4379">
                <coordinates>-70.93374799972223,-34.47420939972223,0.0</coordinates>
            </Point>
        </Placemark>
        <Placemark id="4385">
            <name>20260107_091625.jpg</name>
            <description>
                
        
<![CDATA[
        <b>File:</b> 20260107_091625.jpg<br>
        <b>Site:</b> La Capilla<br>
        <b>Camera:</b> Ground (Celular)<br>
        <b>Coordinates:</b> -34.474203, -70.933784<br>
        <b>UMAP X:</b> 8.994385<br>
        <b>UMAP Y:</b> 4.781093<br>
        ]]>                
        
            </description>
            <styleUrl>#4386</styleUrl>
            <Point id="4384">
                <coordinates>-70.93378429972222,-34.47420269972223,0.0</coordinates>
            </Point>
        </Placemark>
        <Placemark id="4390">
            <name>20260107_091630.jpg</name>
            <description>
                
        
<![CDATA[
        <b>File:</b> 20260107_091630.jpg<br>
        <b>Site:</b> La Capilla<br>
        <b>Camera:</b> Ground (Celular)<br>
        <b>Coordinates:</b> -34.474200, -70.933808<br>
        <b>UMAP X:</b> 8.913647<br>
        <b>UMAP Y:</b> 4.6487017<br>
        ]]>                
        
            </description>
            <styleUrl>#4391</styleUrl>
            <Point id="4389">
                <coordinates>-70.9338084,-34.47420029972223,0.0</coordinates>
            </Point>
        </Placemark>
        <Placemark id="4395">
            <name>20260107_091633.jpg</name>
            <description>
                
        
<![CDATA[
        <b>File:</b> 20260107_091633.jpg<br>
        <b>Site:</b> La Capilla<br>
        <b>Camera:</b> Ground (Celular)<br>
        <b>Coordinates:</b> -34.474200, -70.933813<br>
        <b>UMAP X:</b> 7.298975<br>
        <b>UMAP Y:</b> 7.912169<br>
        ]]>                
        
            </description>
            <styleUrl>#4396</styleUrl>
            <Point id="4394">
                <coordinates>-70.9338134,-34.4741999,0.0</coordinates>
            </Point>
        </Placemark>
        <Placemark id="4400">
            <name>20260107_091636.jpg</name>
            <description>
                
        
<![CDATA[
        <b>File:</b> 20260107_091636.jpg<br>
        <b>Site:</b> La Capilla<br>
        <b>Camera:</b> Ground (Celular)<br>
        <b>Coordinates:</b> -34.474200, -70.933813<br>
        <b>UMAP X:</b> 8.50419<br>
        <b>UMAP Y:</b> 8.5499115<br>
        ]]>                
        
            </description>
            <styleUrl>#4401</styleUrl>
            <Point id="4399">
                <coordinates>-70.9338134,-34.4741999,0.0</coordinates>
            </Point>
        </Placemark>
        <Placemark id="4405">
            <name>20260107_091639.jpg</name>
            <description>
                
        
<![CDATA[
        <b>File:</b> 20260107_091639.jpg<br>
        <b>Site:</b> La Capilla<br>
        <b>Camera:</b> Ground (Celular)<br>
        <b>Coordinates:</b> -34.474200, -70.933813<br>
        <b>UMAP X:</b> 6.836621<br>
        <b>UMAP Y:</b> 8.694253<br>
        ]]>                
        
            </description>
            <styleUrl>#4406</styleUrl>
            <Point id="4404">
                <coordinates>-70.9338134,-34.4741999,0.0</coordinates>
            </Point>
        </Placemark>
        <Placemark id="4410">
            <name>20260107_091642.jpg</name>
            <description>
                
        
<![CDATA[
        <b>File:</b> 20260107_091642.jpg<br>
        <b>Site:</b> La Capilla<br>
        <b>Camera:</b> Ground (Celular)<br>
        <b>Coordinates:</b> -34.474200, -70.933813<br>
        <b>UMAP X:</b> 8.500984<br>
        <b>UMAP Y:</b> 7.6901145<br>
        ]]>                
        
            </description>
            <styleUrl>#4411</styleUrl>
            <Point id="4409">
                <coordinates>-70.9338134,-34.4741999,0.0</coordinates>
            </Point>
        </Placemark>
        <Placemark id="4415">
            <name>20260107_091648.jpg</name>
            <description>
                
        
<![CDATA[
        <b>File:</b> 20260107_091648.jpg<br>
        <b>Site:</b> La Capilla<br>
        <b>Camera:</b> Ground (Celular)<br>
        <b>Coordinates:</b> -34.474200, -70.933813<br>
        <b>UMAP X:</b> 8.309822<br>
        <b>UMAP Y:</b> 6.6311617<br>
        ]]>                
        
            </description>
            <styleUrl>#4416</styleUrl>
            <Point id="4414">
                <coordinates>-70.9338134,-34.4741999,0.0</coordinates>
            </Point>
        </Placemark>
        <Placemark id="4420">
            <name>20260107_091652.jpg</name>
            <description>
                
        
<![CDATA[
        <b>File:</b> 20260107_091652.jpg<br>
        <b>Site:</b> La Capilla<br>
        <b>Camera:</b> Ground (Celular)<br>
        <b>Coordinates:</b> -34.474200, -70.933813<br>
        <b>UMAP X:</b> 8.420545<br>
        <b>UMAP Y:</b> 4.098013<br>
        ]]>                
        
            </description>
            <styleUrl>#4421</styleUrl>
            <Point id="4419">
                <coordinates>-70.9338134,-34.4741999,0.0</coordinates>
            </Point>
        </Placemark>
        <Placemark id="4425">
            <name>20260107_091659.jpg</name>
            <description>
                
        
<![CDATA[
        <b>File:</b> 20260107_091659.jpg<br>
        <b>Site:</b> La Capilla<br>
        <b>Camera:</b> Ground (Celular)<br>
        <b>Coordinates:</b> -34.474200, -70.933813<br>
        <b>UMAP X:</b> 7.0545506<br>
        <b>UMAP Y:</b> 3.8952997<br>
        ]]>                
        
            </description>
            <styleUrl>#4426</styleUrl>
            <Point id="4424">
                <coordinates>-70.9338134,-34.4741999,0.0</coordinates>
            </Point>
        </Placemark>
        <Placemark id="4430">
            <name>20260107_091702.jpg</name>
            <description>
                
        
<![CDATA[
        <b>File:</b> 20260107_091702.jpg<br>
        <b>Site:</b> La Capilla<br>
        <b>Camera:</b> Ground (Celular)<br>
        <b>Coordinates:</b> -34.474200, -70.933813<br>
        <b>UMAP X:</b> 8.31552<br>
        <b>UMAP Y:</b> 4.8811846<br>
        ]]>                
        
            </description>
            <styleUrl>#4431</styleUrl>
            <Point id="4429">
                <coordinates>-70.9338134,-34.4741999,0.0</coordinates>
            </Point>
        </Placemark>
        <Placemark id="4435">
            <name>20260107_091707.jpg</name>
            <description>
                
        
<![CDATA[
        <b>File:</b> 20260107_091707.jpg<br>
        <b>Site:</b> La Capilla<br>
        <b>Camera:</b> Ground (Celular)<br>
        <b>Coordinates:</b> -34.474200, -70.933813<br>
        <b>UMAP X:</b> 9.59736<br>
        <b>UMAP Y:</b> 5.860749<br>
        ]]>                
        
            </description>
            <styleUrl>#4436</styleUrl>
            <Point id="4434">
                <coordinates>-70.9338134,-34.4741999,0.0</coordinates>
            </Point>
        </Placemark>
        <Placemark id="4440">
            <name>20260107_091712.jpg</name>
            <description>
                
        
<![CDATA[
        <b>File:</b> 20260107_091712.jpg<br>
        <b>Site:</b> La Capilla<br>
        <b>Camera:</b> Ground (Celular)<br>
        <b>Coordinates:</b> -34.474178, -70.934027<br>
        <b>UMAP X:</b> 6.4194937<br>
        <b>UMAP Y:</b> 6.6401005<br>
        ]]>                
        
            </description>
            <styleUrl>#4441</styleUrl>
            <Point id="4439">
                <coordinates>-70.934027,-34.47417779972223,0.0</coordinates>
            </Point>
        </Placemark>
        <Placemark id="4445">
            <name>20260107_091718.jpg</name>
            <description>
                
        
<![CDATA[
        <b>File:</b> 20260107_091718.jpg<br>
        <b>Site:</b> La Capilla<br>
        <b>Camera:</b> Ground (Celular)<br>
        <b>Coordinates:</b> -34.474177, -70.934028<br>
        <b>UMAP X:</b> 8.64683<br>
        <b>UMAP Y:</b> 2.9187262<br>
        ]]>                
        
            </description>
            <styleUrl>#4446</styleUrl>
            <Point id="4444">
                <coordinates>-70.9340277,-34.4741768,0.0</coordinates>
            </Point>
        </Placemark>
        <Placemark id="4450">
            <name>20260107_091725.jpg</name>
            <description>
                
        
<![CDATA[
        <b>File:</b> 20260107_091725.jpg<br>
        <b>Site:</b> La Capilla<br>
        <b>Camera:</b> Ground (Celular)<br>
        <b>Coordinates:</b> -34.474177, -70.934028<br>
        <b>UMAP X:</b> 6.397875<br>
        <b>UMAP Y:</b> 6.316085<br>
        ]]>                
        
            </description>
            <styleUrl>#4451</styleUrl>
            <Point id="4449">
                <coordinates>-70.9340277,-34.4741768,0.0</coordinates>
            </Point>
        </Placemark>
        <Placemark id="4455">
            <name>20260107_091730.jpg</name>
            <description>
                
        
<![CDATA[
        <b>File:</b> 20260107_091730.jpg<br>
        <b>Site:</b> La Capilla<br>
        <b>Camera:</b> Ground (Celular)<br>
        <b>Coordinates:</b> -34.474177, -70.934028<br>
        <b>UMAP X:</b> 5.4113193<br>
        <b>UMAP Y:</b> 7.231321<br>
        ]]>                
        
            </description>
            <styleUrl>#4456</styleUrl>
            <Point id="4454">
                <coordinates>-70.9340277,-34.4741768,0.0</coordinates>
            </Point>
        </Placemark>
        <Placemark id="4460">
            <name>20260107_091742.jpg</name>
            <description>
                
        
<![CDATA[
        <b>File:</b> 20260107_091742.jpg<br>
        <b>Site:</b> La Capilla<br>
        <b>Camera:</b> Ground (Celular)<br>
        <b>Coordinates:</b> -34.474134, -70.934207<br>
        <b>UMAP X:</b> 8.482729<br>
        <b>UMAP Y:</b> 3.958724<br>
        ]]>                
        
            </description>
            <styleUrl>#4461</styleUrl>
            <Point id="4459">
                <coordinates>-70.9342065,-34.474134499722226,0.0</coordinates>
            </Point>
        </Placemark>
        <Placemark id="4465">
            <name>20260107_091744.jpg</name>
            <description>
                
        
<![CDATA[
        <b>File:</b> 20260107_091744.jpg<br>
        <b>Site:</b> La Capilla<br>
        <b>Camera:</b> Ground (Celular)<br>
        <b>Coordinates:</b> -34.474134, -70.934207<br>
        <b>UMAP X:</b> 6.300425<br>
        <b>UMAP Y:</b> 7.249274<br>
        ]]>                
        
            </description>
            <styleUrl>#4466</styleUrl>
            <Point id="4464">
                <coordinates>-70.9342065,-34.474134499722226,0.0</coordinates>
            </Point>
        </Placemark>
        <Placemark id="4470">
            <name>20260107_091749.jpg</name>
            <description>
                
        
<![CDATA[
        <b>File:</b> 20260107_091749.jpg<br>
        <b>Site:</b> La Capilla<br>
        <b>Camera:</b> Ground (Celular)<br>
        <b>Coordinates:</b> -34.474129, -70.934225<br>
        <b>UMAP X:</b> 5.116753<br>
        <b>UMAP Y:</b> 6.970207<br>
        ]]>                
        
            </description>
            <styleUrl>#4471</styleUrl>
            <Point id="4469">
                <coordinates>-70.9342251,-34.4741293,0.0</coordinates>
            </Point>
        </Placemark>
        <Placemark id="4475">
            <name>20260107_091802.jpg</name>
            <description>
                
        
<![CDATA[
        <b>File:</b> 20260107_091802.jpg<br>
        <b>Site:</b> La Capilla<br>
        <b>Camera:</b> Ground (Celular)<br>
        <b>Coordinates:</b> -34.474122, -70.934234<br>
        <b>UMAP X:</b> 5.1821184<br>
        <b>UMAP Y:</b> 6.375301<br>
        ]]>                
        
            </description>
            <styleUrl>#4476</styleUrl>
            <Point id="4474">
                <coordinates>-70.934234,-34.474122199722224,0.0</coordinates>
            </Point>
        </Placemark>
        <Placemark id="4480">
            <name>20260107_091808.jpg</name>
            <description>
                
        
<![CDATA[
        <b>File:</b> 20260107_091808.jpg<br>
        <b>Site:</b> La Capilla<br>
        <b>Camera:</b> Ground (Celular)<br>
        <b>Coordinates:</b> -34.474066, -70.934403<br>
        <b>UMAP X:</b> 7.83616<br>
        <b>UMAP Y:</b> 8.212405<br>
        ]]>                
        
            </description>
            <styleUrl>#4481</styleUrl>
            <Point id="4479">
                <coordinates>-70.9344032,-34.474065699722225,0.0</coordinates>
            </Point>
        </Placemark>
        <Placemark id="4485">
            <name>20260107_091833.jpg</name>
            <description>
                
        
<![CDATA[
        <b>File:</b> 20260107_091833.jpg<br>
        <b>Site:</b> La Capilla<br>
        <b>Camera:</b> Ground (Celular)<br>
        <b>Coordinates:</b> -34.474072, -70.934570<br>
        <b>UMAP X:</b> 7.2778983<br>
        <b>UMAP Y:</b> 6.7062616<br>
        ]]>                
        
            </description>
            <styleUrl>#4486</styleUrl>
            <Point id="4484">
                <coordinates>-70.9345698,-34.474072399722225,0.0</coordinates>
            </Point>
        </Placemark>
        <Placemark id="4490">
            <name>20260107_091836.jpg</name>
            <description>
                
        
<![CDATA[
        <b>File:</b> 20260107_091836.jpg<br>
        <b>Site:</b> La Capilla<br>
        <b>Camera:</b> Ground (Celular)<br>
        <b>Coordinates:</b> -34.474072, -70.934570<br>
        <b>UMAP X:</b> 8.7615185<br>
        <b>UMAP Y:</b> 7.602554<br>
        ]]>                
        
            </description>
            <styleUrl>#4491</styleUrl>
            <Point id="4489">
                <coordinates>-70.9345698,-34.474072399722225,0.0</coordinates>
            </Point>
        </Placemark>
        <Placemark id="4495">
            <name>20260107_091841.jpg</name>
            <description>
                
        
<![CDATA[
        <b>File:</b> 20260107_091841.jpg<br>
        <b>Site:</b> La Capilla<br>
        <b>Camera:</b> Ground (Celular)<br>
        <b>Coordinates:</b> -34.474072, -70.934570<br>
        <b>UMAP X:</b> 5.9894657<br>
        <b>UMAP Y:</b> 6.3971167<br>
        ]]>                
        
            </description>
            <styleUrl>#4496</styleUrl>
            <Point id="4494">
                <coordinates>-70.9345698,-34.474072399722225,0.0</coordinates>
            </Point>
        </Placemark>
        <Placemark id="4500">
            <name>20260107_091853.jpg</name>
            <description>
                
        
<![CDATA[
        <b>File:</b> 20260107_091853.jpg<br>
        <b>Site:</b> La Capilla<br>
        <b>Camera:</b> Ground (Celular)<br>
        <b>Coordinates:</b> -34.474072, -70.934570<br>
        <b>UMAP X:</b> 6.8499756<br>
        <b>UMAP Y:</b> 6.212947<br>
        ]]>                
        
            </description>
            <styleUrl>#4501</styleUrl>
            <Point id="4499">
                <coordinates>-70.9345698,-34.474072399722225,0.0</coordinates>
            </Point>
        </Placemark>
        <Placemark id="4505">
            <name>20260107_091857.jpg</name>
            <description>
                
        
<![CDATA[
        <b>File:</b> 20260107_091857.jpg<br>
        <b>Site:</b> La Capilla<br>
        <b>Camera:</b> Ground (Celular)<br>
        <b>Coordinates:</b> -34.474072, -70.934570<br>
        <b>UMAP X:</b> 7.843071<br>
        <b>UMAP Y:</b> 7.100786<br>
        ]]>                
        
            </description>
            <styleUrl>#4506</styleUrl>
            <Point id="4504">
                <coordinates>-70.9345698,-34.474072399722225,0.0</coordinates>
            </Point>
        </Placemark>
        <Placemark id="4510">
            <name>20260107_091900.jpg</name>
            <description>
                
        
<![CDATA[
        <b>File:</b> 20260107_091900.jpg<br>
        <b>Site:</b> La Capilla<br>
        <b>Camera:</b> Ground (Celular)<br>
        <b>Coordinates:</b> -34.474072, -70.934570<br>
        <b>UMAP X:</b> 8.454909<br>
        <b>UMAP Y:</b> 6.5387177<br>
        ]]>                
        
            </description>
            <styleUrl>#4511</styleUrl>
            <Point id="4509">
                <coordinates>-70.9345698,-34.474072399722225,0.0</coordinates>
            </Point>
        </Placemark>
        <Placemark id="4515">
            <name>20260107_091906.jpg</name>
            <description>
                
        
<![CDATA[
        <b>File:</b> 20260107_091906.jpg<br>
        <b>Site:</b> La Capilla<br>
        <b>Camera:</b> Ground (Celular)<br>
        <b>Coordinates:</b> -34.474072, -70.934570<br>
        <b>UMAP X:</b> 7.896524<br>
        <b>UMAP Y:</b> 5.5768685<br>
        ]]>                
        
            </description>
            <styleUrl>#4516</styleUrl>
            <Point id="4514">
                <coordinates>-70.9345698,-34.474072399722225,0.0</coordinates>
            </Point>
        </Placemark>
        <Placemark id="4520">
            <name>20260107_091909.jpg</name>
            <description>
                
        
<![CDATA[
        <b>File:</b> 20260107_091909.jpg<br>
        <b>Site:</b> La Capilla<br>
        <b>Camera:</b> Ground (Celular)<br>
        <b>Coordinates:</b> -34.474072, -70.934570<br>
        <b>UMAP X:</b> 8.706715<br>
        <b>UMAP Y:</b> 4.527704<br>
        ]]>                
        
            </description>
            <styleUrl>#4521</styleUrl>
            <Point id="4519">
                <coordinates>-70.9345698,-34.474072399722225,0.0</coordinates>
            </Point>
        </Placemark>
        <Placemark id="4525">
            <name>20260107_091913.jpg</name>
            <description>
                
        
<![CDATA[
        <b>File:</b> 20260107_091913.jpg<br>
        <b>Site:</b> La Capilla<br>
        <b>Camera:</b> Ground (Celular)<br>
        <b>Coordinates:</b> -34.474072, -70.934570<br>
        <b>UMAP X:</b> 8.781768<br>
        <b>UMAP Y:</b> 3.6545618<br>
        ]]>                
        
            </description>
            <styleUrl>#4526</styleUrl>
            <Point id="4524">
                <coordinates>-70.9345698,-34.474072399722225,0.0</coordinates>
            </Point>
        </Placemark>
        <Placemark id="4530">
            <name>20260107_091915.jpg</name>
            <description>
                
        
<![CDATA[
        <b>File:</b> 20260107_091915.jpg<br>
        <b>Site:</b> La Capilla<br>
        <b>Camera:</b> Ground (Celular)<br>
        <b>Coordinates:</b> -34.474072, -70.934570<br>
        <b>UMAP X:</b> 8.963441<br>
        <b>UMAP Y:</b> 3.6608481<br>
        ]]>                
        
            </description>
            <styleUrl>#4531</styleUrl>
            <Point id="4529">
                <coordinates>-70.9345698,-34.474072399722225,0.0</coordinates>
            </Point>
        </Placemark>
        <Placemark id="4535">
            <name>20260107_091918.jpg</name>
            <description>
                
        
<![CDATA[
        <b>File:</b> 20260107_091918.jpg<br>
        <b>Site:</b> La Capilla<br>
        <b>Camera:</b> Ground (Celular)<br>
        <b>Coordinates:</b> -34.474072, -70.934570<br>
        <b>UMAP X:</b> 7.2957897<br>
        <b>UMAP Y:</b> 4.1481543<br>
        ]]>                
        
            </description>
            <styleUrl>#4536</styleUrl>
            <Point id="4534">
                <coordinates>-70.9345698,-34.474072399722225,0.0</coordinates>
            </Point>
        </Placemark>
        <Placemark id="4540">
            <name>20260107_091921.jpg</name>
            <description>
                
        
<![CDATA[
        <b>File:</b> 20260107_091921.jpg<br>
        <b>Site:</b> La Capilla<br>
        <b>Camera:</b> Ground (Celular)<br>
        <b>Coordinates:</b> -34.474072, -70.934570<br>
        <b>UMAP X:</b> 8.965759<br>
        <b>UMAP Y:</b> 4.2668185<br>
        ]]>                
        
            </description>
            <styleUrl>#4541</styleUrl>
            <Point id="4539">
                <coordinates>-70.9345698,-34.474072399722225,0.0</coordinates>
            </Point>
        </Placemark>
        <Placemark id="4545">
            <name>20260107_091926.jpg</name>
            <description>
                
        
<![CDATA[
        <b>File:</b> 20260107_091926.jpg<br>
        <b>Site:</b> La Capilla<br>
        <b>Camera:</b> Ground (Celular)<br>
        <b>Coordinates:</b> -34.474072, -70.934570<br>
        <b>UMAP X:</b> 8.644665<br>
        <b>UMAP Y:</b> 1.8017191<br>
        ]]>                
        
            </description>
            <styleUrl>#4546</styleUrl>
            <Point id="4544">
                <coordinates>-70.9345698,-34.474072399722225,0.0</coordinates>
            </Point>
        </Placemark>
        <Placemark id="4550">
            <name>20260107_091928.jpg</name>
            <description>
                
        
<![CDATA[
        <b>File:</b> 20260107_091928.jpg<br>
        <b>Site:</b> La Capilla<br>
        <b>Camera:</b> Ground (Celular)<br>
        <b>Coordinates:</b> -34.474072, -70.934570<br>
        <b>UMAP X:</b> 8.360434<br>
        <b>UMAP Y:</b> 2.8480814<br>
        ]]>                
        
            </description>
            <styleUrl>#4551</styleUrl>
            <Point id="4549">
                <coordinates>-70.9345698,-34.474072399722225,0.0</coordinates>
            </Point>
        </Placemark>
        <Placemark id="4555">
            <name>20260107_091936.jpg</name>
            <description>
                
        
<![CDATA[
        <b>File:</b> 20260107_091936.jpg<br>
        <b>Site:</b> La Capilla<br>
        <b>Camera:</b> Ground (Celular)<br>
        <b>Coordinates:</b> -34.474072, -70.934570<br>
        <b>UMAP X:</b> 8.898337<br>
        <b>UMAP Y:</b> 3.6080601<br>
        ]]>                
        
            </description>
            <styleUrl>#4556</styleUrl>
            <Point id="4554">
                <coordinates>-70.9345698,-34.474072399722225,0.0</coordinates>
            </Point>
        </Placemark>
        <Placemark id="4560">
            <name>20260107_091938.jpg</name>
            <description>
                
        
<![CDATA[
        <b>File:</b> 20260107_091938.jpg<br>
        <b>Site:</b> La Capilla<br>
        <b>Camera:</b> Ground (Celular)<br>
        <b>Coordinates:</b> -34.474072, -70.934570<br>
        <b>UMAP X:</b> 8.332095<br>
        <b>UMAP Y:</b> 4.5696487<br>
        ]]>                
        
            </description>
            <styleUrl>#4561</styleUrl>
            <Point id="4559">
                <coordinates>-70.9345698,-34.474072399722225,0.0</coordinates>
            </Point>
        </Placemark>
        <Placemark id="4565">
            <name>20260107_091943.jpg</name>
            <description>
                
        
<![CDATA[
        <b>File:</b> 20260107_091943.jpg<br>
        <b>Site:</b> La Capilla<br>
        <b>Camera:</b> Ground (Celular)<br>
        <b>Coordinates:</b> -34.474072, -70.934570<br>
        <b>UMAP X:</b> 9.661856<br>
        <b>UMAP Y:</b> 4.102713<br>
        ]]>                
        
            </description>
            <styleUrl>#4566</styleUrl>
            <Point id="4564">
                <coordinates>-70.9345698,-34.474072399722225,0.0</coordinates>
            </Point>
        </Placemark>
        <Placemark id="4570">
            <name>20260107_091952.jpg</name>
            <description>
                
        
<![CDATA[
        <b>File:</b> 20260107_091952.jpg<br>
        <b>Site:</b> La Capilla<br>
        <b>Camera:</b> Ground (Celular)<br>
        <b>Coordinates:</b> -34.474072, -70.934570<br>
        <b>UMAP X:</b> 5.325142<br>
        <b>UMAP Y:</b> 6.293496<br>
        ]]>                
        
            </description>
            <styleUrl>#4571</styleUrl>
            <Point id="4569">
                <coordinates>-70.9345698,-34.474072399722225,0.0</coordinates>
            </Point>
        </Placemark>
        <Placemark id="4575">
            <name>20260107_091954.jpg</name>
            <description>
                
        
<![CDATA[
        <b>File:</b> 20260107_091954.jpg<br>
        <b>Site:</b> La Capilla<br>
        <b>Camera:</b> Ground (Celular)<br>
        <b>Coordinates:</b> -34.474072, -70.934570<br>
        <b>UMAP X:</b> 8.060617<br>
        <b>UMAP Y:</b> 3.5932815<br>
        ]]>                
        
            </description>
            <styleUrl>#4576</styleUrl>
            <Point id="4574">
                <coordinates>-70.9345698,-34.474072399722225,0.0</coordinates>
            </Point>
        </Placemark>
        <Placemark id="4580">
            <name>20260107_092005.jpg</name>
            <description>
                
        
<![CDATA[
        <b>File:</b> 20260107_092005.jpg<br>
        <b>Site:</b> La Capilla<br>
        <b>Camera:</b> Ground (Celular)<br>
        <b>Coordinates:</b> -34.474013, -70.934918<br>
        <b>UMAP X:</b> 6.8636594<br>
        <b>UMAP Y:</b> 8.4723425<br>
        ]]>                
        
            </description>
            <styleUrl>#4581</styleUrl>
            <Point id="4579">
                <coordinates>-70.9349184,-34.4740127,0.0</coordinates>
            </Point>
        </Placemark>
        <Placemark id="4585">
            <name>20260107_092014.jpg</name>
            <description>
                
        
<![CDATA[
        <b>File:</b> 20260107_092014.jpg<br>
        <b>Site:</b> La Capilla<br>
        <b>Camera:</b> Ground (Celular)<br>
        <b>Coordinates:</b> -34.473983, -70.935097<br>
        <b>UMAP X:</b> 9.452577<br>
        <b>UMAP Y:</b> 3.468144<br>
        ]]>                
        
            </description>
            <styleUrl>#4586</styleUrl>
            <Point id="4584">
                <coordinates>-70.9350967,-34.473982999722224,0.0</coordinates>
            </Point>
        </Placemark>
        <Placemark id="4590">
            <name>20260107_092039.jpg</name>
            <description>
                
        
<![CDATA[
        <b>File:</b> 20260107_092039.jpg<br>
        <b>Site:</b> La Capilla<br>
        <b>Camera:</b> Ground (Celular)<br>
        <b>Coordinates:</b> -34.473969, -70.935254<br>
        <b>UMAP X:</b> 8.358142<br>
        <b>UMAP Y:</b> 4.163111<br>
        ]]>                
        
            </description>
            <styleUrl>#4591</styleUrl>
            <Point id="4589">
                <coordinates>-70.93525359972223,-34.4739689,0.0</coordinates>
            </Point>
        </Placemark>
        <Placemark id="4595">
            <name>20260107_092045.jpg</name>
            <description>
                
        
<![CDATA[
        <b>File:</b> 20260107_092045.jpg<br>
        <b>Site:</b> La Capilla<br>
        <b>Camera:</b> Ground (Celular)<br>
        <b>Coordinates:</b> -34.473961, -70.935287<br>
        <b>UMAP X:</b> 8.711423<br>
        <b>UMAP Y:</b> 3.9520695<br>
        ]]>                
        
            </description>
            <styleUrl>#4596</styleUrl>
            <Point id="4594">
                <coordinates>-70.9352865,-34.4739614,0.0</coordinates>
            </Point>
        </Placemark>
        <Placemark id="4600">
            <name>20260107_092127.jpg</name>
            <description>
                
        
<![CDATA[
        <b>File:</b> 20260107_092127.jpg<br>
        <b>Site:</b> La Capilla<br>
        <b>Camera:</b> Ground (Celular)<br>
        <b>Coordinates:</b> -34.473940, -70.935371<br>
        <b>UMAP X:</b> 6.5162554<br>
        <b>UMAP Y:</b> 7.607531<br>
        ]]>                
        
            </description>
            <styleUrl>#4601</styleUrl>
            <Point id="4599">
                <coordinates>-70.93537059972222,-34.4739395,0.0</coordinates>
            </Point>
        </Placemark>
        <Placemark id="4605">
            <name>20260107_092410.jpg</name>
            <description>
                
        
<![CDATA[
        <b>File:</b> 20260107_092410.jpg<br>
        <b>Site:</b> La Capilla<br>
        <b>Camera:</b> Ground (Celular)<br>
        <b>Coordinates:</b> -34.473819, -70.936070<br>
        <b>UMAP X:</b> 7.8350983<br>
        <b>UMAP Y:</b> 3.6762223<br>
        ]]>                
        
            </description>
            <styleUrl>#4606</styleUrl>
            <Point id="4604">
                <coordinates>-70.9360697,-34.4738191,0.0</coordinates>
            </Point>
        </Placemark>
        <Placemark id="4610">
            <name>20260107_092413.jpg</name>
            <description>
                
        
<![CDATA[
        <b>File:</b> 20260107_092413.jpg<br>
        <b>Site:</b> La Capilla<br>
        <b>Camera:</b> Ground (Celular)<br>
        <b>Coordinates:</b> -34.473819, -70.936078<br>
        <b>UMAP X:</b> 5.539801<br>
        <b>UMAP Y:</b> 5.9273305<br>
        ]]>                
        
            </description>
            <styleUrl>#4611</styleUrl>
            <Point id="4609">
                <coordinates>-70.9360776,-34.4738185,0.0</coordinates>
            </Point>
        </Placemark>
        <Placemark id="4615">
            <name>20260107_092427.jpg</name>
            <description>
                
        
<![CDATA[
        <b>File:</b> 20260107_092427.jpg<br>
        <b>Site:</b> La Capilla<br>
        <b>Camera:</b> Ground (Celular)<br>
        <b>Coordinates:</b> -34.473806, -70.936148<br>
        <b>UMAP X:</b> 6.8876724<br>
        <b>UMAP Y:</b> 6.287209<br>
        ]]>                
        
            </description>
            <styleUrl>#4616</styleUrl>
            <Point id="4614">
                <coordinates>-70.93614829972222,-34.473805599722226,0.0</coordinates>
            </Point>
        </Placemark>
        <Placemark id="4620">
            <name>20260107_092430.jpg</name>
            <description>
                
        
<![CDATA[
        <b>File:</b> 20260107_092430.jpg<br>
        <b>Site:</b> La Capilla<br>
        <b>Camera:</b> Ground (Celular)<br>
        <b>Coordinates:</b> -34.473806, -70.936148<br>
        <b>UMAP X:</b> 7.4790564<br>
        <b>UMAP Y:</b> 5.8791723<br>
        ]]>                
        
            </description>
            <styleUrl>#4621</styleUrl>
            <Point id="4619">
                <coordinates>-70.93614829972222,-34.473805599722226,0.0</coordinates>
            </Point>
        </Placemark>
        <Placemark id="4625">
            <name>20260107_092432.jpg</name>
            <description>
                
        
<![CDATA[
        <b>File:</b> 20260107_092432.jpg<br>
        <b>Site:</b> La Capilla<br>
        <b>Camera:</b> Ground (Celular)<br>
        <b>Coordinates:</b> -34.473806, -70.936148<br>
        <b>UMAP X:</b> 7.8314395<br>
        <b>UMAP Y:</b> 3.4633586<br>
        ]]>                
        
            </description>
            <styleUrl>#4626</styleUrl>
            <Point id="4624">
                <coordinates>-70.93614829972222,-34.473805599722226,0.0</coordinates>
            </Point>
        </Placemark>
        <Placemark id="4630">
            <name>20260107_092437.jpg</name>
            <description>
                
        
<![CDATA[
        <b>File:</b> 20260107_092437.jpg<br>
        <b>Site:</b> La Capilla<br>
        <b>Camera:</b> Ground (Celular)<br>
        <b>Coordinates:</b> -34.473782, -70.936258<br>
        <b>UMAP X:</b> 5.399104<br>
        <b>UMAP Y:</b> 6.17329<br>
        ]]>                
        
            </description>
            <styleUrl>#4631</styleUrl>
            <Point id="4629">
                <coordinates>-70.93625769972222,-34.473781799722225,0.0</coordinates>
            </Point>
        </Placemark>
        <Placemark id="4635">
            <name>20260107_092448.jpg</name>
            <description>
                
        
<![CDATA[
        <b>File:</b> 20260107_092448.jpg<br>
        <b>Site:</b> La Capilla<br>
        <b>Camera:</b> Ground (Celular)<br>
        <b>Coordinates:</b> -34.473773, -70.936335<br>
        <b>UMAP X:</b> 6.5854115<br>
        <b>UMAP Y:</b> 2.923544<br>
        ]]>                
        
            </description>
            <styleUrl>#4636</styleUrl>
            <Point id="4634">
                <coordinates>-70.93633459972223,-34.473773399722226,0.0</coordinates>
            </Point>
        </Placemark>
        <Placemark id="4640">
            <name>20260107_092451.jpg</name>
            <description>
                
        
<![CDATA[
        <b>File:</b> 20260107_092451.jpg<br>
        <b>Site:</b> La Capilla<br>
        <b>Camera:</b> Ground (Celular)<br>
        <b>Coordinates:</b> -34.473773, -70.936335<br>
        <b>UMAP X:</b> 5.4563<br>
        <b>UMAP Y:</b> 6.176081<br>
        ]]>                
        
            </description>
            <styleUrl>#4641</styleUrl>
            <Point id="4639">
                <coordinates>-70.9363347,-34.4737731,0.0</coordinates>
            </Point>
        </Placemark>
        <Placemark id="4645">
            <name>20260107_092454.jpg</name>
            <description>
                
        
<![CDATA[
        <b>File:</b> 20260107_092454.jpg<br>
        <b>Site:</b> La Capilla<br>
        <b>Camera:</b> Ground (Celular)<br>
        <b>Coordinates:</b> -34.473774, -70.936362<br>
        <b>UMAP X:</b> 9.376415<br>
        <b>UMAP Y:</b> 6.8074403<br>
        ]]>                
        
            </description>
            <styleUrl>#4646</styleUrl>
            <Point id="4644">
                <coordinates>-70.93636209972223,-34.4737735,0.0</coordinates>
            </Point>
        </Placemark>
        <Placemark id="4650">
            <name>20260107_092456.jpg</name>
            <description>
                
        
<![CDATA[
        <b>File:</b> 20260107_092456.jpg<br>
        <b>Site:</b> La Capilla<br>
        <b>Camera:</b> Ground (Celular)<br>
        <b>Coordinates:</b> -34.473776, -70.936368<br>
        <b>UMAP X:</b> 6.00432<br>
        <b>UMAP Y:</b> 7.707898<br>
        ]]>                
        
            </description>
            <styleUrl>#4651</styleUrl>
            <Point id="4649">
                <coordinates>-70.9363684,-34.473776299722225,0.0</coordinates>
            </Point>
        </Placemark>
        <Placemark id="4655">
            <name>20260107_092500.jpg</name>
            <description>
                
        
<![CDATA[
        <b>File:</b> 20260107_092500.jpg<br>
        <b>Site:</b> La Capilla<br>
        <b>Camera:</b> Ground (Celular)<br>
        <b>Coordinates:</b> -34.473771, -70.936387<br>
        <b>UMAP X:</b> 9.840084<br>
        <b>UMAP Y:</b> 5.0369186<br>
        ]]>                
        
            </description>
            <styleUrl>#4656</styleUrl>
            <Point id="4654">
                <coordinates>-70.9363871,-34.4737705,0.0</coordinates>
            </Point>
        </Placemark>
        <Placemark id="4660">
            <name>20260107_092505.jpg</name>
            <description>
                
        
<![CDATA[
        <b>File:</b> 20260107_092505.jpg<br>
        <b>Site:</b> La Capilla<br>
        <b>Camera:</b> Ground (Celular)<br>
        <b>Coordinates:</b> -34.473767, -70.936413<br>
        <b>UMAP X:</b> 8.993106<br>
        <b>UMAP Y:</b> 6.15902<br>
        ]]>                
        
            </description>
            <styleUrl>#4661</styleUrl>
            <Point id="4659">
                <coordinates>-70.93641329972223,-34.4737665,0.0</coordinates>
            </Point>
        </Placemark>
        <Placemark id="4665">
            <name>20260107_092507.jpg</name>
            <description>
                
        
<![CDATA[
        <b>File:</b> 20260107_092507.jpg<br>
        <b>Site:</b> La Capilla<br>
        <b>Camera:</b> Ground (Celular)<br>
        <b>Coordinates:</b> -34.473766, -70.936416<br>
        <b>UMAP X:</b> 5.434611<br>
        <b>UMAP Y:</b> 5.7287107<br>
        ]]>                
        
            </description>
            <styleUrl>#4666</styleUrl>
            <Point id="4664">
                <coordinates>-70.93641599972223,-34.4737663,0.0</coordinates>
            </Point>
        </Placemark>
        <Placemark id="4670">
            <name>20260107_092511.jpg</name>
            <description>
                
        
<![CDATA[
        <b>File:</b> 20260107_092511.jpg<br>
        <b>Site:</b> La Capilla<br>
        <b>Camera:</b> Ground (Celular)<br>
        <b>Coordinates:</b> -34.473764, -70.936426<br>
        <b>UMAP X:</b> 6.0937886<br>
        <b>UMAP Y:</b> 6.225869<br>
        ]]>                
        
            </description>
            <styleUrl>#4671</styleUrl>
            <Point id="4669">
                <coordinates>-70.93642649972223,-34.47376369972223,0.0</coordinates>
            </Point>
        </Placemark>
        <Placemark id="4675">
            <name>20260107_092514.jpg</name>
            <description>
                
        
<![CDATA[
        <b>File:</b> 20260107_092514.jpg<br>
        <b>Site:</b> La Capilla<br>
        <b>Camera:</b> Ground (Celular)<br>
        <b>Coordinates:</b> -34.473763, -70.936429<br>
        <b>UMAP X:</b> 5.573389<br>
        <b>UMAP Y:</b> 7.3704495<br>
        ]]>                
        
            </description>
            <styleUrl>#4676</styleUrl>
            <Point id="4674">
                <coordinates>-70.9364285,-34.473763499722224,0.0</coordinates>
            </Point>
        </Placemark>
        <Placemark id="4680">
            <name>20260107_092516.jpg</name>
            <description>
                
        
<![CDATA[
        <b>File:</b> 20260107_092516.jpg<br>
        <b>Site:</b> La Capilla<br>
        <b>Camera:</b> Ground (Celular)<br>
        <b>Coordinates:</b> -34.473759, -70.936446<br>
        <b>UMAP X:</b> 5.773647<br>
        <b>UMAP Y:</b> 6.4686813<br>
        ]]>                
        
            </description>
            <styleUrl>#4681</styleUrl>
            <Point id="4679">
                <coordinates>-70.93644639972223,-34.473759,0.0</coordinates>
            </Point>
        </Placemark>
        <Placemark id="4685">
            <name>20260107_092519.jpg</name>
            <description>
                
        
<![CDATA[
        <b>File:</b> 20260107_092519.jpg<br>
        <b>Site:</b> La Capilla<br>
        <b>Camera:</b> Ground (Celular)<br>
        <b>Coordinates:</b> -34.473755, -70.936456<br>
        <b>UMAP X:</b> 8.260222<br>
        <b>UMAP Y:</b> 3.4647768<br>
        ]]>                
        
            </description>
            <styleUrl>#4686</styleUrl>
            <Point id="4684">
                <coordinates>-70.9364561,-34.473754999722225,0.0</coordinates>
            </Point>
        </Placemark>
        <Placemark id="4690">
            <name>20260107_092522.jpg</name>
            <description>
                
        
<![CDATA[
        <b>File:</b> 20260107_092522.jpg<br>
        <b>Site:</b> La Capilla<br>
        <b>Camera:</b> Ground (Celular)<br>
        <b>Coordinates:</b> -34.473758, -70.936475<br>
        <b>UMAP X:</b> 6.1144366<br>
        <b>UMAP Y:</b> 7.2685905<br>
        ]]>                
        
            </description>
            <styleUrl>#4691</styleUrl>
            <Point id="4689">
                <coordinates>-70.93647479972222,-34.473758099722225,0.0</coordinates>
            </Point>
        </Placemark>
        <Placemark id="4695">
            <name>20260107_092526.jpg</name>
            <description>
                
        
<![CDATA[
        <b>File:</b> 20260107_092526.jpg<br>
        <b>Site:</b> La Capilla<br>
        <b>Camera:</b> Ground (Celular)<br>
        <b>Coordinates:</b> -34.473750, -70.936502<br>
        <b>UMAP X:</b> 6.334474<br>
        <b>UMAP Y:</b> 8.441198<br>
        ]]>                
        
            </description>
            <styleUrl>#4696</styleUrl>
            <Point id="4694">
                <coordinates>-70.93650239972223,-34.4737499,0.0</coordinates>
            </Point>
        </Placemark>
        <Placemark id="4700">
            <name>20260107_092532.jpg</name>
            <description>
                
        
<![CDATA[
        <b>File:</b> 20260107_092532.jpg<br>
        <b>Site:</b> La Capilla<br>
        <b>Camera:</b> Ground (Celular)<br>
        <b>Coordinates:</b> -34.473748, -70.936523<br>
        <b>UMAP X:</b> 6.908132<br>
        <b>UMAP Y:</b> 2.8402152<br>
        ]]>                
        
            </description>
            <styleUrl>#4701</styleUrl>
            <Point id="4699">
                <coordinates>-70.93652299972223,-34.4737481,0.0</coordinates>
            </Point>
        </Placemark>
        <Placemark id="4705">
            <name>20260107_092534.jpg</name>
            <description>
                
        
<![CDATA[
        <b>File:</b> 20260107_092534.jpg<br>
        <b>Site:</b> La Capilla<br>
        <b>Camera:</b> Ground (Celular)<br>
        <b>Coordinates:</b> -34.473748, -70.936529<br>
        <b>UMAP X:</b> 5.9677877<br>
        <b>UMAP Y:</b> 7.173109<br>
        ]]>                
        
            </description>
            <styleUrl>#4706</styleUrl>
            <Point id="4704">
                <coordinates>-70.93652939972223,-34.4737476,0.0</coordinates>
            </Point>
        </Placemark>
        <Placemark id="4710">
            <name>20260107_092538.jpg</name>
            <description>
                
        
<![CDATA[
        <b>File:</b> 20260107_092538.jpg<br>
        <b>Site:</b> La Capilla<br>
        <b>Camera:</b> Ground (Celular)<br>
        <b>Coordinates:</b> -34.473745, -70.936529<br>
        <b>UMAP X:</b> 6.940337<br>
        <b>UMAP Y:</b> 4.64212<br>
        ]]>                
        
            </description>
            <styleUrl>#4711</styleUrl>
            <Point id="4709">
                <coordinates>-70.9365293,-34.473744699722225,0.0</coordinates>
            </Point>
        </Placemark>
        <Placemark id="4715">
            <name>20260107_092541.jpg</name>
            <description>
                
        
<![CDATA[
        <b>File:</b> 20260107_092541.jpg<br>
        <b>Site:</b> La Capilla<br>
        <b>Camera:</b> Ground (Celular)<br>
        <b>Coordinates:</b> -34.473737, -70.936554<br>
        <b>UMAP X:</b> 7.004431<br>
        <b>UMAP Y:</b> 3.934496<br>
        ]]>                
        
            </description>
            <styleUrl>#4716</styleUrl>
            <Point id="4714">
                <coordinates>-70.93655409972223,-34.4737373,0.0</coordinates>
            </Point>
        </Placemark>
        <Placemark id="4720">
            <name>20260107_092545.jpg</name>
            <description>
                
        
<![CDATA[
        <b>File:</b> 20260107_092545.jpg<br>
        <b>Site:</b> La Capilla<br>
        <b>Camera:</b> Ground (Celular)<br>
        <b>Coordinates:</b> -34.473741, -70.936573<br>
        <b>UMAP X:</b> 5.7492414<br>
        <b>UMAP Y:</b> 5.0860453<br>
        ]]>                
        
            </description>
            <styleUrl>#4721</styleUrl>
            <Point id="4719">
                <coordinates>-70.9365734,-34.47374059972223,0.0</coordinates>
            </Point>
        </Placemark>
        <Placemark id="4725">
            <name>20260107_092548.jpg</name>
            <description>
                
        
<![CDATA[
        <b>File:</b> 20260107_092548.jpg<br>
        <b>Site:</b> La Capilla<br>
        <b>Camera:</b> Ground (Celular)<br>
        <b>Coordinates:</b> -34.473739, -70.936578<br>
        <b>UMAP X:</b> 6.4720078<br>
        <b>UMAP Y:</b> 4.2757006<br>
        ]]>                
        
            </description>
            <styleUrl>#4726</styleUrl>
            <Point id="4724">
                <coordinates>-70.93657819972222,-34.473738699722226,0.0</coordinates>
            </Point>
        </Placemark>
        <Placemark id="4730">
            <name>20260107_092552.jpg</name>
            <description>
                
        
<![CDATA[
        <b>File:</b> 20260107_092552.jpg<br>
        <b>Site:</b> La Capilla<br>
        <b>Camera:</b> Ground (Celular)<br>
        <b>Coordinates:</b> -34.473734, -70.936584<br>
        <b>UMAP X:</b> 6.566681<br>
        <b>UMAP Y:</b> 4.3778987<br>
        ]]>                
        
            </description>
            <styleUrl>#4731</styleUrl>
            <Point id="4729">
                <coordinates>-70.9365839,-34.473734299722224,0.0</coordinates>
            </Point>
        </Placemark>
        <Placemark id="4735">
            <name>20260107_092559.jpg</name>
            <description>
                
        
<![CDATA[
        <b>File:</b> 20260107_092559.jpg<br>
        <b>Site:</b> La Capilla<br>
        <b>Camera:</b> Ground (Celular)<br>
        <b>Coordinates:</b> -34.473731, -70.936633<br>
        <b>UMAP X:</b> 5.8845506<br>
        <b>UMAP Y:</b> 7.1042457<br>
        ]]>                
        
            </description>
            <styleUrl>#4736</styleUrl>
            <Point id="4734">
                <coordinates>-70.9366325,-34.4737305,0.0</coordinates>
            </Point>
        </Placemark>
        <Placemark id="4740">
            <name>20260107_092602.jpg</name>
            <description>
                
        
<![CDATA[
        <b>File:</b> 20260107_092602.jpg<br>
        <b>Site:</b> La Capilla<br>
        <b>Camera:</b> Ground (Celular)<br>
        <b>Coordinates:</b> -34.473730, -70.936634<br>
        <b>UMAP X:</b> 6.3767414<br>
        <b>UMAP Y:</b> 4.998155<br>
        ]]>                
        
            </description>
            <styleUrl>#4741</styleUrl>
            <Point id="4739">
                <coordinates>-70.9366344,-34.473730199722226,0.0</coordinates>
            </Point>
        </Placemark>
        <Placemark id="4745">
            <name>20260107_092606.jpg</name>
            <description>
                
        
<![CDATA[
        <b>File:</b> 20260107_092606.jpg<br>
        <b>Site:</b> La Capilla<br>
        <b>Camera:</b> Ground (Celular)<br>
        <b>Coordinates:</b> -34.473723, -70.936665<br>
        <b>UMAP X:</b> 9.585108<br>
        <b>UMAP Y:</b> 3.2943904<br>
        ]]>                
        
            </description>
            <styleUrl>#4746</styleUrl>
            <Point id="4744">
                <coordinates>-70.93666469972223,-34.473722799722225,0.0</coordinates>
            </Point>
        </Placemark>
        <Placemark id="4750">
            <name>20260107_092608.jpg</name>
            <description>
                
        
<![CDATA[
        <b>File:</b> 20260107_092608.jpg<br>
        <b>Site:</b> La Capilla<br>
        <b>Camera:</b> Ground (Celular)<br>
        <b>Coordinates:</b> -34.473723, -70.936665<br>
        <b>UMAP X:</b> 5.640016<br>
        <b>UMAP Y:</b> 5.9204826<br>
        ]]>                
        
            </description>
            <styleUrl>#4751</styleUrl>
            <Point id="4749">
                <coordinates>-70.93666469972223,-34.473722799722225,0.0</coordinates>
            </Point>
        </Placemark>
        <Placemark id="4755">
            <name>20260107_092611.jpg</name>
            <description>
                
        
<![CDATA[
        <b>File:</b> 20260107_092611.jpg<br>
        <b>Site:</b> La Capilla<br>
        <b>Camera:</b> Ground (Celular)<br>
        <b>Coordinates:</b> -34.473724, -70.936684<br>
        <b>UMAP X:</b> 5.620414<br>
        <b>UMAP Y:</b> 7.017189<br>
        ]]>                
        
            </description>
            <styleUrl>#4756</styleUrl>
            <Point id="4754">
                <coordinates>-70.93668399972222,-34.4737239,0.0</coordinates>
            </Point>
        </Placemark>
        <Placemark id="4760">
            <name>20260107_092614.jpg</name>
            <description>
                
        
<![CDATA[
        <b>File:</b> 20260107_092614.jpg<br>
        <b>Site:</b> La Capilla<br>
        <b>Camera:</b> Ground (Celular)<br>
        <b>Coordinates:</b> -34.473723, -70.936685<br>
        <b>UMAP X:</b> 5.1618752<br>
        <b>UMAP Y:</b> 6.860918<br>
        ]]>                
        
            </description>
            <styleUrl>#4761</styleUrl>
            <Point id="4759">
                <coordinates>-70.93668549972223,-34.473723399722225,0.0</coordinates>
            </Point>
        </Placemark>
        <Placemark id="4765">
            <name>20260107_092620.jpg</name>
            <description>
                
        
<![CDATA[
        <b>File:</b> 20260107_092620.jpg<br>
        <b>Site:</b> La Capilla<br>
        <b>Camera:</b> Ground (Celular)<br>
        <b>Coordinates:</b> -34.473717, -70.936718<br>
        <b>UMAP X:</b> 6.516798<br>
        <b>UMAP Y:</b> 2.650651<br>
        ]]>                
        
            </description>
            <styleUrl>#4766</styleUrl>
            <Point id="4764">
                <coordinates>-70.9367182,-34.4737165,0.0</coordinates>
            </Point>
        </Placemark>
        <Placemark id="4770">
            <name>20260107_092623.jpg</name>
            <description>
                
        
<![CDATA[
        <b>File:</b> 20260107_092623.jpg<br>
        <b>Site:</b> La Capilla<br>
        <b>Camera:</b> Ground (Celular)<br>
        <b>Coordinates:</b> -34.473712, -70.936748<br>
        <b>UMAP X:</b> 5.171583<br>
        <b>UMAP Y:</b> 7.040871<br>
        ]]>                
        
            </description>
            <styleUrl>#4771</styleUrl>
            <Point id="4769">
                <coordinates>-70.93674839972222,-34.4737123,0.0</coordinates>
            </Point>
        </Placemark>
        <Placemark id="4775">
            <name>20260107_092626.jpg</name>
            <description>
                
        
<![CDATA[
        <b>File:</b> 20260107_092626.jpg<br>
        <b>Site:</b> La Capilla<br>
        <b>Camera:</b> Ground (Celular)<br>
        <b>Coordinates:</b> -34.473706, -70.936759<br>
        <b>UMAP X:</b> 6.383101<br>
        <b>UMAP Y:</b> 3.2521987<br>
        ]]>                
        
            </description>
            <styleUrl>#4776</styleUrl>
            <Point id="4774">
                <coordinates>-70.93675949972223,-34.4737063,0.0</coordinates>
            </Point>
        </Placemark>
        <Placemark id="4780">
            <name>20260107_092630.jpg</name>
            <description>
                
        
<![CDATA[
        <b>File:</b> 20260107_092630.jpg<br>
        <b>Site:</b> La Capilla<br>
        <b>Camera:</b> Ground (Celular)<br>
        <b>Coordinates:</b> -34.473706, -70.936767<br>
        <b>UMAP X:</b> 6.2768655<br>
        <b>UMAP Y:</b> 3.9442825<br>
        ]]>                
        
            </description>
            <styleUrl>#4781</styleUrl>
            <Point id="4779">
                <coordinates>-70.93676689972223,-34.4737062,0.0</coordinates>
            </Point>
        </Placemark>
        <Placemark id="4785">
            <name>20260107_092635.jpg</name>
            <description>
                
        
<![CDATA[
        <b>File:</b> 20260107_092635.jpg<br>
        <b>Site:</b> La Capilla<br>
        <b>Camera:</b> Ground (Celular)<br>
        <b>Coordinates:</b> -34.473700, -70.936797<br>
        <b>UMAP X:</b> 7.591296<br>
        <b>UMAP Y:</b> 2.7379017<br>
        ]]>                
        
            </description>
            <styleUrl>#4786</styleUrl>
            <Point id="4784">
                <coordinates>-70.9367967,-34.47369989972223,0.0</coordinates>
            </Point>
        </Placemark>
        <Placemark id="4790">
            <name>20260107_092639.jpg</name>
            <description>
                
        
<![CDATA[
        <b>File:</b> 20260107_092639.jpg<br>
        <b>Site:</b> La Capilla<br>
        <b>Camera:</b> Ground (Celular)<br>
        <b>Coordinates:</b> -34.473697, -70.936820<br>
        <b>UMAP X:</b> 6.1796303<br>
        <b>UMAP Y:</b> 8.157888<br>
        ]]>                
        
            </description>
            <styleUrl>#4791</styleUrl>
            <Point id="4789">
                <coordinates>-70.9368199,-34.47369679972223,0.0</coordinates>
            </Point>
        </Placemark>
        <Placemark id="4795">
            <name>20260107_092643.jpg</name>
            <description>
                
        
<![CDATA[
        <b>File:</b> 20260107_092643.jpg<br>
        <b>Site:</b> La Capilla<br>
        <b>Camera:</b> Ground (Celular)<br>
        <b>Coordinates:</b> -34.473695, -70.936838<br>
        <b>UMAP X:</b> 6.534995<br>
        <b>UMAP Y:</b> 8.539426<br>
        ]]>                
        
            </description>
            <styleUrl>#4796</styleUrl>
            <Point id="4794">
                <coordinates>-70.9368379,-34.47369499972223,0.0</coordinates>
            </Point>
        </Placemark>
        <Placemark id="4800">
            <name>20260107_092646.jpg</name>
            <description>
                
        
<![CDATA[
        <b>File:</b> 20260107_092646.jpg<br>
        <b>Site:</b> La Capilla<br>
        <b>Camera:</b> Ground (Celular)<br>
        <b>Coordinates:</b> -34.473693, -70.936849<br>
        <b>UMAP X:</b> 5.5628552<br>
        <b>UMAP Y:</b> 7.4521036<br>
        ]]>                
        
            </description>
            <styleUrl>#4801</styleUrl>
            <Point id="4799">
                <coordinates>-70.93684949972223,-34.4736934,0.0</coordinates>
            </Point>
        </Placemark>
        <Placemark id="4805">
            <name>20260107_092650.jpg</name>
            <description>
                
        
<![CDATA[
        <b>File:</b> 20260107_092650.jpg<br>
        <b>Site:</b> La Capilla<br>
        <b>Camera:</b> Ground (Celular)<br>
        <b>Coordinates:</b> -34.473694, -70.936870<br>
        <b>UMAP X:</b> 9.031871<br>
        <b>UMAP Y:</b> 6.58359<br>
        ]]>                
        
            </description>
            <styleUrl>#4806</styleUrl>
            <Point id="4804">
                <coordinates>-70.93686999972222,-34.4736939,0.0</coordinates>
            </Point>
        </Placemark>
        <Placemark id="4810">
            <name>20260107_092654.jpg</name>
            <description>
                
        
<![CDATA[
        <b>File:</b> 20260107_092654.jpg<br>
        <b>Site:</b> La Capilla<br>
        <b>Camera:</b> Ground (Celular)<br>
        <b>Coordinates:</b> -34.473691, -70.936879<br>
        <b>UMAP X:</b> 7.6198215<br>
        <b>UMAP Y:</b> 8.271591<br>
        ]]>                
        
            </description>
            <styleUrl>#4811</styleUrl>
            <Point id="4809">
                <coordinates>-70.9368793,-34.4736911,0.0</coordinates>
            </Point>
        </Placemark>
        <Placemark id="4815">
            <name>20260107_092657.jpg</name>
            <description>
                
        
<![CDATA[
        <b>File:</b> 20260107_092657.jpg<br>
        <b>Site:</b> La Capilla<br>
        <b>Camera:</b> Ground (Celular)<br>
        <b>Coordinates:</b> -34.473692, -70.936898<br>
        <b>UMAP X:</b> 6.0636163<br>
        <b>UMAP Y:</b> 7.1683683<br>
        ]]>                
        
            </description>
            <styleUrl>#4816</styleUrl>
            <Point id="4814">
                <coordinates>-70.9368984,-34.4736916,0.0</coordinates>
            </Point>
        </Placemark>
        <Placemark id="4820">
            <name>20260107_092701.jpg</name>
            <description>
                
        
<![CDATA[
        <b>File:</b> 20260107_092701.jpg<br>
        <b>Site:</b> La Capilla<br>
        <b>Camera:</b> Ground (Celular)<br>
        <b>Coordinates:</b> -34.473682, -70.936919<br>
        <b>UMAP X:</b> 7.3598194<br>
        <b>UMAP Y:</b> 8.118802<br>
        ]]>                
        
            </description>
            <styleUrl>#4821</styleUrl>
            <Point id="4819">
                <coordinates>-70.93691939972223,-34.4736823,0.0</coordinates>
            </Point>
        </Placemark>
        <Placemark id="4825">
            <name>20260107_092704.jpg</name>
            <description>
                
        
<![CDATA[
        <b>File:</b> 20260107_092704.jpg<br>
        <b>Site:</b> La Capilla<br>
        <b>Camera:</b> Ground (Celular)<br>
        <b>Coordinates:</b> -34.473679, -70.936939<br>
        <b>UMAP X:</b> 9.030295<br>
        <b>UMAP Y:</b> 7.227584<br>
        ]]>                
        
            </description>
            <styleUrl>#4826</styleUrl>
            <Point id="4824">
                <coordinates>-70.9369389,-34.473679099722226,0.0</coordinates>
            </Point>
        </Placemark>
        <Placemark id="4830">
            <name>20260107_092709.jpg</name>
            <description>
                
        
<![CDATA[
        <b>File:</b> 20260107_092709.jpg<br>
        <b>Site:</b> La Capilla<br>
        <b>Camera:</b> Ground (Celular)<br>
        <b>Coordinates:</b> -34.473679, -70.936939<br>
        <b>UMAP X:</b> 6.5054746<br>
        <b>UMAP Y:</b> 2.7492993<br>
        ]]>                
        
            </description>
            <styleUrl>#4831</styleUrl>
            <Point id="4829">
                <coordinates>-70.9369389,-34.473679099722226,0.0</coordinates>
            </Point>
        </Placemark>
        <Placemark id="4835">
            <name>20260107_092713.jpg</name>
            <description>
                
        
<![CDATA[
        <b>File:</b> 20260107_092713.jpg<br>
        <b>Site:</b> La Capilla<br>
        <b>Camera:</b> Ground (Celular)<br>
        <b>Coordinates:</b> -34.473679, -70.936939<br>
        <b>UMAP X:</b> 7.112172<br>
        <b>UMAP Y:</b> 6.922798<br>
        ]]>                
        
            </description>
            <styleUrl>#4836</styleUrl>
            <Point id="4834">
                <coordinates>-70.9369389,-34.473679099722226,0.0</coordinates>
            </Point>
        </Placemark>
        <Placemark id="4840">
            <name>20260107_092717.jpg</name>
            <description>
                
        
<![CDATA[
        <b>File:</b> 20260107_092717.jpg<br>
        <b>Site:</b> La Capilla<br>
        <b>Camera:</b> Ground (Celular)<br>
        <b>Coordinates:</b> -34.473679, -70.936939<br>
        <b>UMAP X:</b> 9.111458<br>
        <b>UMAP Y:</b> 7.6013627<br>
        ]]>                
        
            </description>
            <styleUrl>#4841</styleUrl>
            <Point id="4839">
                <coordinates>-70.9369389,-34.473679099722226,0.0</coordinates>
            </Point>
        </Placemark>
        <Placemark id="4845">
            <name>20260107_092726.jpg</name>
            <description>
                
        
<![CDATA[
        <b>File:</b> 20260107_092726.jpg<br>
        <b>Site:</b> La Capilla<br>
        <b>Camera:</b> Ground (Celular)<br>
        <b>Coordinates:</b> -34.473679, -70.936939<br>
        <b>UMAP X:</b> 8.105945<br>
        <b>UMAP Y:</b> 8.859701<br>
        ]]>                
        
            </description>
            <styleUrl>#4846</styleUrl>
            <Point id="4844">
                <coordinates>-70.9369389,-34.473679099722226,0.0</coordinates>
            </Point>
        </Placemark>
        <Placemark id="4850">
            <name>20260107_092729.jpg</name>
            <description>
                
        
<![CDATA[
        <b>File:</b> 20260107_092729.jpg<br>
        <b>Site:</b> La Capilla<br>
        <b>Camera:</b> Ground (Celular)<br>
        <b>Coordinates:</b> -34.473679, -70.936939<br>
        <b>UMAP X:</b> 5.5142765<br>
        <b>UMAP Y:</b> 7.3063455<br>
        ]]>                
        
            </description>
            <styleUrl>#4851</styleUrl>
            <Point id="4849">
                <coordinates>-70.9369389,-34.473679099722226,0.0</coordinates>
            </Point>
        </Placemark>
        <Placemark id="4855">
            <name>20260107_092733.jpg</name>
            <description>
                
        
<![CDATA[
        <b>File:</b> 20260107_092733.jpg<br>
        <b>Site:</b> La Capilla<br>
        <b>Camera:</b> Ground (Celular)<br>
        <b>Coordinates:</b> -34.473679, -70.936939<br>
        <b>UMAP X:</b> 7.6805363<br>
        <b>UMAP Y:</b> 8.25921<br>
        ]]>                
        
            </description>
            <styleUrl>#4856</styleUrl>
            <Point id="4854">
                <coordinates>-70.9369389,-34.473679099722226,0.0</coordinates>
            </Point>
        </Placemark>
        <Placemark id="4860">
            <name>20260107_092736.jpg</name>
            <description>
                
        
<![CDATA[
        <b>File:</b> 20260107_092736.jpg<br>
        <b>Site:</b> La Capilla<br>
        <b>Camera:</b> Ground (Celular)<br>
        <b>Coordinates:</b> -34.473679, -70.936939<br>
        <b>UMAP X:</b> 7.3671308<br>
        <b>UMAP Y:</b> 5.8243113<br>
        ]]>                
        
            </description>
            <styleUrl>#4861</styleUrl>
            <Point id="4859">
                <coordinates>-70.9369389,-34.473679099722226,0.0</coordinates>
            </Point>
        </Placemark>
        <Placemark id="4865">
            <name>20260107_092740.jpg</name>
            <description>
                
        
<![CDATA[
        <b>File:</b> 20260107_092740.jpg<br>
        <b>Site:</b> La Capilla<br>
        <b>Camera:</b> Ground (Celular)<br>
        <b>Coordinates:</b> -34.473679, -70.936939<br>
        <b>UMAP X:</b> 8.208953<br>
        <b>UMAP Y:</b> 7.3512673<br>
        ]]>                
        
            </description>
            <styleUrl>#4866</styleUrl>
            <Point id="4864">
                <coordinates>-70.9369389,-34.473679099722226,0.0</coordinates>
            </Point>
        </Placemark>
        <Placemark id="4870">
            <name>20260107_092744.jpg</name>
            <description>
                
        
<![CDATA[
        <b>File:</b> 20260107_092744.jpg<br>
        <b>Site:</b> La Capilla<br>
        <b>Camera:</b> Ground (Celular)<br>
        <b>Coordinates:</b> -34.473679, -70.936939<br>
        <b>UMAP X:</b> 5.5248866<br>
        <b>UMAP Y:</b> 6.5578547<br>
        ]]>                
        
            </description>
            <styleUrl>#4871</styleUrl>
            <Point id="4869">
                <coordinates>-70.9369389,-34.473679099722226,0.0</coordinates>
            </Point>
        </Placemark>
        <Placemark id="4875">
            <name>20260107_092748.jpg</name>
            <description>
                
        
<![CDATA[
        <b>File:</b> 20260107_092748.jpg<br>
        <b>Site:</b> La Capilla<br>
        <b>Camera:</b> Ground (Celular)<br>
        <b>Coordinates:</b> -34.473679, -70.936939<br>
        <b>UMAP X:</b> 8.199149<br>
        <b>UMAP Y:</b> 3.295401<br>
        ]]>                
        
            </description>
            <styleUrl>#4876</styleUrl>
            <Point id="4874">
                <coordinates>-70.9369389,-34.473679099722226,0.0</coordinates>
            </Point>
        </Placemark>
        <Placemark id="4880">
            <name>20260107_092757.jpg</name>
            <description>
                
        
<![CDATA[
        <b>File:</b> 20260107_092757.jpg<br>
        <b>Site:</b> La Capilla<br>
        <b>Camera:</b> Ground (Celular)<br>
        <b>Coordinates:</b> -34.473679, -70.936939<br>
        <b>UMAP X:</b> 5.9036207<br>
        <b>UMAP Y:</b> 7.62132<br>
        ]]>                
        
            </description>
            <styleUrl>#4881</styleUrl>
            <Point id="4879">
                <coordinates>-70.9369389,-34.473679099722226,0.0</coordinates>
            </Point>
        </Placemark>
        <Placemark id="4885">
            <name>20260107_092800.jpg</name>
            <description>
                
        
<![CDATA[
        <b>File:</b> 20260107_092800.jpg<br>
        <b>Site:</b> La Capilla<br>
        <b>Camera:</b> Ground (Celular)<br>
        <b>Coordinates:</b> -34.473679, -70.936939<br>
        <b>UMAP X:</b> 6.5158534<br>
        <b>UMAP Y:</b> 7.4074073<br>
        ]]>                
        
            </description>
            <styleUrl>#4886</styleUrl>
            <Point id="4884">
                <coordinates>-70.9369389,-34.473679099722226,0.0</coordinates>
            </Point>
        </Placemark>
        <Placemark id="4890">
            <name>20260107_092805.jpg</name>
            <description>
                
        
<![CDATA[
        <b>File:</b> 20260107_092805.jpg<br>
        <b>Site:</b> La Capilla<br>
        <b>Camera:</b> Ground (Celular)<br>
        <b>Coordinates:</b> -34.473679, -70.936939<br>
        <b>UMAP X:</b> 9.461414<br>
        <b>UMAP Y:</b> 4.330774<br>
        ]]>                
        
            </description>
            <styleUrl>#4891</styleUrl>
            <Point id="4889">
                <coordinates>-70.9369389,-34.473679099722226,0.0</coordinates>
            </Point>
        </Placemark>
        <Placemark id="4895">
            <name>20260107_092807.jpg</name>
            <description>
                
        
<![CDATA[
        <b>File:</b> 20260107_092807.jpg<br>
        <b>Site:</b> La Capilla<br>
        <b>Camera:</b> Ground (Celular)<br>
        <b>Coordinates:</b> -34.473679, -70.936939<br>
        <b>UMAP X:</b> 5.1199775<br>
        <b>UMAP Y:</b> 6.6560383<br>
        ]]>                
        
            </description>
            <styleUrl>#4896</styleUrl>
            <Point id="4894">
                <coordinates>-70.9369389,-34.473679099722226,0.0</coordinates>
            </Point>
        </Placemark>
        <Placemark id="4900">
            <name>20260107_092812.jpg</name>
            <description>
                
        
<![CDATA[
        <b>File:</b> 20260107_092812.jpg<br>
        <b>Site:</b> La Capilla<br>
        <b>Camera:</b> Ground (Celular)<br>
        <b>Coordinates:</b> -34.473679, -70.936939<br>
        <b>UMAP X:</b> 6.6216764<br>
        <b>UMAP Y:</b> 7.848532<br>
        ]]>                
        
            </description>
            <styleUrl>#4901</styleUrl>
            <Point id="4899">
                <coordinates>-70.9369389,-34.473679099722226,0.0</coordinates>
            </Point>
        </Placemark>
        <Placemark id="4905">
            <name>20260107_092818.jpg</name>
            <description>
                
        
<![CDATA[
        <b>File:</b> 20260107_092818.jpg<br>
        <b>Site:</b> La Capilla<br>
        <b>Camera:</b> Ground (Celular)<br>
        <b>Coordinates:</b> -34.473679, -70.936939<br>
        <b>UMAP X:</b> 6.212178<br>
        <b>UMAP Y:</b> 2.7177362<br>
        ]]>                
        
            </description>
            <styleUrl>#4906</styleUrl>
            <Point id="4904">
                <coordinates>-70.9369389,-34.473679099722226,0.0</coordinates>
            </Point>
        </Placemark>
        <Placemark id="4910">
            <name>20260107_092823.jpg</name>
            <description>
                
        
<![CDATA[
        <b>File:</b> 20260107_092823.jpg<br>
        <b>Site:</b> La Capilla<br>
        <b>Camera:</b> Ground (Celular)<br>
        <b>Coordinates:</b> -34.473622, -70.937235<br>
        <b>UMAP X:</b> 6.16637<br>
        <b>UMAP Y:</b> 3.7802982<br>
        ]]>                
        
            </description>
            <styleUrl>#4911</styleUrl>
            <Point id="4909">
                <coordinates>-70.9372352,-34.4736224,0.0</coordinates>
            </Point>
        </Placemark>
        <Placemark id="4915">
            <name>20260107_092825.jpg</name>
            <description>
                
        
<![CDATA[
        <b>File:</b> 20260107_092825.jpg<br>
        <b>Site:</b> La Capilla<br>
        <b>Camera:</b> Ground (Celular)<br>
        <b>Coordinates:</b> -34.473622, -70.937235<br>
        <b>UMAP X:</b> 5.3331246<br>
        <b>UMAP Y:</b> 6.0614343<br>
        ]]>                
        
            </description>
            <styleUrl>#4916</styleUrl>
            <Point id="4914">
                <coordinates>-70.9372352,-34.4736224,0.0</coordinates>
            </Point>
        </Placemark>
        <Placemark id="4920">
            <name>20260107_092828.jpg</name>
            <description>
                
        
<![CDATA[
        <b>File:</b> 20260107_092828.jpg<br>
        <b>Site:</b> La Capilla<br>
        <b>Camera:</b> Ground (Celular)<br>
        <b>Coordinates:</b> -34.473622, -70.937235<br>
        <b>UMAP X:</b> 5.881588<br>
        <b>UMAP Y:</b> 5.868195<br>
        ]]>                
        
            </description>
            <styleUrl>#4921</styleUrl>
            <Point id="4919">
                <coordinates>-70.9372352,-34.4736224,0.0</coordinates>
            </Point>
        </Placemark>
        <Placemark id="4925">
            <name>20260107_092832.jpg</name>
            <description>
                
        
<![CDATA[
        <b>File:</b> 20260107_092832.jpg<br>
        <b>Site:</b> La Capilla<br>
        <b>Camera:</b> Ground (Celular)<br>
        <b>Coordinates:</b> -34.473622, -70.937235<br>
        <b>UMAP X:</b> 5.7241964<br>
        <b>UMAP Y:</b> 6.2954392<br>
        ]]>                
        
            </description>
            <styleUrl>#4926</styleUrl>
            <Point id="4924">
                <coordinates>-70.9372352,-34.4736224,0.0</coordinates>
            </Point>
        </Placemark>
        <Placemark id="4930">
            <name>20260107_092838.jpg</name>
            <description>
                
        
<![CDATA[
        <b>File:</b> 20260107_092838.jpg<br>
        <b>Site:</b> La Capilla<br>
        <b>Camera:</b> Ground (Celular)<br>
        <b>Coordinates:</b> -34.473622, -70.937235<br>
        <b>UMAP X:</b> 5.613125<br>
        <b>UMAP Y:</b> 5.7884836<br>
        ]]>                
        
            </description>
            <styleUrl>#4931</styleUrl>
            <Point id="4929">
                <coordinates>-70.9372352,-34.4736224,0.0</coordinates>
            </Point>
        </Placemark>
        <Placemark id="4935">
            <name>20260107_092841.jpg</name>
            <description>
                
        
<![CDATA[
        <b>File:</b> 20260107_092841.jpg<br>
        <b>Site:</b> La Capilla<br>
        <b>Camera:</b> Ground (Celular)<br>
        <b>Coordinates:</b> -34.473622, -70.937235<br>
        <b>UMAP X:</b> 5.724003<br>
        <b>UMAP Y:</b> 7.007129<br>
        ]]>                
        
            </description>
            <styleUrl>#4936</styleUrl>
            <Point id="4934">
                <coordinates>-70.9372352,-34.4736224,0.0</coordinates>
            </Point>
        </Placemark>
        <Placemark id="4940">
            <name>20260107_092844.jpg</name>
            <description>
                
        
<![CDATA[
        <b>File:</b> 20260107_092844.jpg<br>
        <b>Site:</b> La Capilla<br>
        <b>Camera:</b> Ground (Celular)<br>
        <b>Coordinates:</b> -34.473622, -70.937235<br>
        <b>UMAP X:</b> 5.508646<br>
        <b>UMAP Y:</b> 5.845179<br>
        ]]>                
        
            </description>
            <styleUrl>#4941</styleUrl>
            <Point id="4939">
                <coordinates>-70.9372352,-34.4736224,0.0</coordinates>
            </Point>
        </Placemark>
        <Placemark id="4945">
            <name>20260107_092848.jpg</name>
            <description>
                
        
<![CDATA[
        <b>File:</b> 20260107_092848.jpg<br>
        <b>Site:</b> La Capilla<br>
        <b>Camera:</b> Ground (Celular)<br>
        <b>Coordinates:</b> -34.473622, -70.937235<br>
        <b>UMAP X:</b> 6.391432<br>
        <b>UMAP Y:</b> 2.9147651<br>
        ]]>                
        
            </description>
            <styleUrl>#4946</styleUrl>
            <Point id="4944">
                <coordinates>-70.9372352,-34.4736224,0.0</coordinates>
            </Point>
        </Placemark>
        <Placemark id="4950">
            <name>20260107_092850.jpg</name>
            <description>
                
        
<![CDATA[
        <b>File:</b> 20260107_092850.jpg<br>
        <b>Site:</b> La Capilla<br>
        <b>Camera:</b> Ground (Celular)<br>
        <b>Coordinates:</b> -34.473622, -70.937235<br>
        <b>UMAP X:</b> 5.677622<br>
        <b>UMAP Y:</b> 6.2030597<br>
        ]]>                
        
            </description>
            <styleUrl>#4951</styleUrl>
            <Point id="4949">
                <coordinates>-70.9372352,-34.4736224,0.0</coordinates>
            </Point>
        </Placemark>
        <Placemark id="4955">
            <name>20260107_092854.jpg</name>
            <description>
                
        
<![CDATA[
        <b>File:</b> 20260107_092854.jpg<br>
        <b>Site:</b> La Capilla<br>
        <b>Camera:</b> Ground (Celular)<br>
        <b>Coordinates:</b> -34.473622, -70.937235<br>
        <b>UMAP X:</b> 5.8252525<br>
        <b>UMAP Y:</b> 6.143063<br>
        ]]>                
        
            </description>
            <styleUrl>#4956</styleUrl>
            <Point id="4954">
                <coordinates>-70.9372352,-34.4736224,0.0</coordinates>
            </Point>
        </Placemark>
        <Placemark id="4960">
            <name>20260107_092858.jpg</name>
            <description>
                
        
<![CDATA[
        <b>File:</b> 20260107_092858.jpg<br>
        <b>Site:</b> La Capilla<br>
        <b>Camera:</b> Ground (Celular)<br>
        <b>Coordinates:</b> -34.473622, -70.937235<br>
        <b>UMAP X:</b> 7.0053596<br>
        <b>UMAP Y:</b> 8.339049<br>
        ]]>                
        
            </description>
            <styleUrl>#4961</styleUrl>
            <Point id="4959">
                <coordinates>-70.9372352,-34.4736224,0.0</coordinates>
            </Point>
        </Placemark>
        <Placemark id="4965">
            <name>20260107_092906.jpg</name>
            <description>
                
        
<![CDATA[
        <b>File:</b> 20260107_092906.jpg<br>
        <b>Site:</b> La Capilla<br>
        <b>Camera:</b> Ground (Celular)<br>
        <b>Coordinates:</b> -34.473622, -70.937235<br>
        <b>UMAP X:</b> 7.000961<br>
        <b>UMAP Y:</b> 8.367473<br>
        ]]>                
        
            </description>
            <styleUrl>#4966</styleUrl>
            <Point id="4964">
                <coordinates>-70.9372352,-34.4736224,0.0</coordinates>
            </Point>
        </Placemark>
        <Placemark id="4970">
            <name>20260107_092909.jpg</name>
            <description>
                
        
<![CDATA[
        <b>File:</b> 20260107_092909.jpg<br>
        <b>Site:</b> La Capilla<br>
        <b>Camera:</b> Ground (Celular)<br>
        <b>Coordinates:</b> -34.473622, -70.937235<br>
        <b>UMAP X:</b> 7.4360514<br>
        <b>UMAP Y:</b> 4.471159<br>
        ]]>                
        
            </description>
            <styleUrl>#4971</styleUrl>
            <Point id="4969">
                <coordinates>-70.9372352,-34.4736224,0.0</coordinates>
            </Point>
        </Placemark>
        <Placemark id="4975">
            <name>20260107_092914.jpg</name>
            <description>
                
        
<![CDATA[
        <b>File:</b> 20260107_092914.jpg<br>
        <b>Site:</b> La Capilla<br>
        <b>Camera:</b> Ground (Celular)<br>
        <b>Coordinates:</b> -34.473622, -70.937235<br>
        <b>UMAP X:</b> 6.137728<br>
        <b>UMAP Y:</b> 7.8589916<br>
        ]]>                
        
            </description>
            <styleUrl>#4976</styleUrl>
            <Point id="4974">
                <coordinates>-70.9372352,-34.4736224,0.0</coordinates>
            </Point>
        </Placemark>
        <Placemark id="4980">
            <name>20260107_092916.jpg</name>
            <description>
                
        
<![CDATA[
        <b>File:</b> 20260107_092916.jpg<br>
        <b>Site:</b> La Capilla<br>
        <b>Camera:</b> Ground (Celular)<br>
        <b>Coordinates:</b> -34.473622, -70.937235<br>
        <b>UMAP X:</b> 5.6019077<br>
        <b>UMAP Y:</b> 5.80312<br>
        ]]>                
        
            </description>
            <styleUrl>#4981</styleUrl>
            <Point id="4979">
                <coordinates>-70.9372352,-34.4736224,0.0</coordinates>
            </Point>
        </Placemark>
        <Placemark id="4985">
            <name>20260107_092919.jpg</name>
            <description>
                
        
<![CDATA[
        <b>File:</b> 20260107_092919.jpg<br>
        <b>Site:</b> La Capilla<br>
        <b>Camera:</b> Ground (Celular)<br>
        <b>Coordinates:</b> -34.473622, -70.937235<br>
        <b>UMAP X:</b> 8.510264<br>
        <b>UMAP Y:</b> 4.4777055<br>
        ]]>                
        
            </description>
            <styleUrl>#4986</styleUrl>
            <Point id="4984">
                <coordinates>-70.9372352,-34.4736224,0.0</coordinates>
            </Point>
        </Placemark>
        <Placemark id="4990">
            <name>20260107_092922.jpg</name>
            <description>
                
        
<![CDATA[
        <b>File:</b> 20260107_092922.jpg<br>
        <b>Site:</b> La Capilla<br>
        <b>Camera:</b> Ground (Celular)<br>
        <b>Coordinates:</b> -34.473622, -70.937235<br>
        <b>UMAP X:</b> 5.3367424<br>
        <b>UMAP Y:</b> 6.97765<br>
        ]]>                
        
            </description>
            <styleUrl>#4991</styleUrl>
            <Point id="4989">
                <coordinates>-70.9372352,-34.4736224,0.0</coordinates>
            </Point>
        </Placemark>
        <Placemark id="4995">
            <name>20260107_092925.jpg</name>
            <description>
                
        
<![CDATA[
        <b>File:</b> 20260107_092925.jpg<br>
        <b>Site:</b> La Capilla<br>
        <b>Camera:</b> Ground (Celular)<br>
        <b>Coordinates:</b> -34.473622, -70.937235<br>
        <b>UMAP X:</b> 7.968923<br>
        <b>UMAP Y:</b> 8.550028<br>
        ]]>                
        
            </description>
            <styleUrl>#4996</styleUrl>
            <Point id="4994">
                <coordinates>-70.9372352,-34.4736224,0.0</coordinates>
            </Point>
        </Placemark>
        <Placemark id="5000">
            <name>20260107_092928.jpg</name>
            <description>
                
        
<![CDATA[
        <b>File:</b> 20260107_092928.jpg<br>
        <b>Site:</b> La Capilla<br>
        <b>Camera:</b> Ground (Celular)<br>
        <b>Coordinates:</b> -34.473622, -70.937235<br>
        <b>UMAP X:</b> 6.545388<br>
        <b>UMAP Y:</b> 2.7700117<br>
        ]]>                
        
            </description>
            <styleUrl>#5001</styleUrl>
            <Point id="4999">
                <coordinates>-70.9372352,-34.4736224,0.0</coordinates>
            </Point>
        </Placemark>
        <Placemark id="5005">
            <name>20260107_092932.jpg</name>
            <description>
                
        
<![CDATA[
        <b>File:</b> 20260107_092932.jpg<br>
        <b>Site:</b> La Capilla<br>
        <b>Camera:</b> Ground (Celular)<br>
        <b>Coordinates:</b> -34.473622, -70.937235<br>
        <b>UMAP X:</b> 6.687227<br>
        <b>UMAP Y:</b> 3.0248492<br>
        ]]>                
        
            </description>
            <styleUrl>#5006</styleUrl>
            <Point id="5004">
                <coordinates>-70.9372352,-34.4736224,0.0</coordinates>
            </Point>
        </Placemark>
        <Placemark id="5010">
            <name>20260107_092936.jpg</name>
            <description>
                
        
<![CDATA[
        <b>File:</b> 20260107_092936.jpg<br>
        <b>Site:</b> La Capilla<br>
        <b>Camera:</b> Ground (Celular)<br>
        <b>Coordinates:</b> -34.473622, -70.937235<br>
        <b>UMAP X:</b> 6.7937717<br>
        <b>UMAP Y:</b> 3.228387<br>
        ]]>                
        
            </description>
            <styleUrl>#5011</styleUrl>
            <Point id="5009">
                <coordinates>-70.9372352,-34.4736224,0.0</coordinates>
            </Point>
        </Placemark>
        <Placemark id="5015">
            <name>20260107_092941.jpg</name>
            <description>
                
        
<![CDATA[
        <b>File:</b> 20260107_092941.jpg<br>
        <b>Site:</b> La Capilla<br>
        <b>Camera:</b> Ground (Celular)<br>
        <b>Coordinates:</b> -34.473622, -70.937235<br>
        <b>UMAP X:</b> 5.6915774<br>
        <b>UMAP Y:</b> 6.2331996<br>
        ]]>                
        
            </description>
            <styleUrl>#5016</styleUrl>
            <Point id="5014">
                <coordinates>-70.9372352,-34.4736224,0.0</coordinates>
            </Point>
        </Placemark>
        <Placemark id="5020">
            <name>20260107_092946.jpg</name>
            <description>
                
        
<![CDATA[
        <b>File:</b> 20260107_092946.jpg<br>
        <b>Site:</b> La Capilla<br>
        <b>Camera:</b> Ground (Celular)<br>
        <b>Coordinates:</b> -34.473622, -70.937235<br>
        <b>UMAP X:</b> 9.343933<br>
        <b>UMAP Y:</b> 6.7421055<br>
        ]]>                
        
            </description>
            <styleUrl>#5021</styleUrl>
            <Point id="5019">
                <coordinates>-70.9372352,-34.4736224,0.0</coordinates>
            </Point>
        </Placemark>
        <Placemark id="5025">
            <name>20260107_092950.jpg</name>
            <description>
                
        
<![CDATA[
        <b>File:</b> 20260107_092950.jpg<br>
        <b>Site:</b> La Capilla<br>
        <b>Camera:</b> Ground (Celular)<br>
        <b>Coordinates:</b> -34.473622, -70.937235<br>
        <b>UMAP X:</b> 7.511425<br>
        <b>UMAP Y:</b> 8.819233<br>
        ]]>                
        
            </description>
            <styleUrl>#5026</styleUrl>
            <Point id="5024">
                <coordinates>-70.9372352,-34.4736224,0.0</coordinates>
            </Point>
        </Placemark>
        <Placemark id="5030">
            <name>20260107_092954.jpg</name>
            <description>
                
        
<![CDATA[
        <b>File:</b> 20260107_092954.jpg<br>
        <b>Site:</b> La Capilla<br>
        <b>Camera:</b> Ground (Celular)<br>
        <b>Coordinates:</b> -34.473622, -70.937235<br>
        <b>UMAP X:</b> 6.5332484<br>
        <b>UMAP Y:</b> 4.902922<br>
        ]]>                
        
            </description>
            <styleUrl>#5031</styleUrl>
            <Point id="5029">
                <coordinates>-70.9372352,-34.4736224,0.0</coordinates>
            </Point>
        </Placemark>
        <Placemark id="5035">
            <name>20260107_092958.jpg</name>
            <description>
                
        
<![CDATA[
        <b>File:</b> 20260107_092958.jpg<br>
        <b>Site:</b> La Capilla<br>
        <b>Camera:</b> Ground (Celular)<br>
        <b>Coordinates:</b> -34.473622, -70.937235<br>
        <b>UMAP X:</b> 6.339498<br>
        <b>UMAP Y:</b> 2.7262456<br>
        ]]>                
        
            </description>
            <styleUrl>#5036</styleUrl>
            <Point id="5034">
                <coordinates>-70.9372352,-34.4736224,0.0</coordinates>
            </Point>
        </Placemark>
        <Placemark id="5040">
            <name>20260107_093001.jpg</name>
            <description>
                
        
<![CDATA[
        <b>File:</b> 20260107_093001.jpg<br>
        <b>Site:</b> La Capilla<br>
        <b>Camera:</b> Ground (Celular)<br>
        <b>Coordinates:</b> -34.473622, -70.937235<br>
        <b>UMAP X:</b> 5.905809<br>
        <b>UMAP Y:</b> 7.6486974<br>
        ]]>                
        
            </description>
            <styleUrl>#5041</styleUrl>
            <Point id="5039">
                <coordinates>-70.9372352,-34.4736224,0.0</coordinates>
            </Point>
        </Placemark>
        <Placemark id="5045">
            <name>20260107_093003.jpg</name>
            <description>
                
        
<![CDATA[
        <b>File:</b> 20260107_093003.jpg<br>
        <b>Site:</b> La Capilla<br>
        <b>Camera:</b> Ground (Celular)<br>
        <b>Coordinates:</b> -34.473622, -70.937235<br>
        <b>UMAP X:</b> 6.2601976<br>
        <b>UMAP Y:</b> 4.5791373<br>
        ]]>                
        
            </description>
            <styleUrl>#5046</styleUrl>
            <Point id="5044">
                <coordinates>-70.9372352,-34.4736224,0.0</coordinates>
            </Point>
        </Placemark>
        <Placemark id="5050">
            <name>20260107_093012.jpg</name>
            <description>
                
        
<![CDATA[
        <b>File:</b> 20260107_093012.jpg<br>
        <b>Site:</b> La Capilla<br>
        <b>Camera:</b> Ground (Celular)<br>
        <b>Coordinates:</b> -34.473547, -70.937805<br>
        <b>UMAP X:</b> 5.516005<br>
        <b>UMAP Y:</b> 6.5413537<br>
        ]]>                
        
            </description>
            <styleUrl>#5051</styleUrl>
            <Point id="5049">
                <coordinates>-70.9378054,-34.473547199722226,0.0</coordinates>
            </Point>
        </Placemark>
        <Placemark id="5055">
            <name>20260107_093021.jpg</name>
            <description>
                
        
<![CDATA[
        <b>File:</b> 20260107_093021.jpg<br>
        <b>Site:</b> La Capilla<br>
        <b>Camera:</b> Ground (Celular)<br>
        <b>Coordinates:</b> -34.473535, -70.937843<br>
        <b>UMAP X:</b> 6.08188<br>
        <b>UMAP Y:</b> 6.319294<br>
        ]]>                
        
            </description>
            <styleUrl>#5056</styleUrl>
            <Point id="5054">
                <coordinates>-70.9378434,-34.4735354,0.0</coordinates>
            </Point>
        </Placemark>
        <Placemark id="5060">
            <name>20260107_093147.jpg</name>
            <description>
                
        
<![CDATA[
        <b>File:</b> 20260107_093147.jpg<br>
        <b>Site:</b> La Capilla<br>
        <b>Camera:</b> Ground (Celular)<br>
        <b>Coordinates:</b> -34.473516, -70.937860<br>
        <b>UMAP X:</b> 5.149141<br>
        <b>UMAP Y:</b> 6.913908<br>
        ]]>                
        
            </description>
            <styleUrl>#5061</styleUrl>
            <Point id="5059">
                <coordinates>-70.93786029972223,-34.4735164,0.0</coordinates>
            </Point>
        </Placemark>
        <Placemark id="5065">
            <name>20260107_093149.jpg</name>
            <description>
                
        
<![CDATA[
        <b>File:</b> 20260107_093149.jpg<br>
        <b>Site:</b> La Capilla<br>
        <b>Camera:</b> Ground (Celular)<br>
        <b>Coordinates:</b> -34.473516, -70.937860<br>
        <b>UMAP X:</b> 5.539761<br>
        <b>UMAP Y:</b> 5.909817<br>
        ]]>                
        
            </description>
            <styleUrl>#5066</styleUrl>
            <Point id="5064">
                <coordinates>-70.93786029972223,-34.4735164,0.0</coordinates>
            </Point>
        </Placemark>
        <Placemark id="5070">
            <name>20260107_093152.jpg</name>
            <description>
                
        
<![CDATA[
        <b>File:</b> 20260107_093152.jpg<br>
        <b>Site:</b> La Capilla<br>
        <b>Camera:</b> Ground (Celular)<br>
        <b>Coordinates:</b> -34.473516, -70.937860<br>
        <b>UMAP X:</b> 5.6509013<br>
        <b>UMAP Y:</b> 6.010386<br>
        ]]>                
        
            </description>
            <styleUrl>#5071</styleUrl>
            <Point id="5069">
                <coordinates>-70.93786029972223,-34.4735164,0.0</coordinates>
            </Point>
        </Placemark>
        <Placemark id="5075">
            <name>20260107_093159.jpg</name>
            <description>
                
        
<![CDATA[
        <b>File:</b> 20260107_093159.jpg<br>
        <b>Site:</b> La Capilla<br>
        <b>Camera:</b> Ground (Celular)<br>
        <b>Coordinates:</b> -34.473516, -70.937860<br>
        <b>UMAP X:</b> 7.5035276<br>
        <b>UMAP Y:</b> 8.076188<br>
        ]]>                
        
            </description>
            <styleUrl>#5076</styleUrl>
            <Point id="5074">
                <coordinates>-70.93786029972223,-34.4735164,0.0</coordinates>
            </Point>
        </Placemark>
        <Placemark id="5080">
            <name>20260107_093204.jpg</name>
            <description>
                
        
<![CDATA[
        <b>File:</b> 20260107_093204.jpg<br>
        <b>Site:</b> La Capilla<br>
        <b>Camera:</b> Ground (Celular)<br>
        <b>Coordinates:</b> -34.473516, -70.937860<br>
        <b>UMAP X:</b> 8.8721075<br>
        <b>UMAP Y:</b> 7.4188733<br>
        ]]>                
        
            </description>
            <styleUrl>#5081</styleUrl>
            <Point id="5079">
                <coordinates>-70.93786029972223,-34.4735164,0.0</coordinates>
            </Point>
        </Placemark>
        <Placemark id="5085">
            <name>20260107_093210.jpg</name>
            <description>
                
        
<![CDATA[
        <b>File:</b> 20260107_093210.jpg<br>
        <b>Site:</b> La Capilla<br>
        <b>Camera:</b> Ground (Celular)<br>
        <b>Coordinates:</b> -34.473516, -70.937860<br>
        <b>UMAP X:</b> 8.791714<br>
        <b>UMAP Y:</b> 3.5500953<br>
        ]]>                
        
            </description>
            <styleUrl>#5086</styleUrl>
            <Point id="5084">
                <coordinates>-70.93786029972223,-34.4735164,0.0</coordinates>
            </Point>
        </Placemark>
        <Placemark id="5090">
            <name>20260107_093236.jpg</name>
            <description>
                
        
<![CDATA[
        <b>File:</b> 20260107_093236.jpg<br>
        <b>Site:</b> La Capilla<br>
        <b>Camera:</b> Ground (Celular)<br>
        <b>Coordinates:</b> -34.473517, -70.937860<br>
        <b>UMAP X:</b> 5.646195<br>
        <b>UMAP Y:</b> 7.422103<br>
        ]]>                
        
            </description>
            <styleUrl>#5091</styleUrl>
            <Point id="5089">
                <coordinates>-70.93786029972223,-34.4735165,0.0</coordinates>
            </Point>
        </Placemark>
        <Placemark id="5095">
            <name>20260107_093257.jpg</name>
            <description>
                
        
<![CDATA[
        <b>File:</b> 20260107_093257.jpg<br>
        <b>Site:</b> La Capilla<br>
        <b>Camera:</b> Ground (Celular)<br>
        <b>Coordinates:</b> -34.473517, -70.937860<br>
        <b>UMAP X:</b> 8.786167<br>
        <b>UMAP Y:</b> 7.5362854<br>
        ]]>                
        
            </description>
            <styleUrl>#5096</styleUrl>
            <Point id="5094">
                <coordinates>-70.93786029972223,-34.4735165,0.0</coordinates>
            </Point>
        </Placemark>
        <Placemark id="5100">
            <name>20260107_093435.jpg</name>
            <description>
                
        
<![CDATA[
        <b>File:</b> 20260107_093435.jpg<br>
        <b>Site:</b> La Capilla<br>
        <b>Camera:</b> Ground (Celular)<br>
        <b>Coordinates:</b> -34.473410, -70.938441<br>
        <b>UMAP X:</b> 6.529705<br>
        <b>UMAP Y:</b> 7.6642637<br>
        ]]>                
        
            </description>
            <styleUrl>#5101</styleUrl>
            <Point id="5099">
                <coordinates>-70.93844099972223,-34.4734101,0.0</coordinates>
            </Point>
        </Placemark>
        <Placemark id="5105">
            <name>20260107_093500.jpg</name>
            <description>
                
        
<![CDATA[
        <b>File:</b> 20260107_093500.jpg<br>
        <b>Site:</b> La Capilla<br>
        <b>Camera:</b> Ground (Celular)<br>
        <b>Coordinates:</b> -34.473409, -70.938434<br>
        <b>UMAP X:</b> 7.9684997<br>
        <b>UMAP Y:</b> 8.754956<br>
        ]]>                
        
            </description>
            <styleUrl>#5106</styleUrl>
            <Point id="5104">
                <coordinates>-70.9384342,-34.473408999722224,0.0</coordinates>
            </Point>
        </Placemark>
        <Placemark id="5110">
            <name>20260107_093525.jpg</name>
            <description>
                
        
<![CDATA[
        <b>File:</b> 20260107_093525.jpg<br>
        <b>Site:</b> La Capilla<br>
        <b>Camera:</b> Ground (Celular)<br>
        <b>Coordinates:</b> -34.473433, -70.938235<br>
        <b>UMAP X:</b> 8.208173<br>
        <b>UMAP Y:</b> 8.290851<br>
        ]]>                
        
            </description>
            <styleUrl>#5111</styleUrl>
            <Point id="5109">
                <coordinates>-70.938235,-34.4734332,0.0</coordinates>
            </Point>
        </Placemark>
        <Placemark id="5115">
            <name>20260107_093535.jpg</name>
            <description>
                
        
<![CDATA[
        <b>File:</b> 20260107_093535.jpg<br>
        <b>Site:</b> La Capilla<br>
        <b>Camera:</b> Ground (Celular)<br>
        <b>Coordinates:</b> -34.473433, -70.938235<br>
        <b>UMAP X:</b> 8.272533<br>
        <b>UMAP Y:</b> 8.562083<br>
        ]]>                
        
            </description>
            <styleUrl>#5116</styleUrl>
            <Point id="5114">
                <coordinates>-70.938235,-34.4734332,0.0</coordinates>
            </Point>
        </Placemark>
        <Placemark id="5120">
            <name>20260107_093543.jpg</name>
            <description>
                
        
<![CDATA[
        <b>File:</b> 20260107_093543.jpg<br>
        <b>Site:</b> La Capilla<br>
        <b>Camera:</b> Ground (Celular)<br>
        <b>Coordinates:</b> -34.473427, -70.938096<br>
        <b>UMAP X:</b> 7.354073<br>
        <b>UMAP Y:</b> 8.58687<br>
        ]]>                
        
            </description>
            <styleUrl>#5121</styleUrl>
            <Point id="5119">
                <coordinates>-70.9380957,-34.4734265,0.0</coordinates>
            </Point>
        </Placemark>
        <Placemark id="5125">
            <name>20260107_093547.jpg</name>
            <description>
                
        
<![CDATA[
        <b>File:</b> 20260107_093547.jpg<br>
        <b>Site:</b> La Capilla<br>
        <b>Camera:</b> Ground (Celular)<br>
        <b>Coordinates:</b> -34.473427, -70.938096<br>
        <b>UMAP X:</b> 6.8726163<br>
        <b>UMAP Y:</b> 6.376847<br>
        ]]>                
        
            </description>
            <styleUrl>#5126</styleUrl>
            <Point id="5124">
                <coordinates>-70.9380957,-34.4734265,0.0</coordinates>
            </Point>
        </Placemark>
        <Placemark id="5130">
            <name>20260107_093551.jpg</name>
            <description>
                
        
<![CDATA[
        <b>File:</b> 20260107_093551.jpg<br>
        <b>Site:</b> La Capilla<br>
        <b>Camera:</b> Ground (Celular)<br>
        <b>Coordinates:</b> -34.473427, -70.938096<br>
        <b>UMAP X:</b> 8.033448<br>
        <b>UMAP Y:</b> 8.547186<br>
        ]]>                
        
            </description>
            <styleUrl>#5131</styleUrl>
            <Point id="5129">
                <coordinates>-70.9380957,-34.4734265,0.0</coordinates>
            </Point>
        </Placemark>
        <Placemark id="5135">
            <name>20260107_093554.jpg</name>
            <description>
                
        
<![CDATA[
        <b>File:</b> 20260107_093554.jpg<br>
        <b>Site:</b> La Capilla<br>
        <b>Camera:</b> Ground (Celular)<br>
        <b>Coordinates:</b> -34.473427, -70.938096<br>
        <b>UMAP X:</b> 9.542593<br>
        <b>UMAP Y:</b> 3.3169117<br>
        ]]>                
        
            </description>
            <styleUrl>#5136</styleUrl>
            <Point id="5134">
                <coordinates>-70.9380957,-34.4734265,0.0</coordinates>
            </Point>
        </Placemark>
        <Placemark id="5140">
            <name>20260107_093603.jpg</name>
            <description>
                
        
<![CDATA[
        <b>File:</b> 20260107_093603.jpg<br>
        <b>Site:</b> La Capilla<br>
        <b>Camera:</b> Ground (Celular)<br>
        <b>Coordinates:</b> -34.473427, -70.938096<br>
        <b>UMAP X:</b> 7.014011<br>
        <b>UMAP Y:</b> 3.9522269<br>
        ]]>                
        
            </description>
            <styleUrl>#5141</styleUrl>
            <Point id="5139">
                <coordinates>-70.9380957,-34.4734265,0.0</coordinates>
            </Point>
        </Placemark>
        <Placemark id="5145">
            <name>20260107_093614.jpg</name>
            <description>
                
        
<![CDATA[
        <b>File:</b> 20260107_093614.jpg<br>
        <b>Site:</b> La Capilla<br>
        <b>Camera:</b> Ground (Celular)<br>
        <b>Coordinates:</b> -34.473427, -70.938096<br>
        <b>UMAP X:</b> 10.053074<br>
        <b>UMAP Y:</b> 6.8134737<br>
        ]]>                
        
            </description>
            <styleUrl>#5146</styleUrl>
            <Point id="5144">
                <coordinates>-70.9380957,-34.4734265,0.0</coordinates>
            </Point>
        </Placemark>
        <Placemark id="5150">
            <name>20260107_093619.jpg</name>
            <description>
                
        
<![CDATA[
        <b>File:</b> 20260107_093619.jpg<br>
        <b>Site:</b> La Capilla<br>
        <b>Camera:</b> Ground (Celular)<br>
        <b>Coordinates:</b> -34.473427, -70.938096<br>
        <b>UMAP X:</b> 7.734975<br>
        <b>UMAP Y:</b> 7.767292<br>
        ]]>                
        
            </description>
            <styleUrl>#5151</styleUrl>
            <Point id="5149">
                <coordinates>-70.9380957,-34.4734265,0.0</coordinates>
            </Point>
        </Placemark>
        <Placemark id="5155">
            <name>20260107_093623.jpg</name>
            <description>
                
        
<![CDATA[
        <b>File:</b> 20260107_093623.jpg<br>
        <b>Site:</b> La Capilla<br>
        <b>Camera:</b> Ground (Celular)<br>
        <b>Coordinates:</b> -34.473427, -70.938096<br>
        <b>UMAP X:</b> 5.954108<br>
        <b>UMAP Y:</b> 7.941091<br>
        ]]>                
        
            </description>
            <styleUrl>#5156</styleUrl>
            <Point id="5154">
                <coordinates>-70.9380957,-34.4734265,0.0</coordinates>
            </Point>
        </Placemark>
        <Placemark id="5160">
            <name>20260107_093625.jpg</name>
            <description>
                
        
<![CDATA[
        <b>File:</b> 20260107_093625.jpg<br>
        <b>Site:</b> La Capilla<br>
        <b>Camera:</b> Ground (Celular)<br>
        <b>Coordinates:</b> -34.473427, -70.938096<br>
        <b>UMAP X:</b> 6.0189776<br>
        <b>UMAP Y:</b> 8.000493<br>
        ]]>                
        
            </description>
            <styleUrl>#5161</styleUrl>
            <Point id="5159">
                <coordinates>-70.9380957,-34.4734265,0.0</coordinates>
            </Point>
        </Placemark>
        <Placemark id="5165">
            <name>20260107_093628.jpg</name>
            <description>
                
        
<![CDATA[
        <b>File:</b> 20260107_093628.jpg<br>
        <b>Site:</b> La Capilla<br>
        <b>Camera:</b> Ground (Celular)<br>
        <b>Coordinates:</b> -34.473427, -70.938096<br>
        <b>UMAP X:</b> 7.4905043<br>
        <b>UMAP Y:</b> 2.8171318<br>
        ]]>                
        
            </description>
            <styleUrl>#5166</styleUrl>
            <Point id="5164">
                <coordinates>-70.9380957,-34.4734265,0.0</coordinates>
            </Point>
        </Placemark>
        <Placemark id="5170">
            <name>20260107_093633.jpg</name>
            <description>
                
        
<![CDATA[
        <b>File:</b> 20260107_093633.jpg<br>
        <b>Site:</b> La Capilla<br>
        <b>Camera:</b> Ground (Celular)<br>
        <b>Coordinates:</b> -34.473427, -70.938096<br>
        <b>UMAP X:</b> 6.8536763<br>
        <b>UMAP Y:</b> 6.876543<br>
        ]]>                
        
            </description>
            <styleUrl>#5171</styleUrl>
            <Point id="5169">
                <coordinates>-70.9380957,-34.4734265,0.0</coordinates>
            </Point>
        </Placemark>
        <Placemark id="5175">
            <name>20260107_093636.jpg</name>
            <description>
                
        
<![CDATA[
        <b>File:</b> 20260107_093636.jpg<br>
        <b>Site:</b> La Capilla<br>
        <b>Camera:</b> Ground (Celular)<br>
        <b>Coordinates:</b> -34.473526, -70.937851<br>
        <b>UMAP X:</b> 8.207719<br>
        <b>UMAP Y:</b> 7.528792<br>
        ]]>                
        
            </description>
            <styleUrl>#5176</styleUrl>
            <Point id="5174">
                <coordinates>-70.9378506,-34.47352599972223,0.0</coordinates>
            </Point>
        </Placemark>
        <Placemark id="5180">
            <name>20260107_093638.jpg</name>
            <description>
                
        
<![CDATA[
        <b>File:</b> 20260107_093638.jpg<br>
        <b>Site:</b> La Capilla<br>
        <b>Camera:</b> Ground (Celular)<br>
        <b>Coordinates:</b> -34.473534, -70.937845<br>
        <b>UMAP X:</b> 7.294995<br>
        <b>UMAP Y:</b> 5.725122<br>
        ]]>                
        
            </description>
            <styleUrl>#5181</styleUrl>
            <Point id="5179">
                <coordinates>-70.93784469972222,-34.473534399722226,0.0</coordinates>
            </Point>
        </Placemark>
        <Placemark id="5185">
            <name>20260107_093642.jpg</name>
            <description>
                
        
<![CDATA[
        <b>File:</b> 20260107_093642.jpg<br>
        <b>Site:</b> La Capilla<br>
        <b>Camera:</b> Ground (Celular)<br>
        <b>Coordinates:</b> -34.473524, -70.937719<br>
        <b>UMAP X:</b> 8.308023<br>
        <b>UMAP Y:</b> 7.525385<br>
        ]]>                
        
            </description>
            <styleUrl>#5186</styleUrl>
            <Point id="5184">
                <coordinates>-70.93771879972222,-34.4735237,0.0</coordinates>
            </Point>
        </Placemark>
        <Placemark id="5190">
            <name>20260107_093646.jpg</name>
            <description>
                
        
<![CDATA[
        <b>File:</b> 20260107_093646.jpg<br>
        <b>Site:</b> La Capilla<br>
        <b>Camera:</b> Ground (Celular)<br>
        <b>Coordinates:</b> -34.473523, -70.937704<br>
        <b>UMAP X:</b> 6.2240095<br>
        <b>UMAP Y:</b> 4.4833856<br>
        ]]>                
        
            </description>
            <styleUrl>#5191</styleUrl>
            <Point id="5189">
                <coordinates>-70.9377044,-34.473523,0.0</coordinates>
            </Point>
        </Placemark>
        <Placemark id="5195">
            <name>20260107_093648.jpg</name>
            <description>
                
        
<![CDATA[
        <b>File:</b> 20260107_093648.jpg<br>
        <b>Site:</b> La Capilla<br>
        <b>Camera:</b> Ground (Celular)<br>
        <b>Coordinates:</b> -34.473523, -70.937687<br>
        <b>UMAP X:</b> 7.877025<br>
        <b>UMAP Y:</b> 8.171721<br>
        ]]>                
        
            </description>
            <styleUrl>#5196</styleUrl>
            <Point id="5194">
                <coordinates>-70.93768679972223,-34.4735232,0.0</coordinates>
            </Point>
        </Placemark>
        <Placemark id="5200">
            <name>20260107_093652.jpg</name>
            <description>
                
        
<![CDATA[
        <b>File:</b> 20260107_093652.jpg<br>
        <b>Site:</b> La Capilla<br>
        <b>Camera:</b> Ground (Celular)<br>
        <b>Coordinates:</b> -34.473522, -70.937681<br>
        <b>UMAP X:</b> 6.9498463<br>
        <b>UMAP Y:</b> 6.594583<br>
        ]]>                
        
            </description>
            <styleUrl>#5201</styleUrl>
            <Point id="5199">
                <coordinates>-70.9376811,-34.473522099722224,0.0</coordinates>
            </Point>
        </Placemark>
        <Placemark id="5205">
            <name>20260107_093658.jpg</name>
            <description>
                
        
<![CDATA[
        <b>File:</b> 20260107_093658.jpg<br>
        <b>Site:</b> La Capilla<br>
        <b>Camera:</b> Ground (Celular)<br>
        <b>Coordinates:</b> -34.473522, -70.937681<br>
        <b>UMAP X:</b> 7.4337373<br>
        <b>UMAP Y:</b> 7.3414845<br>
        ]]>                
        
            </description>
            <styleUrl>#5206</styleUrl>
            <Point id="5204">
                <coordinates>-70.9376811,-34.473522099722224,0.0</coordinates>
            </Point>
        </Placemark>
        <Placemark id="5210">
            <name>20260107_093701.jpg</name>
            <description>
                
        
<![CDATA[
        <b>File:</b> 20260107_093701.jpg<br>
        <b>Site:</b> La Capilla<br>
        <b>Camera:</b> Ground (Celular)<br>
        <b>Coordinates:</b> -34.473522, -70.937681<br>
        <b>UMAP X:</b> 8.929477<br>
        <b>UMAP Y:</b> 7.350067<br>
        ]]>                
        
            </description>
            <styleUrl>#5211</styleUrl>
            <Point id="5209">
                <coordinates>-70.9376811,-34.473522099722224,0.0</coordinates>
            </Point>
        </Placemark>
        <Placemark id="5215">
            <name>20260107_093710.jpg</name>
            <description>
                
        
<![CDATA[
        <b>File:</b> 20260107_093710.jpg<br>
        <b>Site:</b> La Capilla<br>
        <b>Camera:</b> Ground (Celular)<br>
        <b>Coordinates:</b> -34.473534, -70.937590<br>
        <b>UMAP X:</b> 7.3833394<br>
        <b>UMAP Y:</b> 7.9227405<br>
        ]]>                
        
            </description>
            <styleUrl>#5216</styleUrl>
            <Point id="5214">
                <coordinates>-70.93759009972223,-34.47353449972223,0.0</coordinates>
            </Point>
        </Placemark>
        <Placemark id="5220">
            <name>20260107_093713.jpg</name>
            <description>
                
        
<![CDATA[
        <b>File:</b> 20260107_093713.jpg<br>
        <b>Site:</b> La Capilla<br>
        <b>Camera:</b> Ground (Celular)<br>
        <b>Coordinates:</b> -34.473532, -70.937554<br>
        <b>UMAP X:</b> 7.1384554<br>
        <b>UMAP Y:</b> 5.8003592<br>
        ]]>                
        
            </description>
            <styleUrl>#5221</styleUrl>
            <Point id="5219">
                <coordinates>-70.9375535,-34.4735323,0.0</coordinates>
            </Point>
        </Placemark>
        <Placemark id="5225">
            <name>20260107_093717.jpg</name>
            <description>
                
        
<![CDATA[
        <b>File:</b> 20260107_093717.jpg<br>
        <b>Site:</b> La Capilla<br>
        <b>Camera:</b> Ground (Celular)<br>
        <b>Coordinates:</b> -34.473536, -70.937545<br>
        <b>UMAP X:</b> 6.617538<br>
        <b>UMAP Y:</b> 7.111281<br>
        ]]>                
        
            </description>
            <styleUrl>#5226</styleUrl>
            <Point id="5224">
                <coordinates>-70.93754479972223,-34.4735359,0.0</coordinates>
            </Point>
        </Placemark>
        <Placemark id="5230">
            <name>20260107_093719.jpg</name>
            <description>
                
        
<![CDATA[
        <b>File:</b> 20260107_093719.jpg<br>
        <b>Site:</b> La Capilla<br>
        <b>Camera:</b> Ground (Celular)<br>
        <b>Coordinates:</b> -34.473539, -70.937533<br>
        <b>UMAP X:</b> 5.363091<br>
        <b>UMAP Y:</b> 7.1578684<br>
        ]]>                
        
            </description>
            <styleUrl>#5231</styleUrl>
            <Point id="5229">
                <coordinates>-70.93753309972223,-34.4735389,0.0</coordinates>
            </Point>
        </Placemark>
        <Placemark id="5235">
            <name>20260107_093724.jpg</name>
            <description>
                
        
<![CDATA[
        <b>File:</b> 20260107_093724.jpg<br>
        <b>Site:</b> La Capilla<br>
        <b>Camera:</b> Ground (Celular)<br>
        <b>Coordinates:</b> -34.473543, -70.937501<br>
        <b>UMAP X:</b> 7.90232<br>
        <b>UMAP Y:</b> 8.611276<br>
        ]]>                
        
            </description>
            <styleUrl>#5236</styleUrl>
            <Point id="5234">
                <coordinates>-70.9375011,-34.4735427,0.0</coordinates>
            </Point>
        </Placemark>
        <Placemark id="5240">
            <name>20260107_093726.jpg</name>
            <description>
                
        
<![CDATA[
        <b>File:</b> 20260107_093726.jpg<br>
        <b>Site:</b> La Capilla<br>
        <b>Camera:</b> Ground (Celular)<br>
        <b>Coordinates:</b> -34.473546, -70.937500<br>
        <b>UMAP X:</b> 7.152343<br>
        <b>UMAP Y:</b> 6.548459<br>
        ]]>                
        
            </description>
            <styleUrl>#5241</styleUrl>
            <Point id="5239">
                <coordinates>-70.93750029972223,-34.4735463,0.0</coordinates>
            </Point>
        </Placemark>
        <Placemark id="5245">
            <name>20260107_093730.jpg</name>
            <description>
                
        
<![CDATA[
        <b>File:</b> 20260107_093730.jpg<br>
        <b>Site:</b> La Capilla<br>
        <b>Camera:</b> Ground (Celular)<br>
        <b>Coordinates:</b> -34.473543, -70.937481<br>
        <b>UMAP X:</b> 6.877056<br>
        <b>UMAP Y:</b> 6.141802<br>
        ]]>                
        
            </description>
            <styleUrl>#5246</styleUrl>
            <Point id="5244">
                <coordinates>-70.9374808,-34.473543399722224,0.0</coordinates>
            </Point>
        </Placemark>
        <Placemark id="5250">
            <name>20260107_093733.jpg</name>
            <description>
                
        
<![CDATA[
        <b>File:</b> 20260107_093733.jpg<br>
        <b>Site:</b> La Capilla<br>
        <b>Camera:</b> Ground (Celular)<br>
        <b>Coordinates:</b> -34.473545, -70.937479<br>
        <b>UMAP X:</b> 8.300989<br>
        <b>UMAP Y:</b> 7.8427644<br>
        ]]>                
        
            </description>
            <styleUrl>#5251</styleUrl>
            <Point id="5249">
                <coordinates>-70.93747879972223,-34.47354539972223,0.0</coordinates>
            </Point>
        </Placemark>
        <Placemark id="5255">
            <name>20260107_093736.jpg</name>
            <description>
                
        
<![CDATA[
        <b>File:</b> 20260107_093736.jpg<br>
        <b>Site:</b> La Capilla<br>
        <b>Camera:</b> Ground (Celular)<br>
        <b>Coordinates:</b> -34.473554, -70.937458<br>
        <b>UMAP X:</b> 8.139563<br>
        <b>UMAP Y:</b> 7.7125335<br>
        ]]>                
        
            </description>
            <styleUrl>#5256</styleUrl>
            <Point id="5254">
                <coordinates>-70.9374578,-34.473553699722224,0.0</coordinates>
            </Point>
        </Placemark>
        <Placemark id="5260">
            <name>20260107_093738.jpg</name>
            <description>
                
        
<![CDATA[
        <b>File:</b> 20260107_093738.jpg<br>
        <b>Site:</b> La Capilla<br>
        <b>Camera:</b> Ground (Celular)<br>
        <b>Coordinates:</b> -34.473555, -70.937454<br>
        <b>UMAP X:</b> 9.425759<br>
        <b>UMAP Y:</b> 3.9052458<br>
        ]]>                
        
            </description>
            <styleUrl>#5261</styleUrl>
            <Point id="5259">
                <coordinates>-70.9374537,-34.4735547,0.0</coordinates>
            </Point>
        </Placemark>
        <Placemark id="5265">
            <name>20260107_093740.jpg</name>
            <description>
                
        
<![CDATA[
        <b>File:</b> 20260107_093740.jpg<br>
        <b>Site:</b> La Capilla<br>
        <b>Camera:</b> Ground (Celular)<br>
        <b>Coordinates:</b> -34.473554, -70.937451<br>
        <b>UMAP X:</b> 6.5295<br>
        <b>UMAP Y:</b> 4.4450593<br>
        ]]>                
        
            </description>
            <styleUrl>#5266</styleUrl>
            <Point id="5264">
                <coordinates>-70.93745079972223,-34.4735536,0.0</coordinates>
            </Point>
        </Placemark>
        <Placemark id="5270">
            <name>20260107_093746.jpg</name>
            <description>
                
        
<![CDATA[
        <b>File:</b> 20260107_093746.jpg<br>
        <b>Site:</b> La Capilla<br>
        <b>Camera:</b> Ground (Celular)<br>
        <b>Coordinates:</b> -34.473559, -70.937414<br>
        <b>UMAP X:</b> 7.078648<br>
        <b>UMAP Y:</b> 5.3822126<br>
        ]]>                
        
            </description>
            <styleUrl>#5271</styleUrl>
            <Point id="5269">
                <coordinates>-70.937414,-34.473559,0.0</coordinates>
            </Point>
        </Placemark>
        <Placemark id="5275">
            <name>20260107_093751.jpg</name>
            <description>
                
        
<![CDATA[
        <b>File:</b> 20260107_093751.jpg<br>
        <b>Site:</b> La Capilla<br>
        <b>Camera:</b> Ground (Celular)<br>
        <b>Coordinates:</b> -34.473561, -70.937400<br>
        <b>UMAP X:</b> 7.0729914<br>
        <b>UMAP Y:</b> 5.505136<br>
        ]]>                
        
            </description>
            <styleUrl>#5276</styleUrl>
            <Point id="5274">
                <coordinates>-70.93740029972223,-34.4735607,0.0</coordinates>
            </Point>
        </Placemark>
        <Placemark id="5280">
            <name>20260107_093753.jpg</name>
            <description>
                
        
<![CDATA[
        <b>File:</b> 20260107_093753.jpg<br>
        <b>Site:</b> La Capilla<br>
        <b>Camera:</b> Ground (Celular)<br>
        <b>Coordinates:</b> -34.473568, -70.937384<br>
        <b>UMAP X:</b> 9.24375<br>
        <b>UMAP Y:</b> 3.0109527<br>
        ]]>                
        
            </description>
            <styleUrl>#5281</styleUrl>
            <Point id="5279">
                <coordinates>-70.9373838,-34.473567799722225,0.0</coordinates>
            </Point>
        </Placemark>
        <Placemark id="5285">
            <name>20260107_093756.jpg</name>
            <description>
                
        
<![CDATA[
        <b>File:</b> 20260107_093756.jpg<br>
        <b>Site:</b> La Capilla<br>
        <b>Camera:</b> Ground (Celular)<br>
        <b>Coordinates:</b> -34.473568, -70.937377<br>
        <b>UMAP X:</b> 7.361909<br>
        <b>UMAP Y:</b> 2.4335911<br>
        ]]>                
        
            </description>
            <styleUrl>#5286</styleUrl>
            <Point id="5284">
                <coordinates>-70.9373772,-34.473567699722224,0.0</coordinates>
            </Point>
        </Placemark>
        <Placemark id="5290">
            <name>20260107_093758.jpg</name>
            <description>
                
        
<![CDATA[
        <b>File:</b> 20260107_093758.jpg<br>
        <b>Site:</b> La Capilla<br>
        <b>Camera:</b> Ground (Celular)<br>
        <b>Coordinates:</b> -34.473575, -70.937370<br>
        <b>UMAP X:</b> 6.171308<br>
        <b>UMAP Y:</b> 4.2691116<br>
        ]]>                
        
            </description>
            <styleUrl>#5291</styleUrl>
            <Point id="5289">
                <coordinates>-70.93736979972222,-34.473574999722224,0.0</coordinates>
            </Point>
        </Placemark>
        <Placemark id="5295">
            <name>20260107_093802.jpg</name>
            <description>
                
        
<![CDATA[
        <b>File:</b> 20260107_093802.jpg<br>
        <b>Site:</b> La Capilla<br>
        <b>Camera:</b> Ground (Celular)<br>
        <b>Coordinates:</b> -34.473579, -70.937360<br>
        <b>UMAP X:</b> 6.50149<br>
        <b>UMAP Y:</b> 2.6898782<br>
        ]]>                
        
            </description>
            <styleUrl>#5296</styleUrl>
            <Point id="5294">
                <coordinates>-70.9373601,-34.47357889972223,0.0</coordinates>
            </Point>
        </Placemark>
        <Placemark id="5300">
            <name>20260107_093805.jpg</name>
            <description>
                
        
<![CDATA[
        <b>File:</b> 20260107_093805.jpg<br>
        <b>Site:</b> La Capilla<br>
        <b>Camera:</b> Ground (Celular)<br>
        <b>Coordinates:</b> -34.473577, -70.937345<br>
        <b>UMAP X:</b> 7.413953<br>
        <b>UMAP Y:</b> 3.9670343<br>
        ]]>                
        
            </description>
            <styleUrl>#5301</styleUrl>
            <Point id="5299">
                <coordinates>-70.9373446,-34.473577499722225,0.0</coordinates>
            </Point>
        </Placemark>
        <Placemark id="5305">
            <name>20260107_093809.jpg</name>
            <description>
                
        
<![CDATA[
        <b>File:</b> 20260107_093809.jpg<br>
        <b>Site:</b> La Capilla<br>
        <b>Camera:</b> Ground (Celular)<br>
        <b>Coordinates:</b> -34.473579, -70.937337<br>
        <b>UMAP X:</b> 9.7434635<br>
        <b>UMAP Y:</b> 3.283604<br>
        ]]>                
        
            </description>
            <styleUrl>#5306</styleUrl>
            <Point id="5304">
                <coordinates>-70.93733749972223,-34.4735791,0.0</coordinates>
            </Point>
        </Placemark>
        <Placemark id="5310">
            <name>20260107_093812.jpg</name>
            <description>
                
        
<![CDATA[
        <b>File:</b> 20260107_093812.jpg<br>
        <b>Site:</b> La Capilla<br>
        <b>Camera:</b> Ground (Celular)<br>
        <b>Coordinates:</b> -34.473586, -70.937313<br>
        <b>UMAP X:</b> 7.3650723<br>
        <b>UMAP Y:</b> 3.3531563<br>
        ]]>                
        
            </description>
            <styleUrl>#5311</styleUrl>
            <Point id="5309">
                <coordinates>-70.93731289972223,-34.47358619972223,0.0</coordinates>
            </Point>
        </Placemark>
        <Placemark id="5315">
            <name>20260107_093815.jpg</name>
            <description>
                
        
<![CDATA[
        <b>File:</b> 20260107_093815.jpg<br>
        <b>Site:</b> La Capilla<br>
        <b>Camera:</b> Ground (Celular)<br>
        <b>Coordinates:</b> -34.473585, -70.937311<br>
        <b>UMAP X:</b> 6.6386333<br>
        <b>UMAP Y:</b> 6.110497<br>
        ]]>                
        
            </description>
            <styleUrl>#5316</styleUrl>
            <Point id="5314">
                <coordinates>-70.93731089972222,-34.4735852,0.0</coordinates>
            </Point>
        </Placemark>
        <Placemark id="5320">
            <name>20260107_093817.jpg</name>
            <description>
                
        
<![CDATA[
        <b>File:</b> 20260107_093817.jpg<br>
        <b>Site:</b> La Capilla<br>
        <b>Camera:</b> Ground (Celular)<br>
        <b>Coordinates:</b> -34.473591, -70.937293<br>
        <b>UMAP X:</b> 6.59671<br>
        <b>UMAP Y:</b> 8.5079365<br>
        ]]>                
        
            </description>
            <styleUrl>#5321</styleUrl>
            <Point id="5319">
                <coordinates>-70.9372929,-34.4735911,0.0</coordinates>
            </Point>
        </Placemark>
        <Placemark id="5325">
            <name>20260107_093820.jpg</name>
            <description>
                
        
<![CDATA[
        <b>File:</b> 20260107_093820.jpg<br>
        <b>Site:</b> La Capilla<br>
        <b>Camera:</b> Ground (Celular)<br>
        <b>Coordinates:</b> -34.473589, -70.937284<br>
        <b>UMAP X:</b> 7.388765<br>
        <b>UMAP Y:</b> 7.764454<br>
        ]]>                
        
            </description>
            <styleUrl>#5326</styleUrl>
            <Point id="5324">
                <coordinates>-70.9372838,-34.4735893,0.0</coordinates>
            </Point>
        </Placemark>
        <Placemark id="5330">
            <name>20260107_093828.jpg</name>
            <description>
                
        
<![CDATA[
        <b>File:</b> 20260107_093828.jpg<br>
        <b>Site:</b> La Capilla<br>
        <b>Camera:</b> Ground (Celular)<br>
        <b>Coordinates:</b> -34.473596, -70.937226<br>
        <b>UMAP X:</b> 9.220122<br>
        <b>UMAP Y:</b> 6.760026<br>
        ]]>                
        
            </description>
            <styleUrl>#5331</styleUrl>
            <Point id="5329">
                <coordinates>-70.93722649972223,-34.473595699722225,0.0</coordinates>
            </Point>
        </Placemark>
        <Placemark id="5335">
            <name>20260107_093832.jpg</name>
            <description>
                
        
<![CDATA[
        <b>File:</b> 20260107_093832.jpg<br>
        <b>Site:</b> La Capilla<br>
        <b>Camera:</b> Ground (Celular)<br>
        <b>Coordinates:</b> -34.473597, -70.937223<br>
        <b>UMAP X:</b> 7.52606<br>
        <b>UMAP Y:</b> 4.087638<br>
        ]]>                
        
            </description>
            <styleUrl>#5336</styleUrl>
            <Point id="5334">
                <coordinates>-70.93722289972223,-34.4735974,0.0</coordinates>
            </Point>
        </Placemark>
        <Placemark id="5340">
            <name>20260107_093834.jpg</name>
            <description>
                
        
<![CDATA[
        <b>File:</b> 20260107_093834.jpg<br>
        <b>Site:</b> La Capilla<br>
        <b>Camera:</b> Ground (Celular)<br>
        <b>Coordinates:</b> -34.473598, -70.937211<br>
        <b>UMAP X:</b> 7.53435<br>
        <b>UMAP Y:</b> 3.084214<br>
        ]]>                
        
            </description>
            <styleUrl>#5341</styleUrl>
            <Point id="5339">
                <coordinates>-70.93721139972223,-34.4735979,0.0</coordinates>
            </Point>
        </Placemark>
        <Placemark id="5345">
            <name>20260107_093838.jpg</name>
            <description>
                
        
<![CDATA[
        <b>File:</b> 20260107_093838.jpg<br>
        <b>Site:</b> La Capilla<br>
        <b>Camera:</b> Ground (Celular)<br>
        <b>Coordinates:</b> -34.473599, -70.937201<br>
        <b>UMAP X:</b> 7.296173<br>
        <b>UMAP Y:</b> 2.5140896<br>
        ]]>                
        
            </description>
            <styleUrl>#5346</styleUrl>
            <Point id="5344">
                <coordinates>-70.93720059972223,-34.473599399722225,0.0</coordinates>
            </Point>
        </Placemark>
        <Placemark id="5350">
            <name>20260107_093843.jpg</name>
            <description>
                
        
<![CDATA[
        <b>File:</b> 20260107_093843.jpg<br>
        <b>Site:</b> La Capilla<br>
        <b>Camera:</b> Ground (Celular)<br>
        <b>Coordinates:</b> -34.473606, -70.937159<br>
        <b>UMAP X:</b> 9.7557125<br>
        <b>UMAP Y:</b> 6.626201<br>
        ]]>                
        
            </description>
            <styleUrl>#5351</styleUrl>
            <Point id="5349">
                <coordinates>-70.93715919972223,-34.4736063,0.0</coordinates>
            </Point>
        </Placemark>
        <Placemark id="5355">
            <name>20260107_093846.jpg</name>
            <description>
                
        
<![CDATA[
        <b>File:</b> 20260107_093846.jpg<br>
        <b>Site:</b> La Capilla<br>
        <b>Camera:</b> Ground (Celular)<br>
        <b>Coordinates:</b> -34.473612, -70.937148<br>
        <b>UMAP X:</b> 5.1211677<br>
        <b>UMAP Y:</b> 6.958849<br>
        ]]>                
        
            </description>
            <styleUrl>#5356</styleUrl>
            <Point id="5354">
                <coordinates>-70.93714819972223,-34.4736124,0.0</coordinates>
            </Point>
        </Placemark>
        <Placemark id="5360">
            <name>20260107_093850.jpg</name>
            <description>
                
        
<![CDATA[
        <b>File:</b> 20260107_093850.jpg<br>
        <b>Site:</b> La Capilla<br>
        <b>Camera:</b> Ground (Celular)<br>
        <b>Coordinates:</b> -34.473615, -70.937142<br>
        <b>UMAP X:</b> 7.6765795<br>
        <b>UMAP Y:</b> 8.750424<br>
        ]]>                
        
            </description>
            <styleUrl>#5361</styleUrl>
            <Point id="5359">
                <coordinates>-70.9371423,-34.473614599722225,0.0</coordinates>
            </Point>
        </Placemark>
        <Placemark id="5365">
            <name>20260107_093856.jpg</name>
            <description>
                
        
<![CDATA[
        <b>File:</b> 20260107_093856.jpg<br>
        <b>Site:</b> La Capilla<br>
        <b>Camera:</b> Ground (Celular)<br>
        <b>Coordinates:</b> -34.473613, -70.937109<br>
        <b>UMAP X:</b> 8.933142<br>
        <b>UMAP Y:</b> 7.3824325<br>
        ]]>                
        
            </description>
            <styleUrl>#5366</styleUrl>
            <Point id="5364">
                <coordinates>-70.93710939972223,-34.4736131,0.0</coordinates>
            </Point>
        </Placemark>
        <Placemark id="5370">
            <name>20260107_093859.jpg</name>
            <description>
                
        
<![CDATA[
        <b>File:</b> 20260107_093859.jpg<br>
        <b>Site:</b> La Capilla<br>
        <b>Camera:</b> Ground (Celular)<br>
        <b>Coordinates:</b> -34.473618, -70.937085<br>
        <b>UMAP X:</b> 7.7790833<br>
        <b>UMAP Y:</b> 8.6196575<br>
        ]]>                
        
            </description>
            <styleUrl>#5371</styleUrl>
            <Point id="5369">
                <coordinates>-70.9370849,-34.47361779972223,0.0</coordinates>
            </Point>
        </Placemark>
        <Placemark id="5375">
            <name>20260107_093901.jpg</name>
            <description>
                
        
<![CDATA[
        <b>File:</b> 20260107_093901.jpg<br>
        <b>Site:</b> La Capilla<br>
        <b>Camera:</b> Ground (Celular)<br>
        <b>Coordinates:</b> -34.473618, -70.937085<br>
        <b>UMAP X:</b> 8.120956<br>
        <b>UMAP Y:</b> 8.074987<br>
        ]]>                
        
            </description>
            <styleUrl>#5376</styleUrl>
            <Point id="5374">
                <coordinates>-70.9370849,-34.47361779972223,0.0</coordinates>
            </Point>
        </Placemark>
        <Placemark id="5380">
            <name>20260107_093903.jpg</name>
            <description>
                
        
<![CDATA[
        <b>File:</b> 20260107_093903.jpg<br>
        <b>Site:</b> La Capilla<br>
        <b>Camera:</b> Ground (Celular)<br>
        <b>Coordinates:</b> -34.473618, -70.937085<br>
        <b>UMAP X:</b> 6.6975007<br>
        <b>UMAP Y:</b> 8.787694<br>
        ]]>                
        
            </description>
            <styleUrl>#5381</styleUrl>
            <Point id="5379">
                <coordinates>-70.9370849,-34.47361779972223,0.0</coordinates>
            </Point>
        </Placemark>
        <Placemark id="5385">
            <name>20260107_093907.jpg</name>
            <description>
                
        
<![CDATA[
        <b>File:</b> 20260107_093907.jpg<br>
        <b>Site:</b> La Capilla<br>
        <b>Camera:</b> Ground (Celular)<br>
        <b>Coordinates:</b> -34.473618, -70.937085<br>
        <b>UMAP X:</b> 7.4810424<br>
        <b>UMAP Y:</b> 7.9906373<br>
        ]]>                
        
            </description>
            <styleUrl>#5386</styleUrl>
            <Point id="5384">
                <coordinates>-70.9370849,-34.47361779972223,0.0</coordinates>
            </Point>
        </Placemark>
        <Placemark id="5390">
            <name>20260107_093908.jpg</name>
            <description>
                
        
<![CDATA[
        <b>File:</b> 20260107_093908.jpg<br>
        <b>Site:</b> La Capilla<br>
        <b>Camera:</b> Ground (Celular)<br>
        <b>Coordinates:</b> -34.473618, -70.937085<br>
        <b>UMAP X:</b> 7.475959<br>
        <b>UMAP Y:</b> 5.7002707<br>
        ]]>                
        
            </description>
            <styleUrl>#5391</styleUrl>
            <Point id="5389">
                <coordinates>-70.9370849,-34.47361779972223,0.0</coordinates>
            </Point>
        </Placemark>
        <Placemark id="5395">
            <name>20260107_093914.jpg</name>
            <description>
                
        
<![CDATA[
        <b>File:</b> 20260107_093914.jpg<br>
        <b>Site:</b> La Capilla<br>
        <b>Camera:</b> Ground (Celular)<br>
        <b>Coordinates:</b> -34.473618, -70.937085<br>
        <b>UMAP X:</b> 5.317115<br>
        <b>UMAP Y:</b> 6.766279<br>
        ]]>                
        
            </description>
            <styleUrl>#5396</styleUrl>
            <Point id="5394">
                <coordinates>-70.9370849,-34.47361779972223,0.0</coordinates>
            </Point>
        </Placemark>
        <Placemark id="5400">
            <name>20260107_093916.jpg</name>
            <description>
                
        
<![CDATA[
        <b>File:</b> 20260107_093916.jpg<br>
        <b>Site:</b> La Capilla<br>
        <b>Camera:</b> Ground (Celular)<br>
        <b>Coordinates:</b> -34.473618, -70.937085<br>
        <b>UMAP X:</b> 7.518304<br>
        <b>UMAP Y:</b> 6.9806323<br>
        ]]>                
        
            </description>
            <styleUrl>#5401</styleUrl>
            <Point id="5399">
                <coordinates>-70.9370849,-34.47361779972223,0.0</coordinates>
            </Point>
        </Placemark>
        <Placemark id="5405">
            <name>20260107_093921.jpg</name>
            <description>
                
        
<![CDATA[
        <b>File:</b> 20260107_093921.jpg<br>
        <b>Site:</b> La Capilla<br>
        <b>Camera:</b> Ground (Celular)<br>
        <b>Coordinates:</b> -34.473618, -70.937085<br>
        <b>UMAP X:</b> 8.113796<br>
        <b>UMAP Y:</b> 7.422497<br>
        ]]>                
        
            </description>
            <styleUrl>#5406</styleUrl>
            <Point id="5404">
                <coordinates>-70.9370849,-34.47361779972223,0.0</coordinates>
            </Point>
        </Placemark>
        <Placemark id="5410">
            <name>20260107_093923.jpg</name>
            <description>
                
        
<![CDATA[
        <b>File:</b> 20260107_093923.jpg<br>
        <b>Site:</b> La Capilla<br>
        <b>Camera:</b> Ground (Celular)<br>
        <b>Coordinates:</b> -34.473618, -70.937085<br>
        <b>UMAP X:</b> 9.638384<br>
        <b>UMAP Y:</b> 3.8886406<br>
        ]]>                
        
            </description>
            <styleUrl>#5411</styleUrl>
            <Point id="5409">
                <coordinates>-70.9370849,-34.47361779972223,0.0</coordinates>
            </Point>
        </Placemark>
        <Placemark id="5415">
            <name>20260107_093929.jpg</name>
            <description>
                
        
<![CDATA[
        <b>File:</b> 20260107_093929.jpg<br>
        <b>Site:</b> La Capilla<br>
        <b>Camera:</b> Ground (Celular)<br>
        <b>Coordinates:</b> -34.473618, -70.937085<br>
        <b>UMAP X:</b> 7.40243<br>
        <b>UMAP Y:</b> 4.035537<br>
        ]]>                
        
            </description>
            <styleUrl>#5416</styleUrl>
            <Point id="5414">
                <coordinates>-70.9370849,-34.47361779972223,0.0</coordinates>
            </Point>
        </Placemark>
        <Placemark id="5420">
            <name>20260107_093934.jpg</name>
            <description>
                
        
<![CDATA[
        <b>File:</b> 20260107_093934.jpg<br>
        <b>Site:</b> La Capilla<br>
        <b>Camera:</b> Ground (Celular)<br>
        <b>Coordinates:</b> -34.473618, -70.937085<br>
        <b>UMAP X:</b> 7.5002685<br>
        <b>UMAP Y:</b> 9.053583<br>
        ]]>                
        
            </description>
            <styleUrl>#5421</styleUrl>
            <Point id="5419">
                <coordinates>-70.9370849,-34.47361779972223,0.0</coordinates>
            </Point>
        </Placemark>
        <Placemark id="5425">
            <name>20260107_093936.jpg</name>
            <description>
                
        
<![CDATA[
        <b>File:</b> 20260107_093936.jpg<br>
        <b>Site:</b> La Capilla<br>
        <b>Camera:</b> Ground (Celular)<br>
        <b>Coordinates:</b> -34.473618, -70.937085<br>
        <b>UMAP X:</b> 9.16137<br>
        <b>UMAP Y:</b> 6.9738603<br>
        ]]>                
        
            </description>
            <styleUrl>#5426</styleUrl>
            <Point id="5424">
                <coordinates>-70.9370849,-34.47361779972223,0.0</coordinates>
            </Point>
        </Placemark>
        <Placemark id="5430">
            <name>20260107_093940.jpg</name>
            <description>
                
        
<![CDATA[
        <b>File:</b> 20260107_093940.jpg<br>
        <b>Site:</b> La Capilla<br>
        <b>Camera:</b> Ground (Celular)<br>
        <b>Coordinates:</b> -34.473668, -70.936974<br>
        <b>UMAP X:</b> 9.752563<br>
        <b>UMAP Y:</b> 3.3273816<br>
        ]]>                
        
            </description>
            <styleUrl>#5431</styleUrl>
            <Point id="5429">
                <coordinates>-70.93697439972223,-34.473667599722226,0.0</coordinates>
            </Point>
        </Placemark>
        <Placemark id="5435">
            <name>20260107_093942.jpg</name>
            <description>
                
        
<![CDATA[
        <b>File:</b> 20260107_093942.jpg<br>
        <b>Site:</b> La Capilla<br>
        <b>Camera:</b> Ground (Celular)<br>
        <b>Coordinates:</b> -34.473666, -70.936965<br>
        <b>UMAP X:</b> 8.5365305<br>
        <b>UMAP Y:</b> 5.081782<br>
        ]]>                
        
            </description>
            <styleUrl>#5436</styleUrl>
            <Point id="5434">
                <coordinates>-70.93696529972223,-34.4736659,0.0</coordinates>
            </Point>
        </Placemark>
        <Placemark id="5440">
            <name>20260107_093946.jpg</name>
            <description>
                
        
<![CDATA[
        <b>File:</b> 20260107_093946.jpg<br>
        <b>Site:</b> La Capilla<br>
        <b>Camera:</b> Ground (Celular)<br>
        <b>Coordinates:</b> -34.473666, -70.936965<br>
        <b>UMAP X:</b> 7.165947<br>
        <b>UMAP Y:</b> 3.9888802<br>
        ]]>                
        
            </description>
            <styleUrl>#5441</styleUrl>
            <Point id="5439">
                <coordinates>-70.93696529972223,-34.4736659,0.0</coordinates>
            </Point>
        </Placemark>
        <Placemark id="5445">
            <name>20260107_093952.jpg</name>
            <description>
                
        
<![CDATA[
        <b>File:</b> 20260107_093952.jpg<br>
        <b>Site:</b> La Capilla<br>
        <b>Camera:</b> Ground (Celular)<br>
        <b>Coordinates:</b> -34.473666, -70.936965<br>
        <b>UMAP X:</b> 7.061267<br>
        <b>UMAP Y:</b> 5.7178307<br>
        ]]>                
        
            </description>
            <styleUrl>#5446</styleUrl>
            <Point id="5444">
                <coordinates>-70.93696529972223,-34.4736659,0.0</coordinates>
            </Point>
        </Placemark>
        <Placemark id="5450">
            <name>20260107_093955.jpg</name>
            <description>
                
        
<![CDATA[
        <b>File:</b> 20260107_093955.jpg<br>
        <b>Site:</b> La Capilla<br>
        <b>Camera:</b> Ground (Celular)<br>
        <b>Coordinates:</b> -34.473666, -70.936965<br>
        <b>UMAP X:</b> 6.7498755<br>
        <b>UMAP Y:</b> 4.45876<br>
        ]]>                
        
            </description>
            <styleUrl>#5451</styleUrl>
            <Point id="5449">
                <coordinates>-70.93696529972223,-34.4736659,0.0</coordinates>
            </Point>
        </Placemark>
        <Placemark id="5455">
            <name>20260107_094000.jpg</name>
            <description>
                
        
<![CDATA[
        <b>File:</b> 20260107_094000.jpg<br>
        <b>Site:</b> La Capilla<br>
        <b>Camera:</b> Ground (Celular)<br>
        <b>Coordinates:</b> -34.473666, -70.936965<br>
        <b>UMAP X:</b> 6.247013<br>
        <b>UMAP Y:</b> 7.883189<br>
        ]]>                
        
            </description>
            <styleUrl>#5456</styleUrl>
            <Point id="5454">
                <coordinates>-70.93696529972223,-34.4736659,0.0</coordinates>
            </Point>
        </Placemark>
        <Placemark id="5460">
            <name>20260107_094002.jpg</name>
            <description>
                
        
<![CDATA[
        <b>File:</b> 20260107_094002.jpg<br>
        <b>Site:</b> La Capilla<br>
        <b>Camera:</b> Ground (Celular)<br>
        <b>Coordinates:</b> -34.473666, -70.936965<br>
        <b>UMAP X:</b> 9.625289<br>
        <b>UMAP Y:</b> 7.174797<br>
        ]]>                
        
            </description>
            <styleUrl>#5461</styleUrl>
            <Point id="5459">
                <coordinates>-70.93696529972223,-34.4736659,0.0</coordinates>
            </Point>
        </Placemark>
        <Placemark id="5465">
            <name>20260107_094005.jpg</name>
            <description>
                
        
<![CDATA[
        <b>File:</b> 20260107_094005.jpg<br>
        <b>Site:</b> La Capilla<br>
        <b>Camera:</b> Ground (Celular)<br>
        <b>Coordinates:</b> -34.473666, -70.936965<br>
        <b>UMAP X:</b> 6.6840963<br>
        <b>UMAP Y:</b> 5.631181<br>
        ]]>                
        
            </description>
            <styleUrl>#5466</styleUrl>
            <Point id="5464">
                <coordinates>-70.93696529972223,-34.4736659,0.0</coordinates>
            </Point>
        </Placemark>
        <Placemark id="5470">
            <name>20260107_094008.jpg</name>
            <description>
                
        
<![CDATA[
        <b>File:</b> 20260107_094008.jpg<br>
        <b>Site:</b> La Capilla<br>
        <b>Camera:</b> Ground (Celular)<br>
        <b>Coordinates:</b> -34.473666, -70.936965<br>
        <b>UMAP X:</b> 9.361436<br>
        <b>UMAP Y:</b> 2.890287<br>
        ]]>                
        
            </description>
            <styleUrl>#5471</styleUrl>
            <Point id="5469">
                <coordinates>-70.93696529972223,-34.4736659,0.0</coordinates>
            </Point>
        </Placemark>
        <Placemark id="5475">
            <name>20260107_094013.jpg</name>
            <description>
                
        
<![CDATA[
        <b>File:</b> 20260107_094013.jpg<br>
        <b>Site:</b> La Capilla<br>
        <b>Camera:</b> Ground (Celular)<br>
        <b>Coordinates:</b> -34.473686, -70.936836<br>
        <b>UMAP X:</b> 8.173905<br>
        <b>UMAP Y:</b> 8.104931<br>
        ]]>                
        
            </description>
            <styleUrl>#5476</styleUrl>
            <Point id="5474">
                <coordinates>-70.9368359,-34.47368589972223,0.0</coordinates>
            </Point>
        </Placemark>
        <Placemark id="5480">
            <name>20260107_094017.jpg</name>
            <description>
                
        
<![CDATA[
        <b>File:</b> 20260107_094017.jpg<br>
        <b>Site:</b> La Capilla<br>
        <b>Camera:</b> Ground (Celular)<br>
        <b>Coordinates:</b> -34.473686, -70.936836<br>
        <b>UMAP X:</b> 7.564911<br>
        <b>UMAP Y:</b> 5.0303617<br>
        ]]>                
        
            </description>
            <styleUrl>#5481</styleUrl>
            <Point id="5479">
                <coordinates>-70.9368359,-34.47368589972223,0.0</coordinates>
            </Point>
        </Placemark>
        <Placemark id="5485">
            <name>20260107_094021.jpg</name>
            <description>
                
        
<![CDATA[
        <b>File:</b> 20260107_094021.jpg<br>
        <b>Site:</b> La Capilla<br>
        <b>Camera:</b> Ground (Celular)<br>
        <b>Coordinates:</b> -34.473679, -70.936791<br>
        <b>UMAP X:</b> 6.4590826<br>
        <b>UMAP Y:</b> 4.462715<br>
        ]]>                
        
            </description>
            <styleUrl>#5486</styleUrl>
            <Point id="5484">
                <coordinates>-70.93679079972223,-34.4736794,0.0</coordinates>
            </Point>
        </Placemark>
        <Placemark id="5490">
            <name>20260107_094023.jpg</name>
            <description>
                
        
<![CDATA[
        <b>File:</b> 20260107_094023.jpg<br>
        <b>Site:</b> La Capilla<br>
        <b>Camera:</b> Ground (Celular)<br>
        <b>Coordinates:</b> -34.473679, -70.936791<br>
        <b>UMAP X:</b> 9.074898<br>
        <b>UMAP Y:</b> 8.469915<br>
        ]]>                
        
            </description>
            <styleUrl>#5491</styleUrl>
            <Point id="5489">
                <coordinates>-70.93679079972223,-34.4736794,0.0</coordinates>
            </Point>
        </Placemark>
        <Placemark id="5495">
            <name>20260107_094026.jpg</name>
            <description>
                
        
<![CDATA[
        <b>File:</b> 20260107_094026.jpg<br>
        <b>Site:</b> La Capilla<br>
        <b>Camera:</b> Ground (Celular)<br>
        <b>Coordinates:</b> -34.473679, -70.936791<br>
        <b>UMAP X:</b> 8.408791<br>
        <b>UMAP Y:</b> 8.128543<br>
        ]]>                
        
            </description>
            <styleUrl>#5496</styleUrl>
            <Point id="5494">
                <coordinates>-70.93679079972223,-34.4736794,0.0</coordinates>
            </Point>
        </Placemark>
        <Placemark id="5500">
            <name>20260107_094029.jpg</name>
            <description>
                
        
<![CDATA[
        <b>File:</b> 20260107_094029.jpg<br>
        <b>Site:</b> La Capilla<br>
        <b>Camera:</b> Ground (Celular)<br>
        <b>Coordinates:</b> -34.473679, -70.936791<br>
        <b>UMAP X:</b> 8.422347<br>
        <b>UMAP Y:</b> 6.77204<br>
        ]]>                
        
            </description>
            <styleUrl>#5501</styleUrl>
            <Point id="5499">
                <coordinates>-70.93679079972223,-34.4736794,0.0</coordinates>
            </Point>
        </Placemark>
        <Placemark id="5505">
            <name>20260107_094035.jpg</name>
            <description>
                
        
<![CDATA[
        <b>File:</b> 20260107_094035.jpg<br>
        <b>Site:</b> La Capilla<br>
        <b>Camera:</b> Ground (Celular)<br>
        <b>Coordinates:</b> -34.473679, -70.936791<br>
        <b>UMAP X:</b> 7.364019<br>
        <b>UMAP Y:</b> 9.0055895<br>
        ]]>                
        
            </description>
            <styleUrl>#5506</styleUrl>
            <Point id="5504">
                <coordinates>-70.93679079972223,-34.4736794,0.0</coordinates>
            </Point>
        </Placemark>
        <Placemark id="5510">
            <name>20260107_094039.jpg</name>
            <description>
                
        
<![CDATA[
        <b>File:</b> 20260107_094039.jpg<br>
        <b>Site:</b> La Capilla<br>
        <b>Camera:</b> Ground (Celular)<br>
        <b>Coordinates:</b> -34.473679, -70.936791<br>
        <b>UMAP X:</b> 8.586666<br>
        <b>UMAP Y:</b> 7.090874<br>
        ]]>                
        
            </description>
            <styleUrl>#5511</styleUrl>
            <Point id="5509">
                <coordinates>-70.93679079972223,-34.4736794,0.0</coordinates>
            </Point>
        </Placemark>
        <Placemark id="5515">
            <name>20260107_094043.jpg</name>
            <description>
                
        
<![CDATA[
        <b>File:</b> 20260107_094043.jpg<br>
        <b>Site:</b> La Capilla<br>
        <b>Camera:</b> Ground (Celular)<br>
        <b>Coordinates:</b> -34.473679, -70.936791<br>
        <b>UMAP X:</b> 7.2763596<br>
        <b>UMAP Y:</b> 4.025059<br>
        ]]>                
        
            </description>
            <styleUrl>#5516</styleUrl>
            <Point id="5514">
                <coordinates>-70.93679079972223,-34.4736794,0.0</coordinates>
            </Point>
        </Placemark>
        <Placemark id="5520">
            <name>20260107_094048.jpg</name>
            <description>
                
        
<![CDATA[
        <b>File:</b> 20260107_094048.jpg<br>
        <b>Site:</b> La Capilla<br>
        <b>Camera:</b> Ground (Celular)<br>
        <b>Coordinates:</b> -34.473679, -70.936791<br>
        <b>UMAP X:</b> 9.109428<br>
        <b>UMAP Y:</b> 2.963231<br>
        ]]>                
        
            </description>
            <styleUrl>#5521</styleUrl>
            <Point id="5519">
                <coordinates>-70.93679079972223,-34.4736794,0.0</coordinates>
            </Point>
        </Placemark>
        <Placemark id="5525">
            <name>20260107_094050.jpg</name>
            <description>
                
        
<![CDATA[
        <b>File:</b> 20260107_094050.jpg<br>
        <b>Site:</b> La Capilla<br>
        <b>Camera:</b> Ground (Celular)<br>
        <b>Coordinates:</b> -34.473679, -70.936791<br>
        <b>UMAP X:</b> 8.77161<br>
        <b>UMAP Y:</b> 2.554186<br>
        ]]>                
        
            </description>
            <styleUrl>#5526</styleUrl>
            <Point id="5524">
                <coordinates>-70.93679079972223,-34.4736794,0.0</coordinates>
            </Point>
        </Placemark>
        <Placemark id="5530">
            <name>20260107_094052.jpg</name>
            <description>
                
        
<![CDATA[
        <b>File:</b> 20260107_094052.jpg<br>
        <b>Site:</b> La Capilla<br>
        <b>Camera:</b> Ground (Celular)<br>
        <b>Coordinates:</b> -34.473679, -70.936791<br>
        <b>UMAP X:</b> 8.736828<br>
        <b>UMAP Y:</b> 5.889466<br>
        ]]>                
        
            </description>
            <styleUrl>#5531</styleUrl>
            <Point id="5529">
                <coordinates>-70.93679079972223,-34.4736794,0.0</coordinates>
            </Point>
        </Placemark>
        <Placemark id="5535">
            <name>20260107_094055.jpg</name>
            <description>
                
        
<![CDATA[
        <b>File:</b> 20260107_094055.jpg<br>
        <b>Site:</b> La Capilla<br>
        <b>Camera:</b> Ground (Celular)<br>
        <b>Coordinates:</b> -34.473679, -70.936791<br>
        <b>UMAP X:</b> 6.4910126<br>
        <b>UMAP Y:</b> 4.793247<br>
        ]]>                
        
            </description>
            <styleUrl>#5536</styleUrl>
            <Point id="5534">
                <coordinates>-70.93679079972223,-34.4736794,0.0</coordinates>
            </Point>
        </Placemark>
        <Placemark id="5540">
            <name>20260107_094057.jpg</name>
            <description>
                
        
<![CDATA[
        <b>File:</b> 20260107_094057.jpg<br>
        <b>Site:</b> La Capilla<br>
        <b>Camera:</b> Ground (Celular)<br>
        <b>Coordinates:</b> -34.473679, -70.936791<br>
        <b>UMAP X:</b> 7.014392<br>
        <b>UMAP Y:</b> 6.4044523<br>
        ]]>                
        
            </description>
            <styleUrl>#5541</styleUrl>
            <Point id="5539">
                <coordinates>-70.93679079972223,-34.4736794,0.0</coordinates>
            </Point>
        </Placemark>
        <Placemark id="5545">
            <name>20260107_094059.jpg</name>
            <description>
                
        
<![CDATA[
        <b>File:</b> 20260107_094059.jpg<br>
        <b>Site:</b> La Capilla<br>
        <b>Camera:</b> Ground (Celular)<br>
        <b>Coordinates:</b> -34.473679, -70.936791<br>
        <b>UMAP X:</b> 9.770061<br>
        <b>UMAP Y:</b> 3.5277996<br>
        ]]>                
        
            </description>
            <styleUrl>#5546</styleUrl>
            <Point id="5544">
                <coordinates>-70.93679079972223,-34.4736794,0.0</coordinates>
            </Point>
        </Placemark>
        <Placemark id="5550">
            <name>20260107_094107.jpg</name>
            <description>
                
        
<![CDATA[
        <b>File:</b> 20260107_094107.jpg<br>
        <b>Site:</b> La Capilla<br>
        <b>Camera:</b> Ground (Celular)<br>
        <b>Coordinates:</b> -34.473679, -70.936791<br>
        <b>UMAP X:</b> 6.977379<br>
        <b>UMAP Y:</b> 3.9125812<br>
        ]]>                
        
            </description>
            <styleUrl>#5551</styleUrl>
            <Point id="5549">
                <coordinates>-70.93679079972223,-34.4736794,0.0</coordinates>
            </Point>
        </Placemark>
        <Placemark id="5555">
            <name>20260107_094113.jpg</name>
            <description>
                
        
<![CDATA[
        <b>File:</b> 20260107_094113.jpg<br>
        <b>Site:</b> La Capilla<br>
        <b>Camera:</b> Ground (Celular)<br>
        <b>Coordinates:</b> -34.473769, -70.936557<br>
        <b>UMAP X:</b> 7.448069<br>
        <b>UMAP Y:</b> 3.0815017<br>
        ]]>                
        
            </description>
            <styleUrl>#5556</styleUrl>
            <Point id="5554">
                <coordinates>-70.93655669972223,-34.4737689,0.0</coordinates>
            </Point>
        </Placemark>
        <Placemark id="5560">
            <name>20260107_094116.jpg</name>
            <description>
                
        
<![CDATA[
        <b>File:</b> 20260107_094116.jpg<br>
        <b>Site:</b> La Capilla<br>
        <b>Camera:</b> Ground (Celular)<br>
        <b>Coordinates:</b> -34.473769, -70.936557<br>
        <b>UMAP X:</b> 7.7390504<br>
        <b>UMAP Y:</b> 8.073201<br>
        ]]>                
        
            </description>
            <styleUrl>#5561</styleUrl>
            <Point id="5559">
                <coordinates>-70.93655669972223,-34.4737689,0.0</coordinates>
            </Point>
        </Placemark>
        <Placemark id="5565">
            <name>20260107_094119.jpg</name>
            <description>
                
        
<![CDATA[
        <b>File:</b> 20260107_094119.jpg<br>
        <b>Site:</b> La Capilla<br>
        <b>Camera:</b> Ground (Celular)<br>
        <b>Coordinates:</b> -34.473769, -70.936557<br>
        <b>UMAP X:</b> 7.609068<br>
        <b>UMAP Y:</b> 4.2694936<br>
        ]]>                
        
            </description>
            <styleUrl>#5566</styleUrl>
            <Point id="5564">
                <coordinates>-70.93655669972223,-34.4737689,0.0</coordinates>
            </Point>
        </Placemark>
        <Placemark id="5570">
            <name>20260107_094122.jpg</name>
            <description>
                
        
<![CDATA[
        <b>File:</b> 20260107_094122.jpg<br>
        <b>Site:</b> La Capilla<br>
        <b>Camera:</b> Ground (Celular)<br>
        <b>Coordinates:</b> -34.473769, -70.936557<br>
        <b>UMAP X:</b> 7.117866<br>
        <b>UMAP Y:</b> 3.5647485<br>
        ]]>                
        
            </description>
            <styleUrl>#5571</styleUrl>
            <Point id="5569">
                <coordinates>-70.93655669972223,-34.4737689,0.0</coordinates>
            </Point>
        </Placemark>
        <Placemark id="5575">
            <name>20260107_094126.jpg</name>
            <description>
                
        
<![CDATA[
        <b>File:</b> 20260107_094126.jpg<br>
        <b>Site:</b> La Capilla<br>
        <b>Camera:</b> Ground (Celular)<br>
        <b>Coordinates:</b> -34.473769, -70.936557<br>
        <b>UMAP X:</b> 5.853103<br>
        <b>UMAP Y:</b> 7.7867103<br>
        ]]>                
        
            </description>
            <styleUrl>#5576</styleUrl>
            <Point id="5574">
                <coordinates>-70.93655669972223,-34.4737689,0.0</coordinates>
            </Point>
        </Placemark>
        <Placemark id="5580">
            <name>20260107_094129.jpg</name>
            <description>
                
        
<![CDATA[
        <b>File:</b> 20260107_094129.jpg<br>
        <b>Site:</b> La Capilla<br>
        <b>Camera:</b> Ground (Celular)<br>
        <b>Coordinates:</b> -34.473769, -70.936557<br>
        <b>UMAP X:</b> 7.805037<br>
        <b>UMAP Y:</b> 2.8530993<br>
        ]]>                
        
            </description>
            <styleUrl>#5581</styleUrl>
            <Point id="5579">
                <coordinates>-70.93655669972223,-34.4737689,0.0</coordinates>
            </Point>
        </Placemark>
        <Placemark id="5585">
            <name>20260107_094132.jpg</name>
            <description>
                
        
<![CDATA[
        <b>File:</b> 20260107_094132.jpg<br>
        <b>Site:</b> La Capilla<br>
        <b>Camera:</b> Ground (Celular)<br>
        <b>Coordinates:</b> -34.473769, -70.936557<br>
        <b>UMAP X:</b> 7.2072973<br>
        <b>UMAP Y:</b> 5.267763<br>
        ]]>                
        
            </description>
            <styleUrl>#5586</styleUrl>
            <Point id="5584">
                <coordinates>-70.93655669972223,-34.4737689,0.0</coordinates>
            </Point>
        </Placemark>
        <Placemark id="5590">
            <name>20260107_094135.jpg</name>
            <description>
                
        
<![CDATA[
        <b>File:</b> 20260107_094135.jpg<br>
        <b>Site:</b> La Capilla<br>
        <b>Camera:</b> Ground (Celular)<br>
        <b>Coordinates:</b> -34.473769, -70.936557<br>
        <b>UMAP X:</b> 7.579004<br>
        <b>UMAP Y:</b> 7.409746<br>
        ]]>                
        
            </description>
            <styleUrl>#5591</styleUrl>
            <Point id="5589">
                <coordinates>-70.93655669972223,-34.4737689,0.0</coordinates>
            </Point>
        </Placemark>
        <Placemark id="5595">
            <name>20260107_094139.jpg</name>
            <description>
                
        
<![CDATA[
        <b>File:</b> 20260107_094139.jpg<br>
        <b>Site:</b> La Capilla<br>
        <b>Camera:</b> Ground (Celular)<br>
        <b>Coordinates:</b> -34.473741, -70.936445<br>
        <b>UMAP X:</b> 6.156635<br>
        <b>UMAP Y:</b> 4.375088<br>
        ]]>                
        
            </description>
            <styleUrl>#5596</styleUrl>
            <Point id="5594">
                <coordinates>-70.9364448,-34.47374059972223,0.0</coordinates>
            </Point>
        </Placemark>
        <Placemark id="5600">
            <name>20260107_094142.jpg</name>
            <description>
                
        
<![CDATA[
        <b>File:</b> 20260107_094142.jpg<br>
        <b>Site:</b> La Capilla<br>
        <b>Camera:</b> Ground (Celular)<br>
        <b>Coordinates:</b> -34.473749, -70.936447<br>
        <b>UMAP X:</b> 6.120952<br>
        <b>UMAP Y:</b> 6.7324624<br>
        ]]>                
        
            </description>
            <styleUrl>#5601</styleUrl>
            <Point id="5599">
                <coordinates>-70.9364465,-34.47374909972223,0.0</coordinates>
            </Point>
        </Placemark>
        <Placemark id="5605">
            <name>20260107_094145.jpg</name>
            <description>
                
        
<![CDATA[
        <b>File:</b> 20260107_094145.jpg<br>
        <b>Site:</b> La Capilla<br>
        <b>Camera:</b> Ground (Celular)<br>
        <b>Coordinates:</b> -34.473749, -70.936447<br>
        <b>UMAP X:</b> 7.4985514<br>
        <b>UMAP Y:</b> 6.3875294<br>
        ]]>                
        
            </description>
            <styleUrl>#5606</styleUrl>
            <Point id="5604">
                <coordinates>-70.9364465,-34.47374909972223,0.0</coordinates>
            </Point>
        </Placemark>
        <Placemark id="5610">
            <name>20260107_094151.jpg</name>
            <description>
                
        
<![CDATA[
        <b>File:</b> 20260107_094151.jpg<br>
        <b>Site:</b> La Capilla<br>
        <b>Camera:</b> Ground (Celular)<br>
        <b>Coordinates:</b> -34.473729, -70.936366<br>
        <b>UMAP X:</b> 9.49183<br>
        <b>UMAP Y:</b> 3.19794<br>
        ]]>                
        
            </description>
            <styleUrl>#5611</styleUrl>
            <Point id="5609">
                <coordinates>-70.936366,-34.473728899722225,0.0</coordinates>
            </Point>
        </Placemark>
        <Placemark id="5615">
            <name>20260107_094156.jpg</name>
            <description>
                
        
<![CDATA[
        <b>File:</b> 20260107_094156.jpg<br>
        <b>Site:</b> La Capilla<br>
        <b>Camera:</b> Ground (Celular)<br>
        <b>Coordinates:</b> -34.473729, -70.936366<br>
        <b>UMAP X:</b> 9.302883<br>
        <b>UMAP Y:</b> 7.8339305<br>
        ]]>                
        
            </description>
            <styleUrl>#5616</styleUrl>
            <Point id="5614">
                <coordinates>-70.936366,-34.473728899722225,0.0</coordinates>
            </Point>
        </Placemark>
        <Placemark id="5620">
            <name>20260107_094158.jpg</name>
            <description>
                
        
<![CDATA[
        <b>File:</b> 20260107_094158.jpg<br>
        <b>Site:</b> La Capilla<br>
        <b>Camera:</b> Ground (Celular)<br>
        <b>Coordinates:</b> -34.473729, -70.936366<br>
        <b>UMAP X:</b> 8.10265<br>
        <b>UMAP Y:</b> 7.307744<br>
        ]]>                
        
            </description>
            <styleUrl>#5621</styleUrl>
            <Point id="5619">
                <coordinates>-70.936366,-34.473728899722225,0.0</coordinates>
            </Point>
        </Placemark>
        <Placemark id="5625">
            <name>20260107_094200.jpg</name>
            <description>
                
        
<![CDATA[
        <b>File:</b> 20260107_094200.jpg<br>
        <b>Site:</b> La Capilla<br>
        <b>Camera:</b> Ground (Celular)<br>
        <b>Coordinates:</b> -34.473729, -70.936366<br>
        <b>UMAP X:</b> 7.4004407<br>
        <b>UMAP Y:</b> 7.550688<br>
        ]]>                
        
            </description>
            <styleUrl>#5626</styleUrl>
            <Point id="5624">
                <coordinates>-70.936366,-34.473728899722225,0.0</coordinates>
            </Point>
        </Placemark>
        <Placemark id="5630">
            <name>20260107_094211.jpg</name>
            <description>
                
        
<![CDATA[
        <b>File:</b> 20260107_094211.jpg<br>
        <b>Site:</b> La Capilla<br>
        <b>Camera:</b> Ground (Celular)<br>
        <b>Coordinates:</b> -34.473767, -70.936305<br>
        <b>UMAP X:</b> 7.160678<br>
        <b>UMAP Y:</b> 8.461084<br>
        ]]>                
        
            </description>
            <styleUrl>#5631</styleUrl>
            <Point id="5629">
                <coordinates>-70.93630469972223,-34.47376679972223,0.0</coordinates>
            </Point>
        </Placemark>
        <Placemark id="5635">
            <name>20260107_094214.jpg</name>
            <description>
                
        
<![CDATA[
        <b>File:</b> 20260107_094214.jpg<br>
        <b>Site:</b> La Capilla<br>
        <b>Camera:</b> Ground (Celular)<br>
        <b>Coordinates:</b> -34.473767, -70.936274<br>
        <b>UMAP X:</b> 7.408559<br>
        <b>UMAP Y:</b> 5.781374<br>
        ]]>                
        
            </description>
            <styleUrl>#5636</styleUrl>
            <Point id="5634">
                <coordinates>-70.93627419972222,-34.47376739972223,0.0</coordinates>
            </Point>
        </Placemark>
        <Placemark id="5640">
            <name>20260107_094216.jpg</name>
            <description>
                
        
<![CDATA[
        <b>File:</b> 20260107_094216.jpg<br>
        <b>Site:</b> La Capilla<br>
        <b>Camera:</b> Ground (Celular)<br>
        <b>Coordinates:</b> -34.473769, -70.936249<br>
        <b>UMAP X:</b> 7.377428<br>
        <b>UMAP Y:</b> 5.199221<br>
        ]]>                
        
            </description>
            <styleUrl>#5641</styleUrl>
            <Point id="5639">
                <coordinates>-70.93624939972223,-34.4737693,0.0</coordinates>
            </Point>
        </Placemark>
        <Placemark id="5645">
            <name>20260107_094220.jpg</name>
            <description>
                
        
<![CDATA[
        <b>File:</b> 20260107_094220.jpg<br>
        <b>Site:</b> La Capilla<br>
        <b>Camera:</b> Ground (Celular)<br>
        <b>Coordinates:</b> -34.473772, -70.936226<br>
        <b>UMAP X:</b> 9.647692<br>
        <b>UMAP Y:</b> 6.0724273<br>
        ]]>                
        
            </description>
            <styleUrl>#5646</styleUrl>
            <Point id="5644">
                <coordinates>-70.9362256,-34.4737719,0.0</coordinates>
            </Point>
        </Placemark>
        <Placemark id="5650">
            <name>20260107_094223.jpg</name>
            <description>
                
        
<![CDATA[
        <b>File:</b> 20260107_094223.jpg<br>
        <b>Site:</b> La Capilla<br>
        <b>Camera:</b> Ground (Celular)<br>
        <b>Coordinates:</b> -34.473773, -70.936216<br>
        <b>UMAP X:</b> 6.280447<br>
        <b>UMAP Y:</b> 7.0129714<br>
        ]]>                
        
            </description>
            <styleUrl>#5651</styleUrl>
            <Point id="5649">
                <coordinates>-70.9362155,-34.473773,0.0</coordinates>
            </Point>
        </Placemark>
        <Placemark id="5655">
            <name>20260107_094225.jpg</name>
            <description>
                
        
<![CDATA[
        <b>File:</b> 20260107_094225.jpg<br>
        <b>Site:</b> La Capilla<br>
        <b>Camera:</b> Ground (Celular)<br>
        <b>Coordinates:</b> -34.473771, -70.936205<br>
        <b>UMAP X:</b> 9.910723<br>
        <b>UMAP Y:</b> 6.9236455<br>
        ]]>                
        
            </description>
            <styleUrl>#5656</styleUrl>
            <Point id="5654">
                <coordinates>-70.936205,-34.4737711,0.0</coordinates>
            </Point>
        </Placemark>
        <Placemark id="5660">
            <name>20260107_094229.jpg</name>
            <description>
                
        
<![CDATA[
        <b>File:</b> 20260107_094229.jpg<br>
        <b>Site:</b> La Capilla<br>
        <b>Camera:</b> Ground (Celular)<br>
        <b>Coordinates:</b> -34.473774, -70.936188<br>
        <b>UMAP X:</b> 9.971012<br>
        <b>UMAP Y:</b> 7.0750504<br>
        ]]>                
        
            </description>
            <styleUrl>#5661</styleUrl>
            <Point id="5659">
                <coordinates>-70.9361875,-34.4737735,0.0</coordinates>
            </Point>
        </Placemark>
        <Placemark id="5665">
            <name>20260107_094232.jpg</name>
            <description>
                
        
<![CDATA[
        <b>File:</b> 20260107_094232.jpg<br>
        <b>Site:</b> La Capilla<br>
        <b>Camera:</b> Ground (Celular)<br>
        <b>Coordinates:</b> -34.473776, -70.936169<br>
        <b>UMAP X:</b> 7.7838492<br>
        <b>UMAP Y:</b> 4.457625<br>
        ]]>                
        
            </description>
            <styleUrl>#5666</styleUrl>
            <Point id="5664">
                <coordinates>-70.9361686,-34.473775699722225,0.0</coordinates>
            </Point>
        </Placemark>
        <Placemark id="5670">
            <name>20260107_094241.jpg</name>
            <description>
                
        
<![CDATA[
        <b>File:</b> 20260107_094241.jpg<br>
        <b>Site:</b> La Capilla<br>
        <b>Camera:</b> Ground (Celular)<br>
        <b>Coordinates:</b> -34.473775, -70.936157<br>
        <b>UMAP X:</b> 9.643604<br>
        <b>UMAP Y:</b> 7.4579844<br>
        ]]>                
        
            </description>
            <styleUrl>#5671</styleUrl>
            <Point id="5669">
                <coordinates>-70.9361566,-34.473775199722226,0.0</coordinates>
            </Point>
        </Placemark>
        <Placemark id="5675">
            <name>20260107_094250.jpg</name>
            <description>
                
        
<![CDATA[
        <b>File:</b> 20260107_094250.jpg<br>
        <b>Site:</b> La Capilla<br>
        <b>Camera:</b> Ground (Celular)<br>
        <b>Coordinates:</b> -34.473775, -70.936157<br>
        <b>UMAP X:</b> 6.826697<br>
        <b>UMAP Y:</b> 4.2205744<br>
        ]]>                
        
            </description>
            <styleUrl>#5676</styleUrl>
            <Point id="5674">
                <coordinates>-70.9361566,-34.473775199722226,0.0</coordinates>
            </Point>
        </Placemark>
        <Placemark id="5680">
            <name>20260107_094253.jpg</name>
            <description>
                
        
<![CDATA[
        <b>File:</b> 20260107_094253.jpg<br>
        <b>Site:</b> La Capilla<br>
        <b>Camera:</b> Ground (Celular)<br>
        <b>Coordinates:</b> -34.473775, -70.936157<br>
        <b>UMAP X:</b> 8.309412<br>
        <b>UMAP Y:</b> 7.1247354<br>
        ]]>                
        
            </description>
            <styleUrl>#5681</styleUrl>
            <Point id="5679">
                <coordinates>-70.9361566,-34.473775199722226,0.0</coordinates>
            </Point>
        </Placemark>
        <Placemark id="5685">
            <name>20260107_094257.jpg</name>
            <description>
                
        
<![CDATA[
        <b>File:</b> 20260107_094257.jpg<br>
        <b>Site:</b> La Capilla<br>
        <b>Camera:</b> Ground (Celular)<br>
        <b>Coordinates:</b> -34.473775, -70.936157<br>
        <b>UMAP X:</b> 9.468833<br>
        <b>UMAP Y:</b> 7.0324044<br>
        ]]>                
        
            </description>
            <styleUrl>#5686</styleUrl>
            <Point id="5684">
                <coordinates>-70.9361566,-34.473775199722226,0.0</coordinates>
            </Point>
        </Placemark>
        <Placemark id="5690">
            <name>20260107_094301.jpg</name>
            <description>
                
        
<![CDATA[
        <b>File:</b> 20260107_094301.jpg<br>
        <b>Site:</b> La Capilla<br>
        <b>Camera:</b> Ground (Celular)<br>
        <b>Coordinates:</b> -34.473775, -70.936157<br>
        <b>UMAP X:</b> 9.037517<br>
        <b>UMAP Y:</b> 8.539788<br>
        ]]>                
        
            </description>
            <styleUrl>#5691</styleUrl>
            <Point id="5689">
                <coordinates>-70.9361566,-34.473775199722226,0.0</coordinates>
            </Point>
        </Placemark>
        <Placemark id="5695">
            <name>20260107_094306.jpg</name>
            <description>
                
        
<![CDATA[
        <b>File:</b> 20260107_094306.jpg<br>
        <b>Site:</b> La Capilla<br>
        <b>Camera:</b> Ground (Celular)<br>
        <b>Coordinates:</b> -34.473763, -70.935914<br>
        <b>UMAP X:</b> 8.490324<br>
        <b>UMAP Y:</b> 6.8609357<br>
        ]]>                
        
            </description>
            <styleUrl>#5696</styleUrl>
            <Point id="5694">
                <coordinates>-70.9359137,-34.473762899722225,0.0</coordinates>
            </Point>
        </Placemark>
        <Placemark id="5700">
            <name>20260107_094315.jpg</name>
            <description>
                
        
<![CDATA[
        <b>File:</b> 20260107_094315.jpg<br>
        <b>Site:</b> La Capilla<br>
        <b>Camera:</b> Ground (Celular)<br>
        <b>Coordinates:</b> -34.473819, -70.935895<br>
        <b>UMAP X:</b> 7.6795464<br>
        <b>UMAP Y:</b> 6.334014<br>
        ]]>                
        
            </description>
            <styleUrl>#5701</styleUrl>
            <Point id="5699">
                <coordinates>-70.9358945,-34.473818999722226,0.0</coordinates>
            </Point>
        </Placemark>
        <Placemark id="5705">
            <name>20260107_094320.jpg</name>
            <description>
                
        
<![CDATA[
        <b>File:</b> 20260107_094320.jpg<br>
        <b>Site:</b> La Capilla<br>
        <b>Camera:</b> Ground (Celular)<br>
        <b>Coordinates:</b> -34.473819, -70.935895<br>
        <b>UMAP X:</b> 8.091718<br>
        <b>UMAP Y:</b> 8.748114<br>
        ]]>                
        
            </description>
            <styleUrl>#5706</styleUrl>
            <Point id="5704">
                <coordinates>-70.9358945,-34.473818999722226,0.0</coordinates>
            </Point>
        </Placemark>
        <Placemark id="5710">
            <name>20260107_094330.jpg</name>
            <description>
                
        
<![CDATA[
        <b>File:</b> 20260107_094330.jpg<br>
        <b>Site:</b> La Capilla<br>
        <b>Camera:</b> Ground (Celular)<br>
        <b>Coordinates:</b> -34.473819, -70.935895<br>
        <b>UMAP X:</b> 6.8415413<br>
        <b>UMAP Y:</b> 8.588322<br>
        ]]>                
        
            </description>
            <styleUrl>#5711</styleUrl>
            <Point id="5709">
                <coordinates>-70.9358945,-34.473818999722226,0.0</coordinates>
            </Point>
        </Placemark>
        <Placemark id="5715">
            <name>20260107_094336.jpg</name>
            <description>
                
        
<![CDATA[
        <b>File:</b> 20260107_094336.jpg<br>
        <b>Site:</b> La Capilla<br>
        <b>Camera:</b> Ground (Celular)<br>
        <b>Coordinates:</b> -34.473819, -70.935895<br>
        <b>UMAP X:</b> 5.8003073<br>
        <b>UMAP Y:</b> 6.7346644<br>
        ]]>                
        
            </description>
            <styleUrl>#5716</styleUrl>
            <Point id="5714">
                <coordinates>-70.9358945,-34.473818999722226,0.0</coordinates>
            </Point>
        </Placemark>
        <Placemark id="5720">
            <name>20260107_094347.jpg</name>
            <description>
                
        
<![CDATA[
        <b>File:</b> 20260107_094347.jpg<br>
        <b>Site:</b> La Capilla<br>
        <b>Camera:</b> Ground (Celular)<br>
        <b>Coordinates:</b> -34.473871, -70.935717<br>
        <b>UMAP X:</b> 8.581844<br>
        <b>UMAP Y:</b> 5.634919<br>
        ]]>                
        
            </description>
            <styleUrl>#5721</styleUrl>
            <Point id="5719">
                <coordinates>-70.93571699972223,-34.47387129972223,0.0</coordinates>
            </Point>
        </Placemark>
        <Placemark id="5725">
            <name>20260107_094354.jpg</name>
            <description>
                
        
<![CDATA[
        <b>File:</b> 20260107_094354.jpg<br>
        <b>Site:</b> La Capilla<br>
        <b>Camera:</b> Ground (Celular)<br>
        <b>Coordinates:</b> -34.473858, -70.935642<br>
        <b>UMAP X:</b> 7.43685<br>
        <b>UMAP Y:</b> 4.161707<br>
        ]]>                
        
            </description>
            <styleUrl>#5726</styleUrl>
            <Point id="5724">
                <coordinates>-70.93564179972222,-34.4738575,0.0</coordinates>
            </Point>
        </Placemark>
        <Placemark id="5730">
            <name>20260107_094401.jpg</name>
            <description>
                
        
<![CDATA[
        <b>File:</b> 20260107_094401.jpg<br>
        <b>Site:</b> La Capilla<br>
        <b>Camera:</b> Ground (Celular)<br>
        <b>Coordinates:</b> -34.473858, -70.935642<br>
        <b>UMAP X:</b> 8.941628<br>
        <b>UMAP Y:</b> 8.587562<br>
        ]]>                
        
            </description>
            <styleUrl>#5731</styleUrl>
            <Point id="5729">
                <coordinates>-70.93564179972222,-34.4738575,0.0</coordinates>
            </Point>
        </Placemark>
        <Placemark id="5735">
            <name>20260107_094424.jpg</name>
            <description>
                
        
<![CDATA[
        <b>File:</b> 20260107_094424.jpg<br>
        <b>Site:</b> La Capilla<br>
        <b>Camera:</b> Ground (Celular)<br>
        <b>Coordinates:</b> -34.473891, -70.935383<br>
        <b>UMAP X:</b> 6.4715433<br>
        <b>UMAP Y:</b> 7.8150287<br>
        ]]>                
        
            </description>
            <styleUrl>#5736</styleUrl>
            <Point id="5734">
                <coordinates>-70.935383,-34.4738911,0.0</coordinates>
            </Point>
        </Placemark>
        <Placemark id="5740">
            <name>20260107_094430.jpg</name>
            <description>
                
        
<![CDATA[
        <b>File:</b> 20260107_094430.jpg<br>
        <b>Site:</b> La Capilla<br>
        <b>Camera:</b> Ground (Celular)<br>
        <b>Coordinates:</b> -34.473897, -70.935343<br>
        <b>UMAP X:</b> 6.6796403<br>
        <b>UMAP Y:</b> 7.5282345<br>
        ]]>                
        
            </description>
            <styleUrl>#5741</styleUrl>
            <Point id="5739">
                <coordinates>-70.93534329972222,-34.473896699722225,0.0</coordinates>
            </Point>
        </Placemark>
        <Placemark id="5745">
            <name>20260107_094459.jpg</name>
            <description>
                
        
<![CDATA[
        <b>File:</b> 20260107_094459.jpg<br>
        <b>Site:</b> La Capilla<br>
        <b>Camera:</b> Ground (Celular)<br>
        <b>Coordinates:</b> -34.473897, -70.935343<br>
        <b>UMAP X:</b> 5.2080097<br>
        <b>UMAP Y:</b> 6.959167<br>
        ]]>                
        
            </description>
            <styleUrl>#5746</styleUrl>
            <Point id="5744">
                <coordinates>-70.93534329972222,-34.473896699722225,0.0</coordinates>
            </Point>
        </Placemark>
        <Placemark id="5750">
            <name>20260107_094509.jpg</name>
            <description>
                
        
<![CDATA[
        <b>File:</b> 20260107_094509.jpg<br>
        <b>Site:</b> La Capilla<br>
        <b>Camera:</b> Ground (Celular)<br>
        <b>Coordinates:</b> -34.473897, -70.935343<br>
        <b>UMAP X:</b> 8.1353245<br>
        <b>UMAP Y:</b> 8.056879<br>
        ]]>                
        
            </description>
            <styleUrl>#5751</styleUrl>
            <Point id="5749">
                <coordinates>-70.93534329972222,-34.473896699722225,0.0</coordinates>
            </Point>
        </Placemark>
        <Placemark id="5755">
            <name>20260107_094521.jpg</name>
            <description>
                
        
<![CDATA[
        <b>File:</b> 20260107_094521.jpg<br>
        <b>Site:</b> La Capilla<br>
        <b>Camera:</b> Ground (Celular)<br>
        <b>Coordinates:</b> -34.473955, -70.935061<br>
        <b>UMAP X:</b> 8.6318445<br>
        <b>UMAP Y:</b> 6.75207<br>
        ]]>                
        
            </description>
            <styleUrl>#5756</styleUrl>
            <Point id="5754">
                <coordinates>-70.93506059972222,-34.4739554,0.0</coordinates>
            </Point>
        </Placemark>
        <Placemark id="5760">
            <name>20260107_094534.jpg</name>
            <description>
                
        
<![CDATA[
        <b>File:</b> 20260107_094534.jpg<br>
        <b>Site:</b> La Capilla<br>
        <b>Camera:</b> Ground (Celular)<br>
        <b>Coordinates:</b> -34.474040, -70.935068<br>
        <b>UMAP X:</b> 8.430901<br>
        <b>UMAP Y:</b> 8.726154<br>
        ]]>                
        
            </description>
            <styleUrl>#5761</styleUrl>
            <Point id="5759">
                <coordinates>-70.93506817777778,-34.47404031666667,0.0</coordinates>
            </Point>
        </Placemark>
        <Placemark id="5765">
            <name>20260107_094537.jpg</name>
            <description>
                
        
<![CDATA[
        <b>File:</b> 20260107_094537.jpg<br>
        <b>Site:</b> La Capilla<br>
        <b>Camera:</b> Ground (Celular)<br>
        <b>Coordinates:</b> -34.473960, -70.934998<br>
        <b>UMAP X:</b> 9.914787<br>
        <b>UMAP Y:</b> 3.530878<br>
        ]]>                
        
            </description>
            <styleUrl>#5766</styleUrl>
            <Point id="5764">
                <coordinates>-70.93499819972223,-34.473959999722226,0.0</coordinates>
            </Point>
        </Placemark>
        <Placemark id="5770">
            <name>20260107_094540.jpg</name>
            <description>
                
        
<![CDATA[
        <b>File:</b> 20260107_094540.jpg<br>
        <b>Site:</b> La Capilla<br>
        <b>Camera:</b> Ground (Celular)<br>
        <b>Coordinates:</b> -34.473960, -70.934998<br>
        <b>UMAP X:</b> 9.887775<br>
        <b>UMAP Y:</b> 7.2253623<br>
        ]]>                
        
            </description>
            <styleUrl>#5771</styleUrl>
            <Point id="5769">
                <coordinates>-70.93499819972223,-34.473959999722226,0.0</coordinates>
            </Point>
        </Placemark>
        <Placemark id="5775">
            <name>20260107_094543.jpg</name>
            <description>
                
        
<![CDATA[
        <b>File:</b> 20260107_094543.jpg<br>
        <b>Site:</b> La Capilla<br>
        <b>Camera:</b> Ground (Celular)<br>
        <b>Coordinates:</b> -34.473960, -70.934998<br>
        <b>UMAP X:</b> 8.983537<br>
        <b>UMAP Y:</b> 4.0257616<br>
        ]]>                
        
            </description>
            <styleUrl>#5776</styleUrl>
            <Point id="5774">
                <coordinates>-70.93499819972223,-34.473959999722226,0.0</coordinates>
            </Point>
        </Placemark>
        <Placemark id="5780">
            <name>20260107_094546.jpg</name>
            <description>
                
        
<![CDATA[
        <b>File:</b> 20260107_094546.jpg<br>
        <b>Site:</b> La Capilla<br>
        <b>Camera:</b> Ground (Celular)<br>
        <b>Coordinates:</b> -34.473960, -70.934998<br>
        <b>UMAP X:</b> 8.339235<br>
        <b>UMAP Y:</b> 5.7336783<br>
        ]]>                
        
            </description>
            <styleUrl>#5781</styleUrl>
            <Point id="5779">
                <coordinates>-70.93499819972223,-34.473959999722226,0.0</coordinates>
            </Point>
        </Placemark>
        <Placemark id="5785">
            <name>20260107_094550.jpg</name>
            <description>
                
        
<![CDATA[
        <b>File:</b> 20260107_094550.jpg<br>
        <b>Site:</b> La Capilla<br>
        <b>Camera:</b> Ground (Celular)<br>
        <b>Coordinates:</b> -34.473960, -70.934998<br>
        <b>UMAP X:</b> 6.600864<br>
        <b>UMAP Y:</b> 8.898408<br>
        ]]>                
        
            </description>
            <styleUrl>#5786</styleUrl>
            <Point id="5784">
                <coordinates>-70.93499819972223,-34.473959999722226,0.0</coordinates>
            </Point>
        </Placemark>
        <Placemark id="5790">
            <name>20260107_094553.jpg</name>
            <description>
                
        
<![CDATA[
        <b>File:</b> 20260107_094553.jpg<br>
        <b>Site:</b> La Capilla<br>
        <b>Camera:</b> Ground (Celular)<br>
        <b>Coordinates:</b> -34.473960, -70.934998<br>
        <b>UMAP X:</b> 8.237654<br>
        <b>UMAP Y:</b> 2.2341642<br>
        ]]>                
        
            </description>
            <styleUrl>#5791</styleUrl>
            <Point id="5789">
                <coordinates>-70.93499819972223,-34.473959999722226,0.0</coordinates>
            </Point>
        </Placemark>
        <Placemark id="5795">
            <name>20260107_094555.jpg</name>
            <description>
                
        
<![CDATA[
        <b>File:</b> 20260107_094555.jpg<br>
        <b>Site:</b> La Capilla<br>
        <b>Camera:</b> Ground (Celular)<br>
        <b>Coordinates:</b> -34.473960, -70.934998<br>
        <b>UMAP X:</b> 8.065014<br>
        <b>UMAP Y:</b> 3.9412272<br>
        ]]>                
        
            </description>
            <styleUrl>#5796</styleUrl>
            <Point id="5794">
                <coordinates>-70.93499819972223,-34.473959999722226,0.0</coordinates>
            </Point>
        </Placemark>
        <Placemark id="5800">
            <name>20260107_094559.jpg</name>
            <description>
                
        
<![CDATA[
        <b>File:</b> 20260107_094559.jpg<br>
        <b>Site:</b> La Capilla<br>
        <b>Camera:</b> Ground (Celular)<br>
        <b>Coordinates:</b> -34.473960, -70.934998<br>
        <b>UMAP X:</b> 7.3475776<br>
        <b>UMAP Y:</b> 3.1143677<br>
        ]]>                
        
            </description>
            <styleUrl>#5801</styleUrl>
            <Point id="5799">
                <coordinates>-70.93499819972223,-34.473959999722226,0.0</coordinates>
            </Point>
        </Placemark>
        <Placemark id="5805">
            <name>20260107_094602.jpg</name>
            <description>
                
        
<![CDATA[
        <b>File:</b> 20260107_094602.jpg<br>
        <b>Site:</b> La Capilla<br>
        <b>Camera:</b> Ground (Celular)<br>
        <b>Coordinates:</b> -34.473960, -70.934998<br>
        <b>UMAP X:</b> 9.852314<br>
        <b>UMAP Y:</b> 3.6907988<br>
        ]]>                
        
            </description>
            <styleUrl>#5806</styleUrl>
            <Point id="5804">
                <coordinates>-70.93499819972223,-34.473959999722226,0.0</coordinates>
            </Point>
        </Placemark>
        <Placemark id="5810">
            <name>20260107_094604.jpg</name>
            <description>
                
        
<![CDATA[
        <b>File:</b> 20260107_094604.jpg<br>
        <b>Site:</b> La Capilla<br>
        <b>Camera:</b> Ground (Celular)<br>
        <b>Coordinates:</b> -34.473960, -70.934998<br>
        <b>UMAP X:</b> 8.866749<br>
        <b>UMAP Y:</b> 3.192152<br>
        ]]>                
        
            </description>
            <styleUrl>#5811</styleUrl>
            <Point id="5809">
                <coordinates>-70.93499819972223,-34.473959999722226,0.0</coordinates>
            </Point>
        </Placemark>
        <Placemark id="5815">
            <name>20260107_094607.jpg</name>
            <description>
                
        
<![CDATA[
        <b>File:</b> 20260107_094607.jpg<br>
        <b>Site:</b> La Capilla<br>
        <b>Camera:</b> Ground (Celular)<br>
        <b>Coordinates:</b> -34.473960, -70.934998<br>
        <b>UMAP X:</b> 8.784595<br>
        <b>UMAP Y:</b> 6.5484433<br>
        ]]>                
        
            </description>
            <styleUrl>#5816</styleUrl>
            <Point id="5814">
                <coordinates>-70.93499819972223,-34.473959999722226,0.0</coordinates>
            </Point>
        </Placemark>
        <Placemark id="5820">
            <name>20260107_094610.jpg</name>
            <description>
                
        
<![CDATA[
        <b>File:</b> 20260107_094610.jpg<br>
        <b>Site:</b> La Capilla<br>
        <b>Camera:</b> Ground (Celular)<br>
        <b>Coordinates:</b> -34.473960, -70.934998<br>
        <b>UMAP X:</b> 8.928831<br>
        <b>UMAP Y:</b> 3.955916<br>
        ]]>                
        
            </description>
            <styleUrl>#5821</styleUrl>
            <Point id="5819">
                <coordinates>-70.93499819972223,-34.473959999722226,0.0</coordinates>
            </Point>
        </Placemark>
        <Placemark id="5825">
            <name>20260107_094613.jpg</name>
            <description>
                
        
<![CDATA[
        <b>File:</b> 20260107_094613.jpg<br>
        <b>Site:</b> La Capilla<br>
        <b>Camera:</b> Ground (Celular)<br>
        <b>Coordinates:</b> -34.473960, -70.934998<br>
        <b>UMAP X:</b> 8.117038<br>
        <b>UMAP Y:</b> 8.911171<br>
        ]]>                
        
            </description>
            <styleUrl>#5826</styleUrl>
            <Point id="5824">
                <coordinates>-70.93499819972223,-34.473959999722226,0.0</coordinates>
            </Point>
        </Placemark>
        <Placemark id="5830">
            <name>20260107_094617.jpg</name>
            <description>
                
        
<![CDATA[
        <b>File:</b> 20260107_094617.jpg<br>
        <b>Site:</b> La Capilla<br>
        <b>Camera:</b> Ground (Celular)<br>
        <b>Coordinates:</b> -34.473960, -70.934998<br>
        <b>UMAP X:</b> 8.927202<br>
        <b>UMAP Y:</b> 5.3226104<br>
        ]]>                
        
            </description>
            <styleUrl>#5831</styleUrl>
            <Point id="5829">
                <coordinates>-70.93499819972223,-34.473959999722226,0.0</coordinates>
            </Point>
        </Placemark>
        <Placemark id="5835">
            <name>20260107_094622.jpg</name>
            <description>
                
        
<![CDATA[
        <b>File:</b> 20260107_094622.jpg<br>
        <b>Site:</b> La Capilla<br>
        <b>Camera:</b> Ground (Celular)<br>
        <b>Coordinates:</b> -34.473960, -70.934998<br>
        <b>UMAP X:</b> 9.849767<br>
        <b>UMAP Y:</b> 5.388978<br>
        ]]>                
        
            </description>
            <styleUrl>#5836</styleUrl>
            <Point id="5834">
                <coordinates>-70.93499819972223,-34.473959999722226,0.0</coordinates>
            </Point>
        </Placemark>
        <Placemark id="5840">
            <name>20260107_094626.jpg</name>
            <description>
                
        
<![CDATA[
        <b>File:</b> 20260107_094626.jpg<br>
        <b>Site:</b> La Capilla<br>
        <b>Camera:</b> Ground (Celular)<br>
        <b>Coordinates:</b> -34.473960, -70.934998<br>
        <b>UMAP X:</b> 9.806484<br>
        <b>UMAP Y:</b> 4.4086103<br>
        ]]>                
        
            </description>
            <styleUrl>#5841</styleUrl>
            <Point id="5839">
                <coordinates>-70.93499819972223,-34.473959999722226,0.0</coordinates>
            </Point>
        </Placemark>
        <Placemark id="5845">
            <name>20260107_094637.jpg</name>
            <description>
                
        
<![CDATA[
        <b>File:</b> 20260107_094637.jpg<br>
        <b>Site:</b> La Capilla<br>
        <b>Camera:</b> Ground (Celular)<br>
        <b>Coordinates:</b> -34.473960, -70.934998<br>
        <b>UMAP X:</b> 7.5152636<br>
        <b>UMAP Y:</b> 6.7496204<br>
        ]]>                
        
            </description>
            <styleUrl>#5846</styleUrl>
            <Point id="5844">
                <coordinates>-70.93499819972223,-34.473959999722226,0.0</coordinates>
            </Point>
        </Placemark>
        <Placemark id="5850">
            <name>20260107_094642.jpg</name>
            <description>
                
        
<![CDATA[
        <b>File:</b> 20260107_094642.jpg<br>
        <b>Site:</b> La Capilla<br>
        <b>Camera:</b> Ground (Celular)<br>
        <b>Coordinates:</b> -34.473960, -70.934998<br>
        <b>UMAP X:</b> 8.945151<br>
        <b>UMAP Y:</b> 4.799997<br>
        ]]>                
        
            </description>
            <styleUrl>#5851</styleUrl>
            <Point id="5849">
                <coordinates>-70.93499819972223,-34.473959999722226,0.0</coordinates>
            </Point>
        </Placemark>
        <Placemark id="5855">
            <name>20260107_094649.jpg</name>
            <description>
                
        
<![CDATA[
        <b>File:</b> 20260107_094649.jpg<br>
        <b>Site:</b> La Capilla<br>
        <b>Camera:</b> Ground (Celular)<br>
        <b>Coordinates:</b> -34.473960, -70.934998<br>
        <b>UMAP X:</b> 7.8348675<br>
        <b>UMAP Y:</b> 6.6482663<br>
        ]]>                
        
            </description>
            <styleUrl>#5856</styleUrl>
            <Point id="5854">
                <coordinates>-70.93499819972223,-34.473959999722226,0.0</coordinates>
            </Point>
        </Placemark>
        <Placemark id="5860">
            <name>20260107_094710.jpg</name>
            <description>
                
        
<![CDATA[
        <b>File:</b> 20260107_094710.jpg<br>
        <b>Site:</b> La Capilla<br>
        <b>Camera:</b> Ground (Celular)<br>
        <b>Coordinates:</b> -34.473960, -70.934998<br>
        <b>UMAP X:</b> 8.622055<br>
        <b>UMAP Y:</b> 8.408897<br>
        ]]>                
        
            </description>
            <styleUrl>#5861</styleUrl>
            <Point id="5859">
                <coordinates>-70.93499819972223,-34.473959999722226,0.0</coordinates>
            </Point>
        </Placemark>
        <Placemark id="5865">
            <name>20260107_094714.jpg</name>
            <description>
                
        
<![CDATA[
        <b>File:</b> 20260107_094714.jpg<br>
        <b>Site:</b> La Capilla<br>
        <b>Camera:</b> Ground (Celular)<br>
        <b>Coordinates:</b> -34.473960, -70.934998<br>
        <b>UMAP X:</b> 7.118034<br>
        <b>UMAP Y:</b> 6.3725367<br>
        ]]>                
        
            </description>
            <styleUrl>#5866</styleUrl>
            <Point id="5864">
                <coordinates>-70.93499819972223,-34.473959999722226,0.0</coordinates>
            </Point>
        </Placemark>
        <Placemark id="5870">
            <name>20260107_094757.jpg</name>
            <description>
                
        
<![CDATA[
        <b>File:</b> 20260107_094757.jpg<br>
        <b>Site:</b> La Capilla<br>
        <b>Camera:</b> Ground (Celular)<br>
        <b>Coordinates:</b> -34.473960, -70.934998<br>
        <b>UMAP X:</b> 8.4971285<br>
        <b>UMAP Y:</b> 9.060054<br>
        ]]>                
        
            </description>
            <styleUrl>#5871</styleUrl>
            <Point id="5869">
                <coordinates>-70.93499819972223,-34.473959999722226,0.0</coordinates>
            </Point>
        </Placemark>
        <Placemark id="5875">
            <name>20260107_094803.jpg</name>
            <description>
                
        
<![CDATA[
        <b>File:</b> 20260107_094803.jpg<br>
        <b>Site:</b> La Capilla<br>
        <b>Camera:</b> Ground (Celular)<br>
        <b>Coordinates:</b> -34.473960, -70.934998<br>
        <b>UMAP X:</b> 8.570676<br>
        <b>UMAP Y:</b> 7.0971036<br>
        ]]>                
        
            </description>
            <styleUrl>#5876</styleUrl>
            <Point id="5874">
                <coordinates>-70.93499819972223,-34.473959999722226,0.0</coordinates>
            </Point>
        </Placemark>
        <Placemark id="5880">
            <name>20260107_094811.jpg</name>
            <description>
                
        
<![CDATA[
        <b>File:</b> 20260107_094811.jpg<br>
        <b>Site:</b> La Capilla<br>
        <b>Camera:</b> Ground (Celular)<br>
        <b>Coordinates:</b> -34.473960, -70.934998<br>
        <b>UMAP X:</b> 8.026584<br>
        <b>UMAP Y:</b> 6.902931<br>
        ]]>                
        
            </description>
            <styleUrl>#5881</styleUrl>
            <Point id="5879">
                <coordinates>-70.93499819972223,-34.473959999722226,0.0</coordinates>
            </Point>
        </Placemark>
        <Placemark id="5885">
            <name>20260107_094830.jpg</name>
            <description>
                
        
<![CDATA[
        <b>File:</b> 20260107_094830.jpg<br>
        <b>Site:</b> La Capilla<br>
        <b>Camera:</b> Ground (Celular)<br>
        <b>Coordinates:</b> -34.473960, -70.934998<br>
        <b>UMAP X:</b> 8.877248<br>
        <b>UMAP Y:</b> 8.4473505<br>
        ]]>                
        
            </description>
            <styleUrl>#5886</styleUrl>
            <Point id="5884">
                <coordinates>-70.93499819972223,-34.473959999722226,0.0</coordinates>
            </Point>
        </Placemark>
        <Placemark id="5890">
            <name>20260107_094847.jpg</name>
            <description>
                
        
<![CDATA[
        <b>File:</b> 20260107_094847.jpg<br>
        <b>Site:</b> La Capilla<br>
        <b>Camera:</b> Ground (Celular)<br>
        <b>Coordinates:</b> -34.473960, -70.934998<br>
        <b>UMAP X:</b> 8.416245<br>
        <b>UMAP Y:</b> 8.86807<br>
        ]]>                
        
            </description>
            <styleUrl>#5891</styleUrl>
            <Point id="5889">
                <coordinates>-70.93499819972223,-34.473959999722226,0.0</coordinates>
            </Point>
        </Placemark>
        <Placemark id="5895">
            <name>20260107_094850.jpg</name>
            <description>
                
        
<![CDATA[
        <b>File:</b> 20260107_094850.jpg<br>
        <b>Site:</b> La Capilla<br>
        <b>Camera:</b> Ground (Celular)<br>
        <b>Coordinates:</b> -34.473960, -70.934998<br>
        <b>UMAP X:</b> 7.772972<br>
        <b>UMAP Y:</b> 8.107513<br>
        ]]>                
        
            </description>
            <styleUrl>#5896</styleUrl>
            <Point id="5894">
                <coordinates>-70.93499819972223,-34.473959999722226,0.0</coordinates>
            </Point>
        </Placemark>
        <Placemark id="5900">
            <name>20260107_094901.jpg</name>
            <description>
                
        
<![CDATA[
        <b>File:</b> 20260107_094901.jpg<br>
        <b>Site:</b> La Capilla<br>
        <b>Camera:</b> Ground (Celular)<br>
        <b>Coordinates:</b> -34.474058, -70.934426<br>
        <b>UMAP X:</b> 9.17878<br>
        <b>UMAP Y:</b> 6.330801<br>
        ]]>                
        
            </description>
            <styleUrl>#5901</styleUrl>
            <Point id="5899">
                <coordinates>-70.93442559972223,-34.4740576,0.0</coordinates>
            </Point>
        </Placemark>
        <Placemark id="5905">
            <name>20260107_094904.jpg</name>
            <description>
                
        
<![CDATA[
        <b>File:</b> 20260107_094904.jpg<br>
        <b>Site:</b> La Capilla<br>
        <b>Camera:</b> Ground (Celular)<br>
        <b>Coordinates:</b> -34.474058, -70.934426<br>
        <b>UMAP X:</b> 7.706985<br>
        <b>UMAP Y:</b> 7.5907316<br>
        ]]>                
        
            </description>
            <styleUrl>#5906</styleUrl>
            <Point id="5904">
                <coordinates>-70.93442559972223,-34.4740576,0.0</coordinates>
            </Point>
        </Placemark>
        <Placemark id="5910">
            <name>20260107_094910.jpg</name>
            <description>
                
        
<![CDATA[
        <b>File:</b> 20260107_094910.jpg<br>
        <b>Site:</b> La Capilla<br>
        <b>Camera:</b> Ground (Celular)<br>
        <b>Coordinates:</b> -34.474072, -70.934308<br>
        <b>UMAP X:</b> 7.3915462<br>
        <b>UMAP Y:</b> 7.1803393<br>
        ]]>                
        
            </description>
            <styleUrl>#5911</styleUrl>
            <Point id="5909">
                <coordinates>-70.93430829972223,-34.47407199972223,0.0</coordinates>
            </Point>
        </Placemark>
        <Placemark id="5915">
            <name>20260107_094916.jpg</name>
            <description>
                
        
<![CDATA[
        <b>File:</b> 20260107_094916.jpg<br>
        <b>Site:</b> La Capilla<br>
        <b>Camera:</b> Ground (Celular)<br>
        <b>Coordinates:</b> -34.474084, -70.934253<br>
        <b>UMAP X:</b> 9.078063<br>
        <b>UMAP Y:</b> 4.422548<br>
        ]]>                
        
            </description>
            <styleUrl>#5916</styleUrl>
            <Point id="5914">
                <coordinates>-70.9342532,-34.4740844,0.0</coordinates>
            </Point>
        </Placemark>
        <Placemark id="5920">
            <name>20260107_094922.jpg</name>
            <description>
                
        
<![CDATA[
        <b>File:</b> 20260107_094922.jpg<br>
        <b>Site:</b> La Capilla<br>
        <b>Camera:</b> Ground (Celular)<br>
        <b>Coordinates:</b> -34.474083, -70.934235<br>
        <b>UMAP X:</b> 7.4093485<br>
        <b>UMAP Y:</b> 7.126488<br>
        ]]>                
        
            </description>
            <styleUrl>#5921</styleUrl>
            <Point id="5919">
                <coordinates>-70.93423459972223,-34.474083399722225,0.0</coordinates>
            </Point>
        </Placemark>
        <Placemark id="5925">
            <name>20260107_094936.jpg</name>
            <description>
                
        
<![CDATA[
        <b>File:</b> 20260107_094936.jpg<br>
        <b>Site:</b> La Capilla<br>
        <b>Camera:</b> Ground (Celular)<br>
        <b>Coordinates:</b> -34.474111, -70.934051<br>
        <b>UMAP X:</b> 8.358599<br>
        <b>UMAP Y:</b> 8.638442<br>
        ]]>                
        
            </description>
            <styleUrl>#5926</styleUrl>
            <Point id="5924">
                <coordinates>-70.9340506,-34.47411149972223,0.0</coordinates>
            </Point>
        </Placemark>
        <Placemark id="5930">
            <name>20260107_094949.jpg</name>
            <description>
                
        
<![CDATA[
        <b>File:</b> 20260107_094949.jpg<br>
        <b>Site:</b> La Capilla<br>
        <b>Camera:</b> Ground (Celular)<br>
        <b>Coordinates:</b> -34.474130, -70.934009<br>
        <b>UMAP X:</b> 7.706425<br>
        <b>UMAP Y:</b> 6.410445<br>
        ]]>                
        
            </description>
            <styleUrl>#5931</styleUrl>
            <Point id="5929">
                <coordinates>-70.93400859972222,-34.47413039972223,0.0</coordinates>
            </Point>
        </Placemark>
        <Placemark id="5935">
            <name>20260107_095002.jpg</name>
            <description>
                
        
<![CDATA[
        <b>File:</b> 20260107_095002.jpg<br>
        <b>Site:</b> La Capilla<br>
        <b>Camera:</b> Ground (Celular)<br>
        <b>Coordinates:</b> -34.474150, -70.933925<br>
        <b>UMAP X:</b> 8.117275<br>
        <b>UMAP Y:</b> 8.120364<br>
        ]]>                
        
            </description>
            <styleUrl>#5936</styleUrl>
            <Point id="5934">
                <coordinates>-70.93392529972222,-34.4741499,0.0</coordinates>
            </Point>
        </Placemark>
        <Placemark id="5940">
            <name>20260107_095007.jpg</name>
            <description>
                
        
<![CDATA[
        <b>File:</b> 20260107_095007.jpg<br>
        <b>Site:</b> La Capilla<br>
        <b>Camera:</b> Ground (Celular)<br>
        <b>Coordinates:</b> -34.474153, -70.933903<br>
        <b>UMAP X:</b> 7.1975265<br>
        <b>UMAP Y:</b> 4.595632<br>
        ]]>                
        
            </description>
            <styleUrl>#5941</styleUrl>
            <Point id="5939">
                <coordinates>-70.9339025,-34.474153299722225,0.0</coordinates>
            </Point>
        </Placemark>
        <Placemark id="5945">
            <name>20260107_095010.jpg</name>
            <description>
                
        
<![CDATA[
        <b>File:</b> 20260107_095010.jpg<br>
        <b>Site:</b> La Capilla<br>
        <b>Camera:</b> Ground (Celular)<br>
        <b>Coordinates:</b> -34.474154, -70.933903<br>
        <b>UMAP X:</b> 9.388355<br>
        <b>UMAP Y:</b> 3.2515903<br>
        ]]>                
        
            </description>
            <styleUrl>#5946</styleUrl>
            <Point id="5944">
                <coordinates>-70.9339029,-34.4741538,0.0</coordinates>
            </Point>
        </Placemark>
        <Placemark id="5950">
            <name>20260107_095013.jpg</name>
            <description>
                
        
<![CDATA[
        <b>File:</b> 20260107_095013.jpg<br>
        <b>Site:</b> La Capilla<br>
        <b>Camera:</b> Ground (Celular)<br>
        <b>Coordinates:</b> -34.474148, -70.933886<br>
        <b>UMAP X:</b> 10.007094<br>
        <b>UMAP Y:</b> 7.0377207<br>
        ]]>                
        
            </description>
            <styleUrl>#5951</styleUrl>
            <Point id="5949">
                <coordinates>-70.9338862,-34.474148499722226,0.0</coordinates>
            </Point>
        </Placemark>
        <Placemark id="5955">
            <name>20260107_095015.jpg</name>
            <description>
                
        
<![CDATA[
        <b>File:</b> 20260107_095015.jpg<br>
        <b>Site:</b> La Capilla<br>
        <b>Camera:</b> Ground (Celular)<br>
        <b>Coordinates:</b> -34.474150, -70.933883<br>
        <b>UMAP X:</b> 9.498609<br>
        <b>UMAP Y:</b> 7.080242<br>
        ]]>                
        
            </description>
            <styleUrl>#5956</styleUrl>
            <Point id="5954">
                <coordinates>-70.93388269972223,-34.474150199722224,0.0</coordinates>
            </Point>
        </Placemark>
        <Placemark id="5960">
            <name>20260107_095018.jpg</name>
            <description>
                
        
<![CDATA[
        <b>File:</b> 20260107_095018.jpg<br>
        <b>Site:</b> La Capilla<br>
        <b>Camera:</b> Ground (Celular)<br>
        <b>Coordinates:</b> -34.474153, -70.933869<br>
        <b>UMAP X:</b> 6.493602<br>
        <b>UMAP Y:</b> 8.542536<br>
        ]]>                
        
            </description>
            <styleUrl>#5961</styleUrl>
            <Point id="5959">
                <coordinates>-70.93386879972222,-34.474152799722226,0.0</coordinates>
            </Point>
        </Placemark>
        <Placemark id="5965">
            <name>20260107_095024.jpg</name>
            <description>
                
        
<![CDATA[
        <b>File:</b> 20260107_095024.jpg<br>
        <b>Site:</b> La Capilla<br>
        <b>Camera:</b> Ground (Celular)<br>
        <b>Coordinates:</b> -34.474159, -70.933840<br>
        <b>UMAP X:</b> 8.450502<br>
        <b>UMAP Y:</b> 7.307718<br>
        ]]>                
        
            </description>
            <styleUrl>#5966</styleUrl>
            <Point id="5964">
                <coordinates>-70.93383989972223,-34.474159299722224,0.0</coordinates>
            </Point>
        </Placemark>
        <Placemark id="5970">
            <name>20260107_095035.jpg</name>
            <description>
                
        
<![CDATA[
        <b>File:</b> 20260107_095035.jpg<br>
        <b>Site:</b> La Capilla<br>
        <b>Camera:</b> Ground (Celular)<br>
        <b>Coordinates:</b> -34.474170, -70.933760<br>
        <b>UMAP X:</b> 8.168144<br>
        <b>UMAP Y:</b> 7.06517<br>
        ]]>                
        
            </description>
            <styleUrl>#5971</styleUrl>
            <Point id="5969">
                <coordinates>-70.9337601,-34.47416989972223,0.0</coordinates>
            </Point>
        </Placemark>
        <Placemark id="5975">
            <name>20260107_095036.jpg</name>
            <description>
                
        
<![CDATA[
        <b>File:</b> 20260107_095036.jpg<br>
        <b>Site:</b> La Capilla<br>
        <b>Camera:</b> Ground (Celular)<br>
        <b>Coordinates:</b> -34.474173, -70.933752<br>
        <b>UMAP X:</b> 8.956691<br>
        <b>UMAP Y:</b> 6.6965103<br>
        ]]>                
        
            </description>
            <styleUrl>#5976</styleUrl>
            <Point id="5974">
                <coordinates>-70.9337517,-34.4741731,0.0</coordinates>
            </Point>
        </Placemark>
        <Placemark id="5980">
            <name>20260107_095105.jpg</name>
            <description>
                
        
<![CDATA[
        <b>File:</b> 20260107_095105.jpg<br>
        <b>Site:</b> La Capilla<br>
        <b>Camera:</b> Ground (Celular)<br>
        <b>Coordinates:</b> -34.474199, -70.933541<br>
        <b>UMAP X:</b> 8.8298435<br>
        <b>UMAP Y:</b> 7.292312<br>
        ]]>                
        
            </description>
            <styleUrl>#5981</styleUrl>
            <Point id="5979">
                <coordinates>-70.93354119972223,-34.4741994,0.0</coordinates>
            </Point>
        </Placemark>
        <Placemark id="5985">
            <name>20260107_095109.jpg</name>
            <description>
                
        
<![CDATA[
        <b>File:</b> 20260107_095109.jpg<br>
        <b>Site:</b> La Capilla<br>
        <b>Camera:</b> Ground (Celular)<br>
        <b>Coordinates:</b> -34.474201, -70.933538<br>
        <b>UMAP X:</b> 5.5253453<br>
        <b>UMAP Y:</b> 7.3751254<br>
        ]]>                
        
            </description>
            <styleUrl>#5986</styleUrl>
            <Point id="5984">
                <coordinates>-70.93353829972223,-34.47420149972223,0.0</coordinates>
            </Point>
        </Placemark>
        <Placemark id="5990">
            <name>20260107_095114.jpg</name>
            <description>
                
        
<![CDATA[
        <b>File:</b> 20260107_095114.jpg<br>
        <b>Site:</b> La Capilla<br>
        <b>Camera:</b> Ground (Celular)<br>
        <b>Coordinates:</b> -34.474201, -70.933538<br>
        <b>UMAP X:</b> 7.94197<br>
        <b>UMAP Y:</b> 2.1466825<br>
        ]]>                
        
            </description>
            <styleUrl>#5991</styleUrl>
            <Point id="5989">
                <coordinates>-70.93353829972223,-34.47420149972223,0.0</coordinates>
            </Point>
        </Placemark>
        <Placemark id="5995">
            <name>20260107_095118.jpg</name>
            <description>
                
        
<![CDATA[
        <b>File:</b> 20260107_095118.jpg<br>
        <b>Site:</b> La Capilla<br>
        <b>Camera:</b> Ground (Celular)<br>
        <b>Coordinates:</b> -34.474201, -70.933538<br>
        <b>UMAP X:</b> 8.826116<br>
        <b>UMAP Y:</b> 3.5732212<br>
        ]]>                
        
            </description>
            <styleUrl>#5996</styleUrl>
            <Point id="5994">
                <coordinates>-70.93353829972223,-34.47420149972223,0.0</coordinates>
            </Point>
        </Placemark>
        <Placemark id="6000">
            <name>20260107_095122.jpg</name>
            <description>
                
        
<![CDATA[
        <b>File:</b> 20260107_095122.jpg<br>
        <b>Site:</b> La Capilla<br>
        <b>Camera:</b> Ground (Celular)<br>
        <b>Coordinates:</b> -34.474201, -70.933538<br>
        <b>UMAP X:</b> 9.164059<br>
        <b>UMAP Y:</b> 5.0785503<br>
        ]]>                
        
            </description>
            <styleUrl>#6001</styleUrl>
            <Point id="5999">
                <coordinates>-70.93353829972223,-34.47420149972223,0.0</coordinates>
            </Point>
        </Placemark>
        <Placemark id="6005">
            <name>20260107_095125.jpg</name>
            <description>
                
        
<![CDATA[
        <b>File:</b> 20260107_095125.jpg<br>
        <b>Site:</b> La Capilla<br>
        <b>Camera:</b> Ground (Celular)<br>
        <b>Coordinates:</b> -34.474201, -70.933538<br>
        <b>UMAP X:</b> 6.704059<br>
        <b>UMAP Y:</b> 7.7297373<br>
        ]]>                
        
            </description>
            <styleUrl>#6006</styleUrl>
            <Point id="6004">
                <coordinates>-70.93353829972223,-34.47420149972223,0.0</coordinates>
            </Point>
        </Placemark>
        <Placemark id="6010">
            <name>20260107_095129.jpg</name>
            <description>
                
        
<![CDATA[
        <b>File:</b> 20260107_095129.jpg<br>
        <b>Site:</b> La Capilla<br>
        <b>Camera:</b> Ground (Celular)<br>
        <b>Coordinates:</b> -34.474201, -70.933538<br>
        <b>UMAP X:</b> 8.248677<br>
        <b>UMAP Y:</b> 3.8509586<br>
        ]]>                
        
            </description>
            <styleUrl>#6011</styleUrl>
            <Point id="6009">
                <coordinates>-70.93353829972223,-34.47420149972223,0.0</coordinates>
            </Point>
        </Placemark>
        <Placemark id="6015">
            <name>20260107_095133.jpg</name>
            <description>
                
        
<![CDATA[
        <b>File:</b> 20260107_095133.jpg<br>
        <b>Site:</b> La Capilla<br>
        <b>Camera:</b> Ground (Celular)<br>
        <b>Coordinates:</b> -34.474201, -70.933538<br>
        <b>UMAP X:</b> 7.201446<br>
        <b>UMAP Y:</b> 3.8923514<br>
        ]]>                
        
            </description>
            <styleUrl>#6016</styleUrl>
            <Point id="6014">
                <coordinates>-70.93353829972223,-34.47420149972223,0.0</coordinates>
            </Point>
        </Placemark>
        <Placemark id="6020">
            <name>20260107_095136.jpg</name>
            <description>
                
        
<![CDATA[
        <b>File:</b> 20260107_095136.jpg<br>
        <b>Site:</b> La Capilla<br>
        <b>Camera:</b> Ground (Celular)<br>
        <b>Coordinates:</b> -34.474201, -70.933538<br>
        <b>UMAP X:</b> 6.6606903<br>
        <b>UMAP Y:</b> 4.29066<br>
        ]]>                
        
            </description>
            <styleUrl>#6021</styleUrl>
            <Point id="6019">
                <coordinates>-70.93353829972223,-34.47420149972223,0.0</coordinates>
            </Point>
        </Placemark>
        <Placemark id="6025">
            <name>20260107_095140.jpg</name>
            <description>
                
        
<![CDATA[
        <b>File:</b> 20260107_095140.jpg<br>
        <b>Site:</b> La Capilla<br>
        <b>Camera:</b> Ground (Celular)<br>
        <b>Coordinates:</b> -34.474201, -70.933538<br>
        <b>UMAP X:</b> 6.7742634<br>
        <b>UMAP Y:</b> 4.314165<br>
        ]]>                
        
            </description>
            <styleUrl>#6026</styleUrl>
            <Point id="6024">
                <coordinates>-70.93353829972223,-34.47420149972223,0.0</coordinates>
            </Point>
        </Placemark>
        <Placemark id="6030">
            <name>20260107_095143.jpg</name>
            <description>
                
        
<![CDATA[
        <b>File:</b> 20260107_095143.jpg<br>
        <b>Site:</b> La Capilla<br>
        <b>Camera:</b> Ground (Celular)<br>
        <b>Coordinates:</b> -34.474201, -70.933538<br>
        <b>UMAP X:</b> 7.603931<br>
        <b>UMAP Y:</b> 6.530488<br>
        ]]>                
        
            </description>
            <styleUrl>#6031</styleUrl>
            <Point id="6029">
                <coordinates>-70.93353829972223,-34.47420149972223,0.0</coordinates>
            </Point>
        </Placemark>
        <Placemark id="6035">
            <name>20260107_095148.jpg</name>
            <description>
                
        
<![CDATA[
        <b>File:</b> 20260107_095148.jpg<br>
        <b>Site:</b> La Capilla<br>
        <b>Camera:</b> Ground (Celular)<br>
        <b>Coordinates:</b> -34.474201, -70.933538<br>
        <b>UMAP X:</b> 5.6093483<br>
        <b>UMAP Y:</b> 7.2991123<br>
        ]]>                
        
            </description>
            <styleUrl>#6036</styleUrl>
            <Point id="6034">
                <coordinates>-70.93353829972223,-34.47420149972223,0.0</coordinates>
            </Point>
        </Placemark>
        <Placemark id="6040">
            <name>20260107_095150.jpg</name>
            <description>
                
        
<![CDATA[
        <b>File:</b> 20260107_095150.jpg<br>
        <b>Site:</b> La Capilla<br>
        <b>Camera:</b> Ground (Celular)<br>
        <b>Coordinates:</b> -34.474201, -70.933538<br>
        <b>UMAP X:</b> 7.058536<br>
        <b>UMAP Y:</b> 7.146033<br>
        ]]>                
        
            </description>
            <styleUrl>#6041</styleUrl>
            <Point id="6039">
                <coordinates>-70.93353829972223,-34.47420149972223,0.0</coordinates>
            </Point>
        </Placemark>
        <Placemark id="6045">
            <name>20260107_095152.jpg</name>
            <description>
                
        
<![CDATA[
        <b>File:</b> 20260107_095152.jpg<br>
        <b>Site:</b> La Capilla<br>
        <b>Camera:</b> Ground (Celular)<br>
        <b>Coordinates:</b> -34.474201, -70.933538<br>
        <b>UMAP X:</b> 7.978337<br>
        <b>UMAP Y:</b> 5.3554144<br>
        ]]>                
        
            </description>
            <styleUrl>#6046</styleUrl>
            <Point id="6044">
                <coordinates>-70.93353829972223,-34.47420149972223,0.0</coordinates>
            </Point>
        </Placemark>
        <Placemark id="6050">
            <name>20260107_095156.jpg</name>
            <description>
                
        
<![CDATA[
        <b>File:</b> 20260107_095156.jpg<br>
        <b>Site:</b> La Capilla<br>
        <b>Camera:</b> Ground (Celular)<br>
        <b>Coordinates:</b> -34.474201, -70.933538<br>
        <b>UMAP X:</b> 7.5844173<br>
        <b>UMAP Y:</b> 6.0962358<br>
        ]]>                
        
            </description>
            <styleUrl>#6051</styleUrl>
            <Point id="6049">
                <coordinates>-70.93353829972223,-34.47420149972223,0.0</coordinates>
            </Point>
        </Placemark>
        <Placemark id="6055">
            <name>20260107_095158.jpg</name>
            <description>
                
        
<![CDATA[
        <b>File:</b> 20260107_095158.jpg<br>
        <b>Site:</b> La Capilla<br>
        <b>Camera:</b> Ground (Celular)<br>
        <b>Coordinates:</b> -34.474201, -70.933538<br>
        <b>UMAP X:</b> 6.5246806<br>
        <b>UMAP Y:</b> 3.951444<br>
        ]]>                
        
            </description>
            <styleUrl>#6056</styleUrl>
            <Point id="6054">
                <coordinates>-70.93353829972223,-34.47420149972223,0.0</coordinates>
            </Point>
        </Placemark>
        <Placemark id="6060">
            <name>20260107_095202.jpg</name>
            <description>
                
        
<![CDATA[
        <b>File:</b> 20260107_095202.jpg<br>
        <b>Site:</b> La Capilla<br>
        <b>Camera:</b> Ground (Celular)<br>
        <b>Coordinates:</b> -34.474201, -70.933538<br>
        <b>UMAP X:</b> 8.169932<br>
        <b>UMAP Y:</b> 5.6474643<br>
        ]]>                
        
            </description>
            <styleUrl>#6061</styleUrl>
            <Point id="6059">
                <coordinates>-70.93353829972223,-34.47420149972223,0.0</coordinates>
            </Point>
        </Placemark>
        <Placemark id="6065">
            <name>20260107_095205.jpg</name>
            <description>
                
        
<![CDATA[
        <b>File:</b> 20260107_095205.jpg<br>
        <b>Site:</b> La Capilla<br>
        <b>Camera:</b> Ground (Celular)<br>
        <b>Coordinates:</b> -34.474201, -70.933538<br>
        <b>UMAP X:</b> 8.409238<br>
        <b>UMAP Y:</b> 6.3921485<br>
        ]]>                
        
            </description>
            <styleUrl>#6066</styleUrl>
            <Point id="6064">
                <coordinates>-70.93353829972223,-34.47420149972223,0.0</coordinates>
            </Point>
        </Placemark>
        <Placemark id="6070">
            <name>20260107_095207.jpg</name>
            <description>
                
        
<![CDATA[
        <b>File:</b> 20260107_095207.jpg<br>
        <b>Site:</b> La Capilla<br>
        <b>Camera:</b> Ground (Celular)<br>
        <b>Coordinates:</b> -34.474201, -70.933538<br>
        <b>UMAP X:</b> 6.5623045<br>
        <b>UMAP Y:</b> 3.703468<br>
        ]]>                
        
            </description>
            <styleUrl>#6071</styleUrl>
            <Point id="6069">
                <coordinates>-70.93353829972223,-34.47420149972223,0.0</coordinates>
            </Point>
        </Placemark>
        <Placemark id="6075">
            <name>20260107_095211.jpg</name>
            <description>
                
        
<![CDATA[
        <b>File:</b> 20260107_095211.jpg<br>
        <b>Site:</b> La Capilla<br>
        <b>Camera:</b> Ground (Celular)<br>
        <b>Coordinates:</b> -34.474201, -70.933538<br>
        <b>UMAP X:</b> 9.090509<br>
        <b>UMAP Y:</b> 3.8316092<br>
        ]]>                
        
            </description>
            <styleUrl>#6076</styleUrl>
            <Point id="6074">
                <coordinates>-70.93353829972223,-34.47420149972223,0.0</coordinates>
            </Point>
        </Placemark>
        <Placemark id="6080">
            <name>20260107_095213.jpg</name>
            <description>
                
        
<![CDATA[
        <b>File:</b> 20260107_095213.jpg<br>
        <b>Site:</b> La Capilla<br>
        <b>Camera:</b> Ground (Celular)<br>
        <b>Coordinates:</b> -34.474201, -70.933538<br>
        <b>UMAP X:</b> 8.660937<br>
        <b>UMAP Y:</b> 5.5722013<br>
        ]]>                
        
            </description>
            <styleUrl>#6081</styleUrl>
            <Point id="6079">
                <coordinates>-70.93353829972223,-34.47420149972223,0.0</coordinates>
            </Point>
        </Placemark>
        <Placemark id="6085">
            <name>20260107_095219.jpg</name>
            <description>
                
        
<![CDATA[
        <b>File:</b> 20260107_095219.jpg<br>
        <b>Site:</b> La Capilla<br>
        <b>Camera:</b> Ground (Celular)<br>
        <b>Coordinates:</b> -34.474201, -70.933538<br>
        <b>UMAP X:</b> 8.197986<br>
        <b>UMAP Y:</b> 9.002354<br>
        ]]>                
        
            </description>
            <styleUrl>#6086</styleUrl>
            <Point id="6084">
                <coordinates>-70.93353829972223,-34.47420149972223,0.0</coordinates>
            </Point>
        </Placemark>
        <Placemark id="6090">
            <name>20260107_095223.jpg</name>
            <description>
                
        
<![CDATA[
        <b>File:</b> 20260107_095223.jpg<br>
        <b>Site:</b> La Capilla<br>
        <b>Camera:</b> Ground (Celular)<br>
        <b>Coordinates:</b> -34.474201, -70.933538<br>
        <b>UMAP X:</b> 8.733653<br>
        <b>UMAP Y:</b> 5.9617634<br>
        ]]>                
        
            </description>
            <styleUrl>#6091</styleUrl>
            <Point id="6089">
                <coordinates>-70.93353829972223,-34.47420149972223,0.0</coordinates>
            </Point>
        </Placemark>
        <Placemark id="6095">
            <name>20260107_095226.jpg</name>
            <description>
                
        
<![CDATA[
        <b>File:</b> 20260107_095226.jpg<br>
        <b>Site:</b> La Capilla<br>
        <b>Camera:</b> Ground (Celular)<br>
        <b>Coordinates:</b> -34.474201, -70.933538<br>
        <b>UMAP X:</b> 5.5202436<br>
        <b>UMAP Y:</b> 7.4004126<br>
        ]]>                
        
            </description>
            <styleUrl>#6096</styleUrl>
            <Point id="6094">
                <coordinates>-70.93353829972223,-34.47420149972223,0.0</coordinates>
            </Point>
        </Placemark>
        <Placemark id="6100">
            <name>20260107_095228.jpg</name>
            <description>
                
        
<![CDATA[
        <b>File:</b> 20260107_095228.jpg<br>
        <b>Site:</b> La Capilla<br>
        <b>Camera:</b> Ground (Celular)<br>
        <b>Coordinates:</b> -34.474201, -70.933538<br>
        <b>UMAP X:</b> 8.278733<br>
        <b>UMAP Y:</b> 2.595181<br>
        ]]>                
        
            </description>
            <styleUrl>#6101</styleUrl>
            <Point id="6099">
                <coordinates>-70.93353829972223,-34.47420149972223,0.0</coordinates>
            </Point>
        </Placemark>
        <Placemark id="6105">
            <name>20260107_095235.jpg</name>
            <description>
                
        
<![CDATA[
        <b>File:</b> 20260107_095235.jpg<br>
        <b>Site:</b> La Capilla<br>
        <b>Camera:</b> Ground (Celular)<br>
        <b>Coordinates:</b> -34.474201, -70.933538<br>
        <b>UMAP X:</b> 6.692101<br>
        <b>UMAP Y:</b> 8.051039<br>
        ]]>                
        
            </description>
            <styleUrl>#6106</styleUrl>
            <Point id="6104">
                <coordinates>-70.93353829972223,-34.47420149972223,0.0</coordinates>
            </Point>
        </Placemark>
        <Placemark id="6110">
            <name>20260107_095241.jpg</name>
            <description>
                
        
<![CDATA[
        <b>File:</b> 20260107_095241.jpg<br>
        <b>Site:</b> La Capilla<br>
        <b>Camera:</b> Ground (Celular)<br>
        <b>Coordinates:</b> -34.474201, -70.933538<br>
        <b>UMAP X:</b> 8.739358<br>
        <b>UMAP Y:</b> 2.4421597<br>
        ]]>                
        
            </description>
            <styleUrl>#6111</styleUrl>
            <Point id="6109">
                <coordinates>-70.93353829972223,-34.47420149972223,0.0</coordinates>
            </Point>
        </Placemark>
        <Placemark id="6115">
            <name>20260107_095245.jpg</name>
            <description>
                
        
<![CDATA[
        <b>File:</b> 20260107_095245.jpg<br>
        <b>Site:</b> La Capilla<br>
        <b>Camera:</b> Ground (Celular)<br>
        <b>Coordinates:</b> -34.474201, -70.933538<br>
        <b>UMAP X:</b> 7.2885804<br>
        <b>UMAP Y:</b> 4.8889194<br>
        ]]>                
        
            </description>
            <styleUrl>#6116</styleUrl>
            <Point id="6114">
                <coordinates>-70.93353829972223,-34.47420149972223,0.0</coordinates>
            </Point>
        </Placemark>
        <Placemark id="6120">
            <name>20260107_095255.jpg</name>
            <description>
                
        
<![CDATA[
        <b>File:</b> 20260107_095255.jpg<br>
        <b>Site:</b> La Capilla<br>
        <b>Camera:</b> Ground (Celular)<br>
        <b>Coordinates:</b> -34.474201, -70.933538<br>
        <b>UMAP X:</b> 6.670233<br>
        <b>UMAP Y:</b> 4.6046085<br>
        ]]>                
        
            </description>
            <styleUrl>#6121</styleUrl>
            <Point id="6119">
                <coordinates>-70.93353829972223,-34.47420149972223,0.0</coordinates>
            </Point>
        </Placemark>
        <Placemark id="6125">
            <name>20260107_095258.jpg</name>
            <description>
                
        
<![CDATA[
        <b>File:</b> 20260107_095258.jpg<br>
        <b>Site:</b> La Capilla<br>
        <b>Camera:</b> Ground (Celular)<br>
        <b>Coordinates:</b> -34.474201, -70.933538<br>
        <b>UMAP X:</b> 7.8282876<br>
        <b>UMAP Y:</b> 8.977533<br>
        ]]>                
        
            </description>
            <styleUrl>#6126</styleUrl>
            <Point id="6124">
                <coordinates>-70.93353829972223,-34.47420149972223,0.0</coordinates>
            </Point>
        </Placemark>
        <Placemark id="6130">
            <name>20260107_095304.jpg</name>
            <description>
                
        
<![CDATA[
        <b>File:</b> 20260107_095304.jpg<br>
        <b>Site:</b> La Capilla<br>
        <b>Camera:</b> Ground (Celular)<br>
        <b>Coordinates:</b> -34.474201, -70.933538<br>
        <b>UMAP X:</b> 7.095177<br>
        <b>UMAP Y:</b> 4.739231<br>
        ]]>                
        
            </description>
            <styleUrl>#6131</styleUrl>
            <Point id="6129">
                <coordinates>-70.9335384,-34.47420149972223,0.0</coordinates>
            </Point>
        </Placemark>
        <Placemark id="6135">
            <name>20260107_095312.jpg</name>
            <description>
                
        
<![CDATA[
        <b>File:</b> 20260107_095312.jpg<br>
        <b>Site:</b> La Capilla<br>
        <b>Camera:</b> Ground (Celular)<br>
        <b>Coordinates:</b> -34.474201, -70.933538<br>
        <b>UMAP X:</b> 6.519492<br>
        <b>UMAP Y:</b> 8.428394<br>
        ]]>                
        
            </description>
            <styleUrl>#6136</styleUrl>
            <Point id="6134">
                <coordinates>-70.9335384,-34.47420149972223,0.0</coordinates>
            </Point>
        </Placemark>
        <Placemark id="6140">
            <name>20260107_095315.jpg</name>
            <description>
                
        
<![CDATA[
        <b>File:</b> 20260107_095315.jpg<br>
        <b>Site:</b> La Capilla<br>
        <b>Camera:</b> Ground (Celular)<br>
        <b>Coordinates:</b> -34.474201, -70.933538<br>
        <b>UMAP X:</b> 7.6853294<br>
        <b>UMAP Y:</b> 6.6703033<br>
        ]]>                
        
            </description>
            <styleUrl>#6141</styleUrl>
            <Point id="6139">
                <coordinates>-70.9335384,-34.47420149972223,0.0</coordinates>
            </Point>
        </Placemark>
        <Placemark id="6145">
            <name>20260107_095330.jpg</name>
            <description>
                
        
<![CDATA[
        <b>File:</b> 20260107_095330.jpg<br>
        <b>Site:</b> La Capilla<br>
        <b>Camera:</b> Ground (Celular)<br>
        <b>Coordinates:</b> -34.474201, -70.933538<br>
        <b>UMAP X:</b> 9.33836<br>
        <b>UMAP Y:</b> 5.805427<br>
        ]]>                
        
            </description>
            <styleUrl>#6146</styleUrl>
            <Point id="6144">
                <coordinates>-70.9335384,-34.47420149972223,0.0</coordinates>
            </Point>
        </Placemark>
        <Placemark id="6150">
            <name>20260107_095346.jpg</name>
            <description>
                
        
<![CDATA[
        <b>File:</b> 20260107_095346.jpg<br>
        <b>Site:</b> La Capilla<br>
        <b>Camera:</b> Ground (Celular)<br>
        <b>Coordinates:</b> -34.474319, -70.932963<br>
        <b>UMAP X:</b> 9.46486<br>
        <b>UMAP Y:</b> 7.4219203<br>
        ]]>                
        
            </description>
            <styleUrl>#6151</styleUrl>
            <Point id="6149">
                <coordinates>-70.93296329972223,-34.474318699722225,0.0</coordinates>
            </Point>
        </Placemark>
        <Placemark id="6155">
            <name>20260107_095350.jpg</name>
            <description>
                
        
<![CDATA[
        <b>File:</b> 20260107_095350.jpg<br>
        <b>Site:</b> La Capilla<br>
        <b>Camera:</b> Ground (Celular)<br>
        <b>Coordinates:</b> -34.474306, -70.932932<br>
        <b>UMAP X:</b> 7.0144215<br>
        <b>UMAP Y:</b> 8.984542<br>
        ]]>                
        
            </description>
            <styleUrl>#6156</styleUrl>
            <Point id="6154">
                <coordinates>-70.93293219972223,-34.474305899722225,0.0</coordinates>
            </Point>
        </Placemark>
        <Placemark id="6160">
            <name>20260107_095354.jpg</name>
            <description>
                
        
<![CDATA[
        <b>File:</b> 20260107_095354.jpg<br>
        <b>Site:</b> La Capilla<br>
        <b>Camera:</b> Ground (Celular)<br>
        <b>Coordinates:</b> -34.474306, -70.932932<br>
        <b>UMAP X:</b> 5.5499263<br>
        <b>UMAP Y:</b> 7.324466<br>
        ]]>                
        
            </description>
            <styleUrl>#6161</styleUrl>
            <Point id="6159">
                <coordinates>-70.93293219972223,-34.474305899722225,0.0</coordinates>
            </Point>
        </Placemark>
        <Placemark id="6165">
            <name>20260107_095401.jpg</name>
            <description>
                
        
<![CDATA[
        <b>File:</b> 20260107_095401.jpg<br>
        <b>Site:</b> La Capilla<br>
        <b>Camera:</b> Ground (Celular)<br>
        <b>Coordinates:</b> -34.474306, -70.932932<br>
        <b>UMAP X:</b> 7.921488<br>
        <b>UMAP Y:</b> 3.8243773<br>
        ]]>                
        
            </description>
            <styleUrl>#6166</styleUrl>
            <Point id="6164">
                <coordinates>-70.93293219972223,-34.474305899722225,0.0</coordinates>
            </Point>
        </Placemark>
        <Placemark id="6170">
            <name>20260107_095406.jpg</name>
            <description>
                
        
<![CDATA[
        <b>File:</b> 20260107_095406.jpg<br>
        <b>Site:</b> La Capilla<br>
        <b>Camera:</b> Ground (Celular)<br>
        <b>Coordinates:</b> -34.474332, -70.932933<br>
        <b>UMAP X:</b> 8.468287<br>
        <b>UMAP Y:</b> 5.9683557<br>
        ]]>                
        
            </description>
            <styleUrl>#6171</styleUrl>
            <Point id="6169">
                <coordinates>-70.9329333,-34.47433159972223,0.0</coordinates>
            </Point>
        </Placemark>
        <Placemark id="6175">
            <name>20260107_095415.jpg</name>
            <description>
                
        
<![CDATA[
        <b>File:</b> 20260107_095415.jpg<br>
        <b>Site:</b> La Capilla<br>
        <b>Camera:</b> Ground (Celular)<br>
        <b>Coordinates:</b> -34.474316, -70.932886<br>
        <b>UMAP X:</b> 8.459504<br>
        <b>UMAP Y:</b> 5.820743<br>
        ]]>                
        
            </description>
            <styleUrl>#6176</styleUrl>
            <Point id="6174">
                <coordinates>-70.93288649972223,-34.47431579972223,0.0</coordinates>
            </Point>
        </Placemark>
        <Placemark id="6180">
            <name>20260107_095418.jpg</name>
            <description>
                
        
<![CDATA[
        <b>File:</b> 20260107_095418.jpg<br>
        <b>Site:</b> La Capilla<br>
        <b>Camera:</b> Ground (Celular)<br>
        <b>Coordinates:</b> -34.474314, -70.932868<br>
        <b>UMAP X:</b> 9.867129<br>
        <b>UMAP Y:</b> 4.576821<br>
        ]]>                
        
            </description>
            <styleUrl>#6181</styleUrl>
            <Point id="6179">
                <coordinates>-70.9328682,-34.4743142,0.0</coordinates>
            </Point>
        </Placemark>
        <Placemark id="6185">
            <name>20260107_095422.jpg</name>
            <description>
                
        
<![CDATA[
        <b>File:</b> 20260107_095422.jpg<br>
        <b>Site:</b> La Capilla<br>
        <b>Camera:</b> Ground (Celular)<br>
        <b>Coordinates:</b> -34.474316, -70.932863<br>
        <b>UMAP X:</b> 7.1610293<br>
        <b>UMAP Y:</b> 4.71218<br>
        ]]>                
        
            </description>
            <styleUrl>#6186</styleUrl>
            <Point id="6184">
                <coordinates>-70.93286299972223,-34.4743159,0.0</coordinates>
            </Point>
        </Placemark>
        <Placemark id="6190">
            <name>20260107_095426.jpg</name>
            <description>
                
        
<![CDATA[
        <b>File:</b> 20260107_095426.jpg<br>
        <b>Site:</b> La Capilla<br>
        <b>Camera:</b> Ground (Celular)<br>
        <b>Coordinates:</b> -34.474318, -70.932833<br>
        <b>UMAP X:</b> 8.195089<br>
        <b>UMAP Y:</b> 5.4863443<br>
        ]]>                
        
            </description>
            <styleUrl>#6191</styleUrl>
            <Point id="6189">
                <coordinates>-70.93283289972223,-34.4743177,0.0</coordinates>
            </Point>
        </Placemark>
        <Placemark id="6195">
            <name>20260107_095437.jpg</name>
            <description>
                
        
<![CDATA[
        <b>File:</b> 20260107_095437.jpg<br>
        <b>Site:</b> La Capilla<br>
        <b>Camera:</b> Ground (Celular)<br>
        <b>Coordinates:</b> -34.474325, -70.932807<br>
        <b>UMAP X:</b> 8.851446<br>
        <b>UMAP Y:</b> 5.7257147<br>
        ]]>                
        
            </description>
            <styleUrl>#6196</styleUrl>
            <Point id="6194">
                <coordinates>-70.93280719972223,-34.474324699722224,0.0</coordinates>
            </Point>
        </Placemark>
        <Placemark id="6200">
            <name>20260107_095438.jpg</name>
            <description>
                
        
<![CDATA[
        <b>File:</b> 20260107_095438.jpg<br>
        <b>Site:</b> La Capilla<br>
        <b>Camera:</b> Ground (Celular)<br>
        <b>Coordinates:</b> -34.474325, -70.932807<br>
        <b>UMAP X:</b> 9.110696<br>
        <b>UMAP Y:</b> 5.758646<br>
        ]]>                
        
            </description>
            <styleUrl>#6201</styleUrl>
            <Point id="6199">
                <coordinates>-70.93280719972223,-34.474324699722224,0.0</coordinates>
            </Point>
        </Placemark>
        <Placemark id="6205">
            <name>20260107_095448.jpg</name>
            <description>
                
        
<![CDATA[
        <b>File:</b> 20260107_095448.jpg<br>
        <b>Site:</b> La Capilla<br>
        <b>Camera:</b> Ground (Celular)<br>
        <b>Coordinates:</b> -34.474325, -70.932807<br>
        <b>UMAP X:</b> 7.896075<br>
        <b>UMAP Y:</b> 6.798905<br>
        ]]>                
        
            </description>
            <styleUrl>#6206</styleUrl>
            <Point id="6204">
                <coordinates>-70.93280719972223,-34.474324699722224,0.0</coordinates>
            </Point>
        </Placemark>
        <Placemark id="6210">
            <name>20260107_095458.jpg</name>
            <description>
                
        
<![CDATA[
        <b>File:</b> 20260107_095458.jpg<br>
        <b>Site:</b> La Capilla<br>
        <b>Camera:</b> Ground (Celular)<br>
        <b>Coordinates:</b> -34.474325, -70.932807<br>
        <b>UMAP X:</b> 8.479051<br>
        <b>UMAP Y:</b> 5.7382646<br>
        ]]>                
        
            </description>
            <styleUrl>#6211</styleUrl>
            <Point id="6209">
                <coordinates>-70.93280719972223,-34.474324699722224,0.0</coordinates>
            </Point>
        </Placemark>
        <Placemark id="6215">
            <name>20260107_095502.jpg</name>
            <description>
                
        
<![CDATA[
        <b>File:</b> 20260107_095502.jpg<br>
        <b>Site:</b> La Capilla<br>
        <b>Camera:</b> Ground (Celular)<br>
        <b>Coordinates:</b> -34.474325, -70.932807<br>
        <b>UMAP X:</b> 8.10156<br>
        <b>UMAP Y:</b> 3.4676294<br>
        ]]>                
        
            </description>
            <styleUrl>#6216</styleUrl>
            <Point id="6214">
                <coordinates>-70.93280719972223,-34.474324699722224,0.0</coordinates>
            </Point>
        </Placemark>
        <Placemark id="6220">
            <name>20260107_095522.jpg</name>
            <description>
                
        
<![CDATA[
        <b>File:</b> 20260107_095522.jpg<br>
        <b>Site:</b> La Capilla<br>
        <b>Camera:</b> Ground (Celular)<br>
        <b>Coordinates:</b> -34.474377, -70.932516<br>
        <b>UMAP X:</b> 7.2973704<br>
        <b>UMAP Y:</b> 4.631682<br>
        ]]>                
        
            </description>
            <styleUrl>#6221</styleUrl>
            <Point id="6219">
                <coordinates>-70.9325156,-34.4743767,0.0</coordinates>
            </Point>
        </Placemark>
        <Placemark id="6225">
            <name>20260107_095524.jpg</name>
            <description>
                
        
<![CDATA[
        <b>File:</b> 20260107_095524.jpg<br>
        <b>Site:</b> La Capilla<br>
        <b>Camera:</b> Ground (Celular)<br>
        <b>Coordinates:</b> -34.474377, -70.932516<br>
        <b>UMAP X:</b> 8.059502<br>
        <b>UMAP Y:</b> 4.253723<br>
        ]]>                
        
            </description>
            <styleUrl>#6226</styleUrl>
            <Point id="6224">
                <coordinates>-70.9325156,-34.4743767,0.0</coordinates>
            </Point>
        </Placemark>
        <Placemark id="6230">
            <name>20260107_095527.jpg</name>
            <description>
                
        
<![CDATA[
        <b>File:</b> 20260107_095527.jpg<br>
        <b>Site:</b> La Capilla<br>
        <b>Camera:</b> Ground (Celular)<br>
        <b>Coordinates:</b> -34.474377, -70.932516<br>
        <b>UMAP X:</b> 6.7448173<br>
        <b>UMAP Y:</b> 6.4003844<br>
        ]]>                
        
            </description>
            <styleUrl>#6231</styleUrl>
            <Point id="6229">
                <coordinates>-70.9325156,-34.4743767,0.0</coordinates>
            </Point>
        </Placemark>
        <Placemark id="6235">
            <name>20260107_095530.jpg</name>
            <description>
                
        
<![CDATA[
        <b>File:</b> 20260107_095530.jpg<br>
        <b>Site:</b> La Capilla<br>
        <b>Camera:</b> Ground (Celular)<br>
        <b>Coordinates:</b> -34.474377, -70.932516<br>
        <b>UMAP X:</b> 9.94697<br>
        <b>UMAP Y:</b> 3.913988<br>
        ]]>                
        
            </description>
            <styleUrl>#6236</styleUrl>
            <Point id="6234">
                <coordinates>-70.9325156,-34.4743767,0.0</coordinates>
            </Point>
        </Placemark>
        <Placemark id="6240">
            <name>20260107_095534.jpg</name>
            <description>
                
        
<![CDATA[
        <b>File:</b> 20260107_095534.jpg<br>
        <b>Site:</b> La Capilla<br>
        <b>Camera:</b> Ground (Celular)<br>
        <b>Coordinates:</b> -34.474377, -70.932516<br>
        <b>UMAP X:</b> 6.6738734<br>
        <b>UMAP Y:</b> 4.7186904<br>
        ]]>                
        
            </description>
            <styleUrl>#6241</styleUrl>
            <Point id="6239">
                <coordinates>-70.9325156,-34.4743767,0.0</coordinates>
            </Point>
        </Placemark>
        <Placemark id="6245">
            <name>20260107_095537.jpg</name>
            <description>
                
        
<![CDATA[
        <b>File:</b> 20260107_095537.jpg<br>
        <b>Site:</b> La Capilla<br>
        <b>Camera:</b> Ground (Celular)<br>
        <b>Coordinates:</b> -34.474362, -70.932595<br>
        <b>UMAP X:</b> 8.434525<br>
        <b>UMAP Y:</b> 5.1865716<br>
        ]]>                
        
            </description>
            <styleUrl>#6246</styleUrl>
            <Point id="6244">
                <coordinates>-70.9325946,-34.474361799722224,0.0</coordinates>
            </Point>
        </Placemark>
        <Placemark id="6250">
            <name>20260107_095540.jpg</name>
            <description>
                
        
<![CDATA[
        <b>File:</b> 20260107_095540.jpg<br>
        <b>Site:</b> La Capilla<br>
        <b>Camera:</b> Ground (Celular)<br>
        <b>Coordinates:</b> -34.474359, -70.932592<br>
        <b>UMAP X:</b> 9.46342<br>
        <b>UMAP Y:</b> 4.0604463<br>
        ]]>                
        
            </description>
            <styleUrl>#6251</styleUrl>
            <Point id="6249">
                <coordinates>-70.9325924,-34.4743587,0.0</coordinates>
            </Point>
        </Placemark>
        <Placemark id="6255">
            <name>20260107_095542.jpg</name>
            <description>
                
        
<![CDATA[
        <b>File:</b> 20260107_095542.jpg<br>
        <b>Site:</b> La Capilla<br>
        <b>Camera:</b> Ground (Celular)<br>
        <b>Coordinates:</b> -34.474340, -70.932592<br>
        <b>UMAP X:</b> 8.038224<br>
        <b>UMAP Y:</b> 2.7544382<br>
        ]]>                
        
            </description>
            <styleUrl>#6256</styleUrl>
            <Point id="6254">
                <coordinates>-70.9325917,-34.474340499722224,0.0</coordinates>
            </Point>
        </Placemark>
        <Placemark id="6260">
            <name>20260107_095545.jpg</name>
            <description>
                
        
<![CDATA[
        <b>File:</b> 20260107_095545.jpg<br>
        <b>Site:</b> La Capilla<br>
        <b>Camera:</b> Ground (Celular)<br>
        <b>Coordinates:</b> -34.474334, -70.932603<br>
        <b>UMAP X:</b> 9.895525<br>
        <b>UMAP Y:</b> 3.9740293<br>
        ]]>                
        
            </description>
            <styleUrl>#6261</styleUrl>
            <Point id="6259">
                <coordinates>-70.9326032,-34.4743337,0.0</coordinates>
            </Point>
        </Placemark>
        <Placemark id="6265">
            <name>20260107_095547.jpg</name>
            <description>
                
        
<![CDATA[
        <b>File:</b> 20260107_095547.jpg<br>
        <b>Site:</b> La Capilla<br>
        <b>Camera:</b> Ground (Celular)<br>
        <b>Coordinates:</b> -34.474328, -70.932614<br>
        <b>UMAP X:</b> 9.953735<br>
        <b>UMAP Y:</b> 4.1719913<br>
        ]]>                
        
            </description>
            <styleUrl>#6266</styleUrl>
            <Point id="6264">
                <coordinates>-70.93261429972223,-34.474327899722226,0.0</coordinates>
            </Point>
        </Placemark>
        <Placemark id="6270">
            <name>20260107_095550.jpg</name>
            <description>
                
        
<![CDATA[
        <b>File:</b> 20260107_095550.jpg<br>
        <b>Site:</b> La Capilla<br>
        <b>Camera:</b> Ground (Celular)<br>
        <b>Coordinates:</b> -34.474329, -70.932620<br>
        <b>UMAP X:</b> 8.087669<br>
        <b>UMAP Y:</b> 1.9558293<br>
        ]]>                
        
            </description>
            <styleUrl>#6271</styleUrl>
            <Point id="6269">
                <coordinates>-70.93262,-34.4743287,0.0</coordinates>
            </Point>
        </Placemark>
        <Placemark id="6275">
            <name>20260107_095552.jpg</name>
            <description>
                
        
<![CDATA[
        <b>File:</b> 20260107_095552.jpg<br>
        <b>Site:</b> La Capilla<br>
        <b>Camera:</b> Ground (Celular)<br>
        <b>Coordinates:</b> -34.474329, -70.932620<br>
        <b>UMAP X:</b> 8.020352<br>
        <b>UMAP Y:</b> 2.012659<br>
        ]]>                
        
            </description>
            <styleUrl>#6276</styleUrl>
            <Point id="6274">
                <coordinates>-70.93262,-34.4743287,0.0</coordinates>
            </Point>
        </Placemark>
        <Placemark id="6280">
            <name>20260107_095557.jpg</name>
            <description>
                
        
<![CDATA[
        <b>File:</b> 20260107_095557.jpg<br>
        <b>Site:</b> La Capilla<br>
        <b>Camera:</b> Ground (Celular)<br>
        <b>Coordinates:</b> -34.474329, -70.932620<br>
        <b>UMAP X:</b> 6.8049016<br>
        <b>UMAP Y:</b> 4.22855<br>
        ]]>                
        
            </description>
            <styleUrl>#6281</styleUrl>
            <Point id="6279">
                <coordinates>-70.93262,-34.4743287,0.0</coordinates>
            </Point>
        </Placemark>
        <Placemark id="6285">
            <name>20260107_095600.jpg</name>
            <description>
                
        
<![CDATA[
        <b>File:</b> 20260107_095600.jpg<br>
        <b>Site:</b> La Capilla<br>
        <b>Camera:</b> Ground (Celular)<br>
        <b>Coordinates:</b> -34.474329, -70.932620<br>
        <b>UMAP X:</b> 8.476748<br>
        <b>UMAP Y:</b> 1.9697139<br>
        ]]>                
        
            </description>
            <styleUrl>#6286</styleUrl>
            <Point id="6284">
                <coordinates>-70.93262,-34.4743287,0.0</coordinates>
            </Point>
        </Placemark>
        <Placemark id="6290">
            <name>20260107_095602.jpg</name>
            <description>
                
        
<![CDATA[
        <b>File:</b> 20260107_095602.jpg<br>
        <b>Site:</b> La Capilla<br>
        <b>Camera:</b> Ground (Celular)<br>
        <b>Coordinates:</b> -34.474329, -70.932620<br>
        <b>UMAP X:</b> 8.506076<br>
        <b>UMAP Y:</b> 5.9958096<br>
        ]]>                
        
            </description>
            <styleUrl>#6291</styleUrl>
            <Point id="6289">
                <coordinates>-70.93262,-34.4743287,0.0</coordinates>
            </Point>
        </Placemark>
        <Placemark id="6295">
            <name>20260107_095605.jpg</name>
            <description>
                
        
<![CDATA[
        <b>File:</b> 20260107_095605.jpg<br>
        <b>Site:</b> La Capilla<br>
        <b>Camera:</b> Ground (Celular)<br>
        <b>Coordinates:</b> -34.474329, -70.932620<br>
        <b>UMAP X:</b> 8.501238<br>
        <b>UMAP Y:</b> 3.3674965<br>
        ]]>                
        
            </description>
            <styleUrl>#6296</styleUrl>
            <Point id="6294">
                <coordinates>-70.93262,-34.4743287,0.0</coordinates>
            </Point>
        </Placemark>
        <Placemark id="6300">
            <name>20260107_095608.jpg</name>
            <description>
                
        
<![CDATA[
        <b>File:</b> 20260107_095608.jpg<br>
        <b>Site:</b> La Capilla<br>
        <b>Camera:</b> Ground (Celular)<br>
        <b>Coordinates:</b> -34.474329, -70.932620<br>
        <b>UMAP X:</b> 7.8835664<br>
        <b>UMAP Y:</b> 2.2021782<br>
        ]]>                
        
            </description>
            <styleUrl>#6301</styleUrl>
            <Point id="6299">
                <coordinates>-70.93262,-34.4743287,0.0</coordinates>
            </Point>
        </Placemark>
        <Placemark id="6305">
            <name>20260107_095611.jpg</name>
            <description>
                
        
<![CDATA[
        <b>File:</b> 20260107_095611.jpg<br>
        <b>Site:</b> La Capilla<br>
        <b>Camera:</b> Ground (Celular)<br>
        <b>Coordinates:</b> -34.474329, -70.932620<br>
        <b>UMAP X:</b> 9.448491<br>
        <b>UMAP Y:</b> 5.241398<br>
        ]]>                
        
            </description>
            <styleUrl>#6306</styleUrl>
            <Point id="6304">
                <coordinates>-70.93262,-34.4743287,0.0</coordinates>
            </Point>
        </Placemark>
        <Placemark id="6310">
            <name>20260107_095614.jpg</name>
            <description>
                
        
<![CDATA[
        <b>File:</b> 20260107_095614.jpg<br>
        <b>Site:</b> La Capilla<br>
        <b>Camera:</b> Ground (Celular)<br>
        <b>Coordinates:</b> -34.474329, -70.932620<br>
        <b>UMAP X:</b> 8.4782715<br>
        <b>UMAP Y:</b> 2.4612849<br>
        ]]>                
        
            </description>
            <styleUrl>#6311</styleUrl>
            <Point id="6309">
                <coordinates>-70.93262,-34.4743287,0.0</coordinates>
            </Point>
        </Placemark>
        <Placemark id="6315">
            <name>20260107_095616.jpg</name>
            <description>
                
        
<![CDATA[
        <b>File:</b> 20260107_095616.jpg<br>
        <b>Site:</b> La Capilla<br>
        <b>Camera:</b> Ground (Celular)<br>
        <b>Coordinates:</b> -34.474329, -70.932620<br>
        <b>UMAP X:</b> 8.734444<br>
        <b>UMAP Y:</b> 2.6084158<br>
        ]]>                
        
            </description>
            <styleUrl>#6316</styleUrl>
            <Point id="6314">
                <coordinates>-70.93262,-34.4743287,0.0</coordinates>
            </Point>
        </Placemark>
        <Placemark id="6320">
            <name>20260107_095620.jpg</name>
            <description>
                
        
<![CDATA[
        <b>File:</b> 20260107_095620.jpg<br>
        <b>Site:</b> La Capilla<br>
        <b>Camera:</b> Ground (Celular)<br>
        <b>Coordinates:</b> -34.474329, -70.932620<br>
        <b>UMAP X:</b> 7.579346<br>
        <b>UMAP Y:</b> 4.331605<br>
        ]]>                
        
            </description>
            <styleUrl>#6321</styleUrl>
            <Point id="6319">
                <coordinates>-70.93262,-34.4743287,0.0</coordinates>
            </Point>
        </Placemark>
        <Placemark id="6325">
            <name>20260107_095622.jpg</name>
            <description>
                
        
<![CDATA[
        <b>File:</b> 20260107_095622.jpg<br>
        <b>Site:</b> La Capilla<br>
        <b>Camera:</b> Ground (Celular)<br>
        <b>Coordinates:</b> -34.474329, -70.932620<br>
        <b>UMAP X:</b> 8.109351<br>
        <b>UMAP Y:</b> 2.2272553<br>
        ]]>                
        
            </description>
            <styleUrl>#6326</styleUrl>
            <Point id="6324">
                <coordinates>-70.93262,-34.4743287,0.0</coordinates>
            </Point>
        </Placemark>
        <Placemark id="6330">
            <name>20260107_095624.jpg</name>
            <description>
                
        
<![CDATA[
        <b>File:</b> 20260107_095624.jpg<br>
        <b>Site:</b> La Capilla<br>
        <b>Camera:</b> Ground (Celular)<br>
        <b>Coordinates:</b> -34.474329, -70.932620<br>
        <b>UMAP X:</b> 9.501662<br>
        <b>UMAP Y:</b> 5.4152904<br>
        ]]>                
        
            </description>
            <styleUrl>#6331</styleUrl>
            <Point id="6329">
                <coordinates>-70.93262,-34.4743287,0.0</coordinates>
            </Point>
        </Placemark>
        <Placemark id="6335">
            <name>20260107_095626.jpg</name>
            <description>
                
        
<![CDATA[
        <b>File:</b> 20260107_095626.jpg<br>
        <b>Site:</b> La Capilla<br>
        <b>Camera:</b> Ground (Celular)<br>
        <b>Coordinates:</b> -34.474329, -70.932620<br>
        <b>UMAP X:</b> 9.727679<br>
        <b>UMAP Y:</b> 4.3097906<br>
        ]]>                
        
            </description>
            <styleUrl>#6336</styleUrl>
            <Point id="6334">
                <coordinates>-70.93262,-34.4743287,0.0</coordinates>
            </Point>
        </Placemark>
        <Placemark id="6340">
            <name>20260107_095629.jpg</name>
            <description>
                
        
<![CDATA[
        <b>File:</b> 20260107_095629.jpg<br>
        <b>Site:</b> La Capilla<br>
        <b>Camera:</b> Ground (Celular)<br>
        <b>Coordinates:</b> -34.474329, -70.932620<br>
        <b>UMAP X:</b> 9.149509<br>
        <b>UMAP Y:</b> 3.8653352<br>
        ]]>                
        
            </description>
            <styleUrl>#6341</styleUrl>
            <Point id="6339">
                <coordinates>-70.93262,-34.4743287,0.0</coordinates>
            </Point>
        </Placemark>
        <Placemark id="6345">
            <name>20260107_095633.jpg</name>
            <description>
                
        
<![CDATA[
        <b>File:</b> 20260107_095633.jpg<br>
        <b>Site:</b> La Capilla<br>
        <b>Camera:</b> Ground (Celular)<br>
        <b>Coordinates:</b> -34.474329, -70.932620<br>
        <b>UMAP X:</b> 9.734756<br>
        <b>UMAP Y:</b> 7.030844<br>
        ]]>                
        
            </description>
            <styleUrl>#6346</styleUrl>
            <Point id="6344">
                <coordinates>-70.93262,-34.4743287,0.0</coordinates>
            </Point>
        </Placemark>
        <Placemark id="6350">
            <name>20260107_095639.jpg</name>
            <description>
                
        
<![CDATA[
        <b>File:</b> 20260107_095639.jpg<br>
        <b>Site:</b> La Capilla<br>
        <b>Camera:</b> Ground (Celular)<br>
        <b>Coordinates:</b> -34.474329, -70.932620<br>
        <b>UMAP X:</b> 7.473857<br>
        <b>UMAP Y:</b> 6.956224<br>
        ]]>                
        
            </description>
            <styleUrl>#6351</styleUrl>
            <Point id="6349">
                <coordinates>-70.93262,-34.4743287,0.0</coordinates>
            </Point>
        </Placemark>
        <Placemark id="6355">
            <name>20260107_095645.jpg</name>
            <description>
                
        
<![CDATA[
        <b>File:</b> 20260107_095645.jpg<br>
        <b>Site:</b> La Capilla<br>
        <b>Camera:</b> Ground (Celular)<br>
        <b>Coordinates:</b> -34.474329, -70.932620<br>
        <b>UMAP X:</b> 9.817449<br>
        <b>UMAP Y:</b> 4.540785<br>
        ]]>                
        
            </description>
            <styleUrl>#6356</styleUrl>
            <Point id="6354">
                <coordinates>-70.93262,-34.4743287,0.0</coordinates>
            </Point>
        </Placemark>
        <Placemark id="6360">
            <name>20260107_095650.jpg</name>
            <description>
                
        
<![CDATA[
        <b>File:</b> 20260107_095650.jpg<br>
        <b>Site:</b> La Capilla<br>
        <b>Camera:</b> Ground (Celular)<br>
        <b>Coordinates:</b> -34.474329, -70.932620<br>
        <b>UMAP X:</b> 8.2380495<br>
        <b>UMAP Y:</b> 2.2102993<br>
        ]]>                
        
            </description>
            <styleUrl>#6361</styleUrl>
            <Point id="6359">
                <coordinates>-70.93262,-34.4743287,0.0</coordinates>
            </Point>
        </Placemark>
        <Placemark id="6365">
            <name>20260107_095654.jpg</name>
            <description>
                
        
<![CDATA[
        <b>File:</b> 20260107_095654.jpg<br>
        <b>Site:</b> La Capilla<br>
        <b>Camera:</b> Ground (Celular)<br>
        <b>Coordinates:</b> -34.474329, -70.932620<br>
        <b>UMAP X:</b> 8.301837<br>
        <b>UMAP Y:</b> 3.9152157<br>
        ]]>                
        
            </description>
            <styleUrl>#6366</styleUrl>
            <Point id="6364">
                <coordinates>-70.93262,-34.4743287,0.0</coordinates>
            </Point>
        </Placemark>
        <Placemark id="6370">
            <name>20260107_095657.jpg</name>
            <description>
                
        
<![CDATA[
        <b>File:</b> 20260107_095657.jpg<br>
        <b>Site:</b> La Capilla<br>
        <b>Camera:</b> Ground (Celular)<br>
        <b>Coordinates:</b> -34.474329, -70.932620<br>
        <b>UMAP X:</b> 8.301118<br>
        <b>UMAP Y:</b> 2.435962<br>
        ]]>                
        
            </description>
            <styleUrl>#6371</styleUrl>
            <Point id="6369">
                <coordinates>-70.93262,-34.4743287,0.0</coordinates>
            </Point>
        </Placemark>
        <Placemark id="6375">
            <name>20260107_095701.jpg</name>
            <description>
                
        
<![CDATA[
        <b>File:</b> 20260107_095701.jpg<br>
        <b>Site:</b> La Capilla<br>
        <b>Camera:</b> Ground (Celular)<br>
        <b>Coordinates:</b> -34.474329, -70.932620<br>
        <b>UMAP X:</b> 9.239558<br>
        <b>UMAP Y:</b> 4.8411684<br>
        ]]>                
        
            </description>
            <styleUrl>#6376</styleUrl>
            <Point id="6374">
                <coordinates>-70.93262,-34.4743287,0.0</coordinates>
            </Point>
        </Placemark>
        <Placemark id="6380">
            <name>20260107_095704.jpg</name>
            <description>
                
        
<![CDATA[
        <b>File:</b> 20260107_095704.jpg<br>
        <b>Site:</b> La Capilla<br>
        <b>Camera:</b> Ground (Celular)<br>
        <b>Coordinates:</b> -34.474330, -70.932973<br>
        <b>UMAP X:</b> 8.332067<br>
        <b>UMAP Y:</b> 5.4269385<br>
        ]]>                
        
            </description>
            <styleUrl>#6381</styleUrl>
            <Point id="6379">
                <coordinates>-70.9329728,-34.474329599722225,0.0</coordinates>
            </Point>
        </Placemark>
        <Placemark id="6385">
            <name>20260107_095707.jpg</name>
            <description>
                
        
<![CDATA[
        <b>File:</b> 20260107_095707.jpg<br>
        <b>Site:</b> La Capilla<br>
        <b>Camera:</b> Ground (Celular)<br>
        <b>Coordinates:</b> -34.474330, -70.932973<br>
        <b>UMAP X:</b> 9.313322<br>
        <b>UMAP Y:</b> 6.940769<br>
        ]]>                
        
            </description>
            <styleUrl>#6386</styleUrl>
            <Point id="6384">
                <coordinates>-70.9329728,-34.474329599722225,0.0</coordinates>
            </Point>
        </Placemark>
        <Placemark id="6390">
            <name>20260107_095714.jpg</name>
            <description>
                
        
<![CDATA[
        <b>File:</b> 20260107_095714.jpg<br>
        <b>Site:</b> La Capilla<br>
        <b>Camera:</b> Ground (Celular)<br>
        <b>Coordinates:</b> -34.474330, -70.932973<br>
        <b>UMAP X:</b> 9.293975<br>
        <b>UMAP Y:</b> 5.9326615<br>
        ]]>                
        
            </description>
            <styleUrl>#6391</styleUrl>
            <Point id="6389">
                <coordinates>-70.9329728,-34.474329599722225,0.0</coordinates>
            </Point>
        </Placemark>
        <Placemark id="6395">
            <name>20260107_095716.jpg</name>
            <description>
                
        
<![CDATA[
        <b>File:</b> 20260107_095716.jpg<br>
        <b>Site:</b> La Capilla<br>
        <b>Camera:</b> Ground (Celular)<br>
        <b>Coordinates:</b> -34.474330, -70.932973<br>
        <b>UMAP X:</b> 7.8346033<br>
        <b>UMAP Y:</b> 8.614704<br>
        ]]>                
        
            </description>
            <styleUrl>#6396</styleUrl>
            <Point id="6394">
                <coordinates>-70.9329728,-34.474329599722225,0.0</coordinates>
            </Point>
        </Placemark>
        <Placemark id="6400">
            <name>20260107_095720.jpg</name>
            <description>
                
        
<![CDATA[
        <b>File:</b> 20260107_095720.jpg<br>
        <b>Site:</b> La Capilla<br>
        <b>Camera:</b> Ground (Celular)<br>
        <b>Coordinates:</b> -34.474330, -70.932973<br>
        <b>UMAP X:</b> 6.3851686<br>
        <b>UMAP Y:</b> 7.836616<br>
        ]]>                
        
            </description>
            <styleUrl>#6401</styleUrl>
            <Point id="6399">
                <coordinates>-70.9329728,-34.474329599722225,0.0</coordinates>
            </Point>
        </Placemark>
        <Placemark id="6405">
            <name>20260107_095722.jpg</name>
            <description>
                
        
<![CDATA[
        <b>File:</b> 20260107_095722.jpg<br>
        <b>Site:</b> La Capilla<br>
        <b>Camera:</b> Ground (Celular)<br>
        <b>Coordinates:</b> -34.474330, -70.932973<br>
        <b>UMAP X:</b> 7.7131295<br>
        <b>UMAP Y:</b> 3.1046913<br>
        ]]>                
        
            </description>
            <styleUrl>#6406</styleUrl>
            <Point id="6404">
                <coordinates>-70.9329728,-34.474329599722225,0.0</coordinates>
            </Point>
        </Placemark>
        <Placemark id="6410">
            <name>20260107_095724.jpg</name>
            <description>
                
        
<![CDATA[
        <b>File:</b> 20260107_095724.jpg<br>
        <b>Site:</b> La Capilla<br>
        <b>Camera:</b> Ground (Celular)<br>
        <b>Coordinates:</b> -34.474330, -70.932973<br>
        <b>UMAP X:</b> 8.561039<br>
        <b>UMAP Y:</b> 5.044252<br>
        ]]>                
        
            </description>
            <styleUrl>#6411</styleUrl>
            <Point id="6409">
                <coordinates>-70.9329728,-34.474329599722225,0.0</coordinates>
            </Point>
        </Placemark>
        <Placemark id="6415">
            <name>20260107_095727.jpg</name>
            <description>
                
        
<![CDATA[
        <b>File:</b> 20260107_095727.jpg<br>
        <b>Site:</b> La Capilla<br>
        <b>Camera:</b> Ground (Celular)<br>
        <b>Coordinates:</b> -34.474330, -70.932973<br>
        <b>UMAP X:</b> 8.9727335<br>
        <b>UMAP Y:</b> 8.121787<br>
        ]]>                
        
            </description>
            <styleUrl>#6416</styleUrl>
            <Point id="6414">
                <coordinates>-70.9329728,-34.474329599722225,0.0</coordinates>
            </Point>
        </Placemark>
        <Placemark id="6420">
            <name>20260107_095729.jpg</name>
            <description>
                
        
<![CDATA[
        <b>File:</b> 20260107_095729.jpg<br>
        <b>Site:</b> La Capilla<br>
        <b>Camera:</b> Ground (Celular)<br>
        <b>Coordinates:</b> -34.474330, -70.932973<br>
        <b>UMAP X:</b> 8.693199<br>
        <b>UMAP Y:</b> 3.6301453<br>
        ]]>                
        
            </description>
            <styleUrl>#6421</styleUrl>
            <Point id="6419">
                <coordinates>-70.9329728,-34.474329599722225,0.0</coordinates>
            </Point>
        </Placemark>
        <Placemark id="6425">
            <name>20260107_095731.jpg</name>
            <description>
                
        
<![CDATA[
        <b>File:</b> 20260107_095731.jpg<br>
        <b>Site:</b> La Capilla<br>
        <b>Camera:</b> Ground (Celular)<br>
        <b>Coordinates:</b> -34.474330, -70.932973<br>
        <b>UMAP X:</b> 9.762205<br>
        <b>UMAP Y:</b> 6.860944<br>
        ]]>                
        
            </description>
            <styleUrl>#6426</styleUrl>
            <Point id="6424">
                <coordinates>-70.9329728,-34.474329599722225,0.0</coordinates>
            </Point>
        </Placemark>
        <Placemark id="6430">
            <name>20260107_095733.jpg</name>
            <description>
                
        
<![CDATA[
        <b>File:</b> 20260107_095733.jpg<br>
        <b>Site:</b> La Capilla<br>
        <b>Camera:</b> Ground (Celular)<br>
        <b>Coordinates:</b> -34.474330, -70.932973<br>
        <b>UMAP X:</b> 8.707369<br>
        <b>UMAP Y:</b> 4.9535704<br>
        ]]>                
        
            </description>
            <styleUrl>#6431</styleUrl>
            <Point id="6429">
                <coordinates>-70.9329728,-34.474329599722225,0.0</coordinates>
            </Point>
        </Placemark>
        <Placemark id="6435">
            <name>20260107_095736.jpg</name>
            <description>
                
        
<![CDATA[
        <b>File:</b> 20260107_095736.jpg<br>
        <b>Site:</b> La Capilla<br>
        <b>Camera:</b> Ground (Celular)<br>
        <b>Coordinates:</b> -34.474330, -70.932973<br>
        <b>UMAP X:</b> 7.960465<br>
        <b>UMAP Y:</b> 7.0541387<br>
        ]]>                
        
            </description>
            <styleUrl>#6436</styleUrl>
            <Point id="6434">
                <coordinates>-70.9329728,-34.474329599722225,0.0</coordinates>
            </Point>
        </Placemark>
        <Placemark id="6440">
            <name>20260107_095739.jpg</name>
            <description>
                
        
<![CDATA[
        <b>File:</b> 20260107_095739.jpg<br>
        <b>Site:</b> La Capilla<br>
        <b>Camera:</b> Ground (Celular)<br>
        <b>Coordinates:</b> -34.474330, -70.932973<br>
        <b>UMAP X:</b> 9.53042<br>
        <b>UMAP Y:</b> 5.7506366<br>
        ]]>                
        
            </description>
            <styleUrl>#6441</styleUrl>
            <Point id="6439">
                <coordinates>-70.9329728,-34.474329599722225,0.0</coordinates>
            </Point>
        </Placemark>
        <Placemark id="6445">
            <name>20260107_095741.jpg</name>
            <description>
                
        
<![CDATA[
        <b>File:</b> 20260107_095741.jpg<br>
        <b>Site:</b> La Capilla<br>
        <b>Camera:</b> Ground (Celular)<br>
        <b>Coordinates:</b> -34.474330, -70.932973<br>
        <b>UMAP X:</b> 6.9193897<br>
        <b>UMAP Y:</b> 8.4609585<br>
        ]]>                
        
            </description>
            <styleUrl>#6446</styleUrl>
            <Point id="6444">
                <coordinates>-70.9329728,-34.474329599722225,0.0</coordinates>
            </Point>
        </Placemark>
        <Placemark id="6450">
            <name>20260107_095743.jpg</name>
            <description>
                
        
<![CDATA[
        <b>File:</b> 20260107_095743.jpg<br>
        <b>Site:</b> La Capilla<br>
        <b>Camera:</b> Ground (Celular)<br>
        <b>Coordinates:</b> -34.474330, -70.932973<br>
        <b>UMAP X:</b> 9.676819<br>
        <b>UMAP Y:</b> 5.0736384<br>
        ]]>                
        
            </description>
            <styleUrl>#6451</styleUrl>
            <Point id="6449">
                <coordinates>-70.9329728,-34.474329599722225,0.0</coordinates>
            </Point>
        </Placemark>
        <Placemark id="6455">
            <name>20260107_095746.jpg</name>
            <description>
                
        
<![CDATA[
        <b>File:</b> 20260107_095746.jpg<br>
        <b>Site:</b> La Capilla<br>
        <b>Camera:</b> Ground (Celular)<br>
        <b>Coordinates:</b> -34.474330, -70.932973<br>
        <b>UMAP X:</b> 8.590859<br>
        <b>UMAP Y:</b> 5.231727<br>
        ]]>                
        
            </description>
            <styleUrl>#6456</styleUrl>
            <Point id="6454">
                <coordinates>-70.9329728,-34.474329599722225,0.0</coordinates>
            </Point>
        </Placemark>
        <Placemark id="6460">
            <name>20260107_095749.jpg</name>
            <description>
                
        
<![CDATA[
        <b>File:</b> 20260107_095749.jpg<br>
        <b>Site:</b> La Capilla<br>
        <b>Camera:</b> Ground (Celular)<br>
        <b>Coordinates:</b> -34.474330, -70.932973<br>
        <b>UMAP X:</b> 6.607541<br>
        <b>UMAP Y:</b> 4.3922086<br>
        ]]>                
        
            </description>
            <styleUrl>#6461</styleUrl>
            <Point id="6459">
                <coordinates>-70.9329728,-34.474329599722225,0.0</coordinates>
            </Point>
        </Placemark>
        <Placemark id="6465">
            <name>20260107_095754.jpg</name>
            <description>
                
        
<![CDATA[
        <b>File:</b> 20260107_095754.jpg<br>
        <b>Site:</b> La Capilla<br>
        <b>Camera:</b> Ground (Celular)<br>
        <b>Coordinates:</b> -34.474330, -70.932973<br>
        <b>UMAP X:</b> 8.702163<br>
        <b>UMAP Y:</b> 6.5890036<br>
        ]]>                
        
            </description>
            <styleUrl>#6466</styleUrl>
            <Point id="6464">
                <coordinates>-70.9329728,-34.474329599722225,0.0</coordinates>
            </Point>
        </Placemark>
        <Placemark id="6470">
            <name>20260107_095756.jpg</name>
            <description>
                
        
<![CDATA[
        <b>File:</b> 20260107_095756.jpg<br>
        <b>Site:</b> La Capilla<br>
        <b>Camera:</b> Ground (Celular)<br>
        <b>Coordinates:</b> -34.474330, -70.932973<br>
        <b>UMAP X:</b> 8.399355<br>
        <b>UMAP Y:</b> 3.8537376<br>
        ]]>                
        
            </description>
            <styleUrl>#6471</styleUrl>
            <Point id="6469">
                <coordinates>-70.9329728,-34.474329599722225,0.0</coordinates>
            </Point>
        </Placemark>
        <Placemark id="6475">
            <name>20260107_095800.jpg</name>
            <description>
                
        
<![CDATA[
        <b>File:</b> 20260107_095800.jpg<br>
        <b>Site:</b> La Capilla<br>
        <b>Camera:</b> Ground (Celular)<br>
        <b>Coordinates:</b> -34.474330, -70.932973<br>
        <b>UMAP X:</b> 9.306932<br>
        <b>UMAP Y:</b> 4.5408463<br>
        ]]>                
        
            </description>
            <styleUrl>#6476</styleUrl>
            <Point id="6474">
                <coordinates>-70.9329728,-34.474329599722225,0.0</coordinates>
            </Point>
        </Placemark>
        <Placemark id="6480">
            <name>20260107_095803.jpg</name>
            <description>
                
        
<![CDATA[
        <b>File:</b> 20260107_095803.jpg<br>
        <b>Site:</b> La Capilla<br>
        <b>Camera:</b> Ground (Celular)<br>
        <b>Coordinates:</b> -34.474330, -70.932973<br>
        <b>UMAP X:</b> 9.021428<br>
        <b>UMAP Y:</b> 7.147223<br>
        ]]>                
        
            </description>
            <styleUrl>#6481</styleUrl>
            <Point id="6479">
                <coordinates>-70.9329728,-34.474329599722225,0.0</coordinates>
            </Point>
        </Placemark>
        <Placemark id="6485">
            <name>20260107_095807.jpg</name>
            <description>
                
        
<![CDATA[
        <b>File:</b> 20260107_095807.jpg<br>
        <b>Site:</b> La Capilla<br>
        <b>Camera:</b> Ground (Celular)<br>
        <b>Coordinates:</b> -34.474330, -70.932973<br>
        <b>UMAP X:</b> 9.312454<br>
        <b>UMAP Y:</b> 5.5705895<br>
        ]]>                
        
            </description>
            <styleUrl>#6486</styleUrl>
            <Point id="6484">
                <coordinates>-70.9329728,-34.474329599722225,0.0</coordinates>
            </Point>
        </Placemark>
        <Placemark id="6490">
            <name>20260107_095810.jpg</name>
            <description>
                
        
<![CDATA[
        <b>File:</b> 20260107_095810.jpg<br>
        <b>Site:</b> La Capilla<br>
        <b>Camera:</b> Ground (Celular)<br>
        <b>Coordinates:</b> -34.474330, -70.932973<br>
        <b>UMAP X:</b> 9.0992565<br>
        <b>UMAP Y:</b> 3.073613<br>
        ]]>                
        
            </description>
            <styleUrl>#6491</styleUrl>
            <Point id="6489">
                <coordinates>-70.9329728,-34.474329599722225,0.0</coordinates>
            </Point>
        </Placemark>
        <Placemark id="6495">
            <name>20260107_095814.jpg</name>
            <description>
                
        
<![CDATA[
        <b>File:</b> 20260107_095814.jpg<br>
        <b>Site:</b> La Capilla<br>
        <b>Camera:</b> Ground (Celular)<br>
        <b>Coordinates:</b> -34.474330, -70.932973<br>
        <b>UMAP X:</b> 8.663992<br>
        <b>UMAP Y:</b> 3.5189931<br>
        ]]>                
        
            </description>
            <styleUrl>#6496</styleUrl>
            <Point id="6494">
                <coordinates>-70.9329728,-34.474329599722225,0.0</coordinates>
            </Point>
        </Placemark>
        <Placemark id="6500">
            <name>20260107_095819.jpg</name>
            <description>
                
        
<![CDATA[
        <b>File:</b> 20260107_095819.jpg<br>
        <b>Site:</b> La Capilla<br>
        <b>Camera:</b> Ground (Celular)<br>
        <b>Coordinates:</b> -34.474330, -70.932973<br>
        <b>UMAP X:</b> 10.00254<br>
        <b>UMAP Y:</b> 4.2325096<br>
        ]]>                
        
            </description>
            <styleUrl>#6501</styleUrl>
            <Point id="6499">
                <coordinates>-70.9329728,-34.474329599722225,0.0</coordinates>
            </Point>
        </Placemark>
        <Placemark id="6505">
            <name>20260107_095822.jpg</name>
            <description>
                
        
<![CDATA[
        <b>File:</b> 20260107_095822.jpg<br>
        <b>Site:</b> La Capilla<br>
        <b>Camera:</b> Ground (Celular)<br>
        <b>Coordinates:</b> -34.474330, -70.932973<br>
        <b>UMAP X:</b> 7.0123944<br>
        <b>UMAP Y:</b> 4.7915716<br>
        ]]>                
        
            </description>
            <styleUrl>#6506</styleUrl>
            <Point id="6504">
                <coordinates>-70.9329728,-34.474329599722225,0.0</coordinates>
            </Point>
        </Placemark>
        <Placemark id="6510">
            <name>20260107_095825.jpg</name>
            <description>
                
        
<![CDATA[
        <b>File:</b> 20260107_095825.jpg<br>
        <b>Site:</b> La Capilla<br>
        <b>Camera:</b> Ground (Celular)<br>
        <b>Coordinates:</b> -34.474330, -70.932973<br>
        <b>UMAP X:</b> 9.453203<br>
        <b>UMAP Y:</b> 3.5250163<br>
        ]]>                
        
            </description>
            <styleUrl>#6511</styleUrl>
            <Point id="6509">
                <coordinates>-70.9329728,-34.474329599722225,0.0</coordinates>
            </Point>
        </Placemark>
        <Placemark id="6515">
            <name>20260107_095830.jpg</name>
            <description>
                
        
<![CDATA[
        <b>File:</b> 20260107_095830.jpg<br>
        <b>Site:</b> La Capilla<br>
        <b>Camera:</b> Ground (Celular)<br>
        <b>Coordinates:</b> -34.474330, -70.932973<br>
        <b>UMAP X:</b> 9.339967<br>
        <b>UMAP Y:</b> 6.0018735<br>
        ]]>                
        
            </description>
            <styleUrl>#6516</styleUrl>
            <Point id="6514">
                <coordinates>-70.9329728,-34.474329599722225,0.0</coordinates>
            </Point>
        </Placemark>
        <Placemark id="6520">
            <name>20260107_095833.jpg</name>
            <description>
                
        
<![CDATA[
        <b>File:</b> 20260107_095833.jpg<br>
        <b>Site:</b> La Capilla<br>
        <b>Camera:</b> Ground (Celular)<br>
        <b>Coordinates:</b> -34.474330, -70.932973<br>
        <b>UMAP X:</b> 7.1067386<br>
        <b>UMAP Y:</b> 7.207405<br>
        ]]>                
        
            </description>
            <styleUrl>#6521</styleUrl>
            <Point id="6519">
                <coordinates>-70.9329728,-34.474329599722225,0.0</coordinates>
            </Point>
        </Placemark>
        <Placemark id="6525">
            <name>20260107_095836.jpg</name>
            <description>
                
        
<![CDATA[
        <b>File:</b> 20260107_095836.jpg<br>
        <b>Site:</b> La Capilla<br>
        <b>Camera:</b> Ground (Celular)<br>
        <b>Coordinates:</b> -34.474330, -70.932973<br>
        <b>UMAP X:</b> 9.354541<br>
        <b>UMAP Y:</b> 5.807501<br>
        ]]>                
        
            </description>
            <styleUrl>#6526</styleUrl>
            <Point id="6524">
                <coordinates>-70.9329728,-34.474329599722225,0.0</coordinates>
            </Point>
        </Placemark>
        <Placemark id="6530">
            <name>20260107_095838.jpg</name>
            <description>
                
        
<![CDATA[
        <b>File:</b> 20260107_095838.jpg<br>
        <b>Site:</b> La Capilla<br>
        <b>Camera:</b> Ground (Celular)<br>
        <b>Coordinates:</b> -34.474330, -70.932973<br>
        <b>UMAP X:</b> 6.8343015<br>
        <b>UMAP Y:</b> 4.0066786<br>
        ]]>                
        
            </description>
            <styleUrl>#6531</styleUrl>
            <Point id="6529">
                <coordinates>-70.9329728,-34.474329599722225,0.0</coordinates>
            </Point>
        </Placemark>
        <Placemark id="6535">
            <name>20260107_095840.jpg</name>
            <description>
                
        
<![CDATA[
        <b>File:</b> 20260107_095840.jpg<br>
        <b>Site:</b> La Capilla<br>
        <b>Camera:</b> Ground (Celular)<br>
        <b>Coordinates:</b> -34.474330, -70.932973<br>
        <b>UMAP X:</b> 9.069431<br>
        <b>UMAP Y:</b> 4.192417<br>
        ]]>                
        
            </description>
            <styleUrl>#6536</styleUrl>
            <Point id="6534">
                <coordinates>-70.9329728,-34.474329599722225,0.0</coordinates>
            </Point>
        </Placemark>
        <Placemark id="6540">
            <name>20260107_095844.jpg</name>
            <description>
                
        
<![CDATA[
        <b>File:</b> 20260107_095844.jpg<br>
        <b>Site:</b> La Capilla<br>
        <b>Camera:</b> Ground (Celular)<br>
        <b>Coordinates:</b> -34.474330, -70.932973<br>
        <b>UMAP X:</b> 7.600423<br>
        <b>UMAP Y:</b> 3.7788842<br>
        ]]>                
        
            </description>
            <styleUrl>#6541</styleUrl>
            <Point id="6539">
                <coordinates>-70.9329728,-34.474329599722225,0.0</coordinates>
            </Point>
        </Placemark>
        <Placemark id="6545">
            <name>20260107_095848.jpg</name>
            <description>
                
        
<![CDATA[
        <b>File:</b> 20260107_095848.jpg<br>
        <b>Site:</b> La Capilla<br>
        <b>Camera:</b> Ground (Celular)<br>
        <b>Coordinates:</b> -34.474330, -70.932973<br>
        <b>UMAP X:</b> 6.728607<br>
        <b>UMAP Y:</b> 8.966329<br>
        ]]>                
        
            </description>
            <styleUrl>#6546</styleUrl>
            <Point id="6544">
                <coordinates>-70.9329728,-34.474329599722225,0.0</coordinates>
            </Point>
        </Placemark>
        <Placemark id="6550">
            <name>20260107_095851.jpg</name>
            <description>
                
        
<![CDATA[
        <b>File:</b> 20260107_095851.jpg<br>
        <b>Site:</b> La Capilla<br>
        <b>Camera:</b> Ground (Celular)<br>
        <b>Coordinates:</b> -34.474330, -70.932973<br>
        <b>UMAP X:</b> 5.4786325<br>
        <b>UMAP Y:</b> 7.3610024<br>
        ]]>                
        
            </description>
            <styleUrl>#6551</styleUrl>
            <Point id="6549">
                <coordinates>-70.9329728,-34.474329599722225,0.0</coordinates>
            </Point>
        </Placemark>
        <Placemark id="6555">
            <name>20260107_095854.jpg</name>
            <description>
                
        
<![CDATA[
        <b>File:</b> 20260107_095854.jpg<br>
        <b>Site:</b> La Capilla<br>
        <b>Camera:</b> Ground (Celular)<br>
        <b>Coordinates:</b> -34.474330, -70.932973<br>
        <b>UMAP X:</b> 7.6310687<br>
        <b>UMAP Y:</b> 8.430815<br>
        ]]>                
        
            </description>
            <styleUrl>#6556</styleUrl>
            <Point id="6554">
                <coordinates>-70.9329728,-34.474329599722225,0.0</coordinates>
            </Point>
        </Placemark>
        <Placemark id="6560">
            <name>20260107_095857.jpg</name>
            <description>
                
        
<![CDATA[
        <b>File:</b> 20260107_095857.jpg<br>
        <b>Site:</b> La Capilla<br>
        <b>Camera:</b> Ground (Celular)<br>
        <b>Coordinates:</b> -34.474330, -70.932973<br>
        <b>UMAP X:</b> 9.251885<br>
        <b>UMAP Y:</b> 4.684437<br>
        ]]>                
        
            </description>
            <styleUrl>#6561</styleUrl>
            <Point id="6559">
                <coordinates>-70.9329728,-34.474329599722225,0.0</coordinates>
            </Point>
        </Placemark>
        <Placemark id="6565">
            <name>20260107_095859.jpg</name>
            <description>
                
        
<![CDATA[
        <b>File:</b> 20260107_095859.jpg<br>
        <b>Site:</b> La Capilla<br>
        <b>Camera:</b> Ground (Celular)<br>
        <b>Coordinates:</b> -34.474330, -70.932973<br>
        <b>UMAP X:</b> 8.9307995<br>
        <b>UMAP Y:</b> 5.095809<br>
        ]]>                
        
            </description>
            <styleUrl>#6566</styleUrl>
            <Point id="6564">
                <coordinates>-70.9329728,-34.474329599722225,0.0</coordinates>
            </Point>
        </Placemark>
        <Placemark id="6570">
            <name>20260107_095903.jpg</name>
            <description>
                
        
<![CDATA[
        <b>File:</b> 20260107_095903.jpg<br>
        <b>Site:</b> La Capilla<br>
        <b>Camera:</b> Ground (Celular)<br>
        <b>Coordinates:</b> -34.474330, -70.932973<br>
        <b>UMAP X:</b> 9.371131<br>
        <b>UMAP Y:</b> 4.203832<br>
        ]]>                
        
            </description>
            <styleUrl>#6571</styleUrl>
            <Point id="6569">
                <coordinates>-70.9329728,-34.474329599722225,0.0</coordinates>
            </Point>
        </Placemark>
        <Placemark id="6575">
            <name>20260107_095906.jpg</name>
            <description>
                
        
<![CDATA[
        <b>File:</b> 20260107_095906.jpg<br>
        <b>Site:</b> La Capilla<br>
        <b>Camera:</b> Ground (Celular)<br>
        <b>Coordinates:</b> -34.474330, -70.932973<br>
        <b>UMAP X:</b> 7.1412716<br>
        <b>UMAP Y:</b> 8.184034<br>
        ]]>                
        
            </description>
            <styleUrl>#6576</styleUrl>
            <Point id="6574">
                <coordinates>-70.9329728,-34.474329599722225,0.0</coordinates>
            </Point>
        </Placemark>
        <Placemark id="6580">
            <name>20260107_095910.jpg</name>
            <description>
                
        
<![CDATA[
        <b>File:</b> 20260107_095910.jpg<br>
        <b>Site:</b> La Capilla<br>
        <b>Camera:</b> Ground (Celular)<br>
        <b>Coordinates:</b> -34.474330, -70.932973<br>
        <b>UMAP X:</b> 9.149395<br>
        <b>UMAP Y:</b> 7.6038795<br>
        ]]>                
        
            </description>
            <styleUrl>#6581</styleUrl>
            <Point id="6579">
                <coordinates>-70.9329728,-34.474329599722225,0.0</coordinates>
            </Point>
        </Placemark>
        <Placemark id="6585">
            <name>20260107_095912.jpg</name>
            <description>
                
        
<![CDATA[
        <b>File:</b> 20260107_095912.jpg<br>
        <b>Site:</b> La Capilla<br>
        <b>Camera:</b> Ground (Celular)<br>
        <b>Coordinates:</b> -34.474330, -70.932973<br>
        <b>UMAP X:</b> 9.917588<br>
        <b>UMAP Y:</b> 4.813725<br>
        ]]>                
        
            </description>
            <styleUrl>#6586</styleUrl>
            <Point id="6584">
                <coordinates>-70.9329728,-34.474329599722225,0.0</coordinates>
            </Point>
        </Placemark>
        <Placemark id="6590">
            <name>20260107_095915.jpg</name>
            <description>
                
        
<![CDATA[
        <b>File:</b> 20260107_095915.jpg<br>
        <b>Site:</b> La Capilla<br>
        <b>Camera:</b> Ground (Celular)<br>
        <b>Coordinates:</b> -34.474330, -70.932973<br>
        <b>UMAP X:</b> 8.944535<br>
        <b>UMAP Y:</b> 7.5927997<br>
        ]]>                
        
            </description>
            <styleUrl>#6591</styleUrl>
            <Point id="6589">
                <coordinates>-70.9329728,-34.474329599722225,0.0</coordinates>
            </Point>
        </Placemark>
        <Placemark id="6595">
            <name>20260107_095919.jpg</name>
            <description>
                
        
<![CDATA[
        <b>File:</b> 20260107_095919.jpg<br>
        <b>Site:</b> La Capilla<br>
        <b>Camera:</b> Ground (Celular)<br>
        <b>Coordinates:</b> -34.474330, -70.932973<br>
        <b>UMAP X:</b> 8.456378<br>
        <b>UMAP Y:</b> 4.33657<br>
        ]]>                
        
            </description>
            <styleUrl>#6596</styleUrl>
            <Point id="6594">
                <coordinates>-70.9329728,-34.474329599722225,0.0</coordinates>
            </Point>
        </Placemark>
        <Placemark id="6600">
            <name>20260107_095921.jpg</name>
            <description>
                
        
<![CDATA[
        <b>File:</b> 20260107_095921.jpg<br>
        <b>Site:</b> La Capilla<br>
        <b>Camera:</b> Ground (Celular)<br>
        <b>Coordinates:</b> -34.474330, -70.932973<br>
        <b>UMAP X:</b> 6.7826114<br>
        <b>UMAP Y:</b> 7.4475393<br>
        ]]>                
        
            </description>
            <styleUrl>#6601</styleUrl>
            <Point id="6599">
                <coordinates>-70.9329728,-34.474329599722225,0.0</coordinates>
            </Point>
        </Placemark>
        <Placemark id="6605">
            <name>20260107_095924.jpg</name>
            <description>
                
        
<![CDATA[
        <b>File:</b> 20260107_095924.jpg<br>
        <b>Site:</b> La Capilla<br>
        <b>Camera:</b> Ground (Celular)<br>
        <b>Coordinates:</b> -34.474330, -70.932973<br>
        <b>UMAP X:</b> 6.5440764<br>
        <b>UMAP Y:</b> 8.860146<br>
        ]]>                
        
            </description>
            <styleUrl>#6606</styleUrl>
            <Point id="6604">
                <coordinates>-70.9329728,-34.474329599722225,0.0</coordinates>
            </Point>
        </Placemark>
        <Placemark id="6610">
            <name>20260107_095927.jpg</name>
            <description>
                
        
<![CDATA[
        <b>File:</b> 20260107_095927.jpg<br>
        <b>Site:</b> La Capilla<br>
        <b>Camera:</b> Ground (Celular)<br>
        <b>Coordinates:</b> -34.474330, -70.932973<br>
        <b>UMAP X:</b> 7.867718<br>
        <b>UMAP Y:</b> 8.0187<br>
        ]]>                
        
            </description>
            <styleUrl>#6611</styleUrl>
            <Point id="6609">
                <coordinates>-70.9329728,-34.474329599722225,0.0</coordinates>
            </Point>
        </Placemark>
        <Placemark id="6615">
            <name>20260107_095930.jpg</name>
            <description>
                
        
<![CDATA[
        <b>File:</b> 20260107_095930.jpg<br>
        <b>Site:</b> La Capilla<br>
        <b>Camera:</b> Ground (Celular)<br>
        <b>Coordinates:</b> -34.474330, -70.932973<br>
        <b>UMAP X:</b> 8.9055195<br>
        <b>UMAP Y:</b> 5.606956<br>
        ]]>                
        
            </description>
            <styleUrl>#6616</styleUrl>
            <Point id="6614">
                <coordinates>-70.9329728,-34.474329599722225,0.0</coordinates>
            </Point>
        </Placemark>
        <Placemark id="6620">
            <name>20260107_095934.jpg</name>
            <description>
                
        
<![CDATA[
        <b>File:</b> 20260107_095934.jpg<br>
        <b>Site:</b> La Capilla<br>
        <b>Camera:</b> Ground (Celular)<br>
        <b>Coordinates:</b> -34.474330, -70.932973<br>
        <b>UMAP X:</b> 7.7716064<br>
        <b>UMAP Y:</b> 2.9135544<br>
        ]]>                
        
            </description>
            <styleUrl>#6621</styleUrl>
            <Point id="6619">
                <coordinates>-70.9329728,-34.474329599722225,0.0</coordinates>
            </Point>
        </Placemark>
        <Placemark id="6625">
            <name>20260107_095937.jpg</name>
            <description>
                
        
<![CDATA[
        <b>File:</b> 20260107_095937.jpg<br>
        <b>Site:</b> La Capilla<br>
        <b>Camera:</b> Ground (Celular)<br>
        <b>Coordinates:</b> -34.474330, -70.932973<br>
        <b>UMAP X:</b> 9.881258<br>
        <b>UMAP Y:</b> 4.3154583<br>
        ]]>                
        
            </description>
            <styleUrl>#6626</styleUrl>
            <Point id="6624">
                <coordinates>-70.9329728,-34.474329599722225,0.0</coordinates>
            </Point>
        </Placemark>
        <Placemark id="6630">
            <name>20260107_095943.jpg</name>
            <description>
                
        
<![CDATA[
        <b>File:</b> 20260107_095943.jpg<br>
        <b>Site:</b> La Capilla<br>
        <b>Camera:</b> Ground (Celular)<br>
        <b>Coordinates:</b> -34.474330, -70.932973<br>
        <b>UMAP X:</b> 8.946343<br>
        <b>UMAP Y:</b> 6.1285205<br>
        ]]>                
        
            </description>
            <styleUrl>#6631</styleUrl>
            <Point id="6629">
                <coordinates>-70.9329728,-34.474329599722225,0.0</coordinates>
            </Point>
        </Placemark>
        <Placemark id="6635">
            <name>20260107_095945.jpg</name>
            <description>
                
        
<![CDATA[
        <b>File:</b> 20260107_095945.jpg<br>
        <b>Site:</b> La Capilla<br>
        <b>Camera:</b> Ground (Celular)<br>
        <b>Coordinates:</b> -34.474330, -70.932973<br>
        <b>UMAP X:</b> 8.717046<br>
        <b>UMAP Y:</b> 5.823449<br>
        ]]>                
        
            </description>
            <styleUrl>#6636</styleUrl>
            <Point id="6634">
                <coordinates>-70.9329728,-34.474329599722225,0.0</coordinates>
            </Point>
        </Placemark>
        <Placemark id="6640">
            <name>20260107_095948.jpg</name>
            <description>
                
        
<![CDATA[
        <b>File:</b> 20260107_095948.jpg<br>
        <b>Site:</b> La Capilla<br>
        <b>Camera:</b> Ground (Celular)<br>
        <b>Coordinates:</b> -34.474330, -70.932973<br>
        <b>UMAP X:</b> 8.544328<br>
        <b>UMAP Y:</b> 5.496853<br>
        ]]>                
        
            </description>
            <styleUrl>#6641</styleUrl>
            <Point id="6639">
                <coordinates>-70.9329728,-34.474329599722225,0.0</coordinates>
            </Point>
        </Placemark>
        <Placemark id="6645">
            <name>20260107_095951.jpg</name>
            <description>
                
        
<![CDATA[
        <b>File:</b> 20260107_095951.jpg<br>
        <b>Site:</b> La Capilla<br>
        <b>Camera:</b> Ground (Celular)<br>
        <b>Coordinates:</b> -34.474330, -70.932973<br>
        <b>UMAP X:</b> 9.809191<br>
        <b>UMAP Y:</b> 3.5523643<br>
        ]]>                
        
            </description>
            <styleUrl>#6646</styleUrl>
            <Point id="6644">
                <coordinates>-70.9329728,-34.474329599722225,0.0</coordinates>
            </Point>
        </Placemark>
        <Placemark id="6650">
            <name>20260107_095956.jpg</name>
            <description>
                
        
<![CDATA[
        <b>File:</b> 20260107_095956.jpg<br>
        <b>Site:</b> La Capilla<br>
        <b>Camera:</b> Ground (Celular)<br>
        <b>Coordinates:</b> -34.474330, -70.932973<br>
        <b>UMAP X:</b> 7.3184094<br>
        <b>UMAP Y:</b> 6.8209996<br>
        ]]>                
        
            </description>
            <styleUrl>#6651</styleUrl>
            <Point id="6649">
                <coordinates>-70.9329728,-34.474329599722225,0.0</coordinates>
            </Point>
        </Placemark>
        <Placemark id="6655">
            <name>20260107_100002.jpg</name>
            <description>
                
        
<![CDATA[
        <b>File:</b> 20260107_100002.jpg<br>
        <b>Site:</b> La Capilla<br>
        <b>Camera:</b> Ground (Celular)<br>
        <b>Coordinates:</b> -34.474330, -70.932973<br>
        <b>UMAP X:</b> 8.975201<br>
        <b>UMAP Y:</b> 5.6891828<br>
        ]]>                
        
            </description>
            <styleUrl>#6656</styleUrl>
            <Point id="6654">
                <coordinates>-70.9329728,-34.474329599722225,0.0</coordinates>
            </Point>
        </Placemark>
        <Placemark id="6660">
            <name>20260107_100006.jpg</name>
            <description>
                
        
<![CDATA[
        <b>File:</b> 20260107_100006.jpg<br>
        <b>Site:</b> La Capilla<br>
        <b>Camera:</b> Ground (Celular)<br>
        <b>Coordinates:</b> -34.474330, -70.932973<br>
        <b>UMAP X:</b> 7.680241<br>
        <b>UMAP Y:</b> 2.6484575<br>
        ]]>                
        
            </description>
            <styleUrl>#6661</styleUrl>
            <Point id="6659">
                <coordinates>-70.9329728,-34.474329599722225,0.0</coordinates>
            </Point>
        </Placemark>
        <Placemark id="6665">
            <name>20260107_100010.jpg</name>
            <description>
                
        
<![CDATA[
        <b>File:</b> 20260107_100010.jpg<br>
        <b>Site:</b> La Capilla<br>
        <b>Camera:</b> Ground (Celular)<br>
        <b>Coordinates:</b> -34.474330, -70.932973<br>
        <b>UMAP X:</b> 6.683114<br>
        <b>UMAP Y:</b> 8.929906<br>
        ]]>                
        
            </description>
            <styleUrl>#6666</styleUrl>
            <Point id="6664">
                <coordinates>-70.9329728,-34.474329599722225,0.0</coordinates>
            </Point>
        </Placemark>
        <Placemark id="6670">
            <name>20260107_100013.jpg</name>
            <description>
                
        
<![CDATA[
        <b>File:</b> 20260107_100013.jpg<br>
        <b>Site:</b> La Capilla<br>
        <b>Camera:</b> Ground (Celular)<br>
        <b>Coordinates:</b> -34.474330, -70.932973<br>
        <b>UMAP X:</b> 7.4130692<br>
        <b>UMAP Y:</b> 8.1420555<br>
        ]]>                
        
            </description>
            <styleUrl>#6671</styleUrl>
            <Point id="6669">
                <coordinates>-70.9329728,-34.474329599722225,0.0</coordinates>
            </Point>
        </Placemark>
        <Placemark id="6675">
            <name>20260107_100018.jpg</name>
            <description>
                
        
<![CDATA[
        <b>File:</b> 20260107_100018.jpg<br>
        <b>Site:</b> La Capilla<br>
        <b>Camera:</b> Ground (Celular)<br>
        <b>Coordinates:</b> -34.474330, -70.932973<br>
        <b>UMAP X:</b> 8.831065<br>
        <b>UMAP Y:</b> 4.9030995<br>
        ]]>                
        
            </description>
            <styleUrl>#6676</styleUrl>
            <Point id="6674">
                <coordinates>-70.9329728,-34.474329599722225,0.0</coordinates>
            </Point>
        </Placemark>
        <Placemark id="6680">
            <name>20260107_100023.jpg</name>
            <description>
                
        
<![CDATA[
        <b>File:</b> 20260107_100023.jpg<br>
        <b>Site:</b> La Capilla<br>
        <b>Camera:</b> Ground (Celular)<br>
        <b>Coordinates:</b> -34.474330, -70.932973<br>
        <b>UMAP X:</b> 7.7922683<br>
        <b>UMAP Y:</b> 7.956885<br>
        ]]>                
        
            </description>
            <styleUrl>#6681</styleUrl>
            <Point id="6679">
                <coordinates>-70.9329728,-34.474329599722225,0.0</coordinates>
            </Point>
        </Placemark>
        <Placemark id="6685">
            <name>20260107_100033.jpg</name>
            <description>
                
        
<![CDATA[
        <b>File:</b> 20260107_100033.jpg<br>
        <b>Site:</b> La Capilla<br>
        <b>Camera:</b> Ground (Celular)<br>
        <b>Coordinates:</b> -34.474330, -70.932973<br>
        <b>UMAP X:</b> 8.566554<br>
        <b>UMAP Y:</b> 2.8879955<br>
        ]]>                
        
            </description>
            <styleUrl>#6686</styleUrl>
            <Point id="6684">
                <coordinates>-70.9329728,-34.474329599722225,0.0</coordinates>
            </Point>
        </Placemark>
        <Placemark id="6690">
            <name>20260107_100035.jpg</name>
            <description>
                
        
<![CDATA[
        <b>File:</b> 20260107_100035.jpg<br>
        <b>Site:</b> La Capilla<br>
        <b>Camera:</b> Ground (Celular)<br>
        <b>Coordinates:</b> -34.474330, -70.932973<br>
        <b>UMAP X:</b> 8.868805<br>
        <b>UMAP Y:</b> 4.625702<br>
        ]]>                
        
            </description>
            <styleUrl>#6691</styleUrl>
            <Point id="6689">
                <coordinates>-70.9329728,-34.474329599722225,0.0</coordinates>
            </Point>
        </Placemark>
        <Placemark id="6695">
            <name>20260107_100039.jpg</name>
            <description>
                
        
<![CDATA[
        <b>File:</b> 20260107_100039.jpg<br>
        <b>Site:</b> La Capilla<br>
        <b>Camera:</b> Ground (Celular)<br>
        <b>Coordinates:</b> -34.474330, -70.932973<br>
        <b>UMAP X:</b> 6.7404733<br>
        <b>UMAP Y:</b> 2.615436<br>
        ]]>                
        
            </description>
            <styleUrl>#6696</styleUrl>
            <Point id="6694">
                <coordinates>-70.9329728,-34.474329599722225,0.0</coordinates>
            </Point>
        </Placemark>
        <Placemark id="6700">
            <name>20260107_100043.jpg</name>
            <description>
                
        
<![CDATA[
        <b>File:</b> 20260107_100043.jpg<br>
        <b>Site:</b> La Capilla<br>
        <b>Camera:</b> Ground (Celular)<br>
        <b>Coordinates:</b> -34.474330, -70.932973<br>
        <b>UMAP X:</b> 7.688369<br>
        <b>UMAP Y:</b> 4.4780993<br>
        ]]>                
        
            </description>
            <styleUrl>#6701</styleUrl>
            <Point id="6699">
                <coordinates>-70.9329728,-34.474329599722225,0.0</coordinates>
            </Point>
        </Placemark>
        <Placemark id="6705">
            <name>20260107_100055.jpg</name>
            <description>
                
        
<![CDATA[
        <b>File:</b> 20260107_100055.jpg<br>
        <b>Site:</b> La Capilla<br>
        <b>Camera:</b> Ground (Celular)<br>
        <b>Coordinates:</b> -34.474330, -70.932973<br>
        <b>UMAP X:</b> 9.135562<br>
        <b>UMAP Y:</b> 8.505438<br>
        ]]>                
        
            </description>
            <styleUrl>#6706</styleUrl>
            <Point id="6704">
                <coordinates>-70.9329728,-34.474329599722225,0.0</coordinates>
            </Point>
        </Placemark>
        <Placemark id="6710">
            <name>20260107_100101.jpg</name>
            <description>
                
        
<![CDATA[
        <b>File:</b> 20260107_100101.jpg<br>
        <b>Site:</b> La Capilla<br>
        <b>Camera:</b> Ground (Celular)<br>
        <b>Coordinates:</b> -34.474330, -70.932973<br>
        <b>UMAP X:</b> 10.024916<br>
        <b>UMAP Y:</b> 7.038766<br>
        ]]>                
        
            </description>
            <styleUrl>#6711</styleUrl>
            <Point id="6709">
                <coordinates>-70.9329728,-34.474329599722225,0.0</coordinates>
            </Point>
        </Placemark>
        <Placemark id="6715">
            <name>20260107_100105.jpg</name>
            <description>
                
        
<![CDATA[
        <b>File:</b> 20260107_100105.jpg<br>
        <b>Site:</b> La Capilla<br>
        <b>Camera:</b> Ground (Celular)<br>
        <b>Coordinates:</b> -34.474330, -70.932973<br>
        <b>UMAP X:</b> 9.278274<br>
        <b>UMAP Y:</b> 7.955556<br>
        ]]>                
        
            </description>
            <styleUrl>#6716</styleUrl>
            <Point id="6714">
                <coordinates>-70.9329728,-34.474329599722225,0.0</coordinates>
            </Point>
        </Placemark>
        <Placemark id="6720">
            <name>20260107_100109.jpg</name>
            <description>
                
        
<![CDATA[
        <b>File:</b> 20260107_100109.jpg<br>
        <b>Site:</b> La Capilla<br>
        <b>Camera:</b> Ground (Celular)<br>
        <b>Coordinates:</b> -34.474105, -70.933912<br>
        <b>UMAP X:</b> 9.651244<br>
        <b>UMAP Y:</b> 5.6258407<br>
        ]]>                
        
            </description>
            <styleUrl>#6721</styleUrl>
            <Point id="6719">
                <coordinates>-70.93391189972223,-34.474104599722224,0.0</coordinates>
            </Point>
        </Placemark>
        <Placemark id="6725">
            <name>20260107_100114.jpg</name>
            <description>
                
        
<![CDATA[
        <b>File:</b> 20260107_100114.jpg<br>
        <b>Site:</b> La Capilla<br>
        <b>Camera:</b> Ground (Celular)<br>
        <b>Coordinates:</b> -34.474107, -70.933958<br>
        <b>UMAP X:</b> 9.234578<br>
        <b>UMAP Y:</b> 8.048602<br>
        ]]>                
        
            </description>
            <styleUrl>#6726</styleUrl>
            <Point id="6724">
                <coordinates>-70.9339578,-34.474107199722226,0.0</coordinates>
            </Point>
        </Placemark>
        <Placemark id="6730">
            <name>20260107_100117.jpg</name>
            <description>
                
        
<![CDATA[
        <b>File:</b> 20260107_100117.jpg<br>
        <b>Site:</b> La Capilla<br>
        <b>Camera:</b> Ground (Celular)<br>
        <b>Coordinates:</b> -34.474102, -70.933955<br>
        <b>UMAP X:</b> 9.774466<br>
        <b>UMAP Y:</b> 5.454153<br>
        ]]>                
        
            </description>
            <styleUrl>#6731</styleUrl>
            <Point id="6729">
                <coordinates>-70.9339551,-34.474102199722225,0.0</coordinates>
            </Point>
        </Placemark>
        <Placemark id="6735">
            <name>20260107_100122.jpg</name>
            <description>
                
        
<![CDATA[
        <b>File:</b> 20260107_100122.jpg<br>
        <b>Site:</b> La Capilla<br>
        <b>Camera:</b> Ground (Celular)<br>
        <b>Coordinates:</b> -34.474103, -70.933995<br>
        <b>UMAP X:</b> 9.425752<br>
        <b>UMAP Y:</b> 7.1857047<br>
        ]]>                
        
            </description>
            <styleUrl>#6736</styleUrl>
            <Point id="6734">
                <coordinates>-70.93399479972223,-34.4741026,0.0</coordinates>
            </Point>
        </Placemark>
        <Placemark id="6740">
            <name>20260107_100129.jpg</name>
            <description>
                
        
<![CDATA[
        <b>File:</b> 20260107_100129.jpg<br>
        <b>Site:</b> La Capilla<br>
        <b>Camera:</b> Ground (Celular)<br>
        <b>Coordinates:</b> -34.474103, -70.933995<br>
        <b>UMAP X:</b> 7.55616<br>
        <b>UMAP Y:</b> 4.5872626<br>
        ]]>                
        
            </description>
            <styleUrl>#6741</styleUrl>
            <Point id="6739">
                <coordinates>-70.93399479972223,-34.4741026,0.0</coordinates>
            </Point>
        </Placemark>
        <Placemark id="6745">
            <name>20260107_100134.jpg</name>
            <description>
                
        
<![CDATA[
        <b>File:</b> 20260107_100134.jpg<br>
        <b>Site:</b> La Capilla<br>
        <b>Camera:</b> Ground (Celular)<br>
        <b>Coordinates:</b> -34.474086, -70.934024<br>
        <b>UMAP X:</b> 8.792617<br>
        <b>UMAP Y:</b> 8.3089695<br>
        ]]>                
        
            </description>
            <styleUrl>#6746</styleUrl>
            <Point id="6744">
                <coordinates>-70.9340243,-34.4740862,0.0</coordinates>
            </Point>
        </Placemark>
        <Placemark id="6750">
            <name>20260107_100144.jpg</name>
            <description>
                
        
<![CDATA[
        <b>File:</b> 20260107_100144.jpg<br>
        <b>Site:</b> La Capilla<br>
        <b>Camera:</b> Ground (Celular)<br>
        <b>Coordinates:</b> -34.474084, -70.934145<br>
        <b>UMAP X:</b> 6.562332<br>
        <b>UMAP Y:</b> 3.6255493<br>
        ]]>                
        
            </description>
            <styleUrl>#6751</styleUrl>
            <Point id="6749">
                <coordinates>-70.93414479972222,-34.4740843,0.0</coordinates>
            </Point>
        </Placemark>
        <Placemark id="6755">
            <name>20260107_100147.jpg</name>
            <description>
                
        
<![CDATA[
        <b>File:</b> 20260107_100147.jpg<br>
        <b>Site:</b> La Capilla<br>
        <b>Camera:</b> Ground (Celular)<br>
        <b>Coordinates:</b> -34.474084, -70.934182<br>
        <b>UMAP X:</b> 7.9452515<br>
        <b>UMAP Y:</b> 7.7388372<br>
        ]]>                
        
            </description>
            <styleUrl>#6756</styleUrl>
            <Point id="6754">
                <coordinates>-70.93418189972222,-34.474083899722224,0.0</coordinates>
            </Point>
        </Placemark>
        <Placemark id="6760">
            <name>20260107_100152.jpg</name>
            <description>
                
        
<![CDATA[
        <b>File:</b> 20260107_100152.jpg<br>
        <b>Site:</b> La Capilla<br>
        <b>Camera:</b> Ground (Celular)<br>
        <b>Coordinates:</b> -34.474073, -70.934223<br>
        <b>UMAP X:</b> 8.848342<br>
        <b>UMAP Y:</b> 8.198576<br>
        ]]>                
        
            </description>
            <styleUrl>#6761</styleUrl>
            <Point id="6759">
                <coordinates>-70.9342228,-34.4740729,0.0</coordinates>
            </Point>
        </Placemark>
        <Placemark id="6765">
            <name>20260107_100159.jpg</name>
            <description>
                
        
<![CDATA[
        <b>File:</b> 20260107_100159.jpg<br>
        <b>Site:</b> La Capilla<br>
        <b>Camera:</b> Ground (Celular)<br>
        <b>Coordinates:</b> -34.474064, -70.934256<br>
        <b>UMAP X:</b> 7.0030766<br>
        <b>UMAP Y:</b> 7.5970707<br>
        ]]>                
        
            </description>
            <styleUrl>#6766</styleUrl>
            <Point id="6764">
                <coordinates>-70.9342555,-34.4740636,0.0</coordinates>
            </Point>
        </Placemark>
        <Placemark id="6770">
            <name>20260107_100202.jpg</name>
            <description>
                
        
<![CDATA[
        <b>File:</b> 20260107_100202.jpg<br>
        <b>Site:</b> La Capilla<br>
        <b>Camera:</b> Ground (Celular)<br>
        <b>Coordinates:</b> -34.474060, -70.934270<br>
        <b>UMAP X:</b> 8.249417<br>
        <b>UMAP Y:</b> 8.302014<br>
        ]]>                
        
            </description>
            <styleUrl>#6771</styleUrl>
            <Point id="6769">
                <coordinates>-70.9342702,-34.474060299722225,0.0</coordinates>
            </Point>
        </Placemark>
        <Placemark id="6775">
            <name>20260107_100204.jpg</name>
            <description>
                
        
<![CDATA[
        <b>File:</b> 20260107_100204.jpg<br>
        <b>Site:</b> La Capilla<br>
        <b>Camera:</b> Ground (Celular)<br>
        <b>Coordinates:</b> -34.474059, -70.934280<br>
        <b>UMAP X:</b> 8.254937<br>
        <b>UMAP Y:</b> 5.332621<br>
        ]]>                
        
            </description>
            <styleUrl>#6776</styleUrl>
            <Point id="6774">
                <coordinates>-70.93428029972223,-34.4740588,0.0</coordinates>
            </Point>
        </Placemark>
        <Placemark id="6780">
            <name>20260107_100207.jpg</name>
            <description>
                
        
<![CDATA[
        <b>File:</b> 20260107_100207.jpg<br>
        <b>Site:</b> La Capilla<br>
        <b>Camera:</b> Ground (Celular)<br>
        <b>Coordinates:</b> -34.474058, -70.934284<br>
        <b>UMAP X:</b> 9.907312<br>
        <b>UMAP Y:</b> 7.469033<br>
        ]]>                
        
            </description>
            <styleUrl>#6781</styleUrl>
            <Point id="6779">
                <coordinates>-70.9342835,-34.474058499722226,0.0</coordinates>
            </Point>
        </Placemark>
        <Placemark id="6785">
            <name>20260107_100210.jpg</name>
            <description>
                
        
<![CDATA[
        <b>File:</b> 20260107_100210.jpg<br>
        <b>Site:</b> La Capilla<br>
        <b>Camera:</b> Ground (Celular)<br>
        <b>Coordinates:</b> -34.474053, -70.934302<br>
        <b>UMAP X:</b> 8.387649<br>
        <b>UMAP Y:</b> 8.489985<br>
        ]]>                
        
            </description>
            <styleUrl>#6786</styleUrl>
            <Point id="6784">
                <coordinates>-70.9343018,-34.474052899722224,0.0</coordinates>
            </Point>
        </Placemark>
        <Placemark id="6790">
            <name>20260107_100214.jpg</name>
            <description>
                
        
<![CDATA[
        <b>File:</b> 20260107_100214.jpg<br>
        <b>Site:</b> La Capilla<br>
        <b>Camera:</b> Ground (Celular)<br>
        <b>Coordinates:</b> -34.474053, -70.934321<br>
        <b>UMAP X:</b> 9.837067<br>
        <b>UMAP Y:</b> 4.2458916<br>
        ]]>                
        
            </description>
            <styleUrl>#6791</styleUrl>
            <Point id="6789">
                <coordinates>-70.9343211,-34.474052899722224,0.0</coordinates>
            </Point>
        </Placemark>
        <Placemark id="6795">
            <name>20260107_100216.jpg</name>
            <description>
                
        
<![CDATA[
        <b>File:</b> 20260107_100216.jpg<br>
        <b>Site:</b> La Capilla<br>
        <b>Camera:</b> Ground (Celular)<br>
        <b>Coordinates:</b> -34.474052, -70.934331<br>
        <b>UMAP X:</b> 8.061632<br>
        <b>UMAP Y:</b> 4.868683<br>
        ]]>                
        
            </description>
            <styleUrl>#6796</styleUrl>
            <Point id="6794">
                <coordinates>-70.934331,-34.4740516,0.0</coordinates>
            </Point>
        </Placemark>
        <Placemark id="6800">
            <name>20260107_100219.jpg</name>
            <description>
                
        
<![CDATA[
        <b>File:</b> 20260107_100219.jpg<br>
        <b>Site:</b> La Capilla<br>
        <b>Camera:</b> Ground (Celular)<br>
        <b>Coordinates:</b> -34.474051, -70.934338<br>
        <b>UMAP X:</b> 9.283053<br>
        <b>UMAP Y:</b> 6.485822<br>
        ]]>                
        
            </description>
            <styleUrl>#6801</styleUrl>
            <Point id="6799">
                <coordinates>-70.93433819972222,-34.47405129972223,0.0</coordinates>
            </Point>
        </Placemark>
        <Placemark id="6805">
            <name>20260107_100223.jpg</name>
            <description>
                
        
<![CDATA[
        <b>File:</b> 20260107_100223.jpg<br>
        <b>Site:</b> La Capilla<br>
        <b>Camera:</b> Ground (Celular)<br>
        <b>Coordinates:</b> -34.474047, -70.934359<br>
        <b>UMAP X:</b> 8.617951<br>
        <b>UMAP Y:</b> 5.034961<br>
        ]]>                
        
            </description>
            <styleUrl>#6806</styleUrl>
            <Point id="6804">
                <coordinates>-70.93435949972222,-34.474046899722225,0.0</coordinates>
            </Point>
        </Placemark>
        <Placemark id="6810">
            <name>20260107_100227.jpg</name>
            <description>
                
        
<![CDATA[
        <b>File:</b> 20260107_100227.jpg<br>
        <b>Site:</b> La Capilla<br>
        <b>Camera:</b> Ground (Celular)<br>
        <b>Coordinates:</b> -34.474046, -70.934385<br>
        <b>UMAP X:</b> 7.672723<br>
        <b>UMAP Y:</b> 7.223104<br>
        ]]>                
        
            </description>
            <styleUrl>#6811</styleUrl>
            <Point id="6809">
                <coordinates>-70.934385,-34.474045699722225,0.0</coordinates>
            </Point>
        </Placemark>
        <Placemark id="6815">
            <name>20260107_100230.jpg</name>
            <description>
                
        
<![CDATA[
        <b>File:</b> 20260107_100230.jpg<br>
        <b>Site:</b> La Capilla<br>
        <b>Camera:</b> Ground (Celular)<br>
        <b>Coordinates:</b> -34.474045, -70.934399<br>
        <b>UMAP X:</b> 7.9091043<br>
        <b>UMAP Y:</b> 8.058735<br>
        ]]>                
        
            </description>
            <styleUrl>#6816</styleUrl>
            <Point id="6814">
                <coordinates>-70.93439859972223,-34.47404459972223,0.0</coordinates>
            </Point>
        </Placemark>
        <Placemark id="6820">
            <name>20260107_100250.jpg</name>
            <description>
                
        
<![CDATA[
        <b>File:</b> 20260107_100250.jpg<br>
        <b>Site:</b> La Capilla<br>
        <b>Camera:</b> Ground (Celular)<br>
        <b>Coordinates:</b> -34.474045, -70.934399<br>
        <b>UMAP X:</b> 8.63534<br>
        <b>UMAP Y:</b> 8.35774<br>
        ]]>                
        
            </description>
            <styleUrl>#6821</styleUrl>
            <Point id="6819">
                <coordinates>-70.93439859972223,-34.47404459972223,0.0</coordinates>
            </Point>
        </Placemark>
        <Placemark id="6825">
            <name>20260107_100254.jpg</name>
            <description>
                
        
<![CDATA[
        <b>File:</b> 20260107_100254.jpg<br>
        <b>Site:</b> La Capilla<br>
        <b>Camera:</b> Ground (Celular)<br>
        <b>Coordinates:</b> -34.474045, -70.934399<br>
        <b>UMAP X:</b> 9.958715<br>
        <b>UMAP Y:</b> 7.3219113<br>
        ]]>                
        
            </description>
            <styleUrl>#6826</styleUrl>
            <Point id="6824">
                <coordinates>-70.93439859972223,-34.47404459972223,0.0</coordinates>
            </Point>
        </Placemark>
        <Placemark id="6830">
            <name>20260107_100257.jpg</name>
            <description>
                
        
<![CDATA[
        <b>File:</b> 20260107_100257.jpg<br>
        <b>Site:</b> La Capilla<br>
        <b>Camera:</b> Ground (Celular)<br>
        <b>Coordinates:</b> -34.474045, -70.934399<br>
        <b>UMAP X:</b> 9.68589<br>
        <b>UMAP Y:</b> 7.193909<br>
        ]]>                
        
            </description>
            <styleUrl>#6831</styleUrl>
            <Point id="6829">
                <coordinates>-70.93439859972223,-34.47404459972223,0.0</coordinates>
            </Point>
        </Placemark>
        <Placemark id="6835">
            <name>20260107_100300.jpg</name>
            <description>
                
        
<![CDATA[
        <b>File:</b> 20260107_100300.jpg<br>
        <b>Site:</b> La Capilla<br>
        <b>Camera:</b> Ground (Celular)<br>
        <b>Coordinates:</b> -34.474045, -70.934399<br>
        <b>UMAP X:</b> 8.694427<br>
        <b>UMAP Y:</b> 8.843532<br>
        ]]>                
        
            </description>
            <styleUrl>#6836</styleUrl>
            <Point id="6834">
                <coordinates>-70.93439859972223,-34.47404459972223,0.0</coordinates>
            </Point>
        </Placemark>
        <Placemark id="6840">
            <name>20260107_100307.jpg</name>
            <description>
                
        
<![CDATA[
        <b>File:</b> 20260107_100307.jpg<br>
        <b>Site:</b> La Capilla<br>
        <b>Camera:</b> Ground (Celular)<br>
        <b>Coordinates:</b> -34.474019, -70.934658<br>
        <b>UMAP X:</b> 8.620383<br>
        <b>UMAP Y:</b> 8.973715<br>
        ]]>                
        
            </description>
            <styleUrl>#6841</styleUrl>
            <Point id="6839">
                <coordinates>-70.9346579,-34.4740193,0.0</coordinates>
            </Point>
        </Placemark>
        <Placemark id="6845">
            <name>20260107_100312.jpg</name>
            <description>
                
        
<![CDATA[
        <b>File:</b> 20260107_100312.jpg<br>
        <b>Site:</b> La Capilla<br>
        <b>Camera:</b> Ground (Celular)<br>
        <b>Coordinates:</b> -34.474006, -70.934650<br>
        <b>UMAP X:</b> 9.999838<br>
        <b>UMAP Y:</b> 6.410527<br>
        ]]>                
        
            </description>
            <styleUrl>#6846</styleUrl>
            <Point id="6844">
                <coordinates>-70.9346503,-34.4740059,0.0</coordinates>
            </Point>
        </Placemark>
        <Placemark id="6850">
            <name>20260107_100318.jpg</name>
            <description>
                
        
<![CDATA[
        <b>File:</b> 20260107_100318.jpg<br>
        <b>Site:</b> La Capilla<br>
        <b>Camera:</b> Ground (Celular)<br>
        <b>Coordinates:</b> -34.474006, -70.934650<br>
        <b>UMAP X:</b> 9.994505<br>
        <b>UMAP Y:</b> 3.9522896<br>
        ]]>                
        
            </description>
            <styleUrl>#6851</styleUrl>
            <Point id="6849">
                <coordinates>-70.9346503,-34.4740059,0.0</coordinates>
            </Point>
        </Placemark>
        <Placemark id="6855">
            <name>20260107_100320.jpg</name>
            <description>
                
        
<![CDATA[
        <b>File:</b> 20260107_100320.jpg<br>
        <b>Site:</b> La Capilla<br>
        <b>Camera:</b> Ground (Celular)<br>
        <b>Coordinates:</b> -34.474006, -70.934650<br>
        <b>UMAP X:</b> 9.375178<br>
        <b>UMAP Y:</b> 7.9683<br>
        ]]>                
        
            </description>
            <styleUrl>#6856</styleUrl>
            <Point id="6854">
                <coordinates>-70.9346503,-34.4740059,0.0</coordinates>
            </Point>
        </Placemark>
        <Placemark id="6860">
            <name>20260107_100323.jpg</name>
            <description>
                
        
<![CDATA[
        <b>File:</b> 20260107_100323.jpg<br>
        <b>Site:</b> La Capilla<br>
        <b>Camera:</b> Ground (Celular)<br>
        <b>Coordinates:</b> -34.474006, -70.934650<br>
        <b>UMAP X:</b> 6.978007<br>
        <b>UMAP Y:</b> 8.718426<br>
        ]]>                
        
            </description>
            <styleUrl>#6861</styleUrl>
            <Point id="6859">
                <coordinates>-70.9346503,-34.4740059,0.0</coordinates>
            </Point>
        </Placemark>
        <Placemark id="6865">
            <name>20260107_100329.jpg</name>
            <description>
                
        
<![CDATA[
        <b>File:</b> 20260107_100329.jpg<br>
        <b>Site:</b> La Capilla<br>
        <b>Camera:</b> Ground (Celular)<br>
        <b>Coordinates:</b> -34.474006, -70.934650<br>
        <b>UMAP X:</b> 7.427674<br>
        <b>UMAP Y:</b> 6.4655075<br>
        ]]>                
        
            </description>
            <styleUrl>#6866</styleUrl>
            <Point id="6864">
                <coordinates>-70.9346503,-34.4740059,0.0</coordinates>
            </Point>
        </Placemark>
        <Placemark id="6870">
            <name>20260107_100333.jpg</name>
            <description>
                
        
<![CDATA[
        <b>File:</b> 20260107_100333.jpg<br>
        <b>Site:</b> La Capilla<br>
        <b>Camera:</b> Ground (Celular)<br>
        <b>Coordinates:</b> -34.474006, -70.934650<br>
        <b>UMAP X:</b> 8.883264<br>
        <b>UMAP Y:</b> 6.586778<br>
        ]]>                
        
            </description>
            <styleUrl>#6871</styleUrl>
            <Point id="6869">
                <coordinates>-70.9346503,-34.4740059,0.0</coordinates>
            </Point>
        </Placemark>
        <Placemark id="6875">
            <name>20260107_100335.jpg</name>
            <description>
                
        
<![CDATA[
        <b>File:</b> 20260107_100335.jpg<br>
        <b>Site:</b> La Capilla<br>
        <b>Camera:</b> Ground (Celular)<br>
        <b>Coordinates:</b> -34.474006, -70.934650<br>
        <b>UMAP X:</b> 9.173456<br>
        <b>UMAP Y:</b> 8.569405<br>
        ]]>                
        
            </description>
            <styleUrl>#6876</styleUrl>
            <Point id="6874">
                <coordinates>-70.9346503,-34.4740059,0.0</coordinates>
            </Point>
        </Placemark>
        <Placemark id="6880">
            <name>20260107_100337.jpg</name>
            <description>
                
        
<![CDATA[
        <b>File:</b> 20260107_100337.jpg<br>
        <b>Site:</b> La Capilla<br>
        <b>Camera:</b> Ground (Celular)<br>
        <b>Coordinates:</b> -34.474006, -70.934650<br>
        <b>UMAP X:</b> 9.685559<br>
        <b>UMAP Y:</b> 5.459966<br>
        ]]>                
        
            </description>
            <styleUrl>#6881</styleUrl>
            <Point id="6879">
                <coordinates>-70.9346503,-34.4740059,0.0</coordinates>
            </Point>
        </Placemark>
        <Placemark id="6885">
            <name>20260107_100340.jpg</name>
            <description>
                
        
<![CDATA[
        <b>File:</b> 20260107_100340.jpg<br>
        <b>Site:</b> La Capilla<br>
        <b>Camera:</b> Ground (Celular)<br>
        <b>Coordinates:</b> -34.474006, -70.934650<br>
        <b>UMAP X:</b> 9.3748865<br>
        <b>UMAP Y:</b> 7.8101516<br>
        ]]>                
        
            </description>
            <styleUrl>#6886</styleUrl>
            <Point id="6884">
                <coordinates>-70.9346503,-34.4740059,0.0</coordinates>
            </Point>
        </Placemark>
        <Placemark id="6890">
            <name>20260107_100349.jpg</name>
            <description>
                
        
<![CDATA[
        <b>File:</b> 20260107_100349.jpg<br>
        <b>Site:</b> La Capilla<br>
        <b>Camera:</b> Ground (Celular)<br>
        <b>Coordinates:</b> -34.474006, -70.934650<br>
        <b>UMAP X:</b> 8.240703<br>
        <b>UMAP Y:</b> 6.3764176<br>
        ]]>                
        
            </description>
            <styleUrl>#6891</styleUrl>
            <Point id="6889">
                <coordinates>-70.9346503,-34.4740059,0.0</coordinates>
            </Point>
        </Placemark>
        <Placemark id="6895">
            <name>20260107_100353.jpg</name>
            <description>
                
        
<![CDATA[
        <b>File:</b> 20260107_100353.jpg<br>
        <b>Site:</b> La Capilla<br>
        <b>Camera:</b> Ground (Celular)<br>
        <b>Coordinates:</b> -34.474006, -70.934650<br>
        <b>UMAP X:</b> 9.357728<br>
        <b>UMAP Y:</b> 5.236486<br>
        ]]>                
        
            </description>
            <styleUrl>#6896</styleUrl>
            <Point id="6894">
                <coordinates>-70.9346503,-34.4740059,0.0</coordinates>
            </Point>
        </Placemark>
        <Placemark id="6900">
            <name>20260107_100357.jpg</name>
            <description>
                
        
<![CDATA[
        <b>File:</b> 20260107_100357.jpg<br>
        <b>Site:</b> La Capilla<br>
        <b>Camera:</b> Ground (Celular)<br>
        <b>Coordinates:</b> -34.474006, -70.934650<br>
        <b>UMAP X:</b> 10.079369<br>
        <b>UMAP Y:</b> 6.7780533<br>
        ]]>                
        
            </description>
            <styleUrl>#6901</styleUrl>
            <Point id="6899">
                <coordinates>-70.9346503,-34.4740059,0.0</coordinates>
            </Point>
        </Placemark>
        <Placemark id="6905">
            <name>20260107_100359.jpg</name>
            <description>
                
        
<![CDATA[
        <b>File:</b> 20260107_100359.jpg<br>
        <b>Site:</b> La Capilla<br>
        <b>Camera:</b> Ground (Celular)<br>
        <b>Coordinates:</b> -34.474006, -70.934650<br>
        <b>UMAP X:</b> 9.9367285<br>
        <b>UMAP Y:</b> 6.6126704<br>
        ]]>                
        
            </description>
            <styleUrl>#6906</styleUrl>
            <Point id="6904">
                <coordinates>-70.9346503,-34.4740059,0.0</coordinates>
            </Point>
        </Placemark>
        <Placemark id="6910">
            <name>20260107_100406.jpg</name>
            <description>
                
        
<![CDATA[
        <b>File:</b> 20260107_100406.jpg<br>
        <b>Site:</b> La Capilla<br>
        <b>Camera:</b> Ground (Celular)<br>
        <b>Coordinates:</b> -34.474006, -70.934650<br>
        <b>UMAP X:</b> 9.648826<br>
        <b>UMAP Y:</b> 3.49957<br>
        ]]>                
        
            </description>
            <styleUrl>#6911</styleUrl>
            <Point id="6909">
                <coordinates>-70.9346503,-34.4740059,0.0</coordinates>
            </Point>
        </Placemark>
        <Placemark id="6915">
            <name>20260107_100409.jpg</name>
            <description>
                
        
<![CDATA[
        <b>File:</b> 20260107_100409.jpg<br>
        <b>Site:</b> La Capilla<br>
        <b>Camera:</b> Ground (Celular)<br>
        <b>Coordinates:</b> -34.474006, -70.934650<br>
        <b>UMAP X:</b> 9.272511<br>
        <b>UMAP Y:</b> 4.474188<br>
        ]]>                
        
            </description>
            <styleUrl>#6916</styleUrl>
            <Point id="6914">
                <coordinates>-70.9346503,-34.4740059,0.0</coordinates>
            </Point>
        </Placemark>
        <Placemark id="6920">
            <name>20260107_100411.jpg</name>
            <description>
                
        
<![CDATA[
        <b>File:</b> 20260107_100411.jpg<br>
        <b>Site:</b> La Capilla<br>
        <b>Camera:</b> Ground (Celular)<br>
        <b>Coordinates:</b> -34.474006, -70.934650<br>
        <b>UMAP X:</b> 9.802492<br>
        <b>UMAP Y:</b> 3.647259<br>
        ]]>                
        
            </description>
            <styleUrl>#6921</styleUrl>
            <Point id="6919">
                <coordinates>-70.9346503,-34.4740059,0.0</coordinates>
            </Point>
        </Placemark>
        <Placemark id="6925">
            <name>20260107_100414.jpg</name>
            <description>
                
        
<![CDATA[
        <b>File:</b> 20260107_100414.jpg<br>
        <b>Site:</b> La Capilla<br>
        <b>Camera:</b> Ground (Celular)<br>
        <b>Coordinates:</b> -34.474006, -70.934650<br>
        <b>UMAP X:</b> 8.516653<br>
        <b>UMAP Y:</b> 8.58088<br>
        ]]>                
        
            </description>
            <styleUrl>#6926</styleUrl>
            <Point id="6924">
                <coordinates>-70.9346503,-34.4740059,0.0</coordinates>
            </Point>
        </Placemark>
        <Placemark id="6930">
            <name>20260107_100418.jpg</name>
            <description>
                
        
<![CDATA[
        <b>File:</b> 20260107_100418.jpg<br>
        <b>Site:</b> La Capilla<br>
        <b>Camera:</b> Ground (Celular)<br>
        <b>Coordinates:</b> -34.474006, -70.934650<br>
        <b>UMAP X:</b> 9.81992<br>
        <b>UMAP Y:</b> 7.3360357<br>
        ]]>                
        
            </description>
            <styleUrl>#6931</styleUrl>
            <Point id="6929">
                <coordinates>-70.9346503,-34.4740059,0.0</coordinates>
            </Point>
        </Placemark>
        <Placemark id="6935">
            <name>20260107_100422.jpg</name>
            <description>
                
        
<![CDATA[
        <b>File:</b> 20260107_100422.jpg<br>
        <b>Site:</b> La Capilla<br>
        <b>Camera:</b> Ground (Celular)<br>
        <b>Coordinates:</b> -34.474006, -70.934650<br>
        <b>UMAP X:</b> 8.7434845<br>
        <b>UMAP Y:</b> 8.965834<br>
        ]]>                
        
            </description>
            <styleUrl>#6936</styleUrl>
            <Point id="6934">
                <coordinates>-70.9346503,-34.4740059,0.0</coordinates>
            </Point>
        </Placemark>
        <Placemark id="6940">
            <name>20260107_100427.jpg</name>
            <description>
                
        
<![CDATA[
        <b>File:</b> 20260107_100427.jpg<br>
        <b>Site:</b> La Capilla<br>
        <b>Camera:</b> Ground (Celular)<br>
        <b>Coordinates:</b> -34.474006, -70.934650<br>
        <b>UMAP X:</b> 8.486161<br>
        <b>UMAP Y:</b> 9.05695<br>
        ]]>                
        
            </description>
            <styleUrl>#6941</styleUrl>
            <Point id="6939">
                <coordinates>-70.9346503,-34.4740059,0.0</coordinates>
            </Point>
        </Placemark>
        <Placemark id="6945">
            <name>20260107_100435.jpg</name>
            <description>
                
        
<![CDATA[
        <b>File:</b> 20260107_100435.jpg<br>
        <b>Site:</b> La Capilla<br>
        <b>Camera:</b> Ground (Celular)<br>
        <b>Coordinates:</b> -34.474006, -70.934650<br>
        <b>UMAP X:</b> 8.432908<br>
        <b>UMAP Y:</b> 9.019965<br>
        ]]>                
        
            </description>
            <styleUrl>#6946</styleUrl>
            <Point id="6944">
                <coordinates>-70.9346503,-34.4740059,0.0</coordinates>
            </Point>
        </Placemark>
        <Placemark id="6950">
            <name>20260107_100538.jpg</name>
            <description>
                
        
<![CDATA[
        <b>File:</b> 20260107_100538.jpg<br>
        <b>Site:</b> La Capilla<br>
        <b>Camera:</b> Ground (Celular)<br>
        <b>Coordinates:</b> -34.473852, -70.935586<br>
        <b>UMAP X:</b> 7.771563<br>
        <b>UMAP Y:</b> 6.187273<br>
        ]]>                
        
            </description>
            <styleUrl>#6951</styleUrl>
            <Point id="6949">
                <coordinates>-70.9355857,-34.473852399722226,0.0</coordinates>
            </Point>
        </Placemark>
        <Placemark id="6955">
            <name>20260107_100549.jpg</name>
            <description>
                
        
<![CDATA[
        <b>File:</b> 20260107_100549.jpg<br>
        <b>Site:</b> La Capilla<br>
        <b>Camera:</b> Ground (Celular)<br>
        <b>Coordinates:</b> -34.473830, -70.935659<br>
        <b>UMAP X:</b> 9.414501<br>
        <b>UMAP Y:</b> 7.480374<br>
        ]]>                
        
            </description>
            <styleUrl>#6956</styleUrl>
            <Point id="6954">
                <coordinates>-70.93565909972223,-34.4738302,0.0</coordinates>
            </Point>
        </Placemark>
        <Placemark id="6960">
            <name>20260107_100551.jpg</name>
            <description>
                
        
<![CDATA[
        <b>File:</b> 20260107_100551.jpg<br>
        <b>Site:</b> La Capilla<br>
        <b>Camera:</b> Ground (Celular)<br>
        <b>Coordinates:</b> -34.473827, -70.935667<br>
        <b>UMAP X:</b> 8.479905<br>
        <b>UMAP Y:</b> 7.9776163<br>
        ]]>                
        
            </description>
            <styleUrl>#6961</styleUrl>
            <Point id="6959">
                <coordinates>-70.93566669972222,-34.473827499722226,0.0</coordinates>
            </Point>
        </Placemark>
        <Placemark id="6965">
            <name>20260107_100555.jpg</name>
            <description>
                
        
<![CDATA[
        <b>File:</b> 20260107_100555.jpg<br>
        <b>Site:</b> La Capilla<br>
        <b>Camera:</b> Ground (Celular)<br>
        <b>Coordinates:</b> -34.473827, -70.935667<br>
        <b>UMAP X:</b> 7.9340897<br>
        <b>UMAP Y:</b> 9.01366<br>
        ]]>                
        
            </description>
            <styleUrl>#6966</styleUrl>
            <Point id="6964">
                <coordinates>-70.93566669972222,-34.473827499722226,0.0</coordinates>
            </Point>
        </Placemark>
        <Placemark id="6970">
            <name>20260107_100558.jpg</name>
            <description>
                
        
<![CDATA[
        <b>File:</b> 20260107_100558.jpg<br>
        <b>Site:</b> La Capilla<br>
        <b>Camera:</b> Ground (Celular)<br>
        <b>Coordinates:</b> -34.473827, -70.935667<br>
        <b>UMAP X:</b> 9.836688<br>
        <b>UMAP Y:</b> 5.6585946<br>
        ]]>                
        
            </description>
            <styleUrl>#6971</styleUrl>
            <Point id="6969">
                <coordinates>-70.93566669972222,-34.473827499722226,0.0</coordinates>
            </Point>
        </Placemark>
        <Placemark id="6975">
            <name>20260107_100601.jpg</name>
            <description>
                
        
<![CDATA[
        <b>File:</b> 20260107_100601.jpg<br>
        <b>Site:</b> La Capilla<br>
        <b>Camera:</b> Ground (Celular)<br>
        <b>Coordinates:</b> -34.473827, -70.935667<br>
        <b>UMAP X:</b> 9.915758<br>
        <b>UMAP Y:</b> 6.0258956<br>
        ]]>                
        
            </description>
            <styleUrl>#6976</styleUrl>
            <Point id="6974">
                <coordinates>-70.93566669972222,-34.473827499722226,0.0</coordinates>
            </Point>
        </Placemark>
        <Placemark id="6980">
            <name>20260107_100607.jpg</name>
            <description>
                
        
<![CDATA[
        <b>File:</b> 20260107_100607.jpg<br>
        <b>Site:</b> La Capilla<br>
        <b>Camera:</b> Ground (Celular)<br>
        <b>Coordinates:</b> -34.473808, -70.935761<br>
        <b>UMAP X:</b> 9.567263<br>
        <b>UMAP Y:</b> 6.713112<br>
        ]]>                
        
            </description>
            <styleUrl>#6981</styleUrl>
            <Point id="6979">
                <coordinates>-70.9357612,-34.4738083,0.0</coordinates>
            </Point>
        </Placemark>
        <Placemark id="6985">
            <name>20260107_100611.jpg</name>
            <description>
                
        
<![CDATA[
        <b>File:</b> 20260107_100611.jpg<br>
        <b>Site:</b> La Capilla<br>
        <b>Camera:</b> Ground (Celular)<br>
        <b>Coordinates:</b> -34.473808, -70.935767<br>
        <b>UMAP X:</b> 7.140732<br>
        <b>UMAP Y:</b> 9.036154<br>
        ]]>                
        
            </description>
            <styleUrl>#6986</styleUrl>
            <Point id="6984">
                <coordinates>-70.9357674,-34.4738083,0.0</coordinates>
            </Point>
        </Placemark>
        <Placemark id="6990">
            <name>20260107_100614.jpg</name>
            <description>
                
        
<![CDATA[
        <b>File:</b> 20260107_100614.jpg<br>
        <b>Site:</b> La Capilla<br>
        <b>Camera:</b> Ground (Celular)<br>
        <b>Coordinates:</b> -34.473809, -70.935776<br>
        <b>UMAP X:</b> 9.103082<br>
        <b>UMAP Y:</b> 8.539563<br>
        ]]>                
        
            </description>
            <styleUrl>#6991</styleUrl>
            <Point id="6989">
                <coordinates>-70.93577639972223,-34.4738088,0.0</coordinates>
            </Point>
        </Placemark>
        <Placemark id="6995">
            <name>20260107_100618.jpg</name>
            <description>
                
        
<![CDATA[
        <b>File:</b> 20260107_100618.jpg<br>
        <b>Site:</b> La Capilla<br>
        <b>Camera:</b> Ground (Celular)<br>
        <b>Coordinates:</b> -34.473808, -70.935799<br>
        <b>UMAP X:</b> 6.4504104<br>
        <b>UMAP Y:</b> 4.8623977<br>
        ]]>                
        
            </description>
            <styleUrl>#6996</styleUrl>
            <Point id="6994">
                <coordinates>-70.93579859972223,-34.4738082,0.0</coordinates>
            </Point>
        </Placemark>
        <Placemark id="7000">
            <name>20260107_100622.jpg</name>
            <description>
                
        
<![CDATA[
        <b>File:</b> 20260107_100622.jpg<br>
        <b>Site:</b> La Capilla<br>
        <b>Camera:</b> Ground (Celular)<br>
        <b>Coordinates:</b> -34.473807, -70.935811<br>
        <b>UMAP X:</b> 9.540402<br>
        <b>UMAP Y:</b> 4.937751<br>
        ]]>                
        
            </description>
            <styleUrl>#7001</styleUrl>
            <Point id="6999">
                <coordinates>-70.93581079972222,-34.47380689972223,0.0</coordinates>
            </Point>
        </Placemark>
        <Placemark id="7005">
            <name>20260107_100633.jpg</name>
            <description>
                
        
<![CDATA[
        <b>File:</b> 20260107_100633.jpg<br>
        <b>Site:</b> La Capilla<br>
        <b>Camera:</b> Ground (Celular)<br>
        <b>Coordinates:</b> -34.473796, -70.935893<br>
        <b>UMAP X:</b> 7.6539083<br>
        <b>UMAP Y:</b> 5.9461565<br>
        ]]>                
        
            </description>
            <styleUrl>#7006</styleUrl>
            <Point id="7004">
                <coordinates>-70.93589339972223,-34.4737956,0.0</coordinates>
            </Point>
        </Placemark>
        <Placemark id="7010">
            <name>20260107_100642.jpg</name>
            <description>
                
        
<![CDATA[
        <b>File:</b> 20260107_100642.jpg<br>
        <b>Site:</b> La Capilla<br>
        <b>Camera:</b> Ground (Celular)<br>
        <b>Coordinates:</b> -34.473783, -70.935970<br>
        <b>UMAP X:</b> 9.069438<br>
        <b>UMAP Y:</b> 8.430803<br>
        ]]>                
        
            </description>
            <styleUrl>#7011</styleUrl>
            <Point id="7009">
                <coordinates>-70.9359696,-34.4737828,0.0</coordinates>
            </Point>
        </Placemark>
        <Placemark id="7015">
            <name>20260107_100647.jpg</name>
            <description>
                
        
<![CDATA[
        <b>File:</b> 20260107_100647.jpg<br>
        <b>Site:</b> La Capilla<br>
        <b>Camera:</b> Ground (Celular)<br>
        <b>Coordinates:</b> -34.473781, -70.935987<br>
        <b>UMAP X:</b> 9.179288<br>
        <b>UMAP Y:</b> 6.405799<br>
        ]]>                
        
            </description>
            <styleUrl>#7016</styleUrl>
            <Point id="7014">
                <coordinates>-70.9359869,-34.473781299722226,0.0</coordinates>
            </Point>
        </Placemark>
        <Placemark id="7020">
            <name>20260107_100649.jpg</name>
            <description>
                
        
<![CDATA[
        <b>File:</b> 20260107_100649.jpg<br>
        <b>Site:</b> La Capilla<br>
        <b>Camera:</b> Ground (Celular)<br>
        <b>Coordinates:</b> -34.473782, -70.935990<br>
        <b>UMAP X:</b> 7.6068025<br>
        <b>UMAP Y:</b> 8.22738<br>
        ]]>                
        
            </description>
            <styleUrl>#7021</styleUrl>
            <Point id="7019">
                <coordinates>-70.9359898,-34.4737822,0.0</coordinates>
            </Point>
        </Placemark>
        <Placemark id="7025">
            <name>20260107_100654.jpg</name>
            <description>
                
        
<![CDATA[
        <b>File:</b> 20260107_100654.jpg<br>
        <b>Site:</b> La Capilla<br>
        <b>Camera:</b> Ground (Celular)<br>
        <b>Coordinates:</b> -34.473774, -70.936019<br>
        <b>UMAP X:</b> 8.9725065<br>
        <b>UMAP Y:</b> 8.472431<br>
        ]]>                
        
            </description>
            <styleUrl>#7026</styleUrl>
            <Point id="7024">
                <coordinates>-70.936019,-34.473773999722226,0.0</coordinates>
            </Point>
        </Placemark>
        <Placemark id="7030">
            <name>20260107_100703.jpg</name>
            <description>
                
        
<![CDATA[
        <b>File:</b> 20260107_100703.jpg<br>
        <b>Site:</b> La Capilla<br>
        <b>Camera:</b> Ground (Celular)<br>
        <b>Coordinates:</b> -34.473766, -70.936071<br>
        <b>UMAP X:</b> 9.350174<br>
        <b>UMAP Y:</b> 6.6243734<br>
        ]]>                
        
            </description>
            <styleUrl>#7031</styleUrl>
            <Point id="7029">
                <coordinates>-70.93607059972223,-34.4737656,0.0</coordinates>
            </Point>
        </Placemark>
        <Placemark id="7035">
            <name>20260107_100708.jpg</name>
            <description>
                
        
<![CDATA[
        <b>File:</b> 20260107_100708.jpg<br>
        <b>Site:</b> La Capilla<br>
        <b>Camera:</b> Ground (Celular)<br>
        <b>Coordinates:</b> -34.473755, -70.936097<br>
        <b>UMAP X:</b> 7.3403854<br>
        <b>UMAP Y:</b> 3.896418<br>
        ]]>                
        
            </description>
            <styleUrl>#7036</styleUrl>
            <Point id="7034">
                <coordinates>-70.9360965,-34.4737547,0.0</coordinates>
            </Point>
        </Placemark>
        <Placemark id="7040">
            <name>20260107_100712.jpg</name>
            <description>
                
        
<![CDATA[
        <b>File:</b> 20260107_100712.jpg<br>
        <b>Site:</b> La Capilla<br>
        <b>Camera:</b> Ground (Celular)<br>
        <b>Coordinates:</b> -34.473754, -70.936112<br>
        <b>UMAP X:</b> 7.9475045<br>
        <b>UMAP Y:</b> 8.1500845<br>
        ]]>                
        
            </description>
            <styleUrl>#7041</styleUrl>
            <Point id="7039">
                <coordinates>-70.93611249972223,-34.4737537,0.0</coordinates>
            </Point>
        </Placemark>
        <Placemark id="7045">
            <name>20260107_100716.jpg</name>
            <description>
                
        
<![CDATA[
        <b>File:</b> 20260107_100716.jpg<br>
        <b>Site:</b> La Capilla<br>
        <b>Camera:</b> Ground (Celular)<br>
        <b>Coordinates:</b> -34.473751, -70.936145<br>
        <b>UMAP X:</b> 8.718862<br>
        <b>UMAP Y:</b> 6.191395<br>
        ]]>                
        
            </description>
            <styleUrl>#7046</styleUrl>
            <Point id="7044">
                <coordinates>-70.93614549972223,-34.473750799722225,0.0</coordinates>
            </Point>
        </Placemark>
        <Placemark id="7050">
            <name>20260107_100720.jpg</name>
            <description>
                
        
<![CDATA[
        <b>File:</b> 20260107_100720.jpg<br>
        <b>Site:</b> La Capilla<br>
        <b>Camera:</b> Ground (Celular)<br>
        <b>Coordinates:</b> -34.473749, -70.936165<br>
        <b>UMAP X:</b> 8.762866<br>
        <b>UMAP Y:</b> 6.674922<br>
        ]]>                
        
            </description>
            <styleUrl>#7051</styleUrl>
            <Point id="7049">
                <coordinates>-70.936165,-34.47374909972223,0.0</coordinates>
            </Point>
        </Placemark>
        <Placemark id="7055">
            <name>20260107_100723.jpg</name>
            <description>
                
        
<![CDATA[
        <b>File:</b> 20260107_100723.jpg<br>
        <b>Site:</b> La Capilla<br>
        <b>Camera:</b> Ground (Celular)<br>
        <b>Coordinates:</b> -34.473749, -70.936170<br>
        <b>UMAP X:</b> 9.498336<br>
        <b>UMAP Y:</b> 7.1141777<br>
        ]]>                
        
            </description>
            <styleUrl>#7056</styleUrl>
            <Point id="7054">
                <coordinates>-70.9361698,-34.4737494,0.0</coordinates>
            </Point>
        </Placemark>
        <Placemark id="7060">
            <name>20260107_100726.jpg</name>
            <description>
                
        
<![CDATA[
        <b>File:</b> 20260107_100726.jpg<br>
        <b>Site:</b> La Capilla<br>
        <b>Camera:</b> Ground (Celular)<br>
        <b>Coordinates:</b> -34.473742, -70.936194<br>
        <b>UMAP X:</b> 7.8078723<br>
        <b>UMAP Y:</b> 8.723546<br>
        ]]>                
        
            </description>
            <styleUrl>#7061</styleUrl>
            <Point id="7059">
                <coordinates>-70.9361939,-34.473741699722225,0.0</coordinates>
            </Point>
        </Placemark>
        <Placemark id="7065">
            <name>20260107_100729.jpg</name>
            <description>
                
        
<![CDATA[
        <b>File:</b> 20260107_100729.jpg<br>
        <b>Site:</b> La Capilla<br>
        <b>Camera:</b> Ground (Celular)<br>
        <b>Coordinates:</b> -34.473743, -70.936201<br>
        <b>UMAP X:</b> 8.834477<br>
        <b>UMAP Y:</b> 8.172495<br>
        ]]>                
        
            </description>
            <styleUrl>#7066</styleUrl>
            <Point id="7064">
                <coordinates>-70.93620149972223,-34.4737433,0.0</coordinates>
            </Point>
        </Placemark>
        <Placemark id="7070">
            <name>20260107_100732.jpg</name>
            <description>
                
        
<![CDATA[
        <b>File:</b> 20260107_100732.jpg<br>
        <b>Site:</b> La Capilla<br>
        <b>Camera:</b> Ground (Celular)<br>
        <b>Coordinates:</b> -34.473742, -70.936213<br>
        <b>UMAP X:</b> 9.058455<br>
        <b>UMAP Y:</b> 6.206701<br>
        ]]>                
        
            </description>
            <styleUrl>#7071</styleUrl>
            <Point id="7069">
                <coordinates>-70.9362126,-34.4737415,0.0</coordinates>
            </Point>
        </Placemark>
        <Placemark id="7075">
            <name>20260107_100735.jpg</name>
            <description>
                
        
<![CDATA[
        <b>File:</b> 20260107_100735.jpg<br>
        <b>Site:</b> La Capilla<br>
        <b>Camera:</b> Ground (Celular)<br>
        <b>Coordinates:</b> -34.473739, -70.936220<br>
        <b>UMAP X:</b> 8.77902<br>
        <b>UMAP Y:</b> 8.712816<br>
        ]]>                
        
            </description>
            <styleUrl>#7076</styleUrl>
            <Point id="7074">
                <coordinates>-70.93621989972223,-34.473739199722225,0.0</coordinates>
            </Point>
        </Placemark>
        <Placemark id="7080">
            <name>20260107_100740.jpg</name>
            <description>
                
        
<![CDATA[
        <b>File:</b> 20260107_100740.jpg<br>
        <b>Site:</b> La Capilla<br>
        <b>Camera:</b> Ground (Celular)<br>
        <b>Coordinates:</b> -34.473733, -70.936261<br>
        <b>UMAP X:</b> 7.681795<br>
        <b>UMAP Y:</b> 8.315869<br>
        ]]>                
        
            </description>
            <styleUrl>#7081</styleUrl>
            <Point id="7079">
                <coordinates>-70.93626109972223,-34.473733099722224,0.0</coordinates>
            </Point>
        </Placemark>
        <Placemark id="7085">
            <name>20260107_100746.jpg</name>
            <description>
                
        
<![CDATA[
        <b>File:</b> 20260107_100746.jpg<br>
        <b>Site:</b> La Capilla<br>
        <b>Camera:</b> Ground (Celular)<br>
        <b>Coordinates:</b> -34.473728, -70.936299<br>
        <b>UMAP X:</b> 7.6775994<br>
        <b>UMAP Y:</b> 8.746313<br>
        ]]>                
        
            </description>
            <styleUrl>#7086</styleUrl>
            <Point id="7084">
                <coordinates>-70.93629919972223,-34.4737279,0.0</coordinates>
            </Point>
        </Placemark>
        <Placemark id="7090">
            <name>20260107_100750.jpg</name>
            <description>
                
        
<![CDATA[
        <b>File:</b> 20260107_100750.jpg<br>
        <b>Site:</b> La Capilla<br>
        <b>Camera:</b> Ground (Celular)<br>
        <b>Coordinates:</b> -34.473721, -70.936333<br>
        <b>UMAP X:</b> 6.8193192<br>
        <b>UMAP Y:</b> 7.0929356<br>
        ]]>                
        
            </description>
            <styleUrl>#7091</styleUrl>
            <Point id="7089">
                <coordinates>-70.93633289972223,-34.473720999722225,0.0</coordinates>
            </Point>
        </Placemark>
        <Placemark id="7095">
            <name>20260107_100801.jpg</name>
            <description>
                
        
<![CDATA[
        <b>File:</b> 20260107_100801.jpg<br>
        <b>Site:</b> La Capilla<br>
        <b>Camera:</b> Ground (Celular)<br>
        <b>Coordinates:</b> -34.473720, -70.936350<br>
        <b>UMAP X:</b> 8.926445<br>
        <b>UMAP Y:</b> 8.259482<br>
        ]]>                
        
            </description>
            <styleUrl>#7096</styleUrl>
            <Point id="7094">
                <coordinates>-70.9363503,-34.4737201,0.0</coordinates>
            </Point>
        </Placemark>
        <Placemark id="7100">
            <name>20260107_100809.jpg</name>
            <description>
                
        
<![CDATA[
        <b>File:</b> 20260107_100809.jpg<br>
        <b>Site:</b> La Capilla<br>
        <b>Camera:</b> Ground (Celular)<br>
        <b>Coordinates:</b> -34.473711, -70.936396<br>
        <b>UMAP X:</b> 9.182543<br>
        <b>UMAP Y:</b> 6.2828894<br>
        ]]>                
        
            </description>
            <styleUrl>#7101</styleUrl>
            <Point id="7099">
                <coordinates>-70.93639589972223,-34.473711299722225,0.0</coordinates>
            </Point>
        </Placemark>
        <Placemark id="7105">
            <name>20260107_100810.jpg</name>
            <description>
                
        
<![CDATA[
        <b>File:</b> 20260107_100810.jpg<br>
        <b>Site:</b> La Capilla<br>
        <b>Camera:</b> Ground (Celular)<br>
        <b>Coordinates:</b> -34.473712, -70.936412<br>
        <b>UMAP X:</b> 7.5893025<br>
        <b>UMAP Y:</b> 4.405761<br>
        ]]>                
        
            </description>
            <styleUrl>#7106</styleUrl>
            <Point id="7104">
                <coordinates>-70.936412,-34.4737117,0.0</coordinates>
            </Point>
        </Placemark>
        <Placemark id="7110">
            <name>20260107_100814.jpg</name>
            <description>
                
        
<![CDATA[
        <b>File:</b> 20260107_100814.jpg<br>
        <b>Site:</b> La Capilla<br>
        <b>Camera:</b> Ground (Celular)<br>
        <b>Coordinates:</b> -34.473703, -70.936429<br>
        <b>UMAP X:</b> 8.50615<br>
        <b>UMAP Y:</b> 4.378957<br>
        ]]>                
        
            </description>
            <styleUrl>#7111</styleUrl>
            <Point id="7109">
                <coordinates>-70.93642859972222,-34.473703299722224,0.0</coordinates>
            </Point>
        </Placemark>
        <Placemark id="7115">
            <name>20260107_100816.jpg</name>
            <description>
                
        
<![CDATA[
        <b>File:</b> 20260107_100816.jpg<br>
        <b>Site:</b> La Capilla<br>
        <b>Camera:</b> Ground (Celular)<br>
        <b>Coordinates:</b> -34.473700, -70.936451<br>
        <b>UMAP X:</b> 9.300122<br>
        <b>UMAP Y:</b> 7.904134<br>
        ]]>                
        
            </description>
            <styleUrl>#7116</styleUrl>
            <Point id="7114">
                <coordinates>-70.9364506,-34.4736995,0.0</coordinates>
            </Point>
        </Placemark>
        <Placemark id="7120">
            <name>20260107_100821.jpg</name>
            <description>
                
        
<![CDATA[
        <b>File:</b> 20260107_100821.jpg<br>
        <b>Site:</b> La Capilla<br>
        <b>Camera:</b> Ground (Celular)<br>
        <b>Coordinates:</b> -34.473698, -70.936472<br>
        <b>UMAP X:</b> 9.752189<br>
        <b>UMAP Y:</b> 6.5715184<br>
        ]]>                
        
            </description>
            <styleUrl>#7121</styleUrl>
            <Point id="7119">
                <coordinates>-70.93647219972223,-34.4736983,0.0</coordinates>
            </Point>
        </Placemark>
        <Placemark id="7125">
            <name>20260107_100825.jpg</name>
            <description>
                
        
<![CDATA[
        <b>File:</b> 20260107_100825.jpg<br>
        <b>Site:</b> La Capilla<br>
        <b>Camera:</b> Ground (Celular)<br>
        <b>Coordinates:</b> -34.473697, -70.936509<br>
        <b>UMAP X:</b> 8.747258<br>
        <b>UMAP Y:</b> 8.985563<br>
        ]]>                
        
            </description>
            <styleUrl>#7126</styleUrl>
            <Point id="7124">
                <coordinates>-70.93650859972223,-34.4736965,0.0</coordinates>
            </Point>
        </Placemark>
        <Placemark id="7130">
            <name>20260107_100826.jpg</name>
            <description>
                
        
<![CDATA[
        <b>File:</b> 20260107_100826.jpg<br>
        <b>Site:</b> La Capilla<br>
        <b>Camera:</b> Ground (Celular)<br>
        <b>Coordinates:</b> -34.473697, -70.936509<br>
        <b>UMAP X:</b> 10.015313<br>
        <b>UMAP Y:</b> 3.830597<br>
        ]]>                
        
            </description>
            <styleUrl>#7131</styleUrl>
            <Point id="7129">
                <coordinates>-70.93650859972223,-34.4736965,0.0</coordinates>
            </Point>
        </Placemark>
        <Placemark id="7135">
            <name>20260107_100830.jpg</name>
            <description>
                
        
<![CDATA[
        <b>File:</b> 20260107_100830.jpg<br>
        <b>Site:</b> La Capilla<br>
        <b>Camera:</b> Ground (Celular)<br>
        <b>Coordinates:</b> -34.473694, -70.936533<br>
        <b>UMAP X:</b> 8.712649<br>
        <b>UMAP Y:</b> 6.467455<br>
        ]]>                
        
            </description>
            <styleUrl>#7136</styleUrl>
            <Point id="7134">
                <coordinates>-70.93653329972223,-34.4736935,0.0</coordinates>
            </Point>
        </Placemark>
        <Placemark id="7140">
            <name>20260107_100833.jpg</name>
            <description>
                
        
<![CDATA[
        <b>File:</b> 20260107_100833.jpg<br>
        <b>Site:</b> La Capilla<br>
        <b>Camera:</b> Ground (Celular)<br>
        <b>Coordinates:</b> -34.473693, -70.936534<br>
        <b>UMAP X:</b> 8.663867<br>
        <b>UMAP Y:</b> 4.3353896<br>
        ]]>                
        
            </description>
            <styleUrl>#7141</styleUrl>
            <Point id="7139">
                <coordinates>-70.93653439972222,-34.4736929,0.0</coordinates>
            </Point>
        </Placemark>
        <Placemark id="7145">
            <name>20260107_100835.jpg</name>
            <description>
                
        
<![CDATA[
        <b>File:</b> 20260107_100835.jpg<br>
        <b>Site:</b> La Capilla<br>
        <b>Camera:</b> Ground (Celular)<br>
        <b>Coordinates:</b> -34.473685, -70.936554<br>
        <b>UMAP X:</b> 9.841016<br>
        <b>UMAP Y:</b> 6.907636<br>
        ]]>                
        
            </description>
            <styleUrl>#7146</styleUrl>
            <Point id="7144">
                <coordinates>-70.93655449972222,-34.473685,0.0</coordinates>
            </Point>
        </Placemark>
        <Placemark id="7150">
            <name>20260107_100842.jpg</name>
            <description>
                
        
<![CDATA[
        <b>File:</b> 20260107_100842.jpg<br>
        <b>Site:</b> La Capilla<br>
        <b>Camera:</b> Ground (Celular)<br>
        <b>Coordinates:</b> -34.473680, -70.936605<br>
        <b>UMAP X:</b> 9.375154<br>
        <b>UMAP Y:</b> 6.5970783<br>
        ]]>                
        
            </description>
            <styleUrl>#7151</styleUrl>
            <Point id="7149">
                <coordinates>-70.9366054,-34.4736795,0.0</coordinates>
            </Point>
        </Placemark>
        <Placemark id="7155">
            <name>20260107_100849.jpg</name>
            <description>
                
        
<![CDATA[
        <b>File:</b> 20260107_100849.jpg<br>
        <b>Site:</b> La Capilla<br>
        <b>Camera:</b> Ground (Celular)<br>
        <b>Coordinates:</b> -34.473669, -70.936652<br>
        <b>UMAP X:</b> 7.973601<br>
        <b>UMAP Y:</b> 8.496378<br>
        ]]>                
        
            </description>
            <styleUrl>#7156</styleUrl>
            <Point id="7154">
                <coordinates>-70.9366523,-34.473669299722225,0.0</coordinates>
            </Point>
        </Placemark>
        <Placemark id="7160">
            <name>20260107_100855.jpg</name>
            <description>
                
        
<![CDATA[
        <b>File:</b> 20260107_100855.jpg<br>
        <b>Site:</b> La Capilla<br>
        <b>Camera:</b> Ground (Celular)<br>
        <b>Coordinates:</b> -34.473666, -70.936688<br>
        <b>UMAP X:</b> 9.805057<br>
        <b>UMAP Y:</b> 6.6159363<br>
        ]]>                
        
            </description>
            <styleUrl>#7161</styleUrl>
            <Point id="7159">
                <coordinates>-70.9366883,-34.4736659,0.0</coordinates>
            </Point>
        </Placemark>
        <Placemark id="7165">
            <name>20260107_100916.jpg</name>
            <description>
                
        
<![CDATA[
        <b>File:</b> 20260107_100916.jpg<br>
        <b>Site:</b> La Capilla<br>
        <b>Camera:</b> Ground (Celular)<br>
        <b>Coordinates:</b> -34.473653, -70.936794<br>
        <b>UMAP X:</b> 8.79284<br>
        <b>UMAP Y:</b> 8.909129<br>
        ]]>                
        
            </description>
            <styleUrl>#7166</styleUrl>
            <Point id="7164">
                <coordinates>-70.9367936,-34.4736525,0.0</coordinates>
            </Point>
        </Placemark>
        <Placemark id="7170">
            <name>20260107_100919.jpg</name>
            <description>
                
        
<![CDATA[
        <b>File:</b> 20260107_100919.jpg<br>
        <b>Site:</b> La Capilla<br>
        <b>Camera:</b> Ground (Celular)<br>
        <b>Coordinates:</b> -34.473653, -70.936794<br>
        <b>UMAP X:</b> 9.168285<br>
        <b>UMAP Y:</b> 8.117454<br>
        ]]>                
        
            </description>
            <styleUrl>#7171</styleUrl>
            <Point id="7169">
                <coordinates>-70.936794,-34.4736526,0.0</coordinates>
            </Point>
        </Placemark>
    </Document>
</kml>
