sample_id,filepath,filename,umap_x,umap_y,tags,width,height,size_bytes,latitude,longitude,site,camera_type
6967ec754644523b2e5547f5,/home/malezainia1/dev/INIA_DeepLearning_Ubuntu_mod_lleon/data/campo2_ene_2026/La Capilla/Celular/20260107_084710.jpg,20260107_084710.jpg,6.779468,2.8517845,,3024,4032,6552730,,,La Capilla,ground
6967ec754644523b2e5547f6,/home/malezainia1/dev/INIA_DeepLearning_Ubuntu_mod_lleon/data/campo2_ene_2026/La Capilla/Celular/20260107_084823.jpg,20260107_084823.jpg,7.078988,5.151554,,4032,3024,6633133,,,La Capilla,ground
6967ec754644523b2e5547f7,/home/malezainia1/dev/INIA_DeepLearning_Ubuntu_mod_lleon/data/campo2_ene_2026/La Capilla/Celular/20260107_084826.jpg,20260107_084826.jpg,7.9183135,2.9969795,,4032,3024,6464615,,,La Capilla,ground
6967ec754644523b2e5547f8,/home/malezainia1/dev/INIA_DeepLearning_Ubuntu_mod_lleon/data/campo2_ene_2026/La Capilla/Celular/20260107_084831.jpg,20260107_084831.jpg,9.899799,6.5357513,,3024,4032,6168046,,,La Capilla,ground
6967ec754644523b2e5547f9,/home/malezainia1/dev/INIA_DeepLearning_Ubuntu_mod_lleon/data/campo2_ene_2026/La Capilla/Celular/20260107_084840.jpg,20260107_084840.jpg,6.6484675,6.270952,,3024,4032,5940725,-34.473569099722226,-70.93772319972223,La Capilla,ground
6967ec754644523b2e5547fa,/home/malezainia1/dev/INIA_DeepLearning_Ubuntu_mod_lleon/data/campo2_ene_2026/La Capilla/Celular/20260107_084850.jpg,20260107_084850.jpg,8.668107,3.6015537,,4032,3024,6691003,-34.473576299722225,-70.937685,La Capilla,ground
6967ec754644523b2e5547fb,/home/malezainia1/dev/INIA_DeepLearning_Ubuntu_mod_lleon/data/campo2_ene_2026/La Capilla/Celular/20260107_084857.jpg,20260107_084857.jpg,6.8366,2.5297837,,4032,3024,6079577,-34.473584099722224,-70.93767479972223,La Capilla,ground
6967ec754644523b2e5547fc,/home/malezainia1/dev/INIA_DeepLearning_Ubuntu_mod_lleon/data/campo2_ene_2026/La Capilla/Celular/20260107_084900.jpg,20260107_084900.jpg,8.647174,7.10596,,4032,3024,6052012,-34.4735871,-70.9376649,La Capilla,ground
6967ec754644523b2e5547fd,/home/malezainia1/dev/INIA_DeepLearning_Ubuntu_mod_lleon/data/campo2_ene_2026/La Capilla/Celular/20260107_084903.jpg,20260107_084903.jpg,6.2186747,5.1437273,,4032,3024,5948070,-34.47358739972223,-70.9376584,La Capilla,ground
6967ec754644523b2e5547fe,/home/malezainia1/dev/INIA_DeepLearning_Ubuntu_mod_lleon/data/campo2_ene_2026/La Capilla/Celular/20260107_084907.jpg,20260107_084907.jpg,6.4469132,5.783333,,4032,3024,5693307,-34.4735932,-70.9376426,La Capilla,ground
6967ec754644523b2e5547ff,/home/malezainia1/dev/INIA_DeepLearning_Ubuntu_mod_lleon/data/campo2_ene_2026/La Capilla/Celular/20260107_084910.jpg,20260107_084910.jpg,6.268215,6.77036,,4032,3024,6034595,-34.473595199722226,-70.9376192,La Capilla,ground
6967ec754644523b2e554800,/home/malezainia1/dev/INIA_DeepLearning_Ubuntu_mod_lleon/data/campo2_ene_2026/La Capilla/Celular/20260107_084914.jpg,20260107_084914.jpg,8.129007,4.5208135,,4032,3024,6700046,-34.473595199722226,-70.9376192,La Capilla,ground
6967ec754644523b2e554801,/home/malezainia1/dev/INIA_DeepLearning_Ubuntu_mod_lleon/data/campo2_ene_2026/La Capilla/Celular/20260107_084922.jpg,20260107_084922.jpg,6.548963,6.4089227,,3024,4032,6091286,-34.473601199722225,-70.9375761,La Capilla,ground
6967ec754644523b2e554802,/home/malezainia1/dev/INIA_DeepLearning_Ubuntu_mod_lleon/data/campo2_ene_2026/La Capilla/Celular/20260107_084927.jpg,20260107_084927.jpg,7.1973987,6.604103,,3024,4032,6440046,-34.4736039,-70.9375583,La Capilla,ground
6967ec754644523b2e554803,/home/malezainia1/dev/INIA_DeepLearning_Ubuntu_mod_lleon/data/campo2_ene_2026/La Capilla/Celular/20260107_084933.jpg,20260107_084933.jpg,6.5596485,5.3821125,,3024,4032,6035928,-34.4736039,-70.9375583,La Capilla,ground
6967ec754644523b2e554804,/home/malezainia1/dev/INIA_DeepLearning_Ubuntu_mod_lleon/data/campo2_ene_2026/La Capilla/Celular/20260107_084935.jpg,20260107_084935.jpg,6.2798905,5.530458,,3024,4032,6008059,-34.4736039,-70.9375583,La Capilla,ground
6967ec754644523b2e554805,/home/malezainia1/dev/INIA_DeepLearning_Ubuntu_mod_lleon/data/campo2_ene_2026/La Capilla/Celular/20260107_084942.jpg,20260107_084942.jpg,6.3285103,6.159735,,4032,3024,6765593,-34.4736039,-70.9375583,La Capilla,ground
6967ec754644523b2e554806,/home/malezainia1/dev/INIA_DeepLearning_Ubuntu_mod_lleon/data/campo2_ene_2026/La Capilla/Celular/20260107_084945.jpg,20260107_084945.jpg,9.475535,7.0847144,,4032,3024,6527363,-34.4736039,-70.9375583,La Capilla,ground
6967ec754644523b2e554807,/home/malezainia1/dev/INIA_DeepLearning_Ubuntu_mod_lleon/data/campo2_ene_2026/La Capilla/Celular/20260107_084949.jpg,20260107_084949.jpg,7.747308,2.4851441,,4032,3024,5969892,-34.4736039,-70.9375583,La Capilla,ground
6967ec754644523b2e554808,/home/malezainia1/dev/INIA_DeepLearning_Ubuntu_mod_lleon/data/campo2_ene_2026/La Capilla/Celular/20260107_084952.jpg,20260107_084952.jpg,7.720399,4.6074896,,4032,3024,5540664,-34.4736039,-70.9375583,La Capilla,ground
6967ec754644523b2e554809,/home/malezainia1/dev/INIA_DeepLearning_Ubuntu_mod_lleon/data/campo2_ene_2026/La Capilla/Celular/20260107_084954.jpg,20260107_084954.jpg,6.5084114,7.9717712,,4032,3024,5832332,-34.4736039,-70.9375583,La Capilla,ground
6967ec754644523b2e55480a,/home/malezainia1/dev/INIA_DeepLearning_Ubuntu_mod_lleon/data/campo2_ene_2026/La Capilla/Celular/20260107_084959.jpg,20260107_084959.jpg,7.566402,2.6068132,,4032,3024,5511896,-34.4736039,-70.9375583,La Capilla,ground
6967ec754644523b2e55480b,/home/malezainia1/dev/INIA_DeepLearning_Ubuntu_mod_lleon/data/campo2_ene_2026/La Capilla/Celular/20260107_085002.jpg,20260107_085002.jpg,6.2389154,5.24152,,4032,3024,6581566,-34.4736039,-70.9375583,La Capilla,ground
6967ec754644523b2e55480c,/home/malezainia1/dev/INIA_DeepLearning_Ubuntu_mod_lleon/data/campo2_ene_2026/La Capilla/Celular/20260107_085005.jpg,20260107_085005.jpg,9.907804,6.496036,,4032,3024,5886534,-34.4736039,-70.9375583,La Capilla,ground
6967ec754644523b2e55480d,/home/malezainia1/dev/INIA_DeepLearning_Ubuntu_mod_lleon/data/campo2_ene_2026/La Capilla/Celular/20260107_085008.jpg,20260107_085008.jpg,9.976158,6.5581408,,4032,3024,6203261,-34.4736039,-70.9375583,La Capilla,ground
6967ec754644523b2e55480e,/home/malezainia1/dev/INIA_DeepLearning_Ubuntu_mod_lleon/data/campo2_ene_2026/La Capilla/Celular/20260107_085011.jpg,20260107_085011.jpg,8.272526,2.3593178,,4032,3024,6586791,-34.4736039,-70.9375583,La Capilla,ground
6967ec754644523b2e55480f,/home/malezainia1/dev/INIA_DeepLearning_Ubuntu_mod_lleon/data/campo2_ene_2026/La Capilla/Celular/20260107_085018.jpg,20260107_085018.jpg,9.107006,5.2304564,,4032,3024,6697859,-34.4736039,-70.9375583,La Capilla,ground
6967ec754644523b2e554810,/home/malezainia1/dev/INIA_DeepLearning_Ubuntu_mod_lleon/data/campo2_ene_2026/La Capilla/Celular/20260107_085022.jpg,20260107_085022.jpg,7.6864686,3.6047857,,4032,3024,6549167,-34.4736039,-70.9375583,La Capilla,ground
6967ec754644523b2e554811,/home/malezainia1/dev/INIA_DeepLearning_Ubuntu_mod_lleon/data/campo2_ene_2026/La Capilla/Celular/20260107_085025.jpg,20260107_085025.jpg,7.992907,3.1374886,,4032,3024,6409555,-34.4736039,-70.9375583,La Capilla,ground
6967ec754644523b2e554812,/home/malezainia1/dev/INIA_DeepLearning_Ubuntu_mod_lleon/data/campo2_ene_2026/La Capilla/Celular/20260107_085029.jpg,20260107_085029.jpg,7.3025875,2.3847976,,4032,3024,6066936,-34.4736039,-70.9375583,La Capilla,ground
6967ec754644523b2e554813,/home/malezainia1/dev/INIA_DeepLearning_Ubuntu_mod_lleon/data/campo2_ene_2026/La Capilla/Celular/20260107_085033.jpg,20260107_085033.jpg,7.077548,6.7615776,,4032,3024,5837853,-34.4736039,-70.9375583,La Capilla,ground
6967ec754644523b2e554814,/home/malezainia1/dev/INIA_DeepLearning_Ubuntu_mod_lleon/data/campo2_ene_2026/La Capilla/Celular/20260107_085040.jpg,20260107_085040.jpg,7.7303004,3.1457226,,3024,4032,6632185,-34.4736039,-70.9375583,La Capilla,ground
6967ec754644523b2e554815,/home/malezainia1/dev/INIA_DeepLearning_Ubuntu_mod_lleon/data/campo2_ene_2026/La Capilla/Celular/20260107_085043.jpg,20260107_085043.jpg,6.879165,3.3833323,,3024,4032,6681191,-34.4736039,-70.9375583,La Capilla,ground
6967ec754644523b2e554816,/home/malezainia1/dev/INIA_DeepLearning_Ubuntu_mod_lleon/data/campo2_ene_2026/La Capilla/Celular/20260107_085045.jpg,20260107_085045.jpg,9.159147,3.4905353,,3024,4032,6627022,-34.4736039,-70.9375583,La Capilla,ground
6967ec754644523b2e554817,/home/malezainia1/dev/INIA_DeepLearning_Ubuntu_mod_lleon/data/campo2_ene_2026/La Capilla/Celular/20260107_085048.jpg,20260107_085048.jpg,8.7987795,2.9756417,,3024,4032,6550475,-34.4736039,-70.9375583,La Capilla,ground
6967ec754644523b2e554818,/home/malezainia1/dev/INIA_DeepLearning_Ubuntu_mod_lleon/data/campo2_ene_2026/La Capilla/Celular/20260107_085052.jpg,20260107_085052.jpg,5.5282717,6.4490075,,3024,4032,6694810,-34.4736039,-70.9375583,La Capilla,ground
6967ec754644523b2e554819,/home/malezainia1/dev/INIA_DeepLearning_Ubuntu_mod_lleon/data/campo2_ene_2026/La Capilla/Celular/20260107_085056.jpg,20260107_085056.jpg,6.1867127,4.550383,,3024,4032,5929713,-34.4736039,-70.9375583,La Capilla,ground
6967ec754644523b2e55481a,/home/malezainia1/dev/INIA_DeepLearning_Ubuntu_mod_lleon/data/campo2_ene_2026/La Capilla/Celular/20260107_085059.jpg,20260107_085059.jpg,9.005383,2.7389665,,3024,4032,6203748,-34.4736039,-70.9375583,La Capilla,ground
6967ec754644523b2e55481b,/home/malezainia1/dev/INIA_DeepLearning_Ubuntu_mod_lleon/data/campo2_ene_2026/La Capilla/Celular/20260107_085103.jpg,20260107_085103.jpg,6.8326306,2.6547098,,3024,4032,6617857,-34.4736039,-70.9375583,La Capilla,ground
6967ec754644523b2e55481c,/home/malezainia1/dev/INIA_DeepLearning_Ubuntu_mod_lleon/data/campo2_ene_2026/La Capilla/Celular/20260107_085105.jpg,20260107_085105.jpg,7.9567432,2.8157098,,3024,4032,6653312,-34.4736039,-70.9375583,La Capilla,ground
6967ec754644523b2e55481d,/home/malezainia1/dev/INIA_DeepLearning_Ubuntu_mod_lleon/data/campo2_ene_2026/La Capilla/Celular/20260107_085109.jpg,20260107_085109.jpg,7.420297,6.622681,,3024,4032,6594612,-34.4736039,-70.9375583,La Capilla,ground
6967ec754644523b2e55481e,/home/malezainia1/dev/INIA_DeepLearning_Ubuntu_mod_lleon/data/campo2_ene_2026/La Capilla/Celular/20260107_085112.jpg,20260107_085112.jpg,6.9937463,5.911594,,3024,4032,6911606,-34.473604,-70.9375583,La Capilla,ground
6967ec754644523b2e55481f,/home/malezainia1/dev/INIA_DeepLearning_Ubuntu_mod_lleon/data/campo2_ene_2026/La Capilla/Celular/20260107_085118.jpg,20260107_085118.jpg,7.727277,2.5645576,,3024,4032,6376314,-34.473604,-70.9375583,La Capilla,ground
6967ec754644523b2e554820,/home/malezainia1/dev/INIA_DeepLearning_Ubuntu_mod_lleon/data/campo2_ene_2026/La Capilla/Celular/20260107_085121.jpg,20260107_085121.jpg,7.2961745,3.2596545,,3024,4032,6696661,-34.473604,-70.9375583,La Capilla,ground
6967ec754644523b2e554821,/home/malezainia1/dev/INIA_DeepLearning_Ubuntu_mod_lleon/data/campo2_ene_2026/La Capilla/Celular/20260107_085126.jpg,20260107_085126.jpg,7.071035,5.591686,,3024,4032,6040881,-34.473604,-70.9375583,La Capilla,ground
6967ec754644523b2e554822,/home/malezainia1/dev/INIA_DeepLearning_Ubuntu_mod_lleon/data/campo2_ene_2026/La Capilla/Celular/20260107_085133.jpg,20260107_085133.jpg,7.1477847,6.719618,,3024,4032,5845422,-34.473604,-70.9375583,La Capilla,ground
6967ec754644523b2e554823,/home/malezainia1/dev/INIA_DeepLearning_Ubuntu_mod_lleon/data/campo2_ene_2026/La Capilla/Celular/20260107_085136.jpg,20260107_085136.jpg,6.1193867,7.8979263,,3024,4032,6293335,-34.473604,-70.9375583,La Capilla,ground
6967ec754644523b2e554824,/home/malezainia1/dev/INIA_DeepLearning_Ubuntu_mod_lleon/data/campo2_ene_2026/La Capilla/Celular/20260107_085141.jpg,20260107_085141.jpg,7.4961553,7.461902,,3024,4032,6829650,-34.473604,-70.9375583,La Capilla,ground
6967ec754644523b2e554825,/home/malezainia1/dev/INIA_DeepLearning_Ubuntu_mod_lleon/data/campo2_ene_2026/La Capilla/Celular/20260107_085145.jpg,20260107_085145.jpg,7.662296,2.957175,,3024,4032,6747641,-34.473604,-70.9375583,La Capilla,ground
6967ec754644523b2e554826,/home/malezainia1/dev/INIA_DeepLearning_Ubuntu_mod_lleon/data/campo2_ene_2026/La Capilla/Celular/20260107_085149.jpg,20260107_085149.jpg,5.3843346,6.7705035,,3024,4032,6013854,-34.473604,-70.9375583,La Capilla,ground
6967ec754644523b2e554827,/home/malezainia1/dev/INIA_DeepLearning_Ubuntu_mod_lleon/data/campo2_ene_2026/La Capilla/Celular/20260107_085153.jpg,20260107_085153.jpg,9.456477,4.605086,,3024,4032,6331216,-34.473604,-70.9375583,La Capilla,ground
6967ec754644523b2e554828,/home/malezainia1/dev/INIA_DeepLearning_Ubuntu_mod_lleon/data/campo2_ene_2026/La Capilla/Celular/20260107_085156.jpg,20260107_085156.jpg,8.112932,4.383095,,3024,4032,6315127,-34.473604,-70.9375583,La Capilla,ground
6967ec754644523b2e554829,/home/malezainia1/dev/INIA_DeepLearning_Ubuntu_mod_lleon/data/campo2_ene_2026/La Capilla/Celular/20260107_085158.jpg,20260107_085158.jpg,7.0821123,3.4426875,,3024,4032,6628604,-34.473604,-70.9375583,La Capilla,ground
6967ec754644523b2e55482a,/home/malezainia1/dev/INIA_DeepLearning_Ubuntu_mod_lleon/data/campo2_ene_2026/La Capilla/Celular/20260107_085204.jpg,20260107_085204.jpg,6.7197437,6.752398,,4032,3024,6160193,-34.473604,-70.9375583,La Capilla,ground
6967ec754644523b2e55482b,/home/malezainia1/dev/INIA_DeepLearning_Ubuntu_mod_lleon/data/campo2_ene_2026/La Capilla/Celular/20260107_085206.jpg,20260107_085206.jpg,6.0122538,7.664297,,4032,3024,6587167,-34.473604,-70.9375583,La Capilla,ground
6967ec754644523b2e55482c,/home/malezainia1/dev/INIA_DeepLearning_Ubuntu_mod_lleon/data/campo2_ene_2026/La Capilla/Celular/20260107_085209.jpg,20260107_085209.jpg,7.1777706,5.2835865,,4032,3024,6339594,-34.473604,-70.9375583,La Capilla,ground
6967ec754644523b2e55482d,/home/malezainia1/dev/INIA_DeepLearning_Ubuntu_mod_lleon/data/campo2_ene_2026/La Capilla/Celular/20260107_085211.jpg,20260107_085211.jpg,9.138208,6.8899517,,4032,3024,6369359,-34.473604,-70.9375583,La Capilla,ground
6967ec754644523b2e55482e,/home/malezainia1/dev/INIA_DeepLearning_Ubuntu_mod_lleon/data/campo2_ene_2026/La Capilla/Celular/20260107_085214.jpg,20260107_085214.jpg,8.176039,7.4340124,,4032,3024,6437485,-34.473604,-70.9375583,La Capilla,ground
6967ec754644523b2e55482f,/home/malezainia1/dev/INIA_DeepLearning_Ubuntu_mod_lleon/data/campo2_ene_2026/La Capilla/Celular/20260107_085216.jpg,20260107_085216.jpg,6.9830737,3.2677608,,4032,3024,6533853,-34.473604,-70.9375583,La Capilla,ground
6967ec754644523b2e554830,/home/malezainia1/dev/INIA_DeepLearning_Ubuntu_mod_lleon/data/campo2_ene_2026/La Capilla/Celular/20260107_085222.jpg,20260107_085222.jpg,5.602854,6.844235,,4032,3024,6546015,-34.473604,-70.9375583,La Capilla,ground
6967ec754644523b2e554831,/home/malezainia1/dev/INIA_DeepLearning_Ubuntu_mod_lleon/data/campo2_ene_2026/La Capilla/Celular/20260107_085226.jpg,20260107_085226.jpg,6.0168796,7.76777,,4032,3024,6224735,-34.473604,-70.9375583,La Capilla,ground
6967ec754644523b2e554832,/home/malezainia1/dev/INIA_DeepLearning_Ubuntu_mod_lleon/data/campo2_ene_2026/La Capilla/Celular/20260107_085231.jpg,20260107_085231.jpg,6.3701715,5.627908,,4032,3024,6467853,-34.473604,-70.9375583,La Capilla,ground
6967ec754644523b2e554833,/home/malezainia1/dev/INIA_DeepLearning_Ubuntu_mod_lleon/data/campo2_ene_2026/La Capilla/Celular/20260107_085234.jpg,20260107_085234.jpg,6.222422,4.1551147,,4032,3024,6606414,-34.473604,-70.9375583,La Capilla,ground
6967ec754644523b2e554834,/home/malezainia1/dev/INIA_DeepLearning_Ubuntu_mod_lleon/data/campo2_ene_2026/La Capilla/Celular/20260107_085238.jpg,20260107_085238.jpg,7.8907957,4.348361,,4032,3024,5929917,-34.473604,-70.9375583,La Capilla,ground
6967ec754644523b2e554835,/home/malezainia1/dev/INIA_DeepLearning_Ubuntu_mod_lleon/data/campo2_ene_2026/La Capilla/Celular/20260107_085242.jpg,20260107_085242.jpg,7.119375,2.5686946,,4032,3024,6843730,-34.473604,-70.9375583,La Capilla,ground
6967ec754644523b2e554836,/home/malezainia1/dev/INIA_DeepLearning_Ubuntu_mod_lleon/data/campo2_ene_2026/La Capilla/Celular/20260107_085248.jpg,20260107_085248.jpg,5.809716,6.7093844,,4032,3024,6458030,-34.473604,-70.9375583,La Capilla,ground
6967ec754644523b2e554837,/home/malezainia1/dev/INIA_DeepLearning_Ubuntu_mod_lleon/data/campo2_ene_2026/La Capilla/Celular/20260107_085300.jpg,20260107_085300.jpg,8.4659195,3.1857743,,4032,3024,6436875,-34.473604,-70.9375583,La Capilla,ground
6967ec754644523b2e554838,/home/malezainia1/dev/INIA_DeepLearning_Ubuntu_mod_lleon/data/campo2_ene_2026/La Capilla/Celular/20260107_085305.jpg,20260107_085305.jpg,7.8074646,2.9011943,,4032,3024,6655436,-34.473604,-70.9375583,La Capilla,ground
6967ec754644523b2e554839,/home/malezainia1/dev/INIA_DeepLearning_Ubuntu_mod_lleon/data/campo2_ene_2026/La Capilla/Celular/20260107_085308.jpg,20260107_085308.jpg,7.94007,7.2370095,,4032,3024,6388140,-34.473604,-70.9375583,La Capilla,ground
6967ec754644523b2e55483a,/home/malezainia1/dev/INIA_DeepLearning_Ubuntu_mod_lleon/data/campo2_ene_2026/La Capilla/Celular/20260107_085312.jpg,20260107_085312.jpg,5.8618164,5.459327,,4032,3024,6631359,-34.4737391,-70.9367971,La Capilla,ground
6967ec754644523b2e55483b,/home/malezainia1/dev/INIA_DeepLearning_Ubuntu_mod_lleon/data/campo2_ene_2026/La Capilla/Celular/20260107_085315.jpg,20260107_085315.jpg,6.727414,2.602594,,4032,3024,6419260,-34.4737391,-70.9367971,La Capilla,ground
6967ec754644523b2e55483c,/home/malezainia1/dev/INIA_DeepLearning_Ubuntu_mod_lleon/data/campo2_ene_2026/La Capilla/Celular/20260107_085326.jpg,20260107_085326.jpg,5.925769,5.840218,,3024,4032,6220400,-34.4737462,-70.9366968,La Capilla,ground
6967ec754644523b2e55483d,/home/malezainia1/dev/INIA_DeepLearning_Ubuntu_mod_lleon/data/campo2_ene_2026/La Capilla/Celular/20260107_085329.jpg,20260107_085329.jpg,6.591165,7.779865,,3024,4032,6646560,-34.4737468,-70.9366964,La Capilla,ground
6967ec764644523b2e55483e,/home/malezainia1/dev/INIA_DeepLearning_Ubuntu_mod_lleon/data/campo2_ene_2026/La Capilla/Celular/20260107_085331.jpg,20260107_085331.jpg,6.5614524,8.176045,,3024,4032,6134947,-34.4737468,-70.9366964,La Capilla,ground
6967ec764644523b2e55483f,/home/malezainia1/dev/INIA_DeepLearning_Ubuntu_mod_lleon/data/campo2_ene_2026/La Capilla/Celular/20260107_085344.jpg,20260107_085344.jpg,6.693412,2.8047302,,3024,4032,6692951,-34.473748,-70.93660859972222,La Capilla,ground
6967ec764644523b2e554840,/home/malezainia1/dev/INIA_DeepLearning_Ubuntu_mod_lleon/data/campo2_ene_2026/La Capilla/Celular/20260107_085348.jpg,20260107_085348.jpg,8.121527,3.5268526,,3024,4032,5985557,-34.4737535,-70.93659309972223,La Capilla,ground
6967ec764644523b2e554841,/home/malezainia1/dev/INIA_DeepLearning_Ubuntu_mod_lleon/data/campo2_ene_2026/La Capilla/Celular/20260107_085350.jpg,20260107_085350.jpg,6.9900284,7.2921734,,3024,4032,5694656,-34.4737535,-70.93659309972223,La Capilla,ground
6967ec764644523b2e554842,/home/malezainia1/dev/INIA_DeepLearning_Ubuntu_mod_lleon/data/campo2_ene_2026/La Capilla/Celular/20260107_085355.jpg,20260107_085355.jpg,9.534458,6.725831,,3024,4032,5906714,-34.473754499722226,-70.93657489972223,La Capilla,ground
6967ec764644523b2e554843,/home/malezainia1/dev/INIA_DeepLearning_Ubuntu_mod_lleon/data/campo2_ene_2026/La Capilla/Celular/20260107_085359.jpg,20260107_085359.jpg,6.128451,5.67403,,3024,4032,5924976,-34.4737537,-70.93655099972223,La Capilla,ground
6967ec764644523b2e554844,/home/malezainia1/dev/INIA_DeepLearning_Ubuntu_mod_lleon/data/campo2_ene_2026/La Capilla/Celular/20260107_085401.jpg,20260107_085401.jpg,9.723736,7.4402504,,3024,4032,5695279,-34.47375889972223,-70.93654209972223,La Capilla,ground
6967ec764644523b2e554845,/home/malezainia1/dev/INIA_DeepLearning_Ubuntu_mod_lleon/data/campo2_ene_2026/La Capilla/Celular/20260107_085406.jpg,20260107_085406.jpg,7.9505777,3.9137619,,3024,4032,6128276,-34.473762299722225,-70.93652609972223,La Capilla,ground
6967ec764644523b2e554846,/home/malezainia1/dev/INIA_DeepLearning_Ubuntu_mod_lleon/data/campo2_ene_2026/La Capilla/Celular/20260107_085409.jpg,20260107_085409.jpg,9.469021,3.0284617,,3024,4032,5443687,-34.47376549972223,-70.9365047,La Capilla,ground
6967ec764644523b2e554847,/home/malezainia1/dev/INIA_DeepLearning_Ubuntu_mod_lleon/data/campo2_ene_2026/La Capilla/Celular/20260107_085412.jpg,20260107_085412.jpg,8.962386,2.9063785,,3024,4032,6237642,-34.4737669,-70.93650049972223,La Capilla,ground
6967ec764644523b2e554848,/home/malezainia1/dev/INIA_DeepLearning_Ubuntu_mod_lleon/data/campo2_ene_2026/La Capilla/Celular/20260107_085415.jpg,20260107_085415.jpg,8.086035,7.2436266,,3024,4032,6381869,-34.4737815,-70.93647789972222,La Capilla,ground
6967ec764644523b2e554849,/home/malezainia1/dev/INIA_DeepLearning_Ubuntu_mod_lleon/data/campo2_ene_2026/La Capilla/Celular/20260107_085417.jpg,20260107_085417.jpg,6.463775,3.2647958,,3024,4032,6485308,-34.4737827,-70.93647459972223,La Capilla,ground
6967ec764644523b2e55484a,/home/malezainia1/dev/INIA_DeepLearning_Ubuntu_mod_lleon/data/campo2_ene_2026/La Capilla/Celular/20260107_085422.jpg,20260107_085422.jpg,6.494093,7.18411,,3024,4032,6373938,-34.473781,-70.9364481,La Capilla,ground
6967ec764644523b2e55484b,/home/malezainia1/dev/INIA_DeepLearning_Ubuntu_mod_lleon/data/campo2_ene_2026/La Capilla/Celular/20260107_085426.jpg,20260107_085426.jpg,6.9776435,2.635791,,3024,4032,7167489,-34.473781299722226,-70.93642719972223,La Capilla,ground
6967ec764644523b2e55484c,/home/malezainia1/dev/INIA_DeepLearning_Ubuntu_mod_lleon/data/campo2_ene_2026/La Capilla/Celular/20260107_085430.jpg,20260107_085430.jpg,8.147035,2.1904154,,3024,4032,6140303,-34.473783599722225,-70.9364147,La Capilla,ground
6967ec764644523b2e55484d,/home/malezainia1/dev/INIA_DeepLearning_Ubuntu_mod_lleon/data/campo2_ene_2026/La Capilla/Celular/20260107_085433.jpg,20260107_085433.jpg,6.354647,3.3756201,,3024,4032,6596169,-34.473788999722224,-70.9364113,La Capilla,ground
6967ec764644523b2e55484e,/home/malezainia1/dev/INIA_DeepLearning_Ubuntu_mod_lleon/data/campo2_ene_2026/La Capilla/Celular/20260107_085435.jpg,20260107_085435.jpg,6.864186,2.6981394,,3024,4032,6722873,-34.473788599722226,-70.9364063,La Capilla,ground
6967ec764644523b2e55484f,/home/malezainia1/dev/INIA_DeepLearning_Ubuntu_mod_lleon/data/campo2_ene_2026/La Capilla/Celular/20260107_085439.jpg,20260107_085439.jpg,5.7415414,5.2987814,,3024,4032,5854666,-34.4737889,-70.93640019972223,La Capilla,ground
6967ec764644523b2e554850,/home/malezainia1/dev/INIA_DeepLearning_Ubuntu_mod_lleon/data/campo2_ene_2026/La Capilla/Celular/20260107_085442.jpg,20260107_085442.jpg,8.785057,3.8023462,,3024,4032,6491981,-34.4737865,-70.9363893,La Capilla,ground
6967ec764644523b2e554851,/home/malezainia1/dev/INIA_DeepLearning_Ubuntu_mod_lleon/data/campo2_ene_2026/La Capilla/Celular/20260107_085445.jpg,20260107_085445.jpg,6.1157136,4.5273204,,3024,4032,6568280,-34.473789099722225,-70.9363764,La Capilla,ground
6967ec764644523b2e554852,/home/malezainia1/dev/INIA_DeepLearning_Ubuntu_mod_lleon/data/campo2_ene_2026/La Capilla/Celular/20260107_085450.jpg,20260107_085450.jpg,9.416846,4.983869,,3024,4032,6302907,-34.4737969,-70.93636109972222,La Capilla,ground
6967ec764644523b2e554853,/home/malezainia1/dev/INIA_DeepLearning_Ubuntu_mod_lleon/data/campo2_ene_2026/La Capilla/Celular/20260107_085453.jpg,20260107_085453.jpg,8.312593,7.2656903,,3024,4032,5489959,-34.4737967,-70.936361,La Capilla,ground
6967ec764644523b2e554854,/home/malezainia1/dev/INIA_DeepLearning_Ubuntu_mod_lleon/data/campo2_ene_2026/La Capilla/Celular/20260107_085456.jpg,20260107_085456.jpg,7.80595,2.8785083,,3024,4032,6548474,-34.4737932,-70.9363447,La Capilla,ground
6967ec764644523b2e554855,/home/malezainia1/dev/INIA_DeepLearning_Ubuntu_mod_lleon/data/campo2_ene_2026/La Capilla/Celular/20260107_085500.jpg,20260107_085500.jpg,7.483714,7.5920653,,3024,4032,5469250,-34.4737999,-70.93632399972222,La Capilla,ground
6967ec764644523b2e554856,/home/malezainia1/dev/INIA_DeepLearning_Ubuntu_mod_lleon/data/campo2_ene_2026/La Capilla/Celular/20260107_085503.jpg,20260107_085503.jpg,9.391667,3.1879883,,3024,4032,5742102,-34.4738027,-70.93630869972223,La Capilla,ground
6967ec764644523b2e554857,/home/malezainia1/dev/INIA_DeepLearning_Ubuntu_mod_lleon/data/campo2_ene_2026/La Capilla/Celular/20260107_085505.jpg,20260107_085505.jpg,5.981803,7.947016,,3024,4032,5406343,-34.4738027,-70.93630869972223,La Capilla,ground
6967ec764644523b2e554858,/home/malezainia1/dev/INIA_DeepLearning_Ubuntu_mod_lleon/data/campo2_ene_2026/La Capilla/Celular/20260107_085507.jpg,20260107_085507.jpg,7.6845193,2.3774722,,3024,4032,6332013,-34.4738027,-70.93630869972223,La Capilla,ground
6967ec764644523b2e554859,/home/malezainia1/dev/INIA_DeepLearning_Ubuntu_mod_lleon/data/campo2_ene_2026/La Capilla/Celular/20260107_085509.jpg,20260107_085509.jpg,7.8094373,4.4113708,,3024,4032,5665391,-34.4738027,-70.93630869972223,La Capilla,ground
6967ec764644523b2e55485a,/home/malezainia1/dev/INIA_DeepLearning_Ubuntu_mod_lleon/data/campo2_ene_2026/La Capilla/Celular/20260107_085516.jpg,20260107_085516.jpg,6.672432,8.8518,,3024,4032,5803148,-34.4738027,-70.93630869972223,La Capilla,ground
6967ec764644523b2e55485b,/home/malezainia1/dev/INIA_DeepLearning_Ubuntu_mod_lleon/data/campo2_ene_2026/La Capilla/Celular/20260107_085519.jpg,20260107_085519.jpg,9.707193,6.93324,,3024,4032,5780924,-34.4738027,-70.93630869972223,La Capilla,ground
6967ec764644523b2e55485c,/home/malezainia1/dev/INIA_DeepLearning_Ubuntu_mod_lleon/data/campo2_ene_2026/La Capilla/Celular/20260107_085523.jpg,20260107_085523.jpg,6.50457,6.422283,,3024,4032,6042438,-34.4738027,-70.93630869972223,La Capilla,ground
6967ec764644523b2e55485d,/home/malezainia1/dev/INIA_DeepLearning_Ubuntu_mod_lleon/data/campo2_ene_2026/La Capilla/Celular/20260107_085528.jpg,20260107_085528.jpg,6.827396,5.356999,,3024,4032,5980899,-34.4738027,-70.93630869972223,La Capilla,ground
6967ec764644523b2e55485e,/home/malezainia1/dev/INIA_DeepLearning_Ubuntu_mod_lleon/data/campo2_ene_2026/La Capilla/Celular/20260107_085533.jpg,20260107_085533.jpg,8.007582,6.8053656,,3024,4032,6284840,-34.4738027,-70.93630869972223,La Capilla,ground
6967ec764644523b2e55485f,/home/malezainia1/dev/INIA_DeepLearning_Ubuntu_mod_lleon/data/campo2_ene_2026/La Capilla/Celular/20260107_085544.jpg,20260107_085544.jpg,5.9978194,5.8101406,,3024,4032,6621488,-34.4738411,-70.93616419972223,La Capilla,ground
6967ec764644523b2e554860,/home/malezainia1/dev/INIA_DeepLearning_Ubuntu_mod_lleon/data/campo2_ene_2026/La Capilla/Celular/20260107_085547.jpg,20260107_085547.jpg,6.354104,6.3837624,,3024,4032,6088380,-34.4738411,-70.93616419972223,La Capilla,ground
6967ec764644523b2e554861,/home/malezainia1/dev/INIA_DeepLearning_Ubuntu_mod_lleon/data/campo2_ene_2026/La Capilla/Celular/20260107_085603.jpg,20260107_085603.jpg,7.9103665,2.92839,,3024,4032,5957267,-34.4738411,-70.93616419972223,La Capilla,ground
6967ec764644523b2e554862,/home/malezainia1/dev/INIA_DeepLearning_Ubuntu_mod_lleon/data/campo2_ene_2026/La Capilla/Celular/20260107_085608.jpg,20260107_085608.jpg,8.150266,3.3479204,,3024,4032,6583450,-34.4738411,-70.93616419972223,La Capilla,ground
6967ec764644523b2e554863,/home/malezainia1/dev/INIA_DeepLearning_Ubuntu_mod_lleon/data/campo2_ene_2026/La Capilla/Celular/20260107_085618.jpg,20260107_085618.jpg,8.153237,4.423528,,4032,3024,6315257,-34.473854099722224,-70.9358933,La Capilla,ground
6967ec764644523b2e554864,/home/malezainia1/dev/INIA_DeepLearning_Ubuntu_mod_lleon/data/campo2_ene_2026/La Capilla/Celular/20260107_085628.jpg,20260107_085628.jpg,9.02389,3.6443949,,3024,4032,6185893,-34.4738826,-70.93586569972223,La Capilla,ground
6967ec764644523b2e554865,/home/malezainia1/dev/INIA_DeepLearning_Ubuntu_mod_lleon/data/campo2_ene_2026/La Capilla/Celular/20260107_085646.jpg,20260107_085646.jpg,8.109112,4.0762773,,3024,4032,6437069,-34.4738848,-70.93586019972223,La Capilla,ground
6967ec764644523b2e554866,/home/malezainia1/dev/INIA_DeepLearning_Ubuntu_mod_lleon/data/campo2_ene_2026/La Capilla/Celular/20260107_085650.jpg,20260107_085650.jpg,6.744009,4.2985578,,3024,4032,5004202,-34.4738923,-70.9357849,La Capilla,ground
6967ec764644523b2e554867,/home/malezainia1/dev/INIA_DeepLearning_Ubuntu_mod_lleon/data/campo2_ene_2026/La Capilla/Celular/20260107_085655.jpg,20260107_085655.jpg,8.437746,7.868776,,3024,4032,5720712,-34.4738923,-70.9357849,La Capilla,ground
6967ec764644523b2e554868,/home/malezainia1/dev/INIA_DeepLearning_Ubuntu_mod_lleon/data/campo2_ene_2026/La Capilla/Celular/20260107_085718.jpg,20260107_085718.jpg,8.825371,3.5369217,,3024,4032,6320614,-34.4738923,-70.9357849,La Capilla,ground
6967ec764644523b2e554869,/home/malezainia1/dev/INIA_DeepLearning_Ubuntu_mod_lleon/data/campo2_ene_2026/La Capilla/Celular/20260107_085738.jpg,20260107_085738.jpg,8.5128145,2.112977,,3024,4032,6533215,-34.4738923,-70.9357849,La Capilla,ground
6967ec764644523b2e55486a,/home/malezainia1/dev/INIA_DeepLearning_Ubuntu_mod_lleon/data/campo2_ene_2026/La Capilla/Celular/20260107_085811.jpg,20260107_085811.jpg,7.9367943,4.5277762,,3024,4032,6470363,,,La Capilla,ground
6967ec764644523b2e55486b,/home/malezainia1/dev/INIA_DeepLearning_Ubuntu_mod_lleon/data/campo2_ene_2026/La Capilla/Celular/20260107_085837.jpg,20260107_085837.jpg,8.116519,7.7088327,,4032,3024,6152685,-34.4738048,-70.9361664,La Capilla,ground
6967ec764644523b2e55486c,/home/malezainia1/dev/INIA_DeepLearning_Ubuntu_mod_lleon/data/campo2_ene_2026/La Capilla/Celular/20260107_090038.jpg,20260107_090038.jpg,9.491257,7.3575306,,3024,4032,5439670,,,La Capilla,ground
6967ec764644523b2e55486d,/home/malezainia1/dev/INIA_DeepLearning_Ubuntu_mod_lleon/data/campo2_ene_2026/La Capilla/Celular/20260107_090101.jpg,20260107_090101.jpg,9.809432,6.8980165,,3024,4032,5929360,-34.4739968,-70.9350976,La Capilla,ground
6967ec764644523b2e55486e,/home/malezainia1/dev/INIA_DeepLearning_Ubuntu_mod_lleon/data/campo2_ene_2026/La Capilla/Celular/20260107_090112.jpg,20260107_090112.jpg,8.730168,2.5154483,,3024,4032,5952969,-34.4739968,-70.9350976,La Capilla,ground
6967ec764644523b2e55486f,/home/malezainia1/dev/INIA_DeepLearning_Ubuntu_mod_lleon/data/campo2_ene_2026/La Capilla/Celular/20260107_090116.jpg,20260107_090116.jpg,7.843057,5.9244275,,3024,4032,5874920,-34.4739968,-70.9350976,La Capilla,ground
6967ec764644523b2e554870,/home/malezainia1/dev/INIA_DeepLearning_Ubuntu_mod_lleon/data/campo2_ene_2026/La Capilla/Celular/20260107_090123.jpg,20260107_090123.jpg,7.6461363,4.6177206,,3024,4032,6427183,-34.4739968,-70.9350976,La Capilla,ground
6967ec764644523b2e554871,/home/malezainia1/dev/INIA_DeepLearning_Ubuntu_mod_lleon/data/campo2_ene_2026/La Capilla/Celular/20260107_090126.jpg,20260107_090126.jpg,7.9225245,4.2209463,,3024,4032,6787637,-34.4739968,-70.9350976,La Capilla,ground
6967ec764644523b2e554872,/home/malezainia1/dev/INIA_DeepLearning_Ubuntu_mod_lleon/data/campo2_ene_2026/La Capilla/Celular/20260107_090130.jpg,20260107_090130.jpg,8.359653,3.7891273,,3024,4032,6753856,-34.4739968,-70.9350976,La Capilla,ground
6967ec764644523b2e554873,/home/malezainia1/dev/INIA_DeepLearning_Ubuntu_mod_lleon/data/campo2_ene_2026/La Capilla/Celular/20260107_090134.jpg,20260107_090134.jpg,7.3995185,3.496818,,3024,4032,5042927,-34.4739968,-70.9350976,La Capilla,ground
6967ec764644523b2e554874,/home/malezainia1/dev/INIA_DeepLearning_Ubuntu_mod_lleon/data/campo2_ene_2026/La Capilla/Celular/20260107_090157.jpg,20260107_090157.jpg,8.238358,4.627019,,3024,4032,6398428,,,La Capilla,ground
6967ec764644523b2e554875,/home/malezainia1/dev/INIA_DeepLearning_Ubuntu_mod_lleon/data/campo2_ene_2026/La Capilla/Celular/20260107_090202.jpg,20260107_090202.jpg,8.741912,6.847246,,3024,4032,5646109,,,La Capilla,ground
6967ec764644523b2e554876,/home/malezainia1/dev/INIA_DeepLearning_Ubuntu_mod_lleon/data/campo2_ene_2026/La Capilla/Celular/20260107_090206.jpg,20260107_090206.jpg,6.435516,4.9606395,,3024,4032,5731459,,,La Capilla,ground
6967ec764644523b2e554877,/home/malezainia1/dev/INIA_DeepLearning_Ubuntu_mod_lleon/data/campo2_ene_2026/La Capilla/Celular/20260107_090211.jpg,20260107_090211.jpg,7.802595,2.255225,,3024,4032,6103398,,,La Capilla,ground
6967ec764644523b2e554878,/home/malezainia1/dev/INIA_DeepLearning_Ubuntu_mod_lleon/data/campo2_ene_2026/La Capilla/Celular/20260107_090216.jpg,20260107_090216.jpg,6.8155775,8.408304,,3024,4032,5436637,,,La Capilla,ground
6967ec764644523b2e554879,/home/malezainia1/dev/INIA_DeepLearning_Ubuntu_mod_lleon/data/campo2_ene_2026/La Capilla/Celular/20260107_090231.jpg,20260107_090231.jpg,7.740276,2.4852393,,3024,4032,5726842,-34.474063999722226,-70.93478389972222,La Capilla,ground
6967ec764644523b2e55487a,/home/malezainia1/dev/INIA_DeepLearning_Ubuntu_mod_lleon/data/campo2_ene_2026/La Capilla/Celular/20260107_090240.jpg,20260107_090240.jpg,7.967371,4.7810116,,3024,4032,6170801,-34.474063999722226,-70.93478389972222,La Capilla,ground
6967ec764644523b2e55487b,/home/malezainia1/dev/INIA_DeepLearning_Ubuntu_mod_lleon/data/campo2_ene_2026/La Capilla/Celular/20260107_090242.jpg,20260107_090242.jpg,9.521974,4.120764,,3024,4032,6401755,-34.474063999722226,-70.93478389972222,La Capilla,ground
6967ec764644523b2e55487c,/home/malezainia1/dev/INIA_DeepLearning_Ubuntu_mod_lleon/data/campo2_ene_2026/La Capilla/Celular/20260107_090257.jpg,20260107_090257.jpg,6.303698,4.5861573,,3024,4032,6416796,,,La Capilla,ground
6967ec764644523b2e55487d,/home/malezainia1/dev/INIA_DeepLearning_Ubuntu_mod_lleon/data/campo2_ene_2026/La Capilla/Celular/20260107_090302.jpg,20260107_090302.jpg,6.8130584,8.033693,,3024,4032,6180339,,,La Capilla,ground
6967ec764644523b2e55487e,/home/malezainia1/dev/INIA_DeepLearning_Ubuntu_mod_lleon/data/campo2_ene_2026/La Capilla/Celular/20260107_090328.jpg,20260107_090328.jpg,9.43353,6.868703,,3024,4032,5548076,-34.4741067,-70.9345643,La Capilla,ground
6967ec764644523b2e55487f,/home/malezainia1/dev/INIA_DeepLearning_Ubuntu_mod_lleon/data/campo2_ene_2026/La Capilla/Celular/20260107_090333.jpg,20260107_090333.jpg,6.6015797,8.657698,,3024,4032,6152461,-34.4741067,-70.9345643,La Capilla,ground
6967ec764644523b2e554880,/home/malezainia1/dev/INIA_DeepLearning_Ubuntu_mod_lleon/data/campo2_ene_2026/La Capilla/Celular/20260107_090336.jpg,20260107_090336.jpg,9.33617,2.8441575,,3024,4032,5821558,-34.47411149972223,-70.9343669,La Capilla,ground
6967ec764644523b2e554881,/home/malezainia1/dev/INIA_DeepLearning_Ubuntu_mod_lleon/data/campo2_ene_2026/La Capilla/Celular/20260107_090341.jpg,20260107_090341.jpg,7.508506,6.4542074,,3024,4032,6375608,-34.474124199722226,-70.93435379972223,La Capilla,ground
6967ec764644523b2e554882,/home/malezainia1/dev/INIA_DeepLearning_Ubuntu_mod_lleon/data/campo2_ene_2026/La Capilla/Celular/20260107_090345.jpg,20260107_090345.jpg,6.41448,6.8669376,,3024,4032,5944612,-34.4741342,-70.93431879972222,La Capilla,ground
6967ec764644523b2e554883,/home/malezainia1/dev/INIA_DeepLearning_Ubuntu_mod_lleon/data/campo2_ene_2026/La Capilla/Celular/20260107_090348.jpg,20260107_090348.jpg,7.2613387,6.463421,,3024,4032,5968484,-34.474136,-70.93430519972223,La Capilla,ground
6967ec764644523b2e554884,/home/malezainia1/dev/INIA_DeepLearning_Ubuntu_mod_lleon/data/campo2_ene_2026/La Capilla/Celular/20260107_090354.jpg,20260107_090354.jpg,9.637631,3.2228248,,3024,4032,6274072,-34.474133899722226,-70.934274,La Capilla,ground
6967ec764644523b2e554885,/home/malezainia1/dev/INIA_DeepLearning_Ubuntu_mod_lleon/data/campo2_ene_2026/La Capilla/Celular/20260107_090405.jpg,20260107_090405.jpg,8.220983,8.217923,,3024,4032,5709918,-34.474142999722226,-70.93420679972223,La Capilla,ground
6967ec764644523b2e554886,/home/malezainia1/dev/INIA_DeepLearning_Ubuntu_mod_lleon/data/campo2_ene_2026/La Capilla/Celular/20260107_090411.jpg,20260107_090411.jpg,6.3693733,6.889632,,3024,4032,6457460,-34.4741477,-70.9341722,La Capilla,ground
6967ec764644523b2e554887,/home/malezainia1/dev/INIA_DeepLearning_Ubuntu_mod_lleon/data/campo2_ene_2026/La Capilla/Celular/20260107_090426.jpg,20260107_090426.jpg,7.6628733,6.2148376,,3024,4032,6175766,-34.474150799722224,-70.9341031,La Capilla,ground
6967ec764644523b2e554888,/home/malezainia1/dev/INIA_DeepLearning_Ubuntu_mod_lleon/data/campo2_ene_2026/La Capilla/Celular/20260107_090428.jpg,20260107_090428.jpg,6.633226,8.656913,,3024,4032,6241886,-34.474149699722226,-70.93409409972223,La Capilla,ground
6967ec764644523b2e554889,/home/malezainia1/dev/INIA_DeepLearning_Ubuntu_mod_lleon/data/campo2_ene_2026/La Capilla/Celular/20260107_090431.jpg,20260107_090431.jpg,8.337073,3.6464317,,3024,4032,6639275,-34.474150899722225,-70.9340803,La Capilla,ground
6967ec764644523b2e55488a,/home/malezainia1/dev/INIA_DeepLearning_Ubuntu_mod_lleon/data/campo2_ene_2026/La Capilla/Celular/20260107_090435.jpg,20260107_090435.jpg,7.8776174,2.5132465,,3024,4032,5955395,-34.4741538,-70.9340734,La Capilla,ground
6967ec764644523b2e55488b,/home/malezainia1/dev/INIA_DeepLearning_Ubuntu_mod_lleon/data/campo2_ene_2026/La Capilla/Celular/20260107_090438.jpg,20260107_090438.jpg,9.505467,4.1778755,,3024,4032,5949234,-34.4741538,-70.9340734,La Capilla,ground
6967ec764644523b2e55488c,/home/malezainia1/dev/INIA_DeepLearning_Ubuntu_mod_lleon/data/campo2_ene_2026/La Capilla/Celular/20260107_090444.jpg,20260107_090444.jpg,8.685674,2.7297957,,3024,4032,6011317,-34.4741538,-70.9340734,La Capilla,ground
6967ec764644523b2e55488d,/home/malezainia1/dev/INIA_DeepLearning_Ubuntu_mod_lleon/data/campo2_ene_2026/La Capilla/Celular/20260107_090447.jpg,20260107_090447.jpg,7.7377405,4.6070642,,3024,4032,5731572,-34.4741538,-70.9340734,La Capilla,ground
6967ec764644523b2e55488e,/home/malezainia1/dev/INIA_DeepLearning_Ubuntu_mod_lleon/data/campo2_ene_2026/La Capilla/Celular/20260107_090452.jpg,20260107_090452.jpg,9.759857,3.4400108,,3024,4032,5866030,-34.4741538,-70.9340734,La Capilla,ground
6967ec764644523b2e55488f,/home/malezainia1/dev/INIA_DeepLearning_Ubuntu_mod_lleon/data/campo2_ene_2026/La Capilla/Celular/20260107_090517.jpg,20260107_090517.jpg,8.902864,7.4768534,,4032,3024,5849984,-34.4741538,-70.9340734,La Capilla,ground
6967ec764644523b2e554890,/home/malezainia1/dev/INIA_DeepLearning_Ubuntu_mod_lleon/data/campo2_ene_2026/La Capilla/Celular/20260107_090520.jpg,20260107_090520.jpg,8.17537,4.96468,,4032,3024,5790503,-34.4741538,-70.9340734,La Capilla,ground
6967ec764644523b2e554891,/home/malezainia1/dev/INIA_DeepLearning_Ubuntu_mod_lleon/data/campo2_ene_2026/La Capilla/Celular/20260107_090524.jpg,20260107_090524.jpg,8.761938,1.9870962,,4032,3024,6476702,-34.4741538,-70.9340734,La Capilla,ground
6967ec764644523b2e554892,/home/malezainia1/dev/INIA_DeepLearning_Ubuntu_mod_lleon/data/campo2_ene_2026/La Capilla/Celular/20260107_090532.jpg,20260107_090532.jpg,9.85249,6.605476,,3024,4032,6323555,-34.4741538,-70.9340734,La Capilla,ground
6967ec764644523b2e554893,/home/malezainia1/dev/INIA_DeepLearning_Ubuntu_mod_lleon/data/campo2_ene_2026/La Capilla/Celular/20260107_090534.jpg,20260107_090534.jpg,9.846189,4.585271,,3024,4032,5754541,-34.4741538,-70.9340734,La Capilla,ground
6967ec764644523b2e554894,/home/malezainia1/dev/INIA_DeepLearning_Ubuntu_mod_lleon/data/campo2_ene_2026/La Capilla/Celular/20260107_090537.jpg,20260107_090537.jpg,8.1040125,2.2809908,,3024,4032,6054408,-34.4741538,-70.9340734,La Capilla,ground
6967ec764644523b2e554895,/home/malezainia1/dev/INIA_DeepLearning_Ubuntu_mod_lleon/data/campo2_ene_2026/La Capilla/Celular/20260107_090549.jpg,20260107_090549.jpg,8.507615,2.1278844,,3024,4032,6520215,-34.4741538,-70.9340734,La Capilla,ground
6967ec764644523b2e554896,/home/malezainia1/dev/INIA_DeepLearning_Ubuntu_mod_lleon/data/campo2_ene_2026/La Capilla/Celular/20260107_090553.jpg,20260107_090553.jpg,8.17587,2.6136663,,3024,4032,6032785,-34.4741538,-70.9340734,La Capilla,ground
6967ec764644523b2e554897,/home/malezainia1/dev/INIA_DeepLearning_Ubuntu_mod_lleon/data/campo2_ene_2026/La Capilla/Celular/20260107_090558.jpg,20260107_090558.jpg,8.688414,2.9159718,,3024,4032,5979579,-34.4741538,-70.9340734,La Capilla,ground
6967ec764644523b2e554898,/home/malezainia1/dev/INIA_DeepLearning_Ubuntu_mod_lleon/data/campo2_ene_2026/La Capilla/Celular/20260107_090612.jpg,20260107_090612.jpg,7.944239,6.3974314,,3024,4032,5508469,-34.4741538,-70.9340734,La Capilla,ground
6967ec764644523b2e554899,/home/malezainia1/dev/INIA_DeepLearning_Ubuntu_mod_lleon/data/campo2_ene_2026/La Capilla/Celular/20260107_090619.jpg,20260107_090619.jpg,8.262137,3.9268498,,3024,4032,6797167,-34.4741538,-70.9340734,La Capilla,ground
6967ec764644523b2e55489a,/home/malezainia1/dev/INIA_DeepLearning_Ubuntu_mod_lleon/data/campo2_ene_2026/La Capilla/Celular/20260107_090624.jpg,20260107_090624.jpg,9.953102,7.109001,,3024,4032,6078925,-34.4741538,-70.9340734,La Capilla,ground
6967ec764644523b2e55489b,/home/malezainia1/dev/INIA_DeepLearning_Ubuntu_mod_lleon/data/campo2_ene_2026/La Capilla/Celular/20260107_090627.jpg,20260107_090627.jpg,8.466225,7.6492105,,3024,4032,6383202,-34.4741538,-70.9340734,La Capilla,ground
6967ec764644523b2e55489c,/home/malezainia1/dev/INIA_DeepLearning_Ubuntu_mod_lleon/data/campo2_ene_2026/La Capilla/Celular/20260107_090630.jpg,20260107_090630.jpg,8.4452505,8.215486,,3024,4032,5171355,-34.4741538,-70.9340734,La Capilla,ground
6967ec764644523b2e55489d,/home/malezainia1/dev/INIA_DeepLearning_Ubuntu_mod_lleon/data/campo2_ene_2026/La Capilla/Celular/20260107_090632.jpg,20260107_090632.jpg,8.441908,2.0727744,,3024,4032,5476221,-34.4741538,-70.9340734,La Capilla,ground
6967ec764644523b2e55489e,/home/malezainia1/dev/INIA_DeepLearning_Ubuntu_mod_lleon/data/campo2_ene_2026/La Capilla/Celular/20260107_090636.jpg,20260107_090636.jpg,8.3575735,2.5987341,,3024,4032,5891341,-34.4741538,-70.9340734,La Capilla,ground
6967ec764644523b2e55489f,/home/malezainia1/dev/INIA_DeepLearning_Ubuntu_mod_lleon/data/campo2_ene_2026/La Capilla/Celular/20260107_090640.jpg,20260107_090640.jpg,8.534253,3.3761363,,3024,4032,6425168,-34.4741538,-70.9340734,La Capilla,ground
6967ec764644523b2e5548a0,/home/malezainia1/dev/INIA_DeepLearning_Ubuntu_mod_lleon/data/campo2_ene_2026/La Capilla/Celular/20260107_090643.jpg,20260107_090643.jpg,8.561204,2.8975513,,3024,4032,6617787,-34.4741538,-70.9340734,La Capilla,ground
6967ec764644523b2e5548a1,/home/malezainia1/dev/INIA_DeepLearning_Ubuntu_mod_lleon/data/campo2_ene_2026/La Capilla/Celular/20260107_090648.jpg,20260107_090648.jpg,9.092598,5.027484,,3024,4032,6490406,-34.4741538,-70.9340734,La Capilla,ground
6967ec764644523b2e5548a2,/home/malezainia1/dev/INIA_DeepLearning_Ubuntu_mod_lleon/data/campo2_ene_2026/La Capilla/Celular/20260107_090652.jpg,20260107_090652.jpg,8.634083,2.7407813,,3024,4032,6106722,-34.4741538,-70.9340734,La Capilla,ground
6967ec764644523b2e5548a3,/home/malezainia1/dev/INIA_DeepLearning_Ubuntu_mod_lleon/data/campo2_ene_2026/La Capilla/Celular/20260107_090658.jpg,20260107_090658.jpg,8.711782,1.906265,,3024,4032,6552950,-34.4741538,-70.9340734,La Capilla,ground
6967ec764644523b2e5548a4,/home/malezainia1/dev/INIA_DeepLearning_Ubuntu_mod_lleon/data/campo2_ene_2026/La Capilla/Celular/20260107_090704.jpg,20260107_090704.jpg,8.665583,1.7995268,,3024,4032,6436935,-34.4741538,-70.9340734,La Capilla,ground
6967ec764644523b2e5548a5,/home/malezainia1/dev/INIA_DeepLearning_Ubuntu_mod_lleon/data/campo2_ene_2026/La Capilla/Celular/20260107_090709.jpg,20260107_090709.jpg,8.398766,2.2147248,,3024,4032,5916539,-34.4742965,-70.9334831,La Capilla,ground
6967ec764644523b2e5548a6,/home/malezainia1/dev/INIA_DeepLearning_Ubuntu_mod_lleon/data/campo2_ene_2026/La Capilla/Celular/20260107_090712.jpg,20260107_090712.jpg,8.673534,1.9284151,,3024,4032,6781363,-34.47429329972223,-70.93347479972222,La Capilla,ground
6967ec764644523b2e5548a7,/home/malezainia1/dev/INIA_DeepLearning_Ubuntu_mod_lleon/data/campo2_ene_2026/La Capilla/Celular/20260107_090716.jpg,20260107_090716.jpg,9.11125,3.0988793,,3024,4032,6132473,-34.47429329972223,-70.93347479972222,La Capilla,ground
6967ec764644523b2e5548a8,/home/malezainia1/dev/INIA_DeepLearning_Ubuntu_mod_lleon/data/campo2_ene_2026/La Capilla/Celular/20260107_090719.jpg,20260107_090719.jpg,8.864153,3.700558,,3024,4032,6920139,-34.474285899722226,-70.93343529972222,La Capilla,ground
6967ec764644523b2e5548a9,/home/malezainia1/dev/INIA_DeepLearning_Ubuntu_mod_lleon/data/campo2_ene_2026/La Capilla/Celular/20260107_090723.jpg,20260107_090723.jpg,8.514784,3.7766597,,3024,4032,6935672,-34.474285299722226,-70.9334381,La Capilla,ground
6967ec764644523b2e5548aa,/home/malezainia1/dev/INIA_DeepLearning_Ubuntu_mod_lleon/data/campo2_ene_2026/La Capilla/Celular/20260107_090726.jpg,20260107_090726.jpg,8.555316,2.0990257,,3024,4032,6922824,-34.474285299722226,-70.9334381,La Capilla,ground
6967ec764644523b2e5548ab,/home/malezainia1/dev/INIA_DeepLearning_Ubuntu_mod_lleon/data/campo2_ene_2026/La Capilla/Celular/20260107_090730.jpg,20260107_090730.jpg,6.692092,3.557957,,3024,4032,6382176,-34.474285299722226,-70.9334381,La Capilla,ground
6967ec764644523b2e5548ac,/home/malezainia1/dev/INIA_DeepLearning_Ubuntu_mod_lleon/data/campo2_ene_2026/La Capilla/Celular/20260107_090731.jpg,20260107_090731.jpg,8.478007,3.2016013,,3024,4032,6386099,-34.474285299722226,-70.9334381,La Capilla,ground
6967ec764644523b2e5548ad,/home/malezainia1/dev/INIA_DeepLearning_Ubuntu_mod_lleon/data/campo2_ene_2026/La Capilla/Celular/20260107_090733.jpg,20260107_090733.jpg,8.7200575,1.8256856,,3024,4032,7083270,-34.474285299722226,-70.9334381,La Capilla,ground
6967ec764644523b2e5548ae,/home/malezainia1/dev/INIA_DeepLearning_Ubuntu_mod_lleon/data/campo2_ene_2026/La Capilla/Celular/20260107_090737.jpg,20260107_090737.jpg,8.718315,2.0517101,,3024,4032,5969800,-34.4742991,-70.93336329972223,La Capilla,ground
6967ec764644523b2e5548af,/home/malezainia1/dev/INIA_DeepLearning_Ubuntu_mod_lleon/data/campo2_ene_2026/La Capilla/Celular/20260107_090742.jpg,20260107_090742.jpg,9.163116,4.7902803,,3024,4032,5840424,-34.4742825,-70.9333478,La Capilla,ground
6967ec764644523b2e5548b0,/home/malezainia1/dev/INIA_DeepLearning_Ubuntu_mod_lleon/data/campo2_ene_2026/La Capilla/Celular/20260107_090745.jpg,20260107_090745.jpg,8.792728,1.8221465,,3024,4032,6951599,-34.4742838,-70.9333426,La Capilla,ground
6967ec764644523b2e5548b1,/home/malezainia1/dev/INIA_DeepLearning_Ubuntu_mod_lleon/data/campo2_ene_2026/La Capilla/Celular/20260107_090749.jpg,20260107_090749.jpg,9.774125,4.217683,,3024,4032,6865862,-34.474285199722225,-70.93331379972223,La Capilla,ground
6967ec764644523b2e5548b2,/home/malezainia1/dev/INIA_DeepLearning_Ubuntu_mod_lleon/data/campo2_ene_2026/La Capilla/Celular/20260107_090752.jpg,20260107_090752.jpg,8.545523,3.132604,,3024,4032,6404520,-34.474285199722225,-70.93331379972223,La Capilla,ground
6967ec764644523b2e5548b3,/home/malezainia1/dev/INIA_DeepLearning_Ubuntu_mod_lleon/data/campo2_ene_2026/La Capilla/Celular/20260107_090755.jpg,20260107_090755.jpg,9.588482,4.059936,,3024,4032,6604105,-34.4742794,-70.93328999972222,La Capilla,ground
6967ec764644523b2e5548b4,/home/malezainia1/dev/INIA_DeepLearning_Ubuntu_mod_lleon/data/campo2_ene_2026/La Capilla/Celular/20260107_090758.jpg,20260107_090758.jpg,8.828035,3.6613684,,3024,4032,6553439,-34.4742794,-70.93328999972222,La Capilla,ground
6967ec764644523b2e5548b5,/home/malezainia1/dev/INIA_DeepLearning_Ubuntu_mod_lleon/data/campo2_ene_2026/La Capilla/Celular/20260107_090802.jpg,20260107_090802.jpg,8.543993,1.9267813,,3024,4032,6735319,-34.474282,-70.9332761,La Capilla,ground
6967ec764644523b2e5548b6,/home/malezainia1/dev/INIA_DeepLearning_Ubuntu_mod_lleon/data/campo2_ene_2026/La Capilla/Celular/20260107_090804.jpg,20260107_090804.jpg,7.944152,2.079273,,3024,4032,6325597,-34.474282,-70.9332761,La Capilla,ground
6967ec764644523b2e5548b7,/home/malezainia1/dev/INIA_DeepLearning_Ubuntu_mod_lleon/data/campo2_ene_2026/La Capilla/Celular/20260107_090807.jpg,20260107_090807.jpg,8.690499,1.8458214,,3024,4032,6998688,-34.474284699722226,-70.9332605,La Capilla,ground
6967ec764644523b2e5548b8,/home/malezainia1/dev/INIA_DeepLearning_Ubuntu_mod_lleon/data/campo2_ene_2026/La Capilla/Celular/20260107_090812.jpg,20260107_090812.jpg,7.047573,7.979872,,3024,4032,5705629,-34.474289599722226,-70.93323599972223,La Capilla,ground
6967ec764644523b2e5548b9,/home/malezainia1/dev/INIA_DeepLearning_Ubuntu_mod_lleon/data/campo2_ene_2026/La Capilla/Celular/20260107_090815.jpg,20260107_090815.jpg,7.5011396,3.692475,,3024,4032,5891351,-34.474291899722225,-70.9332327,La Capilla,ground
6967ec764644523b2e5548ba,/home/malezainia1/dev/INIA_DeepLearning_Ubuntu_mod_lleon/data/campo2_ene_2026/La Capilla/Celular/20260107_090819.jpg,20260107_090819.jpg,9.244252,4.4247036,,3024,4032,6188946,-34.474298099722226,-70.93321469972223,La Capilla,ground
6967ec764644523b2e5548bb,/home/malezainia1/dev/INIA_DeepLearning_Ubuntu_mod_lleon/data/campo2_ene_2026/La Capilla/Celular/20260107_090823.jpg,20260107_090823.jpg,9.601026,3.211167,,3024,4032,5739770,-34.47429999972223,-70.9332107,La Capilla,ground
6967ec764644523b2e5548bc,/home/malezainia1/dev/INIA_DeepLearning_Ubuntu_mod_lleon/data/campo2_ene_2026/La Capilla/Celular/20260107_090826.jpg,20260107_090826.jpg,8.634869,2.0905519,,3024,4032,6533990,-34.4743051,-70.93320789972223,La Capilla,ground
6967ec764644523b2e5548bd,/home/malezainia1/dev/INIA_DeepLearning_Ubuntu_mod_lleon/data/campo2_ene_2026/La Capilla/Celular/20260107_090838.jpg,20260107_090838.jpg,8.8981695,4.8618455,,3024,4032,6660008,-34.4743131,-70.93318209972223,La Capilla,ground
6967ec764644523b2e5548be,/home/malezainia1/dev/INIA_DeepLearning_Ubuntu_mod_lleon/data/campo2_ene_2026/La Capilla/Celular/20260107_090844.jpg,20260107_090844.jpg,8.792811,3.5170743,,3024,4032,6762653,-34.4743131,-70.93318209972223,La Capilla,ground
6967ec764644523b2e5548bf,/home/malezainia1/dev/INIA_DeepLearning_Ubuntu_mod_lleon/data/campo2_ene_2026/La Capilla/Celular/20260107_090849.jpg,20260107_090849.jpg,8.603508,1.8284924,,3024,4032,6205707,-34.4743131,-70.93318209972223,La Capilla,ground
6967ec764644523b2e5548c0,/home/malezainia1/dev/INIA_DeepLearning_Ubuntu_mod_lleon/data/campo2_ene_2026/La Capilla/Celular/20260107_090911.jpg,20260107_090911.jpg,6.4468064,3.2769854,,4032,3024,6834954,-34.4743131,-70.93318209972223,La Capilla,ground
6967ec764644523b2e5548c1,/home/malezainia1/dev/INIA_DeepLearning_Ubuntu_mod_lleon/data/campo2_ene_2026/La Capilla/Celular/20260107_090926.jpg,20260107_090926.jpg,8.912079,7.8935957,,3024,4032,6543850,-34.4743131,-70.93318209972223,La Capilla,ground
6967ec764644523b2e5548c2,/home/malezainia1/dev/INIA_DeepLearning_Ubuntu_mod_lleon/data/campo2_ene_2026/La Capilla/Celular/20260107_090930.jpg,20260107_090930.jpg,7.7808585,6.4601307,,3024,4032,6440142,-34.4743131,-70.93318209972223,La Capilla,ground
6967ec764644523b2e5548c3,/home/malezainia1/dev/INIA_DeepLearning_Ubuntu_mod_lleon/data/campo2_ene_2026/La Capilla/Celular/20260107_090942.jpg,20260107_090942.jpg,6.178656,7.2924027,,3024,4032,5599737,-34.474375299722226,-70.9327741,La Capilla,ground
6967ec764644523b2e5548c4,/home/malezainia1/dev/INIA_DeepLearning_Ubuntu_mod_lleon/data/campo2_ene_2026/La Capilla/Celular/20260107_090944.jpg,20260107_090944.jpg,9.876568,4.118569,,3024,4032,6430302,-34.474375299722226,-70.9327741,La Capilla,ground
6967ec764644523b2e5548c5,/home/malezainia1/dev/INIA_DeepLearning_Ubuntu_mod_lleon/data/campo2_ene_2026/La Capilla/Celular/20260107_090949.jpg,20260107_090949.jpg,8.675048,5.375972,,3024,4032,5739368,-34.474380099722225,-70.93272699972222,La Capilla,ground
6967ec764644523b2e5548c6,/home/malezainia1/dev/INIA_DeepLearning_Ubuntu_mod_lleon/data/campo2_ene_2026/La Capilla/Celular/20260107_090951.jpg,20260107_090951.jpg,7.587744,3.7905962,,3024,4032,6086662,-34.4743822,-70.93271769972223,La Capilla,ground
6967ec764644523b2e5548c7,/home/malezainia1/dev/INIA_DeepLearning_Ubuntu_mod_lleon/data/campo2_ene_2026/La Capilla/Celular/20260107_090956.jpg,20260107_090956.jpg,8.004422,5.4653664,,3024,4032,6585553,-34.4743822,-70.93271769972223,La Capilla,ground
6967ec764644523b2e5548c8,/home/malezainia1/dev/INIA_DeepLearning_Ubuntu_mod_lleon/data/campo2_ene_2026/La Capilla/Celular/20260107_090958.jpg,20260107_090958.jpg,6.5030813,4.0727906,,3024,4032,6999128,-34.4743822,-70.93271769972223,La Capilla,ground
6967ec764644523b2e5548c9,/home/malezainia1/dev/INIA_DeepLearning_Ubuntu_mod_lleon/data/campo2_ene_2026/La Capilla/Celular/20260107_091002.jpg,20260107_091002.jpg,7.441244,3.5373397,,3024,4032,6089256,-34.4743822,-70.93271769972223,La Capilla,ground
6967ec764644523b2e5548ca,/home/malezainia1/dev/INIA_DeepLearning_Ubuntu_mod_lleon/data/campo2_ene_2026/La Capilla/Celular/20260107_091006.jpg,20260107_091006.jpg,6.3682604,4.5437727,,3024,4032,6794775,-34.4744028,-70.932613,La Capilla,ground
6967ec764644523b2e5548cb,/home/malezainia1/dev/INIA_DeepLearning_Ubuntu_mod_lleon/data/campo2_ene_2026/La Capilla/Celular/20260107_091010.jpg,20260107_091010.jpg,6.4012227,8.33428,,3024,4032,6530571,-34.474397099722225,-70.9325919,La Capilla,ground
6967ec764644523b2e5548cc,/home/malezainia1/dev/INIA_DeepLearning_Ubuntu_mod_lleon/data/campo2_ene_2026/La Capilla/Celular/20260107_091015.jpg,20260107_091015.jpg,8.968278,4.8487554,,3024,4032,6057997,-34.4744012,-70.93256879972223,La Capilla,ground
6967ec764644523b2e5548cd,/home/malezainia1/dev/INIA_DeepLearning_Ubuntu_mod_lleon/data/campo2_ene_2026/La Capilla/Celular/20260107_091138.jpg,20260107_091138.jpg,9.821982,5.595954,,3024,4032,6412094,-34.4783843,-70.93034509972223,La Capilla,ground
6967ec764644523b2e5548ce,/home/malezainia1/dev/INIA_DeepLearning_Ubuntu_mod_lleon/data/campo2_ene_2026/La Capilla/Celular/20260107_091235.jpg,20260107_091235.jpg,7.5065045,8.492256,,3024,4032,6125040,-34.4783843,-70.93034509972223,La Capilla,ground
6967ec764644523b2e5548cf,/home/malezainia1/dev/INIA_DeepLearning_Ubuntu_mod_lleon/data/campo2_ene_2026/La Capilla/Celular/20260107_091241.jpg,20260107_091241.jpg,6.4359245,2.7264462,,3024,4032,6766727,-34.4783843,-70.93034509972223,La Capilla,ground
6967ec764644523b2e5548d0,/home/malezainia1/dev/INIA_DeepLearning_Ubuntu_mod_lleon/data/campo2_ene_2026/La Capilla/Celular/20260107_091246.jpg,20260107_091246.jpg,8.632188,3.0237904,,3024,4032,6677768,-34.4783843,-70.93034509972223,La Capilla,ground
6967ec764644523b2e5548d1,/home/malezainia1/dev/INIA_DeepLearning_Ubuntu_mod_lleon/data/campo2_ene_2026/La Capilla/Celular/20260107_091255.jpg,20260107_091255.jpg,9.745994,3.7412798,,3024,4032,6744124,-34.4783843,-70.93034509972223,La Capilla,ground
6967ec764644523b2e5548d2,/home/malezainia1/dev/INIA_DeepLearning_Ubuntu_mod_lleon/data/campo2_ene_2026/La Capilla/Celular/20260107_091300.jpg,20260107_091300.jpg,8.686495,3.7031293,,3024,4032,6558207,-34.474390399722225,-70.932608,La Capilla,ground
6967ec764644523b2e5548d3,/home/malezainia1/dev/INIA_DeepLearning_Ubuntu_mod_lleon/data/campo2_ene_2026/La Capilla/Celular/20260107_091306.jpg,20260107_091306.jpg,9.208204,3.753561,,3024,4032,5940927,-34.474390399722225,-70.932608,La Capilla,ground
6967ec764644523b2e5548d4,/home/malezainia1/dev/INIA_DeepLearning_Ubuntu_mod_lleon/data/campo2_ene_2026/La Capilla/Celular/20260107_091311.jpg,20260107_091311.jpg,6.90501,4.37432,,3024,4032,6700028,-34.474390399722225,-70.932608,La Capilla,ground
6967ec764644523b2e5548d5,/home/malezainia1/dev/INIA_DeepLearning_Ubuntu_mod_lleon/data/campo2_ene_2026/La Capilla/Celular/20260107_091318.jpg,20260107_091318.jpg,8.880875,4.5190134,,3024,4032,6580771,-34.474390399722225,-70.932608,La Capilla,ground
6967ec764644523b2e5548d6,/home/malezainia1/dev/INIA_DeepLearning_Ubuntu_mod_lleon/data/campo2_ene_2026/La Capilla/Celular/20260107_091321.jpg,20260107_091321.jpg,8.58178,7.7764993,,3024,4032,6347384,-34.474390399722225,-70.932608,La Capilla,ground
6967ec764644523b2e5548d7,/home/malezainia1/dev/INIA_DeepLearning_Ubuntu_mod_lleon/data/campo2_ene_2026/La Capilla/Celular/20260107_091325.jpg,20260107_091325.jpg,7.947827,3.1578681,,3024,4032,6632288,-34.474390399722225,-70.932608,La Capilla,ground
6967ec764644523b2e5548d8,/home/malezainia1/dev/INIA_DeepLearning_Ubuntu_mod_lleon/data/campo2_ene_2026/La Capilla/Celular/20260107_091335.jpg,20260107_091335.jpg,8.47608,5.8933554,,3024,4032,6404189,-34.474390399722225,-70.932608,La Capilla,ground
6967ec764644523b2e5548d9,/home/malezainia1/dev/INIA_DeepLearning_Ubuntu_mod_lleon/data/campo2_ene_2026/La Capilla/Celular/20260107_091340.jpg,20260107_091340.jpg,5.9867125,6.6870937,,3024,4032,7055793,-34.474335099722225,-70.9329218,La Capilla,ground
6967ec764644523b2e5548da,/home/malezainia1/dev/INIA_DeepLearning_Ubuntu_mod_lleon/data/campo2_ene_2026/La Capilla/Celular/20260107_091343.jpg,20260107_091343.jpg,8.248899,5.7441025,,3024,4032,6532130,-34.4743409,-70.93292089972223,La Capilla,ground
6967ec764644523b2e5548db,/home/malezainia1/dev/INIA_DeepLearning_Ubuntu_mod_lleon/data/campo2_ene_2026/La Capilla/Celular/20260107_091356.jpg,20260107_091356.jpg,9.118559,7.276912,,3024,4032,6592713,-34.4743414,-70.9329776,La Capilla,ground
6967ec764644523b2e5548dc,/home/malezainia1/dev/INIA_DeepLearning_Ubuntu_mod_lleon/data/campo2_ene_2026/La Capilla/Celular/20260107_091403.jpg,20260107_091403.jpg,9.8982935,7.3397503,,3024,4032,6581516,-34.474339,-70.93299899972223,La Capilla,ground
6967ec764644523b2e5548dd,/home/malezainia1/dev/INIA_DeepLearning_Ubuntu_mod_lleon/data/campo2_ene_2026/La Capilla/Celular/20260107_091408.jpg,20260107_091408.jpg,8.551849,4.392463,,3024,4032,6639296,-34.4743283,-70.9330139,La Capilla,ground
6967ec764644523b2e5548de,/home/malezainia1/dev/INIA_DeepLearning_Ubuntu_mod_lleon/data/campo2_ene_2026/La Capilla/Celular/20260107_091411.jpg,20260107_091411.jpg,9.933923,4.455424,,3024,4032,6146801,-34.474318699722225,-70.9330384,La Capilla,ground
6967ec764644523b2e5548df,/home/malezainia1/dev/INIA_DeepLearning_Ubuntu_mod_lleon/data/campo2_ene_2026/La Capilla/Celular/20260107_091419.jpg,20260107_091419.jpg,8.315199,4.5765176,,3024,4032,6667417,-34.4743171,-70.93308089972223,La Capilla,ground
6967ec764644523b2e5548e0,/home/malezainia1/dev/INIA_DeepLearning_Ubuntu_mod_lleon/data/campo2_ene_2026/La Capilla/Celular/20260107_091446.jpg,20260107_091446.jpg,9.136759,5.179,,3024,4032,6414844,-34.4742857,-70.9332548,La Capilla,ground
6967ec764644523b2e5548e1,/home/malezainia1/dev/INIA_DeepLearning_Ubuntu_mod_lleon/data/campo2_ene_2026/La Capilla/Celular/20260107_091449.jpg,20260107_091449.jpg,9.366017,3.7515783,,3024,4032,6358392,-34.4742856,-70.93325509972223,La Capilla,ground
6967ec764644523b2e5548e2,/home/malezainia1/dev/INIA_DeepLearning_Ubuntu_mod_lleon/data/campo2_ene_2026/La Capilla/Celular/20260107_091455.jpg,20260107_091455.jpg,8.532017,5.4222207,,3024,4032,6645310,-34.474284099722226,-70.93329199972223,La Capilla,ground
6967ec764644523b2e5548e3,/home/malezainia1/dev/INIA_DeepLearning_Ubuntu_mod_lleon/data/campo2_ene_2026/La Capilla/Celular/20260107_091459.jpg,20260107_091459.jpg,8.71814,8.387739,,3024,4032,6686459,-34.4742776,-70.9333019,La Capilla,ground
6967ec764644523b2e5548e4,/home/malezainia1/dev/INIA_DeepLearning_Ubuntu_mod_lleon/data/campo2_ene_2026/La Capilla/Celular/20260107_091502.jpg,20260107_091502.jpg,8.196945,2.2960596,,3024,4032,6936044,-34.4742778,-70.93331519972223,La Capilla,ground
6967ec764644523b2e5548e5,/home/malezainia1/dev/INIA_DeepLearning_Ubuntu_mod_lleon/data/campo2_ene_2026/La Capilla/Celular/20260107_091505.jpg,20260107_091505.jpg,6.434743,3.4272199,,3024,4032,5519460,-34.47426959972223,-70.9333354,La Capilla,ground
6967ec764644523b2e5548e6,/home/malezainia1/dev/INIA_DeepLearning_Ubuntu_mod_lleon/data/campo2_ene_2026/La Capilla/Celular/20260107_091508.jpg,20260107_091508.jpg,8.609968,3.765722,,3024,4032,6748483,-34.4742746,-70.9333337,La Capilla,ground
6967ec764644523b2e5548e7,/home/malezainia1/dev/INIA_DeepLearning_Ubuntu_mod_lleon/data/campo2_ene_2026/La Capilla/Celular/20260107_091513.jpg,20260107_091513.jpg,8.910482,4.3925605,,3024,4032,6441479,-34.474270599722225,-70.93336349972222,La Capilla,ground
6967ec764644523b2e5548e8,/home/malezainia1/dev/INIA_DeepLearning_Ubuntu_mod_lleon/data/campo2_ene_2026/La Capilla/Celular/20260107_091520.jpg,20260107_091520.jpg,6.521462,4.2681484,,3024,4032,6302669,-34.47426469972223,-70.93340089972223,La Capilla,ground
6967ec764644523b2e5548e9,/home/malezainia1/dev/INIA_DeepLearning_Ubuntu_mod_lleon/data/campo2_ene_2026/La Capilla/Celular/20260107_091522.jpg,20260107_091522.jpg,8.223608,5.5594974,,3024,4032,6616559,-34.47426469972223,-70.93340209972223,La Capilla,ground
6967ec764644523b2e5548ea,/home/malezainia1/dev/INIA_DeepLearning_Ubuntu_mod_lleon/data/campo2_ene_2026/La Capilla/Celular/20260107_091525.jpg,20260107_091525.jpg,7.158956,8.674845,,3024,4032,6714206,-34.4742618,-70.93341789972223,La Capilla,ground
6967ec764644523b2e5548eb,/home/malezainia1/dev/INIA_DeepLearning_Ubuntu_mod_lleon/data/campo2_ene_2026/La Capilla/Celular/20260107_091538.jpg,20260107_091538.jpg,5.848513,5.699758,,3024,4032,5663508,-34.474246399722226,-70.9335149,La Capilla,ground
6967ec764644523b2e5548ec,/home/malezainia1/dev/INIA_DeepLearning_Ubuntu_mod_lleon/data/campo2_ene_2026/La Capilla/Celular/20260107_091544.jpg,20260107_091544.jpg,6.007574,4.609546,,3024,4032,6873093,-34.4742405,-70.9335441,La Capilla,ground
6967ec764644523b2e5548ed,/home/malezainia1/dev/INIA_DeepLearning_Ubuntu_mod_lleon/data/campo2_ene_2026/La Capilla/Celular/20260107_091548.jpg,20260107_091548.jpg,8.128387,8.394868,,3024,4032,6365915,-34.47423369972223,-70.93356029972223,La Capilla,ground
6967ec764644523b2e5548ee,/home/malezainia1/dev/INIA_DeepLearning_Ubuntu_mod_lleon/data/campo2_ene_2026/La Capilla/Celular/20260107_091556.jpg,20260107_091556.jpg,5.894818,7.766512,,3024,4032,6583523,-34.4742259,-70.93361649972222,La Capilla,ground
6967ec764644523b2e5548ef,/home/malezainia1/dev/INIA_DeepLearning_Ubuntu_mod_lleon/data/campo2_ene_2026/La Capilla/Celular/20260107_091558.jpg,20260107_091558.jpg,5.3336635,7.0364947,,3024,4032,6277242,-34.4742259,-70.93361649972222,La Capilla,ground
6967ec764644523b2e5548f0,/home/malezainia1/dev/INIA_DeepLearning_Ubuntu_mod_lleon/data/campo2_ene_2026/La Capilla/Celular/20260107_091611.jpg,20260107_091611.jpg,7.4271517,5.298004,,3024,4032,6667754,-34.4742175,-70.9337064,La Capilla,ground
6967ec764644523b2e5548f1,/home/malezainia1/dev/INIA_DeepLearning_Ubuntu_mod_lleon/data/campo2_ene_2026/La Capilla/Celular/20260107_091616.jpg,20260107_091616.jpg,8.661258,3.7386918,,3024,4032,6656834,-34.474214799722226,-70.93372019972223,La Capilla,ground
6967ec764644523b2e5548f2,/home/malezainia1/dev/INIA_DeepLearning_Ubuntu_mod_lleon/data/campo2_ene_2026/La Capilla/Celular/20260107_091621.jpg,20260107_091621.jpg,8.867635,3.5860958,,3024,4032,6699640,-34.47420939972223,-70.93374799972223,La Capilla,ground
6967ec764644523b2e5548f3,/home/malezainia1/dev/INIA_DeepLearning_Ubuntu_mod_lleon/data/campo2_ene_2026/La Capilla/Celular/20260107_091625.jpg,20260107_091625.jpg,8.994385,4.781093,,3024,4032,6043615,-34.47420269972223,-70.93378429972222,La Capilla,ground
6967ec764644523b2e5548f4,/home/malezainia1/dev/INIA_DeepLearning_Ubuntu_mod_lleon/data/campo2_ene_2026/La Capilla/Celular/20260107_091630.jpg,20260107_091630.jpg,8.913647,4.6487017,,3024,4032,6869424,-34.47420029972223,-70.9338084,La Capilla,ground
6967ec764644523b2e5548f5,/home/malezainia1/dev/INIA_DeepLearning_Ubuntu_mod_lleon/data/campo2_ene_2026/La Capilla/Celular/20260107_091633.jpg,20260107_091633.jpg,7.298975,7.912169,,3024,4032,5894403,-34.4741999,-70.9338134,La Capilla,ground
6967ec764644523b2e5548f6,/home/malezainia1/dev/INIA_DeepLearning_Ubuntu_mod_lleon/data/campo2_ene_2026/La Capilla/Celular/20260107_091636.jpg,20260107_091636.jpg,8.50419,8.5499115,,3024,4032,6270253,-34.4741999,-70.9338134,La Capilla,ground
6967ec764644523b2e5548f7,/home/malezainia1/dev/INIA_DeepLearning_Ubuntu_mod_lleon/data/campo2_ene_2026/La Capilla/Celular/20260107_091639.jpg,20260107_091639.jpg,6.836621,8.694253,,3024,4032,6444297,-34.4741999,-70.9338134,La Capilla,ground
6967ec764644523b2e5548f8,/home/malezainia1/dev/INIA_DeepLearning_Ubuntu_mod_lleon/data/campo2_ene_2026/La Capilla/Celular/20260107_091642.jpg,20260107_091642.jpg,8.500984,7.6901145,,3024,4032,6666845,-34.4741999,-70.9338134,La Capilla,ground
6967ec764644523b2e5548f9,/home/malezainia1/dev/INIA_DeepLearning_Ubuntu_mod_lleon/data/campo2_ene_2026/La Capilla/Celular/20260107_091648.jpg,20260107_091648.jpg,8.309822,6.6311617,,3024,4032,6057691,-34.4741999,-70.9338134,La Capilla,ground
6967ec764644523b2e5548fa,/home/malezainia1/dev/INIA_DeepLearning_Ubuntu_mod_lleon/data/campo2_ene_2026/La Capilla/Celular/20260107_091652.jpg,20260107_091652.jpg,8.420545,4.098013,,3024,4032,6546145,-34.4741999,-70.9338134,La Capilla,ground
6967ec764644523b2e5548fb,/home/malezainia1/dev/INIA_DeepLearning_Ubuntu_mod_lleon/data/campo2_ene_2026/La Capilla/Celular/20260107_091659.jpg,20260107_091659.jpg,7.0545506,3.8952997,,3024,4032,6555905,-34.4741999,-70.9338134,La Capilla,ground
6967ec764644523b2e5548fc,/home/malezainia1/dev/INIA_DeepLearning_Ubuntu_mod_lleon/data/campo2_ene_2026/La Capilla/Celular/20260107_091702.jpg,20260107_091702.jpg,8.31552,4.8811846,,3024,4032,6596775,-34.4741999,-70.9338134,La Capilla,ground
6967ec764644523b2e5548fd,/home/malezainia1/dev/INIA_DeepLearning_Ubuntu_mod_lleon/data/campo2_ene_2026/La Capilla/Celular/20260107_091707.jpg,20260107_091707.jpg,9.59736,5.860749,,3024,4032,6067342,-34.4741999,-70.9338134,La Capilla,ground
6967ec764644523b2e5548fe,/home/malezainia1/dev/INIA_DeepLearning_Ubuntu_mod_lleon/data/campo2_ene_2026/La Capilla/Celular/20260107_091712.jpg,20260107_091712.jpg,6.4194937,6.6401005,,3024,4032,6222830,-34.47417779972223,-70.934027,La Capilla,ground
6967ec764644523b2e5548ff,/home/malezainia1/dev/INIA_DeepLearning_Ubuntu_mod_lleon/data/campo2_ene_2026/La Capilla/Celular/20260107_091718.jpg,20260107_091718.jpg,8.64683,2.9187262,,3024,4032,6619030,-34.4741768,-70.9340277,La Capilla,ground
6967ec764644523b2e554900,/home/malezainia1/dev/INIA_DeepLearning_Ubuntu_mod_lleon/data/campo2_ene_2026/La Capilla/Celular/20260107_091725.jpg,20260107_091725.jpg,6.397875,6.316085,,3024,4032,6952903,-34.4741768,-70.9340277,La Capilla,ground
6967ec764644523b2e554901,/home/malezainia1/dev/INIA_DeepLearning_Ubuntu_mod_lleon/data/campo2_ene_2026/La Capilla/Celular/20260107_091730.jpg,20260107_091730.jpg,5.4113193,7.231321,,3024,4032,5992387,-34.4741768,-70.9340277,La Capilla,ground
6967ec764644523b2e554902,/home/malezainia1/dev/INIA_DeepLearning_Ubuntu_mod_lleon/data/campo2_ene_2026/La Capilla/Celular/20260107_091742.jpg,20260107_091742.jpg,8.482729,3.958724,,3024,4032,6422771,-34.474134499722226,-70.9342065,La Capilla,ground
6967ec764644523b2e554903,/home/malezainia1/dev/INIA_DeepLearning_Ubuntu_mod_lleon/data/campo2_ene_2026/La Capilla/Celular/20260107_091744.jpg,20260107_091744.jpg,6.300425,7.249274,,3024,4032,6266087,-34.474134499722226,-70.9342065,La Capilla,ground
6967ec764644523b2e554904,/home/malezainia1/dev/INIA_DeepLearning_Ubuntu_mod_lleon/data/campo2_ene_2026/La Capilla/Celular/20260107_091749.jpg,20260107_091749.jpg,5.116753,6.970207,,3024,4032,6792987,-34.4741293,-70.9342251,La Capilla,ground
6967ec764644523b2e554905,/home/malezainia1/dev/INIA_DeepLearning_Ubuntu_mod_lleon/data/campo2_ene_2026/La Capilla/Celular/20260107_091802.jpg,20260107_091802.jpg,5.1821184,6.375301,,3024,4032,6527508,-34.474122199722224,-70.934234,La Capilla,ground
6967ec764644523b2e554906,/home/malezainia1/dev/INIA_DeepLearning_Ubuntu_mod_lleon/data/campo2_ene_2026/La Capilla/Celular/20260107_091808.jpg,20260107_091808.jpg,7.83616,8.212405,,3024,4032,6611981,-34.474065699722225,-70.9344032,La Capilla,ground
6967ec764644523b2e554907,/home/malezainia1/dev/INIA_DeepLearning_Ubuntu_mod_lleon/data/campo2_ene_2026/La Capilla/Celular/20260107_091833.jpg,20260107_091833.jpg,7.2778983,6.7062616,,3024,4032,6263714,-34.474072399722225,-70.9345698,La Capilla,ground
6967ec764644523b2e554908,/home/malezainia1/dev/INIA_DeepLearning_Ubuntu_mod_lleon/data/campo2_ene_2026/La Capilla/Celular/20260107_091836.jpg,20260107_091836.jpg,8.7615185,7.602554,,3024,4032,5990509,-34.474072399722225,-70.9345698,La Capilla,ground
6967ec764644523b2e554909,/home/malezainia1/dev/INIA_DeepLearning_Ubuntu_mod_lleon/data/campo2_ene_2026/La Capilla/Celular/20260107_091841.jpg,20260107_091841.jpg,5.9894657,6.3971167,,3024,4032,6582941,-34.474072399722225,-70.9345698,La Capilla,ground
6967ec764644523b2e55490a,/home/malezainia1/dev/INIA_DeepLearning_Ubuntu_mod_lleon/data/campo2_ene_2026/La Capilla/Celular/20260107_091853.jpg,20260107_091853.jpg,6.8499756,6.212947,,3024,4032,6441960,-34.474072399722225,-70.9345698,La Capilla,ground
6967ec764644523b2e55490b,/home/malezainia1/dev/INIA_DeepLearning_Ubuntu_mod_lleon/data/campo2_ene_2026/La Capilla/Celular/20260107_091857.jpg,20260107_091857.jpg,7.843071,7.100786,,3024,4032,6293347,-34.474072399722225,-70.9345698,La Capilla,ground
6967ec764644523b2e55490c,/home/malezainia1/dev/INIA_DeepLearning_Ubuntu_mod_lleon/data/campo2_ene_2026/La Capilla/Celular/20260107_091900.jpg,20260107_091900.jpg,8.454909,6.5387177,,3024,4032,6342331,-34.474072399722225,-70.9345698,La Capilla,ground
6967ec764644523b2e55490d,/home/malezainia1/dev/INIA_DeepLearning_Ubuntu_mod_lleon/data/campo2_ene_2026/La Capilla/Celular/20260107_091906.jpg,20260107_091906.jpg,7.896524,5.5768685,,3024,4032,6388712,-34.474072399722225,-70.9345698,La Capilla,ground
6967ec764644523b2e55490e,/home/malezainia1/dev/INIA_DeepLearning_Ubuntu_mod_lleon/data/campo2_ene_2026/La Capilla/Celular/20260107_091909.jpg,20260107_091909.jpg,8.706715,4.527704,,3024,4032,6612880,-34.474072399722225,-70.9345698,La Capilla,ground
6967ec764644523b2e55490f,/home/malezainia1/dev/INIA_DeepLearning_Ubuntu_mod_lleon/data/campo2_ene_2026/La Capilla/Celular/20260107_091913.jpg,20260107_091913.jpg,8.781768,3.6545618,,3024,4032,6679941,-34.474072399722225,-70.9345698,La Capilla,ground
6967ec764644523b2e554910,/home/malezainia1/dev/INIA_DeepLearning_Ubuntu_mod_lleon/data/campo2_ene_2026/La Capilla/Celular/20260107_091915.jpg,20260107_091915.jpg,8.963441,3.6608481,,3024,4032,6587160,-34.474072399722225,-70.9345698,La Capilla,ground
6967ec764644523b2e554911,/home/malezainia1/dev/INIA_DeepLearning_Ubuntu_mod_lleon/data/campo2_ene_2026/La Capilla/Celular/20260107_091918.jpg,20260107_091918.jpg,7.2957897,4.1481543,,3024,4032,6097091,-34.474072399722225,-70.9345698,La Capilla,ground
6967ec764644523b2e554912,/home/malezainia1/dev/INIA_DeepLearning_Ubuntu_mod_lleon/data/campo2_ene_2026/La Capilla/Celular/20260107_091921.jpg,20260107_091921.jpg,8.965759,4.2668185,,3024,4032,6770948,-34.474072399722225,-70.9345698,La Capilla,ground
6967ec764644523b2e554913,/home/malezainia1/dev/INIA_DeepLearning_Ubuntu_mod_lleon/data/campo2_ene_2026/La Capilla/Celular/20260107_091926.jpg,20260107_091926.jpg,8.644665,1.8017191,,3024,4032,6504502,-34.474072399722225,-70.9345698,La Capilla,ground
6967ec764644523b2e554914,/home/malezainia1/dev/INIA_DeepLearning_Ubuntu_mod_lleon/data/campo2_ene_2026/La Capilla/Celular/20260107_091928.jpg,20260107_091928.jpg,8.360434,2.8480814,,3024,4032,6512219,-34.474072399722225,-70.9345698,La Capilla,ground
6967ec764644523b2e554915,/home/malezainia1/dev/INIA_DeepLearning_Ubuntu_mod_lleon/data/campo2_ene_2026/La Capilla/Celular/20260107_091936.jpg,20260107_091936.jpg,8.898337,3.6080601,,3024,4032,6492472,-34.474072399722225,-70.9345698,La Capilla,ground
6967ec764644523b2e554916,/home/malezainia1/dev/INIA_DeepLearning_Ubuntu_mod_lleon/data/campo2_ene_2026/La Capilla/Celular/20260107_091938.jpg,20260107_091938.jpg,8.332095,4.5696487,,3024,4032,6715183,-34.474072399722225,-70.9345698,La Capilla,ground
6967ec764644523b2e554917,/home/malezainia1/dev/INIA_DeepLearning_Ubuntu_mod_lleon/data/campo2_ene_2026/La Capilla/Celular/20260107_091943.jpg,20260107_091943.jpg,9.661856,4.102713,,3024,4032,6435469,-34.474072399722225,-70.9345698,La Capilla,ground
6967ec764644523b2e554918,/home/malezainia1/dev/INIA_DeepLearning_Ubuntu_mod_lleon/data/campo2_ene_2026/La Capilla/Celular/20260107_091952.jpg,20260107_091952.jpg,5.325142,6.293496,,3024,4032,6259431,-34.474072399722225,-70.9345698,La Capilla,ground
6967ec764644523b2e554919,/home/malezainia1/dev/INIA_DeepLearning_Ubuntu_mod_lleon/data/campo2_ene_2026/La Capilla/Celular/20260107_091954.jpg,20260107_091954.jpg,8.060617,3.5932815,,3024,4032,6309491,-34.474072399722225,-70.9345698,La Capilla,ground
6967ec764644523b2e55491a,/home/malezainia1/dev/INIA_DeepLearning_Ubuntu_mod_lleon/data/campo2_ene_2026/La Capilla/Celular/20260107_092005.jpg,20260107_092005.jpg,6.8636594,8.4723425,,3024,4032,6052406,-34.4740127,-70.9349184,La Capilla,ground
6967ec764644523b2e55491b,/home/malezainia1/dev/INIA_DeepLearning_Ubuntu_mod_lleon/data/campo2_ene_2026/La Capilla/Celular/20260107_092014.jpg,20260107_092014.jpg,9.452577,3.468144,,3024,4032,6544169,-34.473982999722224,-70.9350967,La Capilla,ground
6967ec764644523b2e55491c,/home/malezainia1/dev/INIA_DeepLearning_Ubuntu_mod_lleon/data/campo2_ene_2026/La Capilla/Celular/20260107_092039.jpg,20260107_092039.jpg,8.358142,4.163111,,3024,4032,6793955,-34.4739689,-70.93525359972223,La Capilla,ground
6967ec764644523b2e55491d,/home/malezainia1/dev/INIA_DeepLearning_Ubuntu_mod_lleon/data/campo2_ene_2026/La Capilla/Celular/20260107_092045.jpg,20260107_092045.jpg,8.711423,3.9520695,,3024,4032,6293498,-34.4739614,-70.9352865,La Capilla,ground
6967ec764644523b2e55491e,/home/malezainia1/dev/INIA_DeepLearning_Ubuntu_mod_lleon/data/campo2_ene_2026/La Capilla/Celular/20260107_092127.jpg,20260107_092127.jpg,6.5162554,7.607531,,4032,3024,6506017,-34.4739395,-70.93537059972222,La Capilla,ground
6967ec764644523b2e55491f,/home/malezainia1/dev/INIA_DeepLearning_Ubuntu_mod_lleon/data/campo2_ene_2026/La Capilla/Celular/20260107_092339.jpg,20260107_092339.jpg,6.204825,4.4728727,,3024,4032,6276551,,,La Capilla,ground
6967ec764644523b2e554920,/home/malezainia1/dev/INIA_DeepLearning_Ubuntu_mod_lleon/data/campo2_ene_2026/La Capilla/Celular/20260107_092350.jpg,20260107_092350.jpg,5.6825886,5.5507536,,3024,4032,6892767,,,La Capilla,ground
6967ec764644523b2e554921,/home/malezainia1/dev/INIA_DeepLearning_Ubuntu_mod_lleon/data/campo2_ene_2026/La Capilla/Celular/20260107_092352.jpg,20260107_092352.jpg,6.139407,6.477474,,3024,4032,6473840,,,La Capilla,ground
6967ec764644523b2e554922,/home/malezainia1/dev/INIA_DeepLearning_Ubuntu_mod_lleon/data/campo2_ene_2026/La Capilla/Celular/20260107_092357.jpg,20260107_092357.jpg,6.2985053,7.2773395,,3024,4032,5780600,,,La Capilla,ground
6967ec764644523b2e554923,/home/malezainia1/dev/INIA_DeepLearning_Ubuntu_mod_lleon/data/campo2_ene_2026/La Capilla/Celular/20260107_092403.jpg,20260107_092403.jpg,7.622054,3.0674825,,3024,4032,6041245,,,La Capilla,ground
6967ec764644523b2e554924,/home/malezainia1/dev/INIA_DeepLearning_Ubuntu_mod_lleon/data/campo2_ene_2026/La Capilla/Celular/20260107_092410.jpg,20260107_092410.jpg,7.8350983,3.6762223,,3024,4032,6638507,-34.4738191,-70.9360697,La Capilla,ground
6967ec764644523b2e554925,/home/malezainia1/dev/INIA_DeepLearning_Ubuntu_mod_lleon/data/campo2_ene_2026/La Capilla/Celular/20260107_092413.jpg,20260107_092413.jpg,5.539801,5.9273305,,3024,4032,6630629,-34.4738185,-70.9360776,La Capilla,ground
6967ec764644523b2e554926,/home/malezainia1/dev/INIA_DeepLearning_Ubuntu_mod_lleon/data/campo2_ene_2026/La Capilla/Celular/20260107_092427.jpg,20260107_092427.jpg,6.8876724,6.287209,,3024,4032,6775551,-34.473805599722226,-70.93614829972222,La Capilla,ground
6967ec764644523b2e554927,/home/malezainia1/dev/INIA_DeepLearning_Ubuntu_mod_lleon/data/campo2_ene_2026/La Capilla/Celular/20260107_092430.jpg,20260107_092430.jpg,7.4790564,5.8791723,,3024,4032,6030781,-34.473805599722226,-70.93614829972222,La Capilla,ground
6967ec764644523b2e554928,/home/malezainia1/dev/INIA_DeepLearning_Ubuntu_mod_lleon/data/campo2_ene_2026/La Capilla/Celular/20260107_092432.jpg,20260107_092432.jpg,7.8314395,3.4633586,,3024,4032,6904126,-34.473805599722226,-70.93614829972222,La Capilla,ground
6967ec764644523b2e554929,/home/malezainia1/dev/INIA_DeepLearning_Ubuntu_mod_lleon/data/campo2_ene_2026/La Capilla/Celular/20260107_092437.jpg,20260107_092437.jpg,5.399104,6.17329,,3024,4032,6358699,-34.473781799722225,-70.93625769972222,La Capilla,ground
6967ec764644523b2e55492a,/home/malezainia1/dev/INIA_DeepLearning_Ubuntu_mod_lleon/data/campo2_ene_2026/La Capilla/Celular/20260107_092448.jpg,20260107_092448.jpg,6.5854115,2.923544,,3024,4032,5753750,-34.473773399722226,-70.93633459972223,La Capilla,ground
6967ec764644523b2e55492b,/home/malezainia1/dev/INIA_DeepLearning_Ubuntu_mod_lleon/data/campo2_ene_2026/La Capilla/Celular/20260107_092451.jpg,20260107_092451.jpg,5.4563,6.176081,,3024,4032,6445695,-34.4737731,-70.9363347,La Capilla,ground
6967ec764644523b2e55492c,/home/malezainia1/dev/INIA_DeepLearning_Ubuntu_mod_lleon/data/campo2_ene_2026/La Capilla/Celular/20260107_092454.jpg,20260107_092454.jpg,9.376415,6.8074403,,3024,4032,6149823,-34.4737735,-70.93636209972223,La Capilla,ground
6967ec764644523b2e55492d,/home/malezainia1/dev/INIA_DeepLearning_Ubuntu_mod_lleon/data/campo2_ene_2026/La Capilla/Celular/20260107_092456.jpg,20260107_092456.jpg,6.00432,7.707898,,3024,4032,7061454,-34.473776299722225,-70.9363684,La Capilla,ground
6967ec764644523b2e55492e,/home/malezainia1/dev/INIA_DeepLearning_Ubuntu_mod_lleon/data/campo2_ene_2026/La Capilla/Celular/20260107_092500.jpg,20260107_092500.jpg,9.840084,5.0369186,,3024,4032,6882072,-34.4737705,-70.9363871,La Capilla,ground
6967ec764644523b2e55492f,/home/malezainia1/dev/INIA_DeepLearning_Ubuntu_mod_lleon/data/campo2_ene_2026/La Capilla/Celular/20260107_092505.jpg,20260107_092505.jpg,8.993106,6.15902,,3024,4032,6267226,-34.4737665,-70.93641329972223,La Capilla,ground
6967ec764644523b2e554930,/home/malezainia1/dev/INIA_DeepLearning_Ubuntu_mod_lleon/data/campo2_ene_2026/La Capilla/Celular/20260107_092507.jpg,20260107_092507.jpg,5.434611,5.7287107,,3024,4032,6873631,-34.4737663,-70.93641599972223,La Capilla,ground
6967ec764644523b2e554931,/home/malezainia1/dev/INIA_DeepLearning_Ubuntu_mod_lleon/data/campo2_ene_2026/La Capilla/Celular/20260107_092511.jpg,20260107_092511.jpg,6.0937886,6.225869,,3024,4032,6111303,-34.47376369972223,-70.93642649972223,La Capilla,ground
6967ec764644523b2e554932,/home/malezainia1/dev/INIA_DeepLearning_Ubuntu_mod_lleon/data/campo2_ene_2026/La Capilla/Celular/20260107_092514.jpg,20260107_092514.jpg,5.573389,7.3704495,,3024,4032,6542335,-34.473763499722224,-70.9364285,La Capilla,ground
6967ec764644523b2e554933,/home/malezainia1/dev/INIA_DeepLearning_Ubuntu_mod_lleon/data/campo2_ene_2026/La Capilla/Celular/20260107_092516.jpg,20260107_092516.jpg,5.773647,6.4686813,,3024,4032,6478405,-34.473759,-70.93644639972223,La Capilla,ground
6967ec764644523b2e554934,/home/malezainia1/dev/INIA_DeepLearning_Ubuntu_mod_lleon/data/campo2_ene_2026/La Capilla/Celular/20260107_092519.jpg,20260107_092519.jpg,8.260222,3.4647768,,3024,4032,6761379,-34.473754999722225,-70.9364561,La Capilla,ground
6967ec764644523b2e554935,/home/malezainia1/dev/INIA_DeepLearning_Ubuntu_mod_lleon/data/campo2_ene_2026/La Capilla/Celular/20260107_092522.jpg,20260107_092522.jpg,6.1144366,7.2685905,,3024,4032,6584712,-34.473758099722225,-70.93647479972222,La Capilla,ground
6967ec764644523b2e554936,/home/malezainia1/dev/INIA_DeepLearning_Ubuntu_mod_lleon/data/campo2_ene_2026/La Capilla/Celular/20260107_092526.jpg,20260107_092526.jpg,6.334474,8.441198,,3024,4032,5634020,-34.4737499,-70.93650239972223,La Capilla,ground
6967ec764644523b2e554937,/home/malezainia1/dev/INIA_DeepLearning_Ubuntu_mod_lleon/data/campo2_ene_2026/La Capilla/Celular/20260107_092532.jpg,20260107_092532.jpg,6.908132,2.8402152,,3024,4032,6475194,-34.4737481,-70.93652299972223,La Capilla,ground
6967ec764644523b2e554938,/home/malezainia1/dev/INIA_DeepLearning_Ubuntu_mod_lleon/data/campo2_ene_2026/La Capilla/Celular/20260107_092534.jpg,20260107_092534.jpg,5.9677877,7.173109,,3024,4032,6539520,-34.4737476,-70.93652939972223,La Capilla,ground
6967ec764644523b2e554939,/home/malezainia1/dev/INIA_DeepLearning_Ubuntu_mod_lleon/data/campo2_ene_2026/La Capilla/Celular/20260107_092538.jpg,20260107_092538.jpg,6.940337,4.64212,,3024,4032,6254094,-34.473744699722225,-70.9365293,La Capilla,ground
6967ec764644523b2e55493a,/home/malezainia1/dev/INIA_DeepLearning_Ubuntu_mod_lleon/data/campo2_ene_2026/La Capilla/Celular/20260107_092541.jpg,20260107_092541.jpg,7.004431,3.934496,,3024,4032,6378701,-34.4737373,-70.93655409972223,La Capilla,ground
6967ec764644523b2e55493b,/home/malezainia1/dev/INIA_DeepLearning_Ubuntu_mod_lleon/data/campo2_ene_2026/La Capilla/Celular/20260107_092545.jpg,20260107_092545.jpg,5.7492414,5.0860453,,3024,4032,6843130,-34.47374059972223,-70.9365734,La Capilla,ground
6967ec764644523b2e55493c,/home/malezainia1/dev/INIA_DeepLearning_Ubuntu_mod_lleon/data/campo2_ene_2026/La Capilla/Celular/20260107_092548.jpg,20260107_092548.jpg,6.4720078,4.2757006,,3024,4032,6439178,-34.473738699722226,-70.93657819972222,La Capilla,ground
6967ec764644523b2e55493d,/home/malezainia1/dev/INIA_DeepLearning_Ubuntu_mod_lleon/data/campo2_ene_2026/La Capilla/Celular/20260107_092552.jpg,20260107_092552.jpg,6.566681,4.3778987,,3024,4032,5964455,-34.473734299722224,-70.9365839,La Capilla,ground
6967ec764644523b2e55493e,/home/malezainia1/dev/INIA_DeepLearning_Ubuntu_mod_lleon/data/campo2_ene_2026/La Capilla/Celular/20260107_092559.jpg,20260107_092559.jpg,5.8845506,7.1042457,,3024,4032,6710735,-34.4737305,-70.9366325,La Capilla,ground
6967ec764644523b2e55493f,/home/malezainia1/dev/INIA_DeepLearning_Ubuntu_mod_lleon/data/campo2_ene_2026/La Capilla/Celular/20260107_092602.jpg,20260107_092602.jpg,6.3767414,4.998155,,3024,4032,6554495,-34.473730199722226,-70.9366344,La Capilla,ground
6967ec764644523b2e554940,/home/malezainia1/dev/INIA_DeepLearning_Ubuntu_mod_lleon/data/campo2_ene_2026/La Capilla/Celular/20260107_092606.jpg,20260107_092606.jpg,9.585108,3.2943904,,3024,4032,6392786,-34.473722799722225,-70.93666469972223,La Capilla,ground
6967ec764644523b2e554941,/home/malezainia1/dev/INIA_DeepLearning_Ubuntu_mod_lleon/data/campo2_ene_2026/La Capilla/Celular/20260107_092608.jpg,20260107_092608.jpg,5.640016,5.9204826,,3024,4032,6803414,-34.473722799722225,-70.93666469972223,La Capilla,ground
6967ec764644523b2e554942,/home/malezainia1/dev/INIA_DeepLearning_Ubuntu_mod_lleon/data/campo2_ene_2026/La Capilla/Celular/20260107_092611.jpg,20260107_092611.jpg,5.620414,7.017189,,3024,4032,6926835,-34.4737239,-70.93668399972222,La Capilla,ground
6967ec764644523b2e554943,/home/malezainia1/dev/INIA_DeepLearning_Ubuntu_mod_lleon/data/campo2_ene_2026/La Capilla/Celular/20260107_092614.jpg,20260107_092614.jpg,5.1618752,6.860918,,4032,3024,6753831,-34.473723399722225,-70.93668549972223,La Capilla,ground
6967ec764644523b2e554944,/home/malezainia1/dev/INIA_DeepLearning_Ubuntu_mod_lleon/data/campo2_ene_2026/La Capilla/Celular/20260107_092620.jpg,20260107_092620.jpg,6.516798,2.650651,,4032,3024,5938801,-34.4737165,-70.9367182,La Capilla,ground
6967ec764644523b2e554945,/home/malezainia1/dev/INIA_DeepLearning_Ubuntu_mod_lleon/data/campo2_ene_2026/La Capilla/Celular/20260107_092623.jpg,20260107_092623.jpg,5.171583,7.040871,,4032,3024,6444815,-34.4737123,-70.93674839972222,La Capilla,ground
6967ec764644523b2e554946,/home/malezainia1/dev/INIA_DeepLearning_Ubuntu_mod_lleon/data/campo2_ene_2026/La Capilla/Celular/20260107_092626.jpg,20260107_092626.jpg,6.383101,3.2521987,,4032,3024,5859476,-34.4737063,-70.93675949972223,La Capilla,ground
6967ec764644523b2e554947,/home/malezainia1/dev/INIA_DeepLearning_Ubuntu_mod_lleon/data/campo2_ene_2026/La Capilla/Celular/20260107_092630.jpg,20260107_092630.jpg,6.2768655,3.9442825,,4032,3024,6190951,-34.4737062,-70.93676689972223,La Capilla,ground
6967ec764644523b2e554948,/home/malezainia1/dev/INIA_DeepLearning_Ubuntu_mod_lleon/data/campo2_ene_2026/La Capilla/Celular/20260107_092635.jpg,20260107_092635.jpg,7.591296,2.7379017,,4032,3024,6183577,-34.47369989972223,-70.9367967,La Capilla,ground
6967ec764644523b2e554949,/home/malezainia1/dev/INIA_DeepLearning_Ubuntu_mod_lleon/data/campo2_ene_2026/La Capilla/Celular/20260107_092639.jpg,20260107_092639.jpg,6.1796303,8.157888,,4032,3024,6192475,-34.47369679972223,-70.9368199,La Capilla,ground
6967ec764644523b2e55494a,/home/malezainia1/dev/INIA_DeepLearning_Ubuntu_mod_lleon/data/campo2_ene_2026/La Capilla/Celular/20260107_092643.jpg,20260107_092643.jpg,6.534995,8.539426,,4032,3024,6069597,-34.47369499972223,-70.9368379,La Capilla,ground
6967ec764644523b2e55494b,/home/malezainia1/dev/INIA_DeepLearning_Ubuntu_mod_lleon/data/campo2_ene_2026/La Capilla/Celular/20260107_092646.jpg,20260107_092646.jpg,5.5628552,7.4521036,,4032,3024,6316358,-34.4736934,-70.93684949972223,La Capilla,ground
6967ec764644523b2e55494c,/home/malezainia1/dev/INIA_DeepLearning_Ubuntu_mod_lleon/data/campo2_ene_2026/La Capilla/Celular/20260107_092650.jpg,20260107_092650.jpg,9.031871,6.58359,,4032,3024,6875405,-34.4736939,-70.93686999972222,La Capilla,ground
6967ec764644523b2e55494d,/home/malezainia1/dev/INIA_DeepLearning_Ubuntu_mod_lleon/data/campo2_ene_2026/La Capilla/Celular/20260107_092654.jpg,20260107_092654.jpg,7.6198215,8.271591,,4032,3024,5662209,-34.4736911,-70.9368793,La Capilla,ground
6967ec764644523b2e55494e,/home/malezainia1/dev/INIA_DeepLearning_Ubuntu_mod_lleon/data/campo2_ene_2026/La Capilla/Celular/20260107_092657.jpg,20260107_092657.jpg,6.0636163,7.1683683,,4032,3024,6654196,-34.4736916,-70.9368984,La Capilla,ground
6967ec764644523b2e55494f,/home/malezainia1/dev/INIA_DeepLearning_Ubuntu_mod_lleon/data/campo2_ene_2026/La Capilla/Celular/20260107_092701.jpg,20260107_092701.jpg,7.3598194,8.118802,,4032,3024,6570353,-34.4736823,-70.93691939972223,La Capilla,ground
6967ec764644523b2e554950,/home/malezainia1/dev/INIA_DeepLearning_Ubuntu_mod_lleon/data/campo2_ene_2026/La Capilla/Celular/20260107_092704.jpg,20260107_092704.jpg,9.030295,7.227584,,4032,3024,6488136,-34.473679099722226,-70.9369389,La Capilla,ground
6967ec764644523b2e554951,/home/malezainia1/dev/INIA_DeepLearning_Ubuntu_mod_lleon/data/campo2_ene_2026/La Capilla/Celular/20260107_092709.jpg,20260107_092709.jpg,6.5054746,2.7492993,,4032,3024,6887513,-34.473679099722226,-70.9369389,La Capilla,ground
6967ec764644523b2e554952,/home/malezainia1/dev/INIA_DeepLearning_Ubuntu_mod_lleon/data/campo2_ene_2026/La Capilla/Celular/20260107_092713.jpg,20260107_092713.jpg,7.112172,6.922798,,4032,3024,6560631,-34.473679099722226,-70.9369389,La Capilla,ground
6967ec764644523b2e554953,/home/malezainia1/dev/INIA_DeepLearning_Ubuntu_mod_lleon/data/campo2_ene_2026/La Capilla/Celular/20260107_092717.jpg,20260107_092717.jpg,9.111458,7.6013627,,4032,3024,6599782,-34.473679099722226,-70.9369389,La Capilla,ground
6967ec764644523b2e554954,/home/malezainia1/dev/INIA_DeepLearning_Ubuntu_mod_lleon/data/campo2_ene_2026/La Capilla/Celular/20260107_092726.jpg,20260107_092726.jpg,8.105945,8.859701,,4032,3024,6342938,-34.473679099722226,-70.9369389,La Capilla,ground
6967ec764644523b2e554955,/home/malezainia1/dev/INIA_DeepLearning_Ubuntu_mod_lleon/data/campo2_ene_2026/La Capilla/Celular/20260107_092729.jpg,20260107_092729.jpg,5.5142765,7.3063455,,4032,3024,6832948,-34.473679099722226,-70.9369389,La Capilla,ground
6967ec764644523b2e554956,/home/malezainia1/dev/INIA_DeepLearning_Ubuntu_mod_lleon/data/campo2_ene_2026/La Capilla/Celular/20260107_092733.jpg,20260107_092733.jpg,7.6805363,8.25921,,4032,3024,6534165,-34.473679099722226,-70.9369389,La Capilla,ground
6967ec764644523b2e554957,/home/malezainia1/dev/INIA_DeepLearning_Ubuntu_mod_lleon/data/campo2_ene_2026/La Capilla/Celular/20260107_092736.jpg,20260107_092736.jpg,7.3671308,5.8243113,,4032,3024,6271067,-34.473679099722226,-70.9369389,La Capilla,ground
6967ec764644523b2e554958,/home/malezainia1/dev/INIA_DeepLearning_Ubuntu_mod_lleon/data/campo2_ene_2026/La Capilla/Celular/20260107_092740.jpg,20260107_092740.jpg,8.208953,7.3512673,,4032,3024,6640737,-34.473679099722226,-70.9369389,La Capilla,ground
6967ec764644523b2e554959,/home/malezainia1/dev/INIA_DeepLearning_Ubuntu_mod_lleon/data/campo2_ene_2026/La Capilla/Celular/20260107_092744.jpg,20260107_092744.jpg,5.5248866,6.5578547,,4032,3024,7047227,-34.473679099722226,-70.9369389,La Capilla,ground
6967ec764644523b2e55495a,/home/malezainia1/dev/INIA_DeepLearning_Ubuntu_mod_lleon/data/campo2_ene_2026/La Capilla/Celular/20260107_092748.jpg,20260107_092748.jpg,8.199149,3.295401,,4032,3024,6526138,-34.473679099722226,-70.9369389,La Capilla,ground
6967ec764644523b2e55495b,/home/malezainia1/dev/INIA_DeepLearning_Ubuntu_mod_lleon/data/campo2_ene_2026/La Capilla/Celular/20260107_092757.jpg,20260107_092757.jpg,5.9036207,7.62132,,4032,3024,6602315,-34.473679099722226,-70.9369389,La Capilla,ground
6967ec764644523b2e55495c,/home/malezainia1/dev/INIA_DeepLearning_Ubuntu_mod_lleon/data/campo2_ene_2026/La Capilla/Celular/20260107_092800.jpg,20260107_092800.jpg,6.5158534,7.4074073,,4032,3024,6701151,-34.473679099722226,-70.9369389,La Capilla,ground
6967ec764644523b2e55495d,/home/malezainia1/dev/INIA_DeepLearning_Ubuntu_mod_lleon/data/campo2_ene_2026/La Capilla/Celular/20260107_092805.jpg,20260107_092805.jpg,9.461414,4.330774,,4032,3024,6516951,-34.473679099722226,-70.9369389,La Capilla,ground
6967ec764644523b2e55495e,/home/malezainia1/dev/INIA_DeepLearning_Ubuntu_mod_lleon/data/campo2_ene_2026/La Capilla/Celular/20260107_092807.jpg,20260107_092807.jpg,5.1199775,6.6560383,,4032,3024,6837179,-34.473679099722226,-70.9369389,La Capilla,ground
6967ec764644523b2e55495f,/home/malezainia1/dev/INIA_DeepLearning_Ubuntu_mod_lleon/data/campo2_ene_2026/La Capilla/Celular/20260107_092812.jpg,20260107_092812.jpg,6.6216764,7.848532,,4032,3024,6505270,-34.473679099722226,-70.9369389,La Capilla,ground
6967ec764644523b2e554960,/home/malezainia1/dev/INIA_DeepLearning_Ubuntu_mod_lleon/data/campo2_ene_2026/La Capilla/Celular/20260107_092818.jpg,20260107_092818.jpg,6.212178,2.7177362,,4032,3024,6601027,-34.473679099722226,-70.9369389,La Capilla,ground
6967ec764644523b2e554961,/home/malezainia1/dev/INIA_DeepLearning_Ubuntu_mod_lleon/data/campo2_ene_2026/La Capilla/Celular/20260107_092823.jpg,20260107_092823.jpg,6.16637,3.7802982,,4032,3024,5840664,-34.4736224,-70.9372352,La Capilla,ground
6967ec764644523b2e554962,/home/malezainia1/dev/INIA_DeepLearning_Ubuntu_mod_lleon/data/campo2_ene_2026/La Capilla/Celular/20260107_092825.jpg,20260107_092825.jpg,5.3331246,6.0614343,,4032,3024,6958046,-34.4736224,-70.9372352,La Capilla,ground
6967ec764644523b2e554963,/home/malezainia1/dev/INIA_DeepLearning_Ubuntu_mod_lleon/data/campo2_ene_2026/La Capilla/Celular/20260107_092828.jpg,20260107_092828.jpg,5.881588,5.868195,,4032,3024,6751222,-34.4736224,-70.9372352,La Capilla,ground
6967ec764644523b2e554964,/home/malezainia1/dev/INIA_DeepLearning_Ubuntu_mod_lleon/data/campo2_ene_2026/La Capilla/Celular/20260107_092832.jpg,20260107_092832.jpg,5.7241964,6.2954392,,4032,3024,6724071,-34.4736224,-70.9372352,La Capilla,ground
6967ec764644523b2e554965,/home/malezainia1/dev/INIA_DeepLearning_Ubuntu_mod_lleon/data/campo2_ene_2026/La Capilla/Celular/20260107_092838.jpg,20260107_092838.jpg,5.613125,5.7884836,,4032,3024,6496110,-34.4736224,-70.9372352,La Capilla,ground
6967ec764644523b2e554966,/home/malezainia1/dev/INIA_DeepLearning_Ubuntu_mod_lleon/data/campo2_ene_2026/La Capilla/Celular/20260107_092841.jpg,20260107_092841.jpg,5.724003,7.007129,,4032,3024,7138565,-34.4736224,-70.9372352,La Capilla,ground
6967ec764644523b2e554967,/home/malezainia1/dev/INIA_DeepLearning_Ubuntu_mod_lleon/data/campo2_ene_2026/La Capilla/Celular/20260107_092844.jpg,20260107_092844.jpg,5.508646,5.845179,,4032,3024,6964215,-34.4736224,-70.9372352,La Capilla,ground
6967ec764644523b2e554968,/home/malezainia1/dev/INIA_DeepLearning_Ubuntu_mod_lleon/data/campo2_ene_2026/La Capilla/Celular/20260107_092848.jpg,20260107_092848.jpg,6.391432,2.9147651,,4032,3024,6971541,-34.4736224,-70.9372352,La Capilla,ground
6967ec764644523b2e554969,/home/malezainia1/dev/INIA_DeepLearning_Ubuntu_mod_lleon/data/campo2_ene_2026/La Capilla/Celular/20260107_092850.jpg,20260107_092850.jpg,5.677622,6.2030597,,4032,3024,7075247,-34.4736224,-70.9372352,La Capilla,ground
6967ec764644523b2e55496a,/home/malezainia1/dev/INIA_DeepLearning_Ubuntu_mod_lleon/data/campo2_ene_2026/La Capilla/Celular/20260107_092854.jpg,20260107_092854.jpg,5.8252525,6.143063,,4032,3024,6766210,-34.4736224,-70.9372352,La Capilla,ground
6967ec764644523b2e55496b,/home/malezainia1/dev/INIA_DeepLearning_Ubuntu_mod_lleon/data/campo2_ene_2026/La Capilla/Celular/20260107_092858.jpg,20260107_092858.jpg,7.0053596,8.339049,,4032,3024,5645928,-34.4736224,-70.9372352,La Capilla,ground
6967ec764644523b2e55496c,/home/malezainia1/dev/INIA_DeepLearning_Ubuntu_mod_lleon/data/campo2_ene_2026/La Capilla/Celular/20260107_092906.jpg,20260107_092906.jpg,7.000961,8.367473,,4032,3024,6205132,-34.4736224,-70.9372352,La Capilla,ground
6967ec764644523b2e55496d,/home/malezainia1/dev/INIA_DeepLearning_Ubuntu_mod_lleon/data/campo2_ene_2026/La Capilla/Celular/20260107_092909.jpg,20260107_092909.jpg,7.4360514,4.471159,,4032,3024,5684252,-34.4736224,-70.9372352,La Capilla,ground
6967ec764644523b2e55496e,/home/malezainia1/dev/INIA_DeepLearning_Ubuntu_mod_lleon/data/campo2_ene_2026/La Capilla/Celular/20260107_092914.jpg,20260107_092914.jpg,6.137728,7.8589916,,4032,3024,7181783,-34.4736224,-70.9372352,La Capilla,ground
6967ec764644523b2e55496f,/home/malezainia1/dev/INIA_DeepLearning_Ubuntu_mod_lleon/data/campo2_ene_2026/La Capilla/Celular/20260107_092916.jpg,20260107_092916.jpg,5.6019077,5.80312,,4032,3024,6076020,-34.4736224,-70.9372352,La Capilla,ground
6967ec764644523b2e554970,/home/malezainia1/dev/INIA_DeepLearning_Ubuntu_mod_lleon/data/campo2_ene_2026/La Capilla/Celular/20260107_092919.jpg,20260107_092919.jpg,8.510264,4.4777055,,4032,3024,6771031,-34.4736224,-70.9372352,La Capilla,ground
6967ec764644523b2e554971,/home/malezainia1/dev/INIA_DeepLearning_Ubuntu_mod_lleon/data/campo2_ene_2026/La Capilla/Celular/20260107_092922.jpg,20260107_092922.jpg,5.3367424,6.97765,,4032,3024,5813694,-34.4736224,-70.9372352,La Capilla,ground
6967ec764644523b2e554972,/home/malezainia1/dev/INIA_DeepLearning_Ubuntu_mod_lleon/data/campo2_ene_2026/La Capilla/Celular/20260107_092925.jpg,20260107_092925.jpg,7.968923,8.550028,,4032,3024,5825094,-34.4736224,-70.9372352,La Capilla,ground
6967ec764644523b2e554973,/home/malezainia1/dev/INIA_DeepLearning_Ubuntu_mod_lleon/data/campo2_ene_2026/La Capilla/Celular/20260107_092928.jpg,20260107_092928.jpg,6.545388,2.7700117,,4032,3024,7081209,-34.4736224,-70.9372352,La Capilla,ground
6967ec764644523b2e554974,/home/malezainia1/dev/INIA_DeepLearning_Ubuntu_mod_lleon/data/campo2_ene_2026/La Capilla/Celular/20260107_092932.jpg,20260107_092932.jpg,6.687227,3.0248492,,4032,3024,6969553,-34.4736224,-70.9372352,La Capilla,ground
6967ec764644523b2e554975,/home/malezainia1/dev/INIA_DeepLearning_Ubuntu_mod_lleon/data/campo2_ene_2026/La Capilla/Celular/20260107_092936.jpg,20260107_092936.jpg,6.7937717,3.228387,,4032,3024,6640329,-34.4736224,-70.9372352,La Capilla,ground
6967ec764644523b2e554976,/home/malezainia1/dev/INIA_DeepLearning_Ubuntu_mod_lleon/data/campo2_ene_2026/La Capilla/Celular/20260107_092941.jpg,20260107_092941.jpg,5.6915774,6.2331996,,4032,3024,6892254,-34.4736224,-70.9372352,La Capilla,ground
6967ec764644523b2e554977,/home/malezainia1/dev/INIA_DeepLearning_Ubuntu_mod_lleon/data/campo2_ene_2026/La Capilla/Celular/20260107_092946.jpg,20260107_092946.jpg,9.343933,6.7421055,,4032,3024,6939244,-34.4736224,-70.9372352,La Capilla,ground
6967ec764644523b2e554978,/home/malezainia1/dev/INIA_DeepLearning_Ubuntu_mod_lleon/data/campo2_ene_2026/La Capilla/Celular/20260107_092950.jpg,20260107_092950.jpg,7.511425,8.819233,,4032,3024,7148335,-34.4736224,-70.9372352,La Capilla,ground
6967ec764644523b2e554979,/home/malezainia1/dev/INIA_DeepLearning_Ubuntu_mod_lleon/data/campo2_ene_2026/La Capilla/Celular/20260107_092954.jpg,20260107_092954.jpg,6.5332484,4.902922,,4032,3024,6705628,-34.4736224,-70.9372352,La Capilla,ground
6967ec764644523b2e55497a,/home/malezainia1/dev/INIA_DeepLearning_Ubuntu_mod_lleon/data/campo2_ene_2026/La Capilla/Celular/20260107_092958.jpg,20260107_092958.jpg,6.339498,2.7262456,,4032,3024,6730687,-34.4736224,-70.9372352,La Capilla,ground
6967ec764644523b2e55497b,/home/malezainia1/dev/INIA_DeepLearning_Ubuntu_mod_lleon/data/campo2_ene_2026/La Capilla/Celular/20260107_093001.jpg,20260107_093001.jpg,5.905809,7.6486974,,4032,3024,6574194,-34.4736224,-70.9372352,La Capilla,ground
6967ec764644523b2e55497c,/home/malezainia1/dev/INIA_DeepLearning_Ubuntu_mod_lleon/data/campo2_ene_2026/La Capilla/Celular/20260107_093003.jpg,20260107_093003.jpg,6.2601976,4.5791373,,4032,3024,6538122,-34.4736224,-70.9372352,La Capilla,ground
6967ec764644523b2e55497d,/home/malezainia1/dev/INIA_DeepLearning_Ubuntu_mod_lleon/data/campo2_ene_2026/La Capilla/Celular/20260107_093012.jpg,20260107_093012.jpg,5.516005,6.5413537,,4032,3024,6332701,-34.473547199722226,-70.9378054,La Capilla,ground
6967ec764644523b2e55497e,/home/malezainia1/dev/INIA_DeepLearning_Ubuntu_mod_lleon/data/campo2_ene_2026/La Capilla/Celular/20260107_093021.jpg,20260107_093021.jpg,6.08188,6.319294,,4032,3024,6919987,-34.4735354,-70.9378434,La Capilla,ground
6967ec764644523b2e55497f,/home/malezainia1/dev/INIA_DeepLearning_Ubuntu_mod_lleon/data/campo2_ene_2026/La Capilla/Celular/20260107_093147.jpg,20260107_093147.jpg,5.149141,6.913908,,3024,4032,7092243,-34.4735164,-70.93786029972223,La Capilla,ground
6967ec764644523b2e554980,/home/malezainia1/dev/INIA_DeepLearning_Ubuntu_mod_lleon/data/campo2_ene_2026/La Capilla/Celular/20260107_093149.jpg,20260107_093149.jpg,5.539761,5.909817,,3024,4032,6332830,-34.4735164,-70.93786029972223,La Capilla,ground
6967ec764644523b2e554981,/home/malezainia1/dev/INIA_DeepLearning_Ubuntu_mod_lleon/data/campo2_ene_2026/La Capilla/Celular/20260107_093152.jpg,20260107_093152.jpg,5.6509013,6.010386,,3024,4032,6819375,-34.4735164,-70.93786029972223,La Capilla,ground
6967ec764644523b2e554982,/home/malezainia1/dev/INIA_DeepLearning_Ubuntu_mod_lleon/data/campo2_ene_2026/La Capilla/Celular/20260107_093159.jpg,20260107_093159.jpg,7.5035276,8.076188,,3024,4032,5754785,-34.4735164,-70.93786029972223,La Capilla,ground
6967ec764644523b2e554983,/home/malezainia1/dev/INIA_DeepLearning_Ubuntu_mod_lleon/data/campo2_ene_2026/La Capilla/Celular/20260107_093204.jpg,20260107_093204.jpg,8.8721075,7.4188733,,3024,4032,6504801,-34.4735164,-70.93786029972223,La Capilla,ground
6967ec764644523b2e554984,/home/malezainia1/dev/INIA_DeepLearning_Ubuntu_mod_lleon/data/campo2_ene_2026/La Capilla/Celular/20260107_093210.jpg,20260107_093210.jpg,8.791714,3.5500953,,3024,4032,6887248,-34.4735164,-70.93786029972223,La Capilla,ground
6967ec764644523b2e554985,/home/malezainia1/dev/INIA_DeepLearning_Ubuntu_mod_lleon/data/campo2_ene_2026/La Capilla/Celular/20260107_093236.jpg,20260107_093236.jpg,5.646195,7.422103,,3024,4032,7055826,-34.4735165,-70.93786029972223,La Capilla,ground
6967ec764644523b2e554986,/home/malezainia1/dev/INIA_DeepLearning_Ubuntu_mod_lleon/data/campo2_ene_2026/La Capilla/Celular/20260107_093257.jpg,20260107_093257.jpg,8.786167,7.5362854,,3024,4032,6652077,-34.4735165,-70.93786029972223,La Capilla,ground
6967ec764644523b2e554987,/home/malezainia1/dev/INIA_DeepLearning_Ubuntu_mod_lleon/data/campo2_ene_2026/La Capilla/Celular/20260107_093420.jpg,20260107_093420.jpg,6.620951,6.5960875,,3024,4032,6568075,,,La Capilla,ground
6967ec764644523b2e554988,/home/malezainia1/dev/INIA_DeepLearning_Ubuntu_mod_lleon/data/campo2_ene_2026/La Capilla/Celular/20260107_093435.jpg,20260107_093435.jpg,6.529705,7.6642637,,3024,4032,6360481,-34.4734101,-70.93844099972223,La Capilla,ground
6967ec764644523b2e554989,/home/malezainia1/dev/INIA_DeepLearning_Ubuntu_mod_lleon/data/campo2_ene_2026/La Capilla/Celular/20260107_093500.jpg,20260107_093500.jpg,7.9684997,8.754956,,3024,4032,6555163,-34.473408999722224,-70.9384342,La Capilla,ground
6967ec764644523b2e55498a,/home/malezainia1/dev/INIA_DeepLearning_Ubuntu_mod_lleon/data/campo2_ene_2026/La Capilla/Celular/20260107_093525.jpg,20260107_093525.jpg,8.208173,8.290851,,3024,4032,6464089,-34.4734332,-70.938235,La Capilla,ground
6967ec764644523b2e55498b,/home/malezainia1/dev/INIA_DeepLearning_Ubuntu_mod_lleon/data/campo2_ene_2026/La Capilla/Celular/20260107_093535.jpg,20260107_093535.jpg,8.272533,8.562083,,3024,4032,6282582,-34.4734332,-70.938235,La Capilla,ground
6967ec764644523b2e55498c,/home/malezainia1/dev/INIA_DeepLearning_Ubuntu_mod_lleon/data/campo2_ene_2026/La Capilla/Celular/20260107_093543.jpg,20260107_093543.jpg,7.354073,8.58687,,4032,3024,6700856,-34.4734265,-70.9380957,La Capilla,ground
6967ec764644523b2e55498d,/home/malezainia1/dev/INIA_DeepLearning_Ubuntu_mod_lleon/data/campo2_ene_2026/La Capilla/Celular/20260107_093547.jpg,20260107_093547.jpg,6.8726163,6.376847,,4032,3024,6551146,-34.4734265,-70.9380957,La Capilla,ground
6967ec764644523b2e55498e,/home/malezainia1/dev/INIA_DeepLearning_Ubuntu_mod_lleon/data/campo2_ene_2026/La Capilla/Celular/20260107_093551.jpg,20260107_093551.jpg,8.033448,8.547186,,4032,3024,6568153,-34.4734265,-70.9380957,La Capilla,ground
6967ec764644523b2e55498f,/home/malezainia1/dev/INIA_DeepLearning_Ubuntu_mod_lleon/data/campo2_ene_2026/La Capilla/Celular/20260107_093554.jpg,20260107_093554.jpg,9.542593,3.3169117,,4032,3024,6592026,-34.4734265,-70.9380957,La Capilla,ground
6967ec764644523b2e554990,/home/malezainia1/dev/INIA_DeepLearning_Ubuntu_mod_lleon/data/campo2_ene_2026/La Capilla/Celular/20260107_093603.jpg,20260107_093603.jpg,7.014011,3.9522269,,4032,3024,6456535,-34.4734265,-70.9380957,La Capilla,ground
6967ec764644523b2e554991,/home/malezainia1/dev/INIA_DeepLearning_Ubuntu_mod_lleon/data/campo2_ene_2026/La Capilla/Celular/20260107_093614.jpg,20260107_093614.jpg,10.053074,6.8134737,,4032,3024,6500595,-34.4734265,-70.9380957,La Capilla,ground
6967ec764644523b2e554992,/home/malezainia1/dev/INIA_DeepLearning_Ubuntu_mod_lleon/data/campo2_ene_2026/La Capilla/Celular/20260107_093619.jpg,20260107_093619.jpg,7.734975,7.767292,,4032,3024,6113359,-34.4734265,-70.9380957,La Capilla,ground
6967ec764644523b2e554993,/home/malezainia1/dev/INIA_DeepLearning_Ubuntu_mod_lleon/data/campo2_ene_2026/La Capilla/Celular/20260107_093623.jpg,20260107_093623.jpg,5.954108,7.941091,,4032,3024,6641195,-34.4734265,-70.9380957,La Capilla,ground
6967ec764644523b2e554994,/home/malezainia1/dev/INIA_DeepLearning_Ubuntu_mod_lleon/data/campo2_ene_2026/La Capilla/Celular/20260107_093625.jpg,20260107_093625.jpg,6.0189776,8.000493,,4032,3024,5989945,-34.4734265,-70.9380957,La Capilla,ground
6967ec764644523b2e554995,/home/malezainia1/dev/INIA_DeepLearning_Ubuntu_mod_lleon/data/campo2_ene_2026/La Capilla/Celular/20260107_093628.jpg,20260107_093628.jpg,7.4905043,2.8171318,,4032,3024,6603986,-34.4734265,-70.9380957,La Capilla,ground
6967ec764644523b2e554996,/home/malezainia1/dev/INIA_DeepLearning_Ubuntu_mod_lleon/data/campo2_ene_2026/La Capilla/Celular/20260107_093633.jpg,20260107_093633.jpg,6.8536763,6.876543,,4032,3024,6477599,-34.4734265,-70.9380957,La Capilla,ground
6967ec764644523b2e554997,/home/malezainia1/dev/INIA_DeepLearning_Ubuntu_mod_lleon/data/campo2_ene_2026/La Capilla/Celular/20260107_093636.jpg,20260107_093636.jpg,8.207719,7.528792,,4032,3024,6548610,-34.47352599972223,-70.9378506,La Capilla,ground
6967ec764644523b2e554998,/home/malezainia1/dev/INIA_DeepLearning_Ubuntu_mod_lleon/data/campo2_ene_2026/La Capilla/Celular/20260107_093638.jpg,20260107_093638.jpg,7.294995,5.725122,,4032,3024,6524050,-34.473534399722226,-70.93784469972222,La Capilla,ground
6967ec764644523b2e554999,/home/malezainia1/dev/INIA_DeepLearning_Ubuntu_mod_lleon/data/campo2_ene_2026/La Capilla/Celular/20260107_093642.jpg,20260107_093642.jpg,8.308023,7.525385,,4032,3024,6542360,-34.4735237,-70.93771879972222,La Capilla,ground
6967ec764644523b2e55499a,/home/malezainia1/dev/INIA_DeepLearning_Ubuntu_mod_lleon/data/campo2_ene_2026/La Capilla/Celular/20260107_093646.jpg,20260107_093646.jpg,6.2240095,4.4833856,,4032,3024,6626512,-34.473523,-70.9377044,La Capilla,ground
6967ec764644523b2e55499b,/home/malezainia1/dev/INIA_DeepLearning_Ubuntu_mod_lleon/data/campo2_ene_2026/La Capilla/Celular/20260107_093648.jpg,20260107_093648.jpg,7.877025,8.171721,,4032,3024,6539705,-34.4735232,-70.93768679972223,La Capilla,ground
6967ec764644523b2e55499c,/home/malezainia1/dev/INIA_DeepLearning_Ubuntu_mod_lleon/data/campo2_ene_2026/La Capilla/Celular/20260107_093652.jpg,20260107_093652.jpg,6.9498463,6.594583,,4032,3024,6688085,-34.473522099722224,-70.9376811,La Capilla,ground
6967ec764644523b2e55499d,/home/malezainia1/dev/INIA_DeepLearning_Ubuntu_mod_lleon/data/campo2_ene_2026/La Capilla/Celular/20260107_093658.jpg,20260107_093658.jpg,7.4337373,7.3414845,,4032,3024,5443521,-34.473522099722224,-70.9376811,La Capilla,ground
6967ec764644523b2e55499e,/home/malezainia1/dev/INIA_DeepLearning_Ubuntu_mod_lleon/data/campo2_ene_2026/La Capilla/Celular/20260107_093701.jpg,20260107_093701.jpg,8.929477,7.350067,,4032,3024,5766617,-34.473522099722224,-70.9376811,La Capilla,ground
6967ec764644523b2e55499f,/home/malezainia1/dev/INIA_DeepLearning_Ubuntu_mod_lleon/data/campo2_ene_2026/La Capilla/Celular/20260107_093710.jpg,20260107_093710.jpg,7.3833394,7.9227405,,4032,3024,6245221,-34.47353449972223,-70.93759009972223,La Capilla,ground
6967ec764644523b2e5549a0,/home/malezainia1/dev/INIA_DeepLearning_Ubuntu_mod_lleon/data/campo2_ene_2026/La Capilla/Celular/20260107_093713.jpg,20260107_093713.jpg,7.1384554,5.8003592,,4032,3024,6356339,-34.4735323,-70.9375535,La Capilla,ground
6967ec764644523b2e5549a1,/home/malezainia1/dev/INIA_DeepLearning_Ubuntu_mod_lleon/data/campo2_ene_2026/La Capilla/Celular/20260107_093717.jpg,20260107_093717.jpg,6.617538,7.111281,,4032,3024,6209768,-34.4735359,-70.93754479972223,La Capilla,ground
6967ec764644523b2e5549a2,/home/malezainia1/dev/INIA_DeepLearning_Ubuntu_mod_lleon/data/campo2_ene_2026/La Capilla/Celular/20260107_093719.jpg,20260107_093719.jpg,5.363091,7.1578684,,4032,3024,6102506,-34.4735389,-70.93753309972223,La Capilla,ground
6967ec764644523b2e5549a3,/home/malezainia1/dev/INIA_DeepLearning_Ubuntu_mod_lleon/data/campo2_ene_2026/La Capilla/Celular/20260107_093724.jpg,20260107_093724.jpg,7.90232,8.611276,,4032,3024,6171023,-34.4735427,-70.9375011,La Capilla,ground
6967ec764644523b2e5549a4,/home/malezainia1/dev/INIA_DeepLearning_Ubuntu_mod_lleon/data/campo2_ene_2026/La Capilla/Celular/20260107_093726.jpg,20260107_093726.jpg,7.152343,6.548459,,4032,3024,5629324,-34.4735463,-70.93750029972223,La Capilla,ground
6967ec764644523b2e5549a5,/home/malezainia1/dev/INIA_DeepLearning_Ubuntu_mod_lleon/data/campo2_ene_2026/La Capilla/Celular/20260107_093730.jpg,20260107_093730.jpg,6.877056,6.141802,,4032,3024,6416971,-34.473543399722224,-70.9374808,La Capilla,ground
6967ec764644523b2e5549a6,/home/malezainia1/dev/INIA_DeepLearning_Ubuntu_mod_lleon/data/campo2_ene_2026/La Capilla/Celular/20260107_093733.jpg,20260107_093733.jpg,8.300989,7.8427644,,4032,3024,6332470,-34.47354539972223,-70.93747879972223,La Capilla,ground
6967ec764644523b2e5549a7,/home/malezainia1/dev/INIA_DeepLearning_Ubuntu_mod_lleon/data/campo2_ene_2026/La Capilla/Celular/20260107_093736.jpg,20260107_093736.jpg,8.139563,7.7125335,,4032,3024,5783586,-34.473553699722224,-70.9374578,La Capilla,ground
6967ec764644523b2e5549a8,/home/malezainia1/dev/INIA_DeepLearning_Ubuntu_mod_lleon/data/campo2_ene_2026/La Capilla/Celular/20260107_093738.jpg,20260107_093738.jpg,9.425759,3.9052458,,4032,3024,5847153,-34.4735547,-70.9374537,La Capilla,ground
6967ec764644523b2e5549a9,/home/malezainia1/dev/INIA_DeepLearning_Ubuntu_mod_lleon/data/campo2_ene_2026/La Capilla/Celular/20260107_093740.jpg,20260107_093740.jpg,6.5295,4.4450593,,4032,3024,6097525,-34.4735536,-70.93745079972223,La Capilla,ground
6967ec764644523b2e5549aa,/home/malezainia1/dev/INIA_DeepLearning_Ubuntu_mod_lleon/data/campo2_ene_2026/La Capilla/Celular/20260107_093746.jpg,20260107_093746.jpg,7.078648,5.3822126,,4032,3024,5456230,-34.473559,-70.937414,La Capilla,ground
6967ec764644523b2e5549ab,/home/malezainia1/dev/INIA_DeepLearning_Ubuntu_mod_lleon/data/campo2_ene_2026/La Capilla/Celular/20260107_093751.jpg,20260107_093751.jpg,7.0729914,5.505136,,4032,3024,5643836,-34.4735607,-70.93740029972223,La Capilla,ground
6967ec764644523b2e5549ac,/home/malezainia1/dev/INIA_DeepLearning_Ubuntu_mod_lleon/data/campo2_ene_2026/La Capilla/Celular/20260107_093753.jpg,20260107_093753.jpg,9.24375,3.0109527,,4032,3024,6556019,-34.473567799722225,-70.9373838,La Capilla,ground
6967ec764644523b2e5549ad,/home/malezainia1/dev/INIA_DeepLearning_Ubuntu_mod_lleon/data/campo2_ene_2026/La Capilla/Celular/20260107_093756.jpg,20260107_093756.jpg,7.361909,2.4335911,,4032,3024,6482683,-34.473567699722224,-70.9373772,La Capilla,ground
6967ec764644523b2e5549ae,/home/malezainia1/dev/INIA_DeepLearning_Ubuntu_mod_lleon/data/campo2_ene_2026/La Capilla/Celular/20260107_093758.jpg,20260107_093758.jpg,6.171308,4.2691116,,4032,3024,6495687,-34.473574999722224,-70.93736979972222,La Capilla,ground
6967ec764644523b2e5549af,/home/malezainia1/dev/INIA_DeepLearning_Ubuntu_mod_lleon/data/campo2_ene_2026/La Capilla/Celular/20260107_093802.jpg,20260107_093802.jpg,6.50149,2.6898782,,4032,3024,6394419,-34.47357889972223,-70.9373601,La Capilla,ground
6967ec764644523b2e5549b0,/home/malezainia1/dev/INIA_DeepLearning_Ubuntu_mod_lleon/data/campo2_ene_2026/La Capilla/Celular/20260107_093805.jpg,20260107_093805.jpg,7.413953,3.9670343,,4032,3024,6157328,-34.473577499722225,-70.9373446,La Capilla,ground
6967ec764644523b2e5549b1,/home/malezainia1/dev/INIA_DeepLearning_Ubuntu_mod_lleon/data/campo2_ene_2026/La Capilla/Celular/20260107_093809.jpg,20260107_093809.jpg,9.7434635,3.283604,,4032,3024,6211788,-34.4735791,-70.93733749972223,La Capilla,ground
6967ec764644523b2e5549b2,/home/malezainia1/dev/INIA_DeepLearning_Ubuntu_mod_lleon/data/campo2_ene_2026/La Capilla/Celular/20260107_093812.jpg,20260107_093812.jpg,7.3650723,3.3531563,,4032,3024,5826678,-34.47358619972223,-70.93731289972223,La Capilla,ground
6967ec764644523b2e5549b3,/home/malezainia1/dev/INIA_DeepLearning_Ubuntu_mod_lleon/data/campo2_ene_2026/La Capilla/Celular/20260107_093815.jpg,20260107_093815.jpg,6.6386333,6.110497,,4032,3024,5630229,-34.4735852,-70.93731089972222,La Capilla,ground
6967ec764644523b2e5549b4,/home/malezainia1/dev/INIA_DeepLearning_Ubuntu_mod_lleon/data/campo2_ene_2026/La Capilla/Celular/20260107_093817.jpg,20260107_093817.jpg,6.59671,8.5079365,,4032,3024,6342483,-34.4735911,-70.9372929,La Capilla,ground
6967ec764644523b2e5549b5,/home/malezainia1/dev/INIA_DeepLearning_Ubuntu_mod_lleon/data/campo2_ene_2026/La Capilla/Celular/20260107_093820.jpg,20260107_093820.jpg,7.388765,7.764454,,4032,3024,5580294,-34.4735893,-70.9372838,La Capilla,ground
6967ec764644523b2e5549b6,/home/malezainia1/dev/INIA_DeepLearning_Ubuntu_mod_lleon/data/campo2_ene_2026/La Capilla/Celular/20260107_093828.jpg,20260107_093828.jpg,9.220122,6.760026,,4032,3024,6337630,-34.473595699722225,-70.93722649972223,La Capilla,ground
6967ec764644523b2e5549b7,/home/malezainia1/dev/INIA_DeepLearning_Ubuntu_mod_lleon/data/campo2_ene_2026/La Capilla/Celular/20260107_093832.jpg,20260107_093832.jpg,7.52606,4.087638,,4032,3024,6472720,-34.4735974,-70.93722289972223,La Capilla,ground
6967ec764644523b2e5549b8,/home/malezainia1/dev/INIA_DeepLearning_Ubuntu_mod_lleon/data/campo2_ene_2026/La Capilla/Celular/20260107_093834.jpg,20260107_093834.jpg,7.53435,3.084214,,4032,3024,6241474,-34.4735979,-70.93721139972223,La Capilla,ground
6967ec764644523b2e5549b9,/home/malezainia1/dev/INIA_DeepLearning_Ubuntu_mod_lleon/data/campo2_ene_2026/La Capilla/Celular/20260107_093838.jpg,20260107_093838.jpg,7.296173,2.5140896,,4032,3024,5679370,-34.473599399722225,-70.93720059972223,La Capilla,ground
6967ec764644523b2e5549ba,/home/malezainia1/dev/INIA_DeepLearning_Ubuntu_mod_lleon/data/campo2_ene_2026/La Capilla/Celular/20260107_093843.jpg,20260107_093843.jpg,9.7557125,6.626201,,4032,3024,6373211,-34.4736063,-70.93715919972223,La Capilla,ground
6967ec764644523b2e5549bb,/home/malezainia1/dev/INIA_DeepLearning_Ubuntu_mod_lleon/data/campo2_ene_2026/La Capilla/Celular/20260107_093846.jpg,20260107_093846.jpg,5.1211677,6.958849,,4032,3024,6062956,-34.4736124,-70.93714819972223,La Capilla,ground
6967ec764644523b2e5549bc,/home/malezainia1/dev/INIA_DeepLearning_Ubuntu_mod_lleon/data/campo2_ene_2026/La Capilla/Celular/20260107_093850.jpg,20260107_093850.jpg,7.6765795,8.750424,,4032,3024,6338932,-34.473614599722225,-70.9371423,La Capilla,ground
6967ec764644523b2e5549bd,/home/malezainia1/dev/INIA_DeepLearning_Ubuntu_mod_lleon/data/campo2_ene_2026/La Capilla/Celular/20260107_093856.jpg,20260107_093856.jpg,8.933142,7.3824325,,4032,3024,5982924,-34.4736131,-70.93710939972223,La Capilla,ground
6967ec764644523b2e5549be,/home/malezainia1/dev/INIA_DeepLearning_Ubuntu_mod_lleon/data/campo2_ene_2026/La Capilla/Celular/20260107_093859.jpg,20260107_093859.jpg,7.7790833,8.6196575,,4032,3024,6242456,-34.47361779972223,-70.9370849,La Capilla,ground
6967ec764644523b2e5549bf,/home/malezainia1/dev/INIA_DeepLearning_Ubuntu_mod_lleon/data/campo2_ene_2026/La Capilla/Celular/20260107_093901.jpg,20260107_093901.jpg,8.120956,8.074987,,4032,3024,6573445,-34.47361779972223,-70.9370849,La Capilla,ground
6967ec764644523b2e5549c0,/home/malezainia1/dev/INIA_DeepLearning_Ubuntu_mod_lleon/data/campo2_ene_2026/La Capilla/Celular/20260107_093903.jpg,20260107_093903.jpg,6.6975007,8.787694,,4032,3024,6087493,-34.47361779972223,-70.9370849,La Capilla,ground
6967ec764644523b2e5549c1,/home/malezainia1/dev/INIA_DeepLearning_Ubuntu_mod_lleon/data/campo2_ene_2026/La Capilla/Celular/20260107_093907.jpg,20260107_093907.jpg,7.4810424,7.9906373,,4032,3024,6280869,-34.47361779972223,-70.9370849,La Capilla,ground
6967ec764644523b2e5549c2,/home/malezainia1/dev/INIA_DeepLearning_Ubuntu_mod_lleon/data/campo2_ene_2026/La Capilla/Celular/20260107_093908.jpg,20260107_093908.jpg,7.475959,5.7002707,,4032,3024,6028718,-34.47361779972223,-70.9370849,La Capilla,ground
6967ec764644523b2e5549c3,/home/malezainia1/dev/INIA_DeepLearning_Ubuntu_mod_lleon/data/campo2_ene_2026/La Capilla/Celular/20260107_093914.jpg,20260107_093914.jpg,5.317115,6.766279,,4032,3024,6702855,-34.47361779972223,-70.9370849,La Capilla,ground
6967ec764644523b2e5549c4,/home/malezainia1/dev/INIA_DeepLearning_Ubuntu_mod_lleon/data/campo2_ene_2026/La Capilla/Celular/20260107_093916.jpg,20260107_093916.jpg,7.518304,6.9806323,,4032,3024,6310095,-34.47361779972223,-70.9370849,La Capilla,ground
6967ec764644523b2e5549c5,/home/malezainia1/dev/INIA_DeepLearning_Ubuntu_mod_lleon/data/campo2_ene_2026/La Capilla/Celular/20260107_093921.jpg,20260107_093921.jpg,8.113796,7.422497,,4032,3024,5837174,-34.47361779972223,-70.9370849,La Capilla,ground
6967ec764644523b2e5549c6,/home/malezainia1/dev/INIA_DeepLearning_Ubuntu_mod_lleon/data/campo2_ene_2026/La Capilla/Celular/20260107_093923.jpg,20260107_093923.jpg,9.638384,3.8886406,,4032,3024,6049006,-34.47361779972223,-70.9370849,La Capilla,ground
6967ec764644523b2e5549c7,/home/malezainia1/dev/INIA_DeepLearning_Ubuntu_mod_lleon/data/campo2_ene_2026/La Capilla/Celular/20260107_093929.jpg,20260107_093929.jpg,7.40243,4.035537,,4032,3024,6127437,-34.47361779972223,-70.9370849,La Capilla,ground
6967ec764644523b2e5549c8,/home/malezainia1/dev/INIA_DeepLearning_Ubuntu_mod_lleon/data/campo2_ene_2026/La Capilla/Celular/20260107_093934.jpg,20260107_093934.jpg,7.5002685,9.053583,,4032,3024,6329111,-34.47361779972223,-70.9370849,La Capilla,ground
6967ec764644523b2e5549c9,/home/malezainia1/dev/INIA_DeepLearning_Ubuntu_mod_lleon/data/campo2_ene_2026/La Capilla/Celular/20260107_093936.jpg,20260107_093936.jpg,9.16137,6.9738603,,4032,3024,6289445,-34.47361779972223,-70.9370849,La Capilla,ground
6967ec764644523b2e5549ca,/home/malezainia1/dev/INIA_DeepLearning_Ubuntu_mod_lleon/data/campo2_ene_2026/La Capilla/Celular/20260107_093940.jpg,20260107_093940.jpg,9.752563,3.3273816,,4032,3024,6355772,-34.473667599722226,-70.93697439972223,La Capilla,ground
6967ec764644523b2e5549cb,/home/malezainia1/dev/INIA_DeepLearning_Ubuntu_mod_lleon/data/campo2_ene_2026/La Capilla/Celular/20260107_093942.jpg,20260107_093942.jpg,8.5365305,5.081782,,4032,3024,6034578,-34.4736659,-70.93696529972223,La Capilla,ground
6967ec764644523b2e5549cc,/home/malezainia1/dev/INIA_DeepLearning_Ubuntu_mod_lleon/data/campo2_ene_2026/La Capilla/Celular/20260107_093946.jpg,20260107_093946.jpg,7.165947,3.9888802,,4032,3024,6396482,-34.4736659,-70.93696529972223,La Capilla,ground
6967ec764644523b2e5549cd,/home/malezainia1/dev/INIA_DeepLearning_Ubuntu_mod_lleon/data/campo2_ene_2026/La Capilla/Celular/20260107_093952.jpg,20260107_093952.jpg,7.061267,5.7178307,,4032,3024,6212003,-34.4736659,-70.93696529972223,La Capilla,ground
6967ec764644523b2e5549ce,/home/malezainia1/dev/INIA_DeepLearning_Ubuntu_mod_lleon/data/campo2_ene_2026/La Capilla/Celular/20260107_093955.jpg,20260107_093955.jpg,6.7498755,4.45876,,4032,3024,6262913,-34.4736659,-70.93696529972223,La Capilla,ground
6967ec764644523b2e5549cf,/home/malezainia1/dev/INIA_DeepLearning_Ubuntu_mod_lleon/data/campo2_ene_2026/La Capilla/Celular/20260107_094000.jpg,20260107_094000.jpg,6.247013,7.883189,,4032,3024,6361002,-34.4736659,-70.93696529972223,La Capilla,ground
6967ec764644523b2e5549d0,/home/malezainia1/dev/INIA_DeepLearning_Ubuntu_mod_lleon/data/campo2_ene_2026/La Capilla/Celular/20260107_094002.jpg,20260107_094002.jpg,9.625289,7.174797,,4032,3024,6421430,-34.4736659,-70.93696529972223,La Capilla,ground
6967ec764644523b2e5549d1,/home/malezainia1/dev/INIA_DeepLearning_Ubuntu_mod_lleon/data/campo2_ene_2026/La Capilla/Celular/20260107_094005.jpg,20260107_094005.jpg,6.6840963,5.631181,,4032,3024,6432186,-34.4736659,-70.93696529972223,La Capilla,ground
6967ec764644523b2e5549d2,/home/malezainia1/dev/INIA_DeepLearning_Ubuntu_mod_lleon/data/campo2_ene_2026/La Capilla/Celular/20260107_094008.jpg,20260107_094008.jpg,9.361436,2.890287,,4032,3024,6520977,-34.4736659,-70.93696529972223,La Capilla,ground
6967ec764644523b2e5549d3,/home/malezainia1/dev/INIA_DeepLearning_Ubuntu_mod_lleon/data/campo2_ene_2026/La Capilla/Celular/20260107_094013.jpg,20260107_094013.jpg,8.173905,8.104931,,4032,3024,6398342,-34.47368589972223,-70.9368359,La Capilla,ground
6967ec764644523b2e5549d4,/home/malezainia1/dev/INIA_DeepLearning_Ubuntu_mod_lleon/data/campo2_ene_2026/La Capilla/Celular/20260107_094017.jpg,20260107_094017.jpg,7.564911,5.0303617,,4032,3024,5727056,-34.47368589972223,-70.9368359,La Capilla,ground
6967ec764644523b2e5549d5,/home/malezainia1/dev/INIA_DeepLearning_Ubuntu_mod_lleon/data/campo2_ene_2026/La Capilla/Celular/20260107_094021.jpg,20260107_094021.jpg,6.4590826,4.462715,,4032,3024,5405663,-34.4736794,-70.93679079972223,La Capilla,ground
6967ec764644523b2e5549d6,/home/malezainia1/dev/INIA_DeepLearning_Ubuntu_mod_lleon/data/campo2_ene_2026/La Capilla/Celular/20260107_094023.jpg,20260107_094023.jpg,9.074898,8.469915,,4032,3024,6388111,-34.4736794,-70.93679079972223,La Capilla,ground
6967ec764644523b2e5549d7,/home/malezainia1/dev/INIA_DeepLearning_Ubuntu_mod_lleon/data/campo2_ene_2026/La Capilla/Celular/20260107_094026.jpg,20260107_094026.jpg,8.408791,8.128543,,4032,3024,6825236,-34.4736794,-70.93679079972223,La Capilla,ground
6967ec764644523b2e5549d8,/home/malezainia1/dev/INIA_DeepLearning_Ubuntu_mod_lleon/data/campo2_ene_2026/La Capilla/Celular/20260107_094029.jpg,20260107_094029.jpg,8.422347,6.77204,,4032,3024,6718878,-34.4736794,-70.93679079972223,La Capilla,ground
6967ec764644523b2e5549d9,/home/malezainia1/dev/INIA_DeepLearning_Ubuntu_mod_lleon/data/campo2_ene_2026/La Capilla/Celular/20260107_094035.jpg,20260107_094035.jpg,7.364019,9.0055895,,4032,3024,6255922,-34.4736794,-70.93679079972223,La Capilla,ground
6967ec764644523b2e5549da,/home/malezainia1/dev/INIA_DeepLearning_Ubuntu_mod_lleon/data/campo2_ene_2026/La Capilla/Celular/20260107_094039.jpg,20260107_094039.jpg,8.586666,7.090874,,4032,3024,5774306,-34.4736794,-70.93679079972223,La Capilla,ground
6967ec764644523b2e5549db,/home/malezainia1/dev/INIA_DeepLearning_Ubuntu_mod_lleon/data/campo2_ene_2026/La Capilla/Celular/20260107_094043.jpg,20260107_094043.jpg,7.2763596,4.025059,,4032,3024,6372276,-34.4736794,-70.93679079972223,La Capilla,ground
6967ec764644523b2e5549dc,/home/malezainia1/dev/INIA_DeepLearning_Ubuntu_mod_lleon/data/campo2_ene_2026/La Capilla/Celular/20260107_094048.jpg,20260107_094048.jpg,9.109428,2.963231,,4032,3024,6424628,-34.4736794,-70.93679079972223,La Capilla,ground
6967ec764644523b2e5549dd,/home/malezainia1/dev/INIA_DeepLearning_Ubuntu_mod_lleon/data/campo2_ene_2026/La Capilla/Celular/20260107_094050.jpg,20260107_094050.jpg,8.77161,2.554186,,4032,3024,6225346,-34.4736794,-70.93679079972223,La Capilla,ground
6967ec764644523b2e5549de,/home/malezainia1/dev/INIA_DeepLearning_Ubuntu_mod_lleon/data/campo2_ene_2026/La Capilla/Celular/20260107_094052.jpg,20260107_094052.jpg,8.736828,5.889466,,4032,3024,6069879,-34.4736794,-70.93679079972223,La Capilla,ground
6967ec764644523b2e5549df,/home/malezainia1/dev/INIA_DeepLearning_Ubuntu_mod_lleon/data/campo2_ene_2026/La Capilla/Celular/20260107_094055.jpg,20260107_094055.jpg,6.4910126,4.793247,,4032,3024,6083233,-34.4736794,-70.93679079972223,La Capilla,ground
6967ec764644523b2e5549e0,/home/malezainia1/dev/INIA_DeepLearning_Ubuntu_mod_lleon/data/campo2_ene_2026/La Capilla/Celular/20260107_094057.jpg,20260107_094057.jpg,7.014392,6.4044523,,4032,3024,5946758,-34.4736794,-70.93679079972223,La Capilla,ground
6967ec764644523b2e5549e1,/home/malezainia1/dev/INIA_DeepLearning_Ubuntu_mod_lleon/data/campo2_ene_2026/La Capilla/Celular/20260107_094059.jpg,20260107_094059.jpg,9.770061,3.5277996,,4032,3024,6413846,-34.4736794,-70.93679079972223,La Capilla,ground
6967ec764644523b2e5549e2,/home/malezainia1/dev/INIA_DeepLearning_Ubuntu_mod_lleon/data/campo2_ene_2026/La Capilla/Celular/20260107_094107.jpg,20260107_094107.jpg,6.977379,3.9125812,,4032,3024,6172854,-34.4736794,-70.93679079972223,La Capilla,ground
6967ec764644523b2e5549e3,/home/malezainia1/dev/INIA_DeepLearning_Ubuntu_mod_lleon/data/campo2_ene_2026/La Capilla/Celular/20260107_094113.jpg,20260107_094113.jpg,7.448069,3.0815017,,4032,3024,5850159,-34.4737689,-70.93655669972223,La Capilla,ground
6967ec764644523b2e5549e4,/home/malezainia1/dev/INIA_DeepLearning_Ubuntu_mod_lleon/data/campo2_ene_2026/La Capilla/Celular/20260107_094116.jpg,20260107_094116.jpg,7.7390504,8.073201,,4032,3024,6099364,-34.4737689,-70.93655669972223,La Capilla,ground
6967ec764644523b2e5549e5,/home/malezainia1/dev/INIA_DeepLearning_Ubuntu_mod_lleon/data/campo2_ene_2026/La Capilla/Celular/20260107_094119.jpg,20260107_094119.jpg,7.609068,4.2694936,,4032,3024,6435778,-34.4737689,-70.93655669972223,La Capilla,ground
6967ec764644523b2e5549e6,/home/malezainia1/dev/INIA_DeepLearning_Ubuntu_mod_lleon/data/campo2_ene_2026/La Capilla/Celular/20260107_094122.jpg,20260107_094122.jpg,7.117866,3.5647485,,4032,3024,5488423,-34.4737689,-70.93655669972223,La Capilla,ground
6967ec764644523b2e5549e7,/home/malezainia1/dev/INIA_DeepLearning_Ubuntu_mod_lleon/data/campo2_ene_2026/La Capilla/Celular/20260107_094126.jpg,20260107_094126.jpg,5.853103,7.7867103,,4032,3024,6683702,-34.4737689,-70.93655669972223,La Capilla,ground
6967ec764644523b2e5549e8,/home/malezainia1/dev/INIA_DeepLearning_Ubuntu_mod_lleon/data/campo2_ene_2026/La Capilla/Celular/20260107_094129.jpg,20260107_094129.jpg,7.805037,2.8530993,,4032,3024,6571530,-34.4737689,-70.93655669972223,La Capilla,ground
6967ec764644523b2e5549e9,/home/malezainia1/dev/INIA_DeepLearning_Ubuntu_mod_lleon/data/campo2_ene_2026/La Capilla/Celular/20260107_094132.jpg,20260107_094132.jpg,7.2072973,5.267763,,4032,3024,6417105,-34.4737689,-70.93655669972223,La Capilla,ground
6967ec764644523b2e5549ea,/home/malezainia1/dev/INIA_DeepLearning_Ubuntu_mod_lleon/data/campo2_ene_2026/La Capilla/Celular/20260107_094135.jpg,20260107_094135.jpg,7.579004,7.409746,,4032,3024,6357897,-34.4737689,-70.93655669972223,La Capilla,ground
6967ec764644523b2e5549eb,/home/malezainia1/dev/INIA_DeepLearning_Ubuntu_mod_lleon/data/campo2_ene_2026/La Capilla/Celular/20260107_094139.jpg,20260107_094139.jpg,6.156635,4.375088,,4032,3024,6383667,-34.47374059972223,-70.9364448,La Capilla,ground
6967ec764644523b2e5549ec,/home/malezainia1/dev/INIA_DeepLearning_Ubuntu_mod_lleon/data/campo2_ene_2026/La Capilla/Celular/20260107_094142.jpg,20260107_094142.jpg,6.120952,6.7324624,,4032,3024,6392823,-34.47374909972223,-70.9364465,La Capilla,ground
6967ec764644523b2e5549ed,/home/malezainia1/dev/INIA_DeepLearning_Ubuntu_mod_lleon/data/campo2_ene_2026/La Capilla/Celular/20260107_094145.jpg,20260107_094145.jpg,7.4985514,6.3875294,,4032,3024,6488339,-34.47374909972223,-70.9364465,La Capilla,ground
6967ec764644523b2e5549ee,/home/malezainia1/dev/INIA_DeepLearning_Ubuntu_mod_lleon/data/campo2_ene_2026/La Capilla/Celular/20260107_094151.jpg,20260107_094151.jpg,9.49183,3.19794,,4032,3024,6101061,-34.473728899722225,-70.936366,La Capilla,ground
6967ec764644523b2e5549ef,/home/malezainia1/dev/INIA_DeepLearning_Ubuntu_mod_lleon/data/campo2_ene_2026/La Capilla/Celular/20260107_094156.jpg,20260107_094156.jpg,9.302883,7.8339305,,4032,3024,6398142,-34.473728899722225,-70.936366,La Capilla,ground
6967ec764644523b2e5549f0,/home/malezainia1/dev/INIA_DeepLearning_Ubuntu_mod_lleon/data/campo2_ene_2026/La Capilla/Celular/20260107_094158.jpg,20260107_094158.jpg,8.10265,7.307744,,4032,3024,6468946,-34.473728899722225,-70.936366,La Capilla,ground
6967ec764644523b2e5549f1,/home/malezainia1/dev/INIA_DeepLearning_Ubuntu_mod_lleon/data/campo2_ene_2026/La Capilla/Celular/20260107_094200.jpg,20260107_094200.jpg,7.4004407,7.550688,,4032,3024,6253826,-34.473728899722225,-70.936366,La Capilla,ground
6967ec764644523b2e5549f2,/home/malezainia1/dev/INIA_DeepLearning_Ubuntu_mod_lleon/data/campo2_ene_2026/La Capilla/Celular/20260107_094211.jpg,20260107_094211.jpg,7.160678,8.461084,,4032,3024,6321485,-34.47376679972223,-70.93630469972223,La Capilla,ground
6967ec764644523b2e5549f3,/home/malezainia1/dev/INIA_DeepLearning_Ubuntu_mod_lleon/data/campo2_ene_2026/La Capilla/Celular/20260107_094214.jpg,20260107_094214.jpg,7.408559,5.781374,,4032,3024,6395716,-34.47376739972223,-70.93627419972222,La Capilla,ground
6967ec764644523b2e5549f4,/home/malezainia1/dev/INIA_DeepLearning_Ubuntu_mod_lleon/data/campo2_ene_2026/La Capilla/Celular/20260107_094216.jpg,20260107_094216.jpg,7.377428,5.199221,,4032,3024,5552790,-34.4737693,-70.93624939972223,La Capilla,ground
6967ec764644523b2e5549f5,/home/malezainia1/dev/INIA_DeepLearning_Ubuntu_mod_lleon/data/campo2_ene_2026/La Capilla/Celular/20260107_094220.jpg,20260107_094220.jpg,9.647692,6.0724273,,4032,3024,5915296,-34.4737719,-70.9362256,La Capilla,ground
6967ec764644523b2e5549f6,/home/malezainia1/dev/INIA_DeepLearning_Ubuntu_mod_lleon/data/campo2_ene_2026/La Capilla/Celular/20260107_094223.jpg,20260107_094223.jpg,6.280447,7.0129714,,4032,3024,6786116,-34.473773,-70.9362155,La Capilla,ground
6967ec764644523b2e5549f7,/home/malezainia1/dev/INIA_DeepLearning_Ubuntu_mod_lleon/data/campo2_ene_2026/La Capilla/Celular/20260107_094225.jpg,20260107_094225.jpg,9.910723,6.9236455,,4032,3024,6684679,-34.4737711,-70.936205,La Capilla,ground
6967ec764644523b2e5549f8,/home/malezainia1/dev/INIA_DeepLearning_Ubuntu_mod_lleon/data/campo2_ene_2026/La Capilla/Celular/20260107_094229.jpg,20260107_094229.jpg,9.971012,7.0750504,,4032,3024,6346283,-34.4737735,-70.9361875,La Capilla,ground
6967ec764644523b2e5549f9,/home/malezainia1/dev/INIA_DeepLearning_Ubuntu_mod_lleon/data/campo2_ene_2026/La Capilla/Celular/20260107_094232.jpg,20260107_094232.jpg,7.7838492,4.457625,,4032,3024,6648120,-34.473775699722225,-70.9361686,La Capilla,ground
6967ec764644523b2e5549fa,/home/malezainia1/dev/INIA_DeepLearning_Ubuntu_mod_lleon/data/campo2_ene_2026/La Capilla/Celular/20260107_094241.jpg,20260107_094241.jpg,9.643604,7.4579844,,4032,3024,6186257,-34.473775199722226,-70.9361566,La Capilla,ground
6967ec764644523b2e5549fb,/home/malezainia1/dev/INIA_DeepLearning_Ubuntu_mod_lleon/data/campo2_ene_2026/La Capilla/Celular/20260107_094250.jpg,20260107_094250.jpg,6.826697,4.2205744,,4032,3024,5856310,-34.473775199722226,-70.9361566,La Capilla,ground
6967ec764644523b2e5549fc,/home/malezainia1/dev/INIA_DeepLearning_Ubuntu_mod_lleon/data/campo2_ene_2026/La Capilla/Celular/20260107_094253.jpg,20260107_094253.jpg,8.309412,7.1247354,,4032,3024,5732243,-34.473775199722226,-70.9361566,La Capilla,ground
6967ec764644523b2e5549fd,/home/malezainia1/dev/INIA_DeepLearning_Ubuntu_mod_lleon/data/campo2_ene_2026/La Capilla/Celular/20260107_094257.jpg,20260107_094257.jpg,9.468833,7.0324044,,4032,3024,6301058,-34.473775199722226,-70.9361566,La Capilla,ground
6967ec764644523b2e5549fe,/home/malezainia1/dev/INIA_DeepLearning_Ubuntu_mod_lleon/data/campo2_ene_2026/La Capilla/Celular/20260107_094301.jpg,20260107_094301.jpg,9.037517,8.539788,,4032,3024,6202892,-34.473775199722226,-70.9361566,La Capilla,ground
6967ec764644523b2e5549ff,/home/malezainia1/dev/INIA_DeepLearning_Ubuntu_mod_lleon/data/campo2_ene_2026/La Capilla/Celular/20260107_094306.jpg,20260107_094306.jpg,8.490324,6.8609357,,4032,3024,6695137,-34.473762899722225,-70.9359137,La Capilla,ground
6967ec764644523b2e554a00,/home/malezainia1/dev/INIA_DeepLearning_Ubuntu_mod_lleon/data/campo2_ene_2026/La Capilla/Celular/20260107_094315.jpg,20260107_094315.jpg,7.6795464,6.334014,,4032,3024,6570227,-34.473818999722226,-70.9358945,La Capilla,ground
6967ec764644523b2e554a01,/home/malezainia1/dev/INIA_DeepLearning_Ubuntu_mod_lleon/data/campo2_ene_2026/La Capilla/Celular/20260107_094320.jpg,20260107_094320.jpg,8.091718,8.748114,,4032,3024,5627291,-34.473818999722226,-70.9358945,La Capilla,ground
6967ec764644523b2e554a02,/home/malezainia1/dev/INIA_DeepLearning_Ubuntu_mod_lleon/data/campo2_ene_2026/La Capilla/Celular/20260107_094330.jpg,20260107_094330.jpg,6.8415413,8.588322,,4032,3024,5613932,-34.473818999722226,-70.9358945,La Capilla,ground
6967ec764644523b2e554a03,/home/malezainia1/dev/INIA_DeepLearning_Ubuntu_mod_lleon/data/campo2_ene_2026/La Capilla/Celular/20260107_094336.jpg,20260107_094336.jpg,5.8003073,6.7346644,,4032,3024,6500367,-34.473818999722226,-70.9358945,La Capilla,ground
6967ec764644523b2e554a04,/home/malezainia1/dev/INIA_DeepLearning_Ubuntu_mod_lleon/data/campo2_ene_2026/La Capilla/Celular/20260107_094347.jpg,20260107_094347.jpg,8.581844,5.634919,,4032,3024,6349472,-34.47387129972223,-70.93571699972223,La Capilla,ground
6967ec764644523b2e554a05,/home/malezainia1/dev/INIA_DeepLearning_Ubuntu_mod_lleon/data/campo2_ene_2026/La Capilla/Celular/20260107_094354.jpg,20260107_094354.jpg,7.43685,4.161707,,4032,3024,6474118,-34.4738575,-70.93564179972222,La Capilla,ground
6967ec764644523b2e554a06,/home/malezainia1/dev/INIA_DeepLearning_Ubuntu_mod_lleon/data/campo2_ene_2026/La Capilla/Celular/20260107_094401.jpg,20260107_094401.jpg,8.941628,8.587562,,4032,3024,6442099,-34.4738575,-70.93564179972222,La Capilla,ground
6967ec764644523b2e554a07,/home/malezainia1/dev/INIA_DeepLearning_Ubuntu_mod_lleon/data/campo2_ene_2026/La Capilla/Celular/20260107_094424.jpg,20260107_094424.jpg,6.4715433,7.8150287,,4032,3024,6558086,-34.4738911,-70.935383,La Capilla,ground
6967ec764644523b2e554a08,/home/malezainia1/dev/INIA_DeepLearning_Ubuntu_mod_lleon/data/campo2_ene_2026/La Capilla/Celular/20260107_094430.jpg,20260107_094430.jpg,6.6796403,7.5282345,,4032,3024,6307407,-34.473896699722225,-70.93534329972222,La Capilla,ground
6967ec764644523b2e554a09,/home/malezainia1/dev/INIA_DeepLearning_Ubuntu_mod_lleon/data/campo2_ene_2026/La Capilla/Celular/20260107_094459.jpg,20260107_094459.jpg,5.2080097,6.959167,,3024,4032,6433571,-34.473896699722225,-70.93534329972222,La Capilla,ground
6967ec764644523b2e554a0a,/home/malezainia1/dev/INIA_DeepLearning_Ubuntu_mod_lleon/data/campo2_ene_2026/La Capilla/Celular/20260107_094509.jpg,20260107_094509.jpg,8.1353245,8.056879,,3024,4032,6210667,-34.473896699722225,-70.93534329972222,La Capilla,ground
6967ec764644523b2e554a0b,/home/malezainia1/dev/INIA_DeepLearning_Ubuntu_mod_lleon/data/campo2_ene_2026/La Capilla/Celular/20260107_094521.jpg,20260107_094521.jpg,8.6318445,6.75207,,3024,4032,6192697,-34.4739554,-70.93506059972222,La Capilla,ground
6967ec764644523b2e554a0c,/home/malezainia1/dev/INIA_DeepLearning_Ubuntu_mod_lleon/data/campo2_ene_2026/La Capilla/Celular/20260107_094534.jpg,20260107_094534.jpg,8.430901,8.726154,,3024,4032,5968794,-34.47404031666667,-70.93506817777778,La Capilla,ground
6967ec764644523b2e554a0d,/home/malezainia1/dev/INIA_DeepLearning_Ubuntu_mod_lleon/data/campo2_ene_2026/La Capilla/Celular/20260107_094537.jpg,20260107_094537.jpg,9.914787,3.530878,,3024,4032,6445425,-34.473959999722226,-70.93499819972223,La Capilla,ground
6967ec764644523b2e554a0e,/home/malezainia1/dev/INIA_DeepLearning_Ubuntu_mod_lleon/data/campo2_ene_2026/La Capilla/Celular/20260107_094540.jpg,20260107_094540.jpg,9.887775,7.2253623,,3024,4032,6533421,-34.473959999722226,-70.93499819972223,La Capilla,ground
6967ec764644523b2e554a0f,/home/malezainia1/dev/INIA_DeepLearning_Ubuntu_mod_lleon/data/campo2_ene_2026/La Capilla/Celular/20260107_094543.jpg,20260107_094543.jpg,8.983537,4.0257616,,3024,4032,6356346,-34.473959999722226,-70.93499819972223,La Capilla,ground
6967ec764644523b2e554a10,/home/malezainia1/dev/INIA_DeepLearning_Ubuntu_mod_lleon/data/campo2_ene_2026/La Capilla/Celular/20260107_094546.jpg,20260107_094546.jpg,8.339235,5.7336783,,3024,4032,6405734,-34.473959999722226,-70.93499819972223,La Capilla,ground
6967ec764644523b2e554a11,/home/malezainia1/dev/INIA_DeepLearning_Ubuntu_mod_lleon/data/campo2_ene_2026/La Capilla/Celular/20260107_094550.jpg,20260107_094550.jpg,6.600864,8.898408,,4032,3024,5929573,-34.473959999722226,-70.93499819972223,La Capilla,ground
6967ec764644523b2e554a12,/home/malezainia1/dev/INIA_DeepLearning_Ubuntu_mod_lleon/data/campo2_ene_2026/La Capilla/Celular/20260107_094553.jpg,20260107_094553.jpg,8.237654,2.2341642,,4032,3024,6534145,-34.473959999722226,-70.93499819972223,La Capilla,ground
6967ec764644523b2e554a13,/home/malezainia1/dev/INIA_DeepLearning_Ubuntu_mod_lleon/data/campo2_ene_2026/La Capilla/Celular/20260107_094555.jpg,20260107_094555.jpg,8.065014,3.9412272,,4032,3024,6538418,-34.473959999722226,-70.93499819972223,La Capilla,ground
6967ec764644523b2e554a14,/home/malezainia1/dev/INIA_DeepLearning_Ubuntu_mod_lleon/data/campo2_ene_2026/La Capilla/Celular/20260107_094559.jpg,20260107_094559.jpg,7.3475776,3.1143677,,4032,3024,6523330,-34.473959999722226,-70.93499819972223,La Capilla,ground
6967ec764644523b2e554a15,/home/malezainia1/dev/INIA_DeepLearning_Ubuntu_mod_lleon/data/campo2_ene_2026/La Capilla/Celular/20260107_094602.jpg,20260107_094602.jpg,9.852314,3.6907988,,4032,3024,6673951,-34.473959999722226,-70.93499819972223,La Capilla,ground
6967ec764644523b2e554a16,/home/malezainia1/dev/INIA_DeepLearning_Ubuntu_mod_lleon/data/campo2_ene_2026/La Capilla/Celular/20260107_094604.jpg,20260107_094604.jpg,8.866749,3.192152,,4032,3024,6567408,-34.473959999722226,-70.93499819972223,La Capilla,ground
6967ec764644523b2e554a17,/home/malezainia1/dev/INIA_DeepLearning_Ubuntu_mod_lleon/data/campo2_ene_2026/La Capilla/Celular/20260107_094607.jpg,20260107_094607.jpg,8.784595,6.5484433,,4032,3024,6556539,-34.473959999722226,-70.93499819972223,La Capilla,ground
6967ec764644523b2e554a18,/home/malezainia1/dev/INIA_DeepLearning_Ubuntu_mod_lleon/data/campo2_ene_2026/La Capilla/Celular/20260107_094610.jpg,20260107_094610.jpg,8.928831,3.955916,,4032,3024,6447005,-34.473959999722226,-70.93499819972223,La Capilla,ground
6967ec764644523b2e554a19,/home/malezainia1/dev/INIA_DeepLearning_Ubuntu_mod_lleon/data/campo2_ene_2026/La Capilla/Celular/20260107_094613.jpg,20260107_094613.jpg,8.117038,8.911171,,4032,3024,6399991,-34.473959999722226,-70.93499819972223,La Capilla,ground
6967ec764644523b2e554a1a,/home/malezainia1/dev/INIA_DeepLearning_Ubuntu_mod_lleon/data/campo2_ene_2026/La Capilla/Celular/20260107_094617.jpg,20260107_094617.jpg,8.927202,5.3226104,,4032,3024,6597973,-34.473959999722226,-70.93499819972223,La Capilla,ground
6967ec764644523b2e554a1b,/home/malezainia1/dev/INIA_DeepLearning_Ubuntu_mod_lleon/data/campo2_ene_2026/La Capilla/Celular/20260107_094622.jpg,20260107_094622.jpg,9.849767,5.388978,,4032,3024,6388106,-34.473959999722226,-70.93499819972223,La Capilla,ground
6967ec764644523b2e554a1c,/home/malezainia1/dev/INIA_DeepLearning_Ubuntu_mod_lleon/data/campo2_ene_2026/La Capilla/Celular/20260107_094626.jpg,20260107_094626.jpg,9.806484,4.4086103,,4032,3024,6231660,-34.473959999722226,-70.93499819972223,La Capilla,ground
6967ec764644523b2e554a1d,/home/malezainia1/dev/INIA_DeepLearning_Ubuntu_mod_lleon/data/campo2_ene_2026/La Capilla/Celular/20260107_094637.jpg,20260107_094637.jpg,7.5152636,6.7496204,,4032,3024,6354660,-34.473959999722226,-70.93499819972223,La Capilla,ground
6967ec764644523b2e554a1e,/home/malezainia1/dev/INIA_DeepLearning_Ubuntu_mod_lleon/data/campo2_ene_2026/La Capilla/Celular/20260107_094642.jpg,20260107_094642.jpg,8.945151,4.799997,,4032,3024,6316994,-34.473959999722226,-70.93499819972223,La Capilla,ground
6967ec764644523b2e554a1f,/home/malezainia1/dev/INIA_DeepLearning_Ubuntu_mod_lleon/data/campo2_ene_2026/La Capilla/Celular/20260107_094649.jpg,20260107_094649.jpg,7.8348675,6.6482663,,4032,3024,6284150,-34.473959999722226,-70.93499819972223,La Capilla,ground
6967ec764644523b2e554a20,/home/malezainia1/dev/INIA_DeepLearning_Ubuntu_mod_lleon/data/campo2_ene_2026/La Capilla/Celular/20260107_094710.jpg,20260107_094710.jpg,8.622055,8.408897,,4032,3024,6424480,-34.473959999722226,-70.93499819972223,La Capilla,ground
6967ec764644523b2e554a21,/home/malezainia1/dev/INIA_DeepLearning_Ubuntu_mod_lleon/data/campo2_ene_2026/La Capilla/Celular/20260107_094714.jpg,20260107_094714.jpg,7.118034,6.3725367,,3024,4032,6215574,-34.473959999722226,-70.93499819972223,La Capilla,ground
6967ec764644523b2e554a22,/home/malezainia1/dev/INIA_DeepLearning_Ubuntu_mod_lleon/data/campo2_ene_2026/La Capilla/Celular/20260107_094757.jpg,20260107_094757.jpg,8.4971285,9.060054,,4032,3024,6102309,-34.473959999722226,-70.93499819972223,La Capilla,ground
6967ec764644523b2e554a23,/home/malezainia1/dev/INIA_DeepLearning_Ubuntu_mod_lleon/data/campo2_ene_2026/La Capilla/Celular/20260107_094803.jpg,20260107_094803.jpg,8.570676,7.0971036,,4032,3024,6189496,-34.473959999722226,-70.93499819972223,La Capilla,ground
6967ec764644523b2e554a24,/home/malezainia1/dev/INIA_DeepLearning_Ubuntu_mod_lleon/data/campo2_ene_2026/La Capilla/Celular/20260107_094811.jpg,20260107_094811.jpg,8.026584,6.902931,,3024,4032,6344645,-34.473959999722226,-70.93499819972223,La Capilla,ground
6967ec764644523b2e554a25,/home/malezainia1/dev/INIA_DeepLearning_Ubuntu_mod_lleon/data/campo2_ene_2026/La Capilla/Celular/20260107_094830.jpg,20260107_094830.jpg,8.877248,8.4473505,,3024,4032,6278528,-34.473959999722226,-70.93499819972223,La Capilla,ground
6967ec764644523b2e554a26,/home/malezainia1/dev/INIA_DeepLearning_Ubuntu_mod_lleon/data/campo2_ene_2026/La Capilla/Celular/20260107_094847.jpg,20260107_094847.jpg,8.416245,8.86807,,3024,4032,6368028,-34.473959999722226,-70.93499819972223,La Capilla,ground
6967ec764644523b2e554a27,/home/malezainia1/dev/INIA_DeepLearning_Ubuntu_mod_lleon/data/campo2_ene_2026/La Capilla/Celular/20260107_094850.jpg,20260107_094850.jpg,7.772972,8.107513,,3024,4032,6458632,-34.473959999722226,-70.93499819972223,La Capilla,ground
6967ec764644523b2e554a28,/home/malezainia1/dev/INIA_DeepLearning_Ubuntu_mod_lleon/data/campo2_ene_2026/La Capilla/Celular/20260107_094901.jpg,20260107_094901.jpg,9.17878,6.330801,,3024,4032,6264260,-34.4740576,-70.93442559972223,La Capilla,ground
6967ec764644523b2e554a29,/home/malezainia1/dev/INIA_DeepLearning_Ubuntu_mod_lleon/data/campo2_ene_2026/La Capilla/Celular/20260107_094904.jpg,20260107_094904.jpg,7.706985,7.5907316,,3024,4032,5783615,-34.4740576,-70.93442559972223,La Capilla,ground
6967ec764644523b2e554a2a,/home/malezainia1/dev/INIA_DeepLearning_Ubuntu_mod_lleon/data/campo2_ene_2026/La Capilla/Celular/20260107_094910.jpg,20260107_094910.jpg,7.3915462,7.1803393,,3024,4032,6597981,-34.47407199972223,-70.93430829972223,La Capilla,ground
6967ec764644523b2e554a2b,/home/malezainia1/dev/INIA_DeepLearning_Ubuntu_mod_lleon/data/campo2_ene_2026/La Capilla/Celular/20260107_094916.jpg,20260107_094916.jpg,9.078063,4.422548,,3024,4032,5417580,-34.4740844,-70.9342532,La Capilla,ground
6967ec764644523b2e554a2c,/home/malezainia1/dev/INIA_DeepLearning_Ubuntu_mod_lleon/data/campo2_ene_2026/La Capilla/Celular/20260107_094922.jpg,20260107_094922.jpg,7.4093485,7.126488,,3024,4032,6307283,-34.474083399722225,-70.93423459972223,La Capilla,ground
6967ec764644523b2e554a2d,/home/malezainia1/dev/INIA_DeepLearning_Ubuntu_mod_lleon/data/campo2_ene_2026/La Capilla/Celular/20260107_094936.jpg,20260107_094936.jpg,8.358599,8.638442,,3024,4032,6660751,-34.47411149972223,-70.9340506,La Capilla,ground
6967ec764644523b2e554a2e,/home/malezainia1/dev/INIA_DeepLearning_Ubuntu_mod_lleon/data/campo2_ene_2026/La Capilla/Celular/20260107_094949.jpg,20260107_094949.jpg,7.706425,6.410445,,4032,3024,6256492,-34.47413039972223,-70.93400859972222,La Capilla,ground
6967ec764644523b2e554a2f,/home/malezainia1/dev/INIA_DeepLearning_Ubuntu_mod_lleon/data/campo2_ene_2026/La Capilla/Celular/20260107_095002.jpg,20260107_095002.jpg,8.117275,8.120364,,3024,4032,6344204,-34.4741499,-70.93392529972222,La Capilla,ground
6967ec764644523b2e554a30,/home/malezainia1/dev/INIA_DeepLearning_Ubuntu_mod_lleon/data/campo2_ene_2026/La Capilla/Celular/20260107_095007.jpg,20260107_095007.jpg,7.1975265,4.595632,,3024,4032,6384887,-34.474153299722225,-70.9339025,La Capilla,ground
6967ec764644523b2e554a31,/home/malezainia1/dev/INIA_DeepLearning_Ubuntu_mod_lleon/data/campo2_ene_2026/La Capilla/Celular/20260107_095010.jpg,20260107_095010.jpg,9.388355,3.2515903,,3024,4032,6452445,-34.4741538,-70.9339029,La Capilla,ground
6967ec764644523b2e554a32,/home/malezainia1/dev/INIA_DeepLearning_Ubuntu_mod_lleon/data/campo2_ene_2026/La Capilla/Celular/20260107_095013.jpg,20260107_095013.jpg,10.007094,7.0377207,,3024,4032,5973791,-34.474148499722226,-70.9338862,La Capilla,ground
6967ec764644523b2e554a33,/home/malezainia1/dev/INIA_DeepLearning_Ubuntu_mod_lleon/data/campo2_ene_2026/La Capilla/Celular/20260107_095015.jpg,20260107_095015.jpg,9.498609,7.080242,,3024,4032,6156797,-34.474150199722224,-70.93388269972223,La Capilla,ground
6967ec764644523b2e554a34,/home/malezainia1/dev/INIA_DeepLearning_Ubuntu_mod_lleon/data/campo2_ene_2026/La Capilla/Celular/20260107_095018.jpg,20260107_095018.jpg,6.493602,8.542536,,3024,4032,6606811,-34.474152799722226,-70.93386879972222,La Capilla,ground
6967ec764644523b2e554a35,/home/malezainia1/dev/INIA_DeepLearning_Ubuntu_mod_lleon/data/campo2_ene_2026/La Capilla/Celular/20260107_095024.jpg,20260107_095024.jpg,8.450502,7.307718,,3024,4032,6205961,-34.474159299722224,-70.93383989972223,La Capilla,ground
6967ec764644523b2e554a36,/home/malezainia1/dev/INIA_DeepLearning_Ubuntu_mod_lleon/data/campo2_ene_2026/La Capilla/Celular/20260107_095035.jpg,20260107_095035.jpg,8.168144,7.06517,,3024,4032,6216548,-34.47416989972223,-70.9337601,La Capilla,ground
6967ec764644523b2e554a37,/home/malezainia1/dev/INIA_DeepLearning_Ubuntu_mod_lleon/data/campo2_ene_2026/La Capilla/Celular/20260107_095036.jpg,20260107_095036.jpg,8.956691,6.6965103,,3024,4032,6278203,-34.4741731,-70.9337517,La Capilla,ground
6967ec764644523b2e554a38,/home/malezainia1/dev/INIA_DeepLearning_Ubuntu_mod_lleon/data/campo2_ene_2026/La Capilla/Celular/20260107_095105.jpg,20260107_095105.jpg,8.8298435,7.292312,,3024,4032,6517453,-34.4741994,-70.93354119972223,La Capilla,ground
6967ec764644523b2e554a39,/home/malezainia1/dev/INIA_DeepLearning_Ubuntu_mod_lleon/data/campo2_ene_2026/La Capilla/Celular/20260107_095109.jpg,20260107_095109.jpg,5.5253453,7.3751254,,3024,4032,6406668,-34.47420149972223,-70.93353829972223,La Capilla,ground
6967ec764644523b2e554a3a,/home/malezainia1/dev/INIA_DeepLearning_Ubuntu_mod_lleon/data/campo2_ene_2026/La Capilla/Celular/20260107_095114.jpg,20260107_095114.jpg,7.94197,2.1466825,,3024,4032,6296702,-34.47420149972223,-70.93353829972223,La Capilla,ground
6967ec764644523b2e554a3b,/home/malezainia1/dev/INIA_DeepLearning_Ubuntu_mod_lleon/data/campo2_ene_2026/La Capilla/Celular/20260107_095118.jpg,20260107_095118.jpg,8.826116,3.5732212,,3024,4032,6771741,-34.47420149972223,-70.93353829972223,La Capilla,ground
6967ec764644523b2e554a3c,/home/malezainia1/dev/INIA_DeepLearning_Ubuntu_mod_lleon/data/campo2_ene_2026/La Capilla/Celular/20260107_095122.jpg,20260107_095122.jpg,9.164059,5.0785503,,3024,4032,6536649,-34.47420149972223,-70.93353829972223,La Capilla,ground
6967ec764644523b2e554a3d,/home/malezainia1/dev/INIA_DeepLearning_Ubuntu_mod_lleon/data/campo2_ene_2026/La Capilla/Celular/20260107_095125.jpg,20260107_095125.jpg,6.704059,7.7297373,,3024,4032,6671687,-34.47420149972223,-70.93353829972223,La Capilla,ground
6967ec764644523b2e554a3e,/home/malezainia1/dev/INIA_DeepLearning_Ubuntu_mod_lleon/data/campo2_ene_2026/La Capilla/Celular/20260107_095129.jpg,20260107_095129.jpg,8.248677,3.8509586,,4032,3024,6719679,-34.47420149972223,-70.93353829972223,La Capilla,ground
6967ec764644523b2e554a3f,/home/malezainia1/dev/INIA_DeepLearning_Ubuntu_mod_lleon/data/campo2_ene_2026/La Capilla/Celular/20260107_095133.jpg,20260107_095133.jpg,7.201446,3.8923514,,4032,3024,6544458,-34.47420149972223,-70.93353829972223,La Capilla,ground
6967ec764644523b2e554a40,/home/malezainia1/dev/INIA_DeepLearning_Ubuntu_mod_lleon/data/campo2_ene_2026/La Capilla/Celular/20260107_095136.jpg,20260107_095136.jpg,6.6606903,4.29066,,4032,3024,6038137,-34.47420149972223,-70.93353829972223,La Capilla,ground
6967ec764644523b2e554a41,/home/malezainia1/dev/INIA_DeepLearning_Ubuntu_mod_lleon/data/campo2_ene_2026/La Capilla/Celular/20260107_095140.jpg,20260107_095140.jpg,6.7742634,4.314165,,4032,3024,6174459,-34.47420149972223,-70.93353829972223,La Capilla,ground
6967ec764644523b2e554a42,/home/malezainia1/dev/INIA_DeepLearning_Ubuntu_mod_lleon/data/campo2_ene_2026/La Capilla/Celular/20260107_095143.jpg,20260107_095143.jpg,7.603931,6.530488,,4032,3024,6489281,-34.47420149972223,-70.93353829972223,La Capilla,ground
6967ec764644523b2e554a43,/home/malezainia1/dev/INIA_DeepLearning_Ubuntu_mod_lleon/data/campo2_ene_2026/La Capilla/Celular/20260107_095148.jpg,20260107_095148.jpg,5.6093483,7.2991123,,4032,3024,5939857,-34.47420149972223,-70.93353829972223,La Capilla,ground
6967ec764644523b2e554a44,/home/malezainia1/dev/INIA_DeepLearning_Ubuntu_mod_lleon/data/campo2_ene_2026/La Capilla/Celular/20260107_095150.jpg,20260107_095150.jpg,7.058536,7.146033,,4032,3024,6297477,-34.47420149972223,-70.93353829972223,La Capilla,ground
6967ec764644523b2e554a45,/home/malezainia1/dev/INIA_DeepLearning_Ubuntu_mod_lleon/data/campo2_ene_2026/La Capilla/Celular/20260107_095152.jpg,20260107_095152.jpg,7.978337,5.3554144,,4032,3024,6624095,-34.47420149972223,-70.93353829972223,La Capilla,ground
6967ec764644523b2e554a46,/home/malezainia1/dev/INIA_DeepLearning_Ubuntu_mod_lleon/data/campo2_ene_2026/La Capilla/Celular/20260107_095156.jpg,20260107_095156.jpg,7.5844173,6.0962358,,4032,3024,6858642,-34.47420149972223,-70.93353829972223,La Capilla,ground
6967ec764644523b2e554a47,/home/malezainia1/dev/INIA_DeepLearning_Ubuntu_mod_lleon/data/campo2_ene_2026/La Capilla/Celular/20260107_095158.jpg,20260107_095158.jpg,6.5246806,3.951444,,4032,3024,6617189,-34.47420149972223,-70.93353829972223,La Capilla,ground
6967ec764644523b2e554a48,/home/malezainia1/dev/INIA_DeepLearning_Ubuntu_mod_lleon/data/campo2_ene_2026/La Capilla/Celular/20260107_095202.jpg,20260107_095202.jpg,8.169932,5.6474643,,4032,3024,5992282,-34.47420149972223,-70.93353829972223,La Capilla,ground
6967ec764644523b2e554a49,/home/malezainia1/dev/INIA_DeepLearning_Ubuntu_mod_lleon/data/campo2_ene_2026/La Capilla/Celular/20260107_095205.jpg,20260107_095205.jpg,8.409238,6.3921485,,4032,3024,6691796,-34.47420149972223,-70.93353829972223,La Capilla,ground
6967ec764644523b2e554a4a,/home/malezainia1/dev/INIA_DeepLearning_Ubuntu_mod_lleon/data/campo2_ene_2026/La Capilla/Celular/20260107_095207.jpg,20260107_095207.jpg,6.5623045,3.703468,,4032,3024,6772856,-34.47420149972223,-70.93353829972223,La Capilla,ground
6967ec764644523b2e554a4b,/home/malezainia1/dev/INIA_DeepLearning_Ubuntu_mod_lleon/data/campo2_ene_2026/La Capilla/Celular/20260107_095211.jpg,20260107_095211.jpg,9.090509,3.8316092,,4032,3024,6270601,-34.47420149972223,-70.93353829972223,La Capilla,ground
6967ec764644523b2e554a4c,/home/malezainia1/dev/INIA_DeepLearning_Ubuntu_mod_lleon/data/campo2_ene_2026/La Capilla/Celular/20260107_095213.jpg,20260107_095213.jpg,8.660937,5.5722013,,4032,3024,6549419,-34.47420149972223,-70.93353829972223,La Capilla,ground
6967ec764644523b2e554a4d,/home/malezainia1/dev/INIA_DeepLearning_Ubuntu_mod_lleon/data/campo2_ene_2026/La Capilla/Celular/20260107_095219.jpg,20260107_095219.jpg,8.197986,9.002354,,4032,3024,6747706,-34.47420149972223,-70.93353829972223,La Capilla,ground
6967ec764644523b2e554a4e,/home/malezainia1/dev/INIA_DeepLearning_Ubuntu_mod_lleon/data/campo2_ene_2026/La Capilla/Celular/20260107_095223.jpg,20260107_095223.jpg,8.733653,5.9617634,,4032,3024,6796958,-34.47420149972223,-70.93353829972223,La Capilla,ground
6967ec764644523b2e554a4f,/home/malezainia1/dev/INIA_DeepLearning_Ubuntu_mod_lleon/data/campo2_ene_2026/La Capilla/Celular/20260107_095226.jpg,20260107_095226.jpg,5.5202436,7.4004126,,4032,3024,6279070,-34.47420149972223,-70.93353829972223,La Capilla,ground
6967ec764644523b2e554a50,/home/malezainia1/dev/INIA_DeepLearning_Ubuntu_mod_lleon/data/campo2_ene_2026/La Capilla/Celular/20260107_095228.jpg,20260107_095228.jpg,8.278733,2.595181,,4032,3024,6895321,-34.47420149972223,-70.93353829972223,La Capilla,ground
6967ec764644523b2e554a51,/home/malezainia1/dev/INIA_DeepLearning_Ubuntu_mod_lleon/data/campo2_ene_2026/La Capilla/Celular/20260107_095235.jpg,20260107_095235.jpg,6.692101,8.051039,,4032,3024,6430152,-34.47420149972223,-70.93353829972223,La Capilla,ground
6967ec764644523b2e554a52,/home/malezainia1/dev/INIA_DeepLearning_Ubuntu_mod_lleon/data/campo2_ene_2026/La Capilla/Celular/20260107_095241.jpg,20260107_095241.jpg,8.739358,2.4421597,,4032,3024,6521156,-34.47420149972223,-70.93353829972223,La Capilla,ground
6967ec764644523b2e554a53,/home/malezainia1/dev/INIA_DeepLearning_Ubuntu_mod_lleon/data/campo2_ene_2026/La Capilla/Celular/20260107_095245.jpg,20260107_095245.jpg,7.2885804,4.8889194,,4032,3024,5664340,-34.47420149972223,-70.93353829972223,La Capilla,ground
6967ec764644523b2e554a54,/home/malezainia1/dev/INIA_DeepLearning_Ubuntu_mod_lleon/data/campo2_ene_2026/La Capilla/Celular/20260107_095255.jpg,20260107_095255.jpg,6.670233,4.6046085,,3024,4032,6332808,-34.47420149972223,-70.93353829972223,La Capilla,ground
6967ec764644523b2e554a55,/home/malezainia1/dev/INIA_DeepLearning_Ubuntu_mod_lleon/data/campo2_ene_2026/La Capilla/Celular/20260107_095258.jpg,20260107_095258.jpg,7.8282876,8.977533,,3024,4032,6092604,-34.47420149972223,-70.93353829972223,La Capilla,ground
6967ec764644523b2e554a56,/home/malezainia1/dev/INIA_DeepLearning_Ubuntu_mod_lleon/data/campo2_ene_2026/La Capilla/Celular/20260107_095304.jpg,20260107_095304.jpg,7.095177,4.739231,,3024,4032,5757759,-34.47420149972223,-70.9335384,La Capilla,ground
6967ec764644523b2e554a57,/home/malezainia1/dev/INIA_DeepLearning_Ubuntu_mod_lleon/data/campo2_ene_2026/La Capilla/Celular/20260107_095312.jpg,20260107_095312.jpg,6.519492,8.428394,,3024,4032,6582854,-34.47420149972223,-70.9335384,La Capilla,ground
6967ec764644523b2e554a58,/home/malezainia1/dev/INIA_DeepLearning_Ubuntu_mod_lleon/data/campo2_ene_2026/La Capilla/Celular/20260107_095315.jpg,20260107_095315.jpg,7.6853294,6.6703033,,3024,4032,6522674,-34.47420149972223,-70.9335384,La Capilla,ground
6967ec764644523b2e554a59,/home/malezainia1/dev/INIA_DeepLearning_Ubuntu_mod_lleon/data/campo2_ene_2026/La Capilla/Celular/20260107_095330.jpg,20260107_095330.jpg,9.33836,5.805427,,3024,4032,6288121,-34.47420149972223,-70.9335384,La Capilla,ground
6967ec764644523b2e554a5a,/home/malezainia1/dev/INIA_DeepLearning_Ubuntu_mod_lleon/data/campo2_ene_2026/La Capilla/Celular/20260107_095346.jpg,20260107_095346.jpg,9.46486,7.4219203,,3024,4032,6102243,-34.474318699722225,-70.93296329972223,La Capilla,ground
6967ec764644523b2e554a5b,/home/malezainia1/dev/INIA_DeepLearning_Ubuntu_mod_lleon/data/campo2_ene_2026/La Capilla/Celular/20260107_095350.jpg,20260107_095350.jpg,7.0144215,8.984542,,3024,4032,6468004,-34.474305899722225,-70.93293219972223,La Capilla,ground
6967ec764644523b2e554a5c,/home/malezainia1/dev/INIA_DeepLearning_Ubuntu_mod_lleon/data/campo2_ene_2026/La Capilla/Celular/20260107_095354.jpg,20260107_095354.jpg,5.5499263,7.324466,,3024,4032,6182572,-34.474305899722225,-70.93293219972223,La Capilla,ground
6967ec764644523b2e554a5d,/home/malezainia1/dev/INIA_DeepLearning_Ubuntu_mod_lleon/data/campo2_ene_2026/La Capilla/Celular/20260107_095401.jpg,20260107_095401.jpg,7.921488,3.8243773,,3024,4032,6667287,-34.474305899722225,-70.93293219972223,La Capilla,ground
6967ec764644523b2e554a5e,/home/malezainia1/dev/INIA_DeepLearning_Ubuntu_mod_lleon/data/campo2_ene_2026/La Capilla/Celular/20260107_095406.jpg,20260107_095406.jpg,8.468287,5.9683557,,3024,4032,6580708,-34.47433159972223,-70.9329333,La Capilla,ground
6967ec764644523b2e554a5f,/home/malezainia1/dev/INIA_DeepLearning_Ubuntu_mod_lleon/data/campo2_ene_2026/La Capilla/Celular/20260107_095415.jpg,20260107_095415.jpg,8.459504,5.820743,,3024,4032,6478673,-34.47431579972223,-70.93288649972223,La Capilla,ground
6967ec764644523b2e554a60,/home/malezainia1/dev/INIA_DeepLearning_Ubuntu_mod_lleon/data/campo2_ene_2026/La Capilla/Celular/20260107_095418.jpg,20260107_095418.jpg,9.867129,4.576821,,3024,4032,6665801,-34.4743142,-70.9328682,La Capilla,ground
6967ec764644523b2e554a61,/home/malezainia1/dev/INIA_DeepLearning_Ubuntu_mod_lleon/data/campo2_ene_2026/La Capilla/Celular/20260107_095422.jpg,20260107_095422.jpg,7.1610293,4.71218,,3024,4032,6635064,-34.4743159,-70.93286299972223,La Capilla,ground
6967ec764644523b2e554a62,/home/malezainia1/dev/INIA_DeepLearning_Ubuntu_mod_lleon/data/campo2_ene_2026/La Capilla/Celular/20260107_095426.jpg,20260107_095426.jpg,8.195089,5.4863443,,3024,4032,5977878,-34.4743177,-70.93283289972223,La Capilla,ground
6967ec764644523b2e554a63,/home/malezainia1/dev/INIA_DeepLearning_Ubuntu_mod_lleon/data/campo2_ene_2026/La Capilla/Celular/20260107_095437.jpg,20260107_095437.jpg,8.851446,5.7257147,,3024,4032,6440466,-34.474324699722224,-70.93280719972223,La Capilla,ground
6967ec764644523b2e554a64,/home/malezainia1/dev/INIA_DeepLearning_Ubuntu_mod_lleon/data/campo2_ene_2026/La Capilla/Celular/20260107_095438.jpg,20260107_095438.jpg,9.110696,5.758646,,3024,4032,6415094,-34.474324699722224,-70.93280719972223,La Capilla,ground
6967ec764644523b2e554a65,/home/malezainia1/dev/INIA_DeepLearning_Ubuntu_mod_lleon/data/campo2_ene_2026/La Capilla/Celular/20260107_095448.jpg,20260107_095448.jpg,7.896075,6.798905,,3024,4032,6368252,-34.474324699722224,-70.93280719972223,La Capilla,ground
6967ec764644523b2e554a66,/home/malezainia1/dev/INIA_DeepLearning_Ubuntu_mod_lleon/data/campo2_ene_2026/La Capilla/Celular/20260107_095458.jpg,20260107_095458.jpg,8.479051,5.7382646,,3024,4032,6431763,-34.474324699722224,-70.93280719972223,La Capilla,ground
6967ec764644523b2e554a67,/home/malezainia1/dev/INIA_DeepLearning_Ubuntu_mod_lleon/data/campo2_ene_2026/La Capilla/Celular/20260107_095502.jpg,20260107_095502.jpg,8.10156,3.4676294,,3024,4032,6767138,-34.474324699722224,-70.93280719972223,La Capilla,ground
6967ec764644523b2e554a68,/home/malezainia1/dev/INIA_DeepLearning_Ubuntu_mod_lleon/data/campo2_ene_2026/La Capilla/Celular/20260107_095522.jpg,20260107_095522.jpg,7.2973704,4.631682,,3024,4032,6648415,-34.4743767,-70.9325156,La Capilla,ground
6967ec764644523b2e554a69,/home/malezainia1/dev/INIA_DeepLearning_Ubuntu_mod_lleon/data/campo2_ene_2026/La Capilla/Celular/20260107_095524.jpg,20260107_095524.jpg,8.059502,4.253723,,3024,4032,6568038,-34.4743767,-70.9325156,La Capilla,ground
6967ec764644523b2e554a6a,/home/malezainia1/dev/INIA_DeepLearning_Ubuntu_mod_lleon/data/campo2_ene_2026/La Capilla/Celular/20260107_095527.jpg,20260107_095527.jpg,6.7448173,6.4003844,,3024,4032,6495060,-34.4743767,-70.9325156,La Capilla,ground
6967ec764644523b2e554a6b,/home/malezainia1/dev/INIA_DeepLearning_Ubuntu_mod_lleon/data/campo2_ene_2026/La Capilla/Celular/20260107_095530.jpg,20260107_095530.jpg,9.94697,3.913988,,3024,4032,6923288,-34.4743767,-70.9325156,La Capilla,ground
6967ec764644523b2e554a6c,/home/malezainia1/dev/INIA_DeepLearning_Ubuntu_mod_lleon/data/campo2_ene_2026/La Capilla/Celular/20260107_095534.jpg,20260107_095534.jpg,6.6738734,4.7186904,,3024,4032,6860355,-34.4743767,-70.9325156,La Capilla,ground
6967ec764644523b2e554a6d,/home/malezainia1/dev/INIA_DeepLearning_Ubuntu_mod_lleon/data/campo2_ene_2026/La Capilla/Celular/20260107_095537.jpg,20260107_095537.jpg,8.434525,5.1865716,,3024,4032,5671095,-34.474361799722224,-70.9325946,La Capilla,ground
6967ec764644523b2e554a6e,/home/malezainia1/dev/INIA_DeepLearning_Ubuntu_mod_lleon/data/campo2_ene_2026/La Capilla/Celular/20260107_095540.jpg,20260107_095540.jpg,9.46342,4.0604463,,3024,4032,6594644,-34.4743587,-70.9325924,La Capilla,ground
6967ec764644523b2e554a6f,/home/malezainia1/dev/INIA_DeepLearning_Ubuntu_mod_lleon/data/campo2_ene_2026/La Capilla/Celular/20260107_095542.jpg,20260107_095542.jpg,8.038224,2.7544382,,3024,4032,5830135,-34.474340499722224,-70.9325917,La Capilla,ground
6967ec764644523b2e554a70,/home/malezainia1/dev/INIA_DeepLearning_Ubuntu_mod_lleon/data/campo2_ene_2026/La Capilla/Celular/20260107_095545.jpg,20260107_095545.jpg,9.895525,3.9740293,,3024,4032,5986865,-34.4743337,-70.9326032,La Capilla,ground
6967ec764644523b2e554a71,/home/malezainia1/dev/INIA_DeepLearning_Ubuntu_mod_lleon/data/campo2_ene_2026/La Capilla/Celular/20260107_095547.jpg,20260107_095547.jpg,9.953735,4.1719913,,3024,4032,6592505,-34.474327899722226,-70.93261429972223,La Capilla,ground
6967ec764644523b2e554a72,/home/malezainia1/dev/INIA_DeepLearning_Ubuntu_mod_lleon/data/campo2_ene_2026/La Capilla/Celular/20260107_095550.jpg,20260107_095550.jpg,8.087669,1.9558293,,3024,4032,6289727,-34.4743287,-70.93262,La Capilla,ground
6967ec764644523b2e554a73,/home/malezainia1/dev/INIA_DeepLearning_Ubuntu_mod_lleon/data/campo2_ene_2026/La Capilla/Celular/20260107_095552.jpg,20260107_095552.jpg,8.020352,2.012659,,3024,4032,6665524,-34.4743287,-70.93262,La Capilla,ground
6967ec764644523b2e554a74,/home/malezainia1/dev/INIA_DeepLearning_Ubuntu_mod_lleon/data/campo2_ene_2026/La Capilla/Celular/20260107_095557.jpg,20260107_095557.jpg,6.8049016,4.22855,,3024,4032,6234908,-34.4743287,-70.93262,La Capilla,ground
6967ec764644523b2e554a75,/home/malezainia1/dev/INIA_DeepLearning_Ubuntu_mod_lleon/data/campo2_ene_2026/La Capilla/Celular/20260107_095600.jpg,20260107_095600.jpg,8.476748,1.9697139,,3024,4032,6460529,-34.4743287,-70.93262,La Capilla,ground
6967ec764644523b2e554a76,/home/malezainia1/dev/INIA_DeepLearning_Ubuntu_mod_lleon/data/campo2_ene_2026/La Capilla/Celular/20260107_095602.jpg,20260107_095602.jpg,8.506076,5.9958096,,3024,4032,6490018,-34.4743287,-70.93262,La Capilla,ground
6967ec764644523b2e554a77,/home/malezainia1/dev/INIA_DeepLearning_Ubuntu_mod_lleon/data/campo2_ene_2026/La Capilla/Celular/20260107_095605.jpg,20260107_095605.jpg,8.501238,3.3674965,,3024,4032,6500791,-34.4743287,-70.93262,La Capilla,ground
6967ec764644523b2e554a78,/home/malezainia1/dev/INIA_DeepLearning_Ubuntu_mod_lleon/data/campo2_ene_2026/La Capilla/Celular/20260107_095608.jpg,20260107_095608.jpg,7.8835664,2.2021782,,3024,4032,6578980,-34.4743287,-70.93262,La Capilla,ground
6967ec764644523b2e554a79,/home/malezainia1/dev/INIA_DeepLearning_Ubuntu_mod_lleon/data/campo2_ene_2026/La Capilla/Celular/20260107_095611.jpg,20260107_095611.jpg,9.448491,5.241398,,3024,4032,6593000,-34.4743287,-70.93262,La Capilla,ground
6967ec764644523b2e554a7a,/home/malezainia1/dev/INIA_DeepLearning_Ubuntu_mod_lleon/data/campo2_ene_2026/La Capilla/Celular/20260107_095614.jpg,20260107_095614.jpg,8.4782715,2.4612849,,3024,4032,6558032,-34.4743287,-70.93262,La Capilla,ground
6967ec764644523b2e554a7b,/home/malezainia1/dev/INIA_DeepLearning_Ubuntu_mod_lleon/data/campo2_ene_2026/La Capilla/Celular/20260107_095616.jpg,20260107_095616.jpg,8.734444,2.6084158,,3024,4032,6455882,-34.4743287,-70.93262,La Capilla,ground
6967ec764644523b2e554a7c,/home/malezainia1/dev/INIA_DeepLearning_Ubuntu_mod_lleon/data/campo2_ene_2026/La Capilla/Celular/20260107_095620.jpg,20260107_095620.jpg,7.579346,4.331605,,3024,4032,6511533,-34.4743287,-70.93262,La Capilla,ground
6967ec764644523b2e554a7d,/home/malezainia1/dev/INIA_DeepLearning_Ubuntu_mod_lleon/data/campo2_ene_2026/La Capilla/Celular/20260107_095622.jpg,20260107_095622.jpg,8.109351,2.2272553,,3024,4032,6614539,-34.4743287,-70.93262,La Capilla,ground
6967ec764644523b2e554a7e,/home/malezainia1/dev/INIA_DeepLearning_Ubuntu_mod_lleon/data/campo2_ene_2026/La Capilla/Celular/20260107_095624.jpg,20260107_095624.jpg,9.501662,5.4152904,,3024,4032,6399417,-34.4743287,-70.93262,La Capilla,ground
6967ec764644523b2e554a7f,/home/malezainia1/dev/INIA_DeepLearning_Ubuntu_mod_lleon/data/campo2_ene_2026/La Capilla/Celular/20260107_095626.jpg,20260107_095626.jpg,9.727679,4.3097906,,3024,4032,6615761,-34.4743287,-70.93262,La Capilla,ground
6967ec764644523b2e554a80,/home/malezainia1/dev/INIA_DeepLearning_Ubuntu_mod_lleon/data/campo2_ene_2026/La Capilla/Celular/20260107_095629.jpg,20260107_095629.jpg,9.149509,3.8653352,,3024,4032,6447025,-34.4743287,-70.93262,La Capilla,ground
6967ec764644523b2e554a81,/home/malezainia1/dev/INIA_DeepLearning_Ubuntu_mod_lleon/data/campo2_ene_2026/La Capilla/Celular/20260107_095633.jpg,20260107_095633.jpg,9.734756,7.030844,,3024,4032,6251995,-34.4743287,-70.93262,La Capilla,ground
6967ec764644523b2e554a82,/home/malezainia1/dev/INIA_DeepLearning_Ubuntu_mod_lleon/data/campo2_ene_2026/La Capilla/Celular/20260107_095639.jpg,20260107_095639.jpg,7.473857,6.956224,,3024,4032,6439676,-34.4743287,-70.93262,La Capilla,ground
6967ec764644523b2e554a83,/home/malezainia1/dev/INIA_DeepLearning_Ubuntu_mod_lleon/data/campo2_ene_2026/La Capilla/Celular/20260107_095645.jpg,20260107_095645.jpg,9.817449,4.540785,,3024,4032,6059675,-34.4743287,-70.93262,La Capilla,ground
6967ec764644523b2e554a84,/home/malezainia1/dev/INIA_DeepLearning_Ubuntu_mod_lleon/data/campo2_ene_2026/La Capilla/Celular/20260107_095650.jpg,20260107_095650.jpg,8.2380495,2.2102993,,3024,4032,6876987,-34.4743287,-70.93262,La Capilla,ground
6967ec764644523b2e554a85,/home/malezainia1/dev/INIA_DeepLearning_Ubuntu_mod_lleon/data/campo2_ene_2026/La Capilla/Celular/20260107_095654.jpg,20260107_095654.jpg,8.301837,3.9152157,,3024,4032,6389953,-34.4743287,-70.93262,La Capilla,ground
6967ec764644523b2e554a86,/home/malezainia1/dev/INIA_DeepLearning_Ubuntu_mod_lleon/data/campo2_ene_2026/La Capilla/Celular/20260107_095657.jpg,20260107_095657.jpg,8.301118,2.435962,,3024,4032,6663812,-34.4743287,-70.93262,La Capilla,ground
6967ec764644523b2e554a87,/home/malezainia1/dev/INIA_DeepLearning_Ubuntu_mod_lleon/data/campo2_ene_2026/La Capilla/Celular/20260107_095701.jpg,20260107_095701.jpg,9.239558,4.8411684,,3024,4032,6665429,-34.4743287,-70.93262,La Capilla,ground
6967ec764644523b2e554a88,/home/malezainia1/dev/INIA_DeepLearning_Ubuntu_mod_lleon/data/campo2_ene_2026/La Capilla/Celular/20260107_095704.jpg,20260107_095704.jpg,8.332067,5.4269385,,3024,4032,6489295,-34.474329599722225,-70.9329728,La Capilla,ground
6967ec764644523b2e554a89,/home/malezainia1/dev/INIA_DeepLearning_Ubuntu_mod_lleon/data/campo2_ene_2026/La Capilla/Celular/20260107_095707.jpg,20260107_095707.jpg,9.313322,6.940769,,3024,4032,6188408,-34.474329599722225,-70.9329728,La Capilla,ground
6967ec764644523b2e554a8a,/home/malezainia1/dev/INIA_DeepLearning_Ubuntu_mod_lleon/data/campo2_ene_2026/La Capilla/Celular/20260107_095714.jpg,20260107_095714.jpg,9.293975,5.9326615,,3024,4032,6514826,-34.474329599722225,-70.9329728,La Capilla,ground
6967ec764644523b2e554a8b,/home/malezainia1/dev/INIA_DeepLearning_Ubuntu_mod_lleon/data/campo2_ene_2026/La Capilla/Celular/20260107_095716.jpg,20260107_095716.jpg,7.8346033,8.614704,,3024,4032,6313863,-34.474329599722225,-70.9329728,La Capilla,ground
6967ec764644523b2e554a8c,/home/malezainia1/dev/INIA_DeepLearning_Ubuntu_mod_lleon/data/campo2_ene_2026/La Capilla/Celular/20260107_095720.jpg,20260107_095720.jpg,6.3851686,7.836616,,3024,4032,6736122,-34.474329599722225,-70.9329728,La Capilla,ground
6967ec764644523b2e554a8d,/home/malezainia1/dev/INIA_DeepLearning_Ubuntu_mod_lleon/data/campo2_ene_2026/La Capilla/Celular/20260107_095722.jpg,20260107_095722.jpg,7.7131295,3.1046913,,3024,4032,6721246,-34.474329599722225,-70.9329728,La Capilla,ground
6967ec764644523b2e554a8e,/home/malezainia1/dev/INIA_DeepLearning_Ubuntu_mod_lleon/data/campo2_ene_2026/La Capilla/Celular/20260107_095724.jpg,20260107_095724.jpg,8.561039,5.044252,,3024,4032,6302711,-34.474329599722225,-70.9329728,La Capilla,ground
6967ec764644523b2e554a8f,/home/malezainia1/dev/INIA_DeepLearning_Ubuntu_mod_lleon/data/campo2_ene_2026/La Capilla/Celular/20260107_095727.jpg,20260107_095727.jpg,8.9727335,8.121787,,3024,4032,6346503,-34.474329599722225,-70.9329728,La Capilla,ground
6967ec764644523b2e554a90,/home/malezainia1/dev/INIA_DeepLearning_Ubuntu_mod_lleon/data/campo2_ene_2026/La Capilla/Celular/20260107_095729.jpg,20260107_095729.jpg,8.693199,3.6301453,,3024,4032,6289621,-34.474329599722225,-70.9329728,La Capilla,ground
6967ec764644523b2e554a91,/home/malezainia1/dev/INIA_DeepLearning_Ubuntu_mod_lleon/data/campo2_ene_2026/La Capilla/Celular/20260107_095731.jpg,20260107_095731.jpg,9.762205,6.860944,,3024,4032,5825394,-34.474329599722225,-70.9329728,La Capilla,ground
6967ec764644523b2e554a92,/home/malezainia1/dev/INIA_DeepLearning_Ubuntu_mod_lleon/data/campo2_ene_2026/La Capilla/Celular/20260107_095733.jpg,20260107_095733.jpg,8.707369,4.9535704,,3024,4032,6434618,-34.474329599722225,-70.9329728,La Capilla,ground
6967ec764644523b2e554a93,/home/malezainia1/dev/INIA_DeepLearning_Ubuntu_mod_lleon/data/campo2_ene_2026/La Capilla/Celular/20260107_095736.jpg,20260107_095736.jpg,7.960465,7.0541387,,3024,4032,6502751,-34.474329599722225,-70.9329728,La Capilla,ground
6967ec764644523b2e554a94,/home/malezainia1/dev/INIA_DeepLearning_Ubuntu_mod_lleon/data/campo2_ene_2026/La Capilla/Celular/20260107_095739.jpg,20260107_095739.jpg,9.53042,5.7506366,,3024,4032,6446910,-34.474329599722225,-70.9329728,La Capilla,ground
6967ec764644523b2e554a95,/home/malezainia1/dev/INIA_DeepLearning_Ubuntu_mod_lleon/data/campo2_ene_2026/La Capilla/Celular/20260107_095741.jpg,20260107_095741.jpg,6.9193897,8.4609585,,3024,4032,6110940,-34.474329599722225,-70.9329728,La Capilla,ground
6967ec764644523b2e554a96,/home/malezainia1/dev/INIA_DeepLearning_Ubuntu_mod_lleon/data/campo2_ene_2026/La Capilla/Celular/20260107_095743.jpg,20260107_095743.jpg,9.676819,5.0736384,,3024,4032,6139355,-34.474329599722225,-70.9329728,La Capilla,ground
6967ec764644523b2e554a97,/home/malezainia1/dev/INIA_DeepLearning_Ubuntu_mod_lleon/data/campo2_ene_2026/La Capilla/Celular/20260107_095746.jpg,20260107_095746.jpg,8.590859,5.231727,,3024,4032,6457344,-34.474329599722225,-70.9329728,La Capilla,ground
6967ec764644523b2e554a98,/home/malezainia1/dev/INIA_DeepLearning_Ubuntu_mod_lleon/data/campo2_ene_2026/La Capilla/Celular/20260107_095749.jpg,20260107_095749.jpg,6.607541,4.3922086,,3024,4032,6108105,-34.474329599722225,-70.9329728,La Capilla,ground
6967ec764644523b2e554a99,/home/malezainia1/dev/INIA_DeepLearning_Ubuntu_mod_lleon/data/campo2_ene_2026/La Capilla/Celular/20260107_095754.jpg,20260107_095754.jpg,8.702163,6.5890036,,3024,4032,6158661,-34.474329599722225,-70.9329728,La Capilla,ground
6967ec764644523b2e554a9a,/home/malezainia1/dev/INIA_DeepLearning_Ubuntu_mod_lleon/data/campo2_ene_2026/La Capilla/Celular/20260107_095756.jpg,20260107_095756.jpg,8.399355,3.8537376,,3024,4032,6518767,-34.474329599722225,-70.9329728,La Capilla,ground
6967ec764644523b2e554a9b,/home/malezainia1/dev/INIA_DeepLearning_Ubuntu_mod_lleon/data/campo2_ene_2026/La Capilla/Celular/20260107_095800.jpg,20260107_095800.jpg,9.306932,4.5408463,,3024,4032,6284410,-34.474329599722225,-70.9329728,La Capilla,ground
6967ec764644523b2e554a9c,/home/malezainia1/dev/INIA_DeepLearning_Ubuntu_mod_lleon/data/campo2_ene_2026/La Capilla/Celular/20260107_095803.jpg,20260107_095803.jpg,9.021428,7.147223,,3024,4032,6581926,-34.474329599722225,-70.9329728,La Capilla,ground
6967ec764644523b2e554a9d,/home/malezainia1/dev/INIA_DeepLearning_Ubuntu_mod_lleon/data/campo2_ene_2026/La Capilla/Celular/20260107_095807.jpg,20260107_095807.jpg,9.312454,5.5705895,,3024,4032,5904137,-34.474329599722225,-70.9329728,La Capilla,ground
6967ec764644523b2e554a9e,/home/malezainia1/dev/INIA_DeepLearning_Ubuntu_mod_lleon/data/campo2_ene_2026/La Capilla/Celular/20260107_095810.jpg,20260107_095810.jpg,9.0992565,3.073613,,3024,4032,6497910,-34.474329599722225,-70.9329728,La Capilla,ground
6967ec764644523b2e554a9f,/home/malezainia1/dev/INIA_DeepLearning_Ubuntu_mod_lleon/data/campo2_ene_2026/La Capilla/Celular/20260107_095814.jpg,20260107_095814.jpg,8.663992,3.5189931,,3024,4032,6705442,-34.474329599722225,-70.9329728,La Capilla,ground
6967ec764644523b2e554aa0,/home/malezainia1/dev/INIA_DeepLearning_Ubuntu_mod_lleon/data/campo2_ene_2026/La Capilla/Celular/20260107_095819.jpg,20260107_095819.jpg,10.00254,4.2325096,,3024,4032,6553110,-34.474329599722225,-70.9329728,La Capilla,ground
6967ec764644523b2e554aa1,/home/malezainia1/dev/INIA_DeepLearning_Ubuntu_mod_lleon/data/campo2_ene_2026/La Capilla/Celular/20260107_095822.jpg,20260107_095822.jpg,7.0123944,4.7915716,,3024,4032,6767336,-34.474329599722225,-70.9329728,La Capilla,ground
6967ec764644523b2e554aa2,/home/malezainia1/dev/INIA_DeepLearning_Ubuntu_mod_lleon/data/campo2_ene_2026/La Capilla/Celular/20260107_095825.jpg,20260107_095825.jpg,9.453203,3.5250163,,3024,4032,6636400,-34.474329599722225,-70.9329728,La Capilla,ground
6967ec764644523b2e554aa3,/home/malezainia1/dev/INIA_DeepLearning_Ubuntu_mod_lleon/data/campo2_ene_2026/La Capilla/Celular/20260107_095830.jpg,20260107_095830.jpg,9.339967,6.0018735,,3024,4032,6379086,-34.474329599722225,-70.9329728,La Capilla,ground
6967ec764644523b2e554aa4,/home/malezainia1/dev/INIA_DeepLearning_Ubuntu_mod_lleon/data/campo2_ene_2026/La Capilla/Celular/20260107_095833.jpg,20260107_095833.jpg,7.1067386,7.207405,,3024,4032,6556325,-34.474329599722225,-70.9329728,La Capilla,ground
6967ec764644523b2e554aa5,/home/malezainia1/dev/INIA_DeepLearning_Ubuntu_mod_lleon/data/campo2_ene_2026/La Capilla/Celular/20260107_095836.jpg,20260107_095836.jpg,9.354541,5.807501,,3024,4032,6588462,-34.474329599722225,-70.9329728,La Capilla,ground
6967ec764644523b2e554aa6,/home/malezainia1/dev/INIA_DeepLearning_Ubuntu_mod_lleon/data/campo2_ene_2026/La Capilla/Celular/20260107_095838.jpg,20260107_095838.jpg,6.8343015,4.0066786,,3024,4032,6598475,-34.474329599722225,-70.9329728,La Capilla,ground
6967ec764644523b2e554aa7,/home/malezainia1/dev/INIA_DeepLearning_Ubuntu_mod_lleon/data/campo2_ene_2026/La Capilla/Celular/20260107_095840.jpg,20260107_095840.jpg,9.069431,4.192417,,3024,4032,6269249,-34.474329599722225,-70.9329728,La Capilla,ground
6967ec764644523b2e554aa8,/home/malezainia1/dev/INIA_DeepLearning_Ubuntu_mod_lleon/data/campo2_ene_2026/La Capilla/Celular/20260107_095844.jpg,20260107_095844.jpg,7.600423,3.7788842,,3024,4032,6604525,-34.474329599722225,-70.9329728,La Capilla,ground
6967ec764644523b2e554aa9,/home/malezainia1/dev/INIA_DeepLearning_Ubuntu_mod_lleon/data/campo2_ene_2026/La Capilla/Celular/20260107_095848.jpg,20260107_095848.jpg,6.728607,8.966329,,3024,4032,6361929,-34.474329599722225,-70.9329728,La Capilla,ground
6967ec764644523b2e554aaa,/home/malezainia1/dev/INIA_DeepLearning_Ubuntu_mod_lleon/data/campo2_ene_2026/La Capilla/Celular/20260107_095851.jpg,20260107_095851.jpg,5.4786325,7.3610024,,3024,4032,6527198,-34.474329599722225,-70.9329728,La Capilla,ground
6967ec764644523b2e554aab,/home/malezainia1/dev/INIA_DeepLearning_Ubuntu_mod_lleon/data/campo2_ene_2026/La Capilla/Celular/20260107_095854.jpg,20260107_095854.jpg,7.6310687,8.430815,,3024,4032,6595894,-34.474329599722225,-70.9329728,La Capilla,ground
6967ec764644523b2e554aac,/home/malezainia1/dev/INIA_DeepLearning_Ubuntu_mod_lleon/data/campo2_ene_2026/La Capilla/Celular/20260107_095857.jpg,20260107_095857.jpg,9.251885,4.684437,,3024,4032,6540405,-34.474329599722225,-70.9329728,La Capilla,ground
6967ec764644523b2e554aad,/home/malezainia1/dev/INIA_DeepLearning_Ubuntu_mod_lleon/data/campo2_ene_2026/La Capilla/Celular/20260107_095859.jpg,20260107_095859.jpg,8.9307995,5.095809,,3024,4032,5728688,-34.474329599722225,-70.9329728,La Capilla,ground
6967ec764644523b2e554aae,/home/malezainia1/dev/INIA_DeepLearning_Ubuntu_mod_lleon/data/campo2_ene_2026/La Capilla/Celular/20260107_095903.jpg,20260107_095903.jpg,9.371131,4.203832,,3024,4032,5942407,-34.474329599722225,-70.9329728,La Capilla,ground
6967ec764644523b2e554aaf,/home/malezainia1/dev/INIA_DeepLearning_Ubuntu_mod_lleon/data/campo2_ene_2026/La Capilla/Celular/20260107_095906.jpg,20260107_095906.jpg,7.1412716,8.184034,,3024,4032,6587527,-34.474329599722225,-70.9329728,La Capilla,ground
6967ec764644523b2e554ab0,/home/malezainia1/dev/INIA_DeepLearning_Ubuntu_mod_lleon/data/campo2_ene_2026/La Capilla/Celular/20260107_095910.jpg,20260107_095910.jpg,9.149395,7.6038795,,3024,4032,6749630,-34.474329599722225,-70.9329728,La Capilla,ground
6967ec764644523b2e554ab1,/home/malezainia1/dev/INIA_DeepLearning_Ubuntu_mod_lleon/data/campo2_ene_2026/La Capilla/Celular/20260107_095912.jpg,20260107_095912.jpg,9.917588,4.813725,,3024,4032,6561819,-34.474329599722225,-70.9329728,La Capilla,ground
6967ec764644523b2e554ab2,/home/malezainia1/dev/INIA_DeepLearning_Ubuntu_mod_lleon/data/campo2_ene_2026/La Capilla/Celular/20260107_095915.jpg,20260107_095915.jpg,8.944535,7.5927997,,3024,4032,6442991,-34.474329599722225,-70.9329728,La Capilla,ground
6967ec764644523b2e554ab3,/home/malezainia1/dev/INIA_DeepLearning_Ubuntu_mod_lleon/data/campo2_ene_2026/La Capilla/Celular/20260107_095919.jpg,20260107_095919.jpg,8.456378,4.33657,,3024,4032,6424537,-34.474329599722225,-70.9329728,La Capilla,ground
6967ec764644523b2e554ab4,/home/malezainia1/dev/INIA_DeepLearning_Ubuntu_mod_lleon/data/campo2_ene_2026/La Capilla/Celular/20260107_095921.jpg,20260107_095921.jpg,6.7826114,7.4475393,,3024,4032,6616500,-34.474329599722225,-70.9329728,La Capilla,ground
6967ec764644523b2e554ab5,/home/malezainia1/dev/INIA_DeepLearning_Ubuntu_mod_lleon/data/campo2_ene_2026/La Capilla/Celular/20260107_095924.jpg,20260107_095924.jpg,6.5440764,8.860146,,3024,4032,6257203,-34.474329599722225,-70.9329728,La Capilla,ground
6967ec764644523b2e554ab6,/home/malezainia1/dev/INIA_DeepLearning_Ubuntu_mod_lleon/data/campo2_ene_2026/La Capilla/Celular/20260107_095927.jpg,20260107_095927.jpg,7.867718,8.0187,,3024,4032,6266733,-34.474329599722225,-70.9329728,La Capilla,ground
6967ec764644523b2e554ab7,/home/malezainia1/dev/INIA_DeepLearning_Ubuntu_mod_lleon/data/campo2_ene_2026/La Capilla/Celular/20260107_095930.jpg,20260107_095930.jpg,8.9055195,5.606956,,3024,4032,6605035,-34.474329599722225,-70.9329728,La Capilla,ground
6967ec764644523b2e554ab8,/home/malezainia1/dev/INIA_DeepLearning_Ubuntu_mod_lleon/data/campo2_ene_2026/La Capilla/Celular/20260107_095934.jpg,20260107_095934.jpg,7.7716064,2.9135544,,3024,4032,6698123,-34.474329599722225,-70.9329728,La Capilla,ground
6967ec764644523b2e554ab9,/home/malezainia1/dev/INIA_DeepLearning_Ubuntu_mod_lleon/data/campo2_ene_2026/La Capilla/Celular/20260107_095937.jpg,20260107_095937.jpg,9.881258,4.3154583,,3024,4032,6688338,-34.474329599722225,-70.9329728,La Capilla,ground
6967ec764644523b2e554aba,/home/malezainia1/dev/INIA_DeepLearning_Ubuntu_mod_lleon/data/campo2_ene_2026/La Capilla/Celular/20260107_095943.jpg,20260107_095943.jpg,8.946343,6.1285205,,3024,4032,5984742,-34.474329599722225,-70.9329728,La Capilla,ground
6967ec764644523b2e554abb,/home/malezainia1/dev/INIA_DeepLearning_Ubuntu_mod_lleon/data/campo2_ene_2026/La Capilla/Celular/20260107_095945.jpg,20260107_095945.jpg,8.717046,5.823449,,3024,4032,6377367,-34.474329599722225,-70.9329728,La Capilla,ground
6967ec764644523b2e554abc,/home/malezainia1/dev/INIA_DeepLearning_Ubuntu_mod_lleon/data/campo2_ene_2026/La Capilla/Celular/20260107_095948.jpg,20260107_095948.jpg,8.544328,5.496853,,3024,4032,5809035,-34.474329599722225,-70.9329728,La Capilla,ground
6967ec764644523b2e554abd,/home/malezainia1/dev/INIA_DeepLearning_Ubuntu_mod_lleon/data/campo2_ene_2026/La Capilla/Celular/20260107_095951.jpg,20260107_095951.jpg,9.809191,3.5523643,,3024,4032,6446231,-34.474329599722225,-70.9329728,La Capilla,ground
6967ec764644523b2e554abe,/home/malezainia1/dev/INIA_DeepLearning_Ubuntu_mod_lleon/data/campo2_ene_2026/La Capilla/Celular/20260107_095956.jpg,20260107_095956.jpg,7.3184094,6.8209996,,3024,4032,6133311,-34.474329599722225,-70.9329728,La Capilla,ground
6967ec764644523b2e554abf,/home/malezainia1/dev/INIA_DeepLearning_Ubuntu_mod_lleon/data/campo2_ene_2026/La Capilla/Celular/20260107_100002.jpg,20260107_100002.jpg,8.975201,5.6891828,,3024,4032,6424521,-34.474329599722225,-70.9329728,La Capilla,ground
6967ec764644523b2e554ac0,/home/malezainia1/dev/INIA_DeepLearning_Ubuntu_mod_lleon/data/campo2_ene_2026/La Capilla/Celular/20260107_100006.jpg,20260107_100006.jpg,7.680241,2.6484575,,3024,4032,6393456,-34.474329599722225,-70.9329728,La Capilla,ground
6967ec764644523b2e554ac1,/home/malezainia1/dev/INIA_DeepLearning_Ubuntu_mod_lleon/data/campo2_ene_2026/La Capilla/Celular/20260107_100010.jpg,20260107_100010.jpg,6.683114,8.929906,,3024,4032,6595669,-34.474329599722225,-70.9329728,La Capilla,ground
6967ec764644523b2e554ac2,/home/malezainia1/dev/INIA_DeepLearning_Ubuntu_mod_lleon/data/campo2_ene_2026/La Capilla/Celular/20260107_100013.jpg,20260107_100013.jpg,7.4130692,8.1420555,,3024,4032,6239451,-34.474329599722225,-70.9329728,La Capilla,ground
6967ec764644523b2e554ac3,/home/malezainia1/dev/INIA_DeepLearning_Ubuntu_mod_lleon/data/campo2_ene_2026/La Capilla/Celular/20260107_100018.jpg,20260107_100018.jpg,8.831065,4.9030995,,3024,4032,6221526,-34.474329599722225,-70.9329728,La Capilla,ground
6967ec764644523b2e554ac4,/home/malezainia1/dev/INIA_DeepLearning_Ubuntu_mod_lleon/data/campo2_ene_2026/La Capilla/Celular/20260107_100023.jpg,20260107_100023.jpg,7.7922683,7.956885,,3024,4032,6366802,-34.474329599722225,-70.9329728,La Capilla,ground
6967ec764644523b2e554ac5,/home/malezainia1/dev/INIA_DeepLearning_Ubuntu_mod_lleon/data/campo2_ene_2026/La Capilla/Celular/20260107_100033.jpg,20260107_100033.jpg,8.566554,2.8879955,,3024,4032,6380497,-34.474329599722225,-70.9329728,La Capilla,ground
6967ec764644523b2e554ac6,/home/malezainia1/dev/INIA_DeepLearning_Ubuntu_mod_lleon/data/campo2_ene_2026/La Capilla/Celular/20260107_100035.jpg,20260107_100035.jpg,8.868805,4.625702,,3024,4032,5993309,-34.474329599722225,-70.9329728,La Capilla,ground
6967ec764644523b2e554ac7,/home/malezainia1/dev/INIA_DeepLearning_Ubuntu_mod_lleon/data/campo2_ene_2026/La Capilla/Celular/20260107_100039.jpg,20260107_100039.jpg,6.7404733,2.615436,,3024,4032,6459068,-34.474329599722225,-70.9329728,La Capilla,ground
6967ec764644523b2e554ac8,/home/malezainia1/dev/INIA_DeepLearning_Ubuntu_mod_lleon/data/campo2_ene_2026/La Capilla/Celular/20260107_100043.jpg,20260107_100043.jpg,7.688369,4.4780993,,3024,4032,6106326,-34.474329599722225,-70.9329728,La Capilla,ground
6967ec764644523b2e554ac9,/home/malezainia1/dev/INIA_DeepLearning_Ubuntu_mod_lleon/data/campo2_ene_2026/La Capilla/Celular/20260107_100055.jpg,20260107_100055.jpg,9.135562,8.505438,,3024,4032,6286649,-34.474329599722225,-70.9329728,La Capilla,ground
6967ec764644523b2e554aca,/home/malezainia1/dev/INIA_DeepLearning_Ubuntu_mod_lleon/data/campo2_ene_2026/La Capilla/Celular/20260107_100101.jpg,20260107_100101.jpg,10.024916,7.038766,,3024,4032,6487069,-34.474329599722225,-70.9329728,La Capilla,ground
6967ec764644523b2e554acb,/home/malezainia1/dev/INIA_DeepLearning_Ubuntu_mod_lleon/data/campo2_ene_2026/La Capilla/Celular/20260107_100105.jpg,20260107_100105.jpg,9.278274,7.955556,,3024,4032,6387417,-34.474329599722225,-70.9329728,La Capilla,ground
6967ec764644523b2e554acc,/home/malezainia1/dev/INIA_DeepLearning_Ubuntu_mod_lleon/data/campo2_ene_2026/La Capilla/Celular/20260107_100109.jpg,20260107_100109.jpg,9.651244,5.6258407,,3024,4032,6511670,-34.474104599722224,-70.93391189972223,La Capilla,ground
6967ec764644523b2e554acd,/home/malezainia1/dev/INIA_DeepLearning_Ubuntu_mod_lleon/data/campo2_ene_2026/La Capilla/Celular/20260107_100114.jpg,20260107_100114.jpg,9.234578,8.048602,,3024,4032,5679362,-34.474107199722226,-70.9339578,La Capilla,ground
6967ec764644523b2e554ace,/home/malezainia1/dev/INIA_DeepLearning_Ubuntu_mod_lleon/data/campo2_ene_2026/La Capilla/Celular/20260107_100117.jpg,20260107_100117.jpg,9.774466,5.454153,,3024,4032,5689627,-34.474102199722225,-70.9339551,La Capilla,ground
6967ec764644523b2e554acf,/home/malezainia1/dev/INIA_DeepLearning_Ubuntu_mod_lleon/data/campo2_ene_2026/La Capilla/Celular/20260107_100122.jpg,20260107_100122.jpg,9.425752,7.1857047,,3024,4032,5937183,-34.4741026,-70.93399479972223,La Capilla,ground
6967ec764644523b2e554ad0,/home/malezainia1/dev/INIA_DeepLearning_Ubuntu_mod_lleon/data/campo2_ene_2026/La Capilla/Celular/20260107_100129.jpg,20260107_100129.jpg,7.55616,4.5872626,,3024,4032,6293207,-34.4741026,-70.93399479972223,La Capilla,ground
6967ec764644523b2e554ad1,/home/malezainia1/dev/INIA_DeepLearning_Ubuntu_mod_lleon/data/campo2_ene_2026/La Capilla/Celular/20260107_100134.jpg,20260107_100134.jpg,8.792617,8.3089695,,3024,4032,5586493,-34.4740862,-70.9340243,La Capilla,ground
6967ec764644523b2e554ad2,/home/malezainia1/dev/INIA_DeepLearning_Ubuntu_mod_lleon/data/campo2_ene_2026/La Capilla/Celular/20260107_100144.jpg,20260107_100144.jpg,6.562332,3.6255493,,3024,4032,6816289,-34.4740843,-70.93414479972222,La Capilla,ground
6967ec764644523b2e554ad3,/home/malezainia1/dev/INIA_DeepLearning_Ubuntu_mod_lleon/data/campo2_ene_2026/La Capilla/Celular/20260107_100147.jpg,20260107_100147.jpg,7.9452515,7.7388372,,3024,4032,6276248,-34.474083899722224,-70.93418189972222,La Capilla,ground
6967ec764644523b2e554ad4,/home/malezainia1/dev/INIA_DeepLearning_Ubuntu_mod_lleon/data/campo2_ene_2026/La Capilla/Celular/20260107_100152.jpg,20260107_100152.jpg,8.848342,8.198576,,3024,4032,6541919,-34.4740729,-70.9342228,La Capilla,ground
6967ec764644523b2e554ad5,/home/malezainia1/dev/INIA_DeepLearning_Ubuntu_mod_lleon/data/campo2_ene_2026/La Capilla/Celular/20260107_100159.jpg,20260107_100159.jpg,7.0030766,7.5970707,,3024,4032,6319739,-34.4740636,-70.9342555,La Capilla,ground
6967ec764644523b2e554ad6,/home/malezainia1/dev/INIA_DeepLearning_Ubuntu_mod_lleon/data/campo2_ene_2026/La Capilla/Celular/20260107_100202.jpg,20260107_100202.jpg,8.249417,8.302014,,3024,4032,6493590,-34.474060299722225,-70.9342702,La Capilla,ground
6967ec764644523b2e554ad7,/home/malezainia1/dev/INIA_DeepLearning_Ubuntu_mod_lleon/data/campo2_ene_2026/La Capilla/Celular/20260107_100204.jpg,20260107_100204.jpg,8.254937,5.332621,,3024,4032,6434896,-34.4740588,-70.93428029972223,La Capilla,ground
6967ec764644523b2e554ad8,/home/malezainia1/dev/INIA_DeepLearning_Ubuntu_mod_lleon/data/campo2_ene_2026/La Capilla/Celular/20260107_100207.jpg,20260107_100207.jpg,9.907312,7.469033,,3024,4032,5833058,-34.474058499722226,-70.9342835,La Capilla,ground
6967ec764644523b2e554ad9,/home/malezainia1/dev/INIA_DeepLearning_Ubuntu_mod_lleon/data/campo2_ene_2026/La Capilla/Celular/20260107_100210.jpg,20260107_100210.jpg,8.387649,8.489985,,3024,4032,6000529,-34.474052899722224,-70.9343018,La Capilla,ground
6967ec764644523b2e554ada,/home/malezainia1/dev/INIA_DeepLearning_Ubuntu_mod_lleon/data/campo2_ene_2026/La Capilla/Celular/20260107_100214.jpg,20260107_100214.jpg,9.837067,4.2458916,,3024,4032,6221138,-34.474052899722224,-70.9343211,La Capilla,ground
6967ec764644523b2e554adb,/home/malezainia1/dev/INIA_DeepLearning_Ubuntu_mod_lleon/data/campo2_ene_2026/La Capilla/Celular/20260107_100216.jpg,20260107_100216.jpg,8.061632,4.868683,,3024,4032,6030532,-34.4740516,-70.934331,La Capilla,ground
6967ec764644523b2e554adc,/home/malezainia1/dev/INIA_DeepLearning_Ubuntu_mod_lleon/data/campo2_ene_2026/La Capilla/Celular/20260107_100219.jpg,20260107_100219.jpg,9.283053,6.485822,,3024,4032,6335450,-34.47405129972223,-70.93433819972222,La Capilla,ground
6967ec764644523b2e554add,/home/malezainia1/dev/INIA_DeepLearning_Ubuntu_mod_lleon/data/campo2_ene_2026/La Capilla/Celular/20260107_100223.jpg,20260107_100223.jpg,8.617951,5.034961,,3024,4032,6117832,-34.474046899722225,-70.93435949972222,La Capilla,ground
6967ec764644523b2e554ade,/home/malezainia1/dev/INIA_DeepLearning_Ubuntu_mod_lleon/data/campo2_ene_2026/La Capilla/Celular/20260107_100227.jpg,20260107_100227.jpg,7.672723,7.223104,,3024,4032,6282552,-34.474045699722225,-70.934385,La Capilla,ground
6967ec764644523b2e554adf,/home/malezainia1/dev/INIA_DeepLearning_Ubuntu_mod_lleon/data/campo2_ene_2026/La Capilla/Celular/20260107_100230.jpg,20260107_100230.jpg,7.9091043,8.058735,,3024,4032,6599363,-34.47404459972223,-70.93439859972223,La Capilla,ground
6967ec764644523b2e554ae0,/home/malezainia1/dev/INIA_DeepLearning_Ubuntu_mod_lleon/data/campo2_ene_2026/La Capilla/Celular/20260107_100250.jpg,20260107_100250.jpg,8.63534,8.35774,,3024,4032,6244228,-34.47404459972223,-70.93439859972223,La Capilla,ground
6967ec764644523b2e554ae1,/home/malezainia1/dev/INIA_DeepLearning_Ubuntu_mod_lleon/data/campo2_ene_2026/La Capilla/Celular/20260107_100254.jpg,20260107_100254.jpg,9.958715,7.3219113,,3024,4032,6073537,-34.47404459972223,-70.93439859972223,La Capilla,ground
6967ec764644523b2e554ae2,/home/malezainia1/dev/INIA_DeepLearning_Ubuntu_mod_lleon/data/campo2_ene_2026/La Capilla/Celular/20260107_100257.jpg,20260107_100257.jpg,9.68589,7.193909,,3024,4032,6614459,-34.47404459972223,-70.93439859972223,La Capilla,ground
6967ec764644523b2e554ae3,/home/malezainia1/dev/INIA_DeepLearning_Ubuntu_mod_lleon/data/campo2_ene_2026/La Capilla/Celular/20260107_100300.jpg,20260107_100300.jpg,8.694427,8.843532,,3024,4032,6370660,-34.47404459972223,-70.93439859972223,La Capilla,ground
6967ec764644523b2e554ae4,/home/malezainia1/dev/INIA_DeepLearning_Ubuntu_mod_lleon/data/campo2_ene_2026/La Capilla/Celular/20260107_100307.jpg,20260107_100307.jpg,8.620383,8.973715,,3024,4032,5907072,-34.4740193,-70.9346579,La Capilla,ground
6967ec764644523b2e554ae5,/home/malezainia1/dev/INIA_DeepLearning_Ubuntu_mod_lleon/data/campo2_ene_2026/La Capilla/Celular/20260107_100312.jpg,20260107_100312.jpg,9.999838,6.410527,,3024,4032,6177211,-34.4740059,-70.9346503,La Capilla,ground
6967ec764644523b2e554ae6,/home/malezainia1/dev/INIA_DeepLearning_Ubuntu_mod_lleon/data/campo2_ene_2026/La Capilla/Celular/20260107_100318.jpg,20260107_100318.jpg,9.994505,3.9522896,,3024,4032,6690642,-34.4740059,-70.9346503,La Capilla,ground
6967ec764644523b2e554ae7,/home/malezainia1/dev/INIA_DeepLearning_Ubuntu_mod_lleon/data/campo2_ene_2026/La Capilla/Celular/20260107_100320.jpg,20260107_100320.jpg,9.375178,7.9683,,4032,3024,6296269,-34.4740059,-70.9346503,La Capilla,ground
6967ec764644523b2e554ae8,/home/malezainia1/dev/INIA_DeepLearning_Ubuntu_mod_lleon/data/campo2_ene_2026/La Capilla/Celular/20260107_100323.jpg,20260107_100323.jpg,6.978007,8.718426,,4032,3024,6577474,-34.4740059,-70.9346503,La Capilla,ground
6967ec764644523b2e554ae9,/home/malezainia1/dev/INIA_DeepLearning_Ubuntu_mod_lleon/data/campo2_ene_2026/La Capilla/Celular/20260107_100329.jpg,20260107_100329.jpg,7.427674,6.4655075,,4032,3024,5560438,-34.4740059,-70.9346503,La Capilla,ground
6967ec764644523b2e554aea,/home/malezainia1/dev/INIA_DeepLearning_Ubuntu_mod_lleon/data/campo2_ene_2026/La Capilla/Celular/20260107_100333.jpg,20260107_100333.jpg,8.883264,6.586778,,4032,3024,6460700,-34.4740059,-70.9346503,La Capilla,ground
6967ec764644523b2e554aeb,/home/malezainia1/dev/INIA_DeepLearning_Ubuntu_mod_lleon/data/campo2_ene_2026/La Capilla/Celular/20260107_100335.jpg,20260107_100335.jpg,9.173456,8.569405,,4032,3024,6507783,-34.4740059,-70.9346503,La Capilla,ground
6967ec764644523b2e554aec,/home/malezainia1/dev/INIA_DeepLearning_Ubuntu_mod_lleon/data/campo2_ene_2026/La Capilla/Celular/20260107_100337.jpg,20260107_100337.jpg,9.685559,5.459966,,4032,3024,6579586,-34.4740059,-70.9346503,La Capilla,ground
6967ec764644523b2e554aed,/home/malezainia1/dev/INIA_DeepLearning_Ubuntu_mod_lleon/data/campo2_ene_2026/La Capilla/Celular/20260107_100340.jpg,20260107_100340.jpg,9.3748865,7.8101516,,4032,3024,6350150,-34.4740059,-70.9346503,La Capilla,ground
6967ec764644523b2e554aee,/home/malezainia1/dev/INIA_DeepLearning_Ubuntu_mod_lleon/data/campo2_ene_2026/La Capilla/Celular/20260107_100349.jpg,20260107_100349.jpg,8.240703,6.3764176,,4032,3024,5807503,-34.4740059,-70.9346503,La Capilla,ground
6967ec764644523b2e554aef,/home/malezainia1/dev/INIA_DeepLearning_Ubuntu_mod_lleon/data/campo2_ene_2026/La Capilla/Celular/20260107_100353.jpg,20260107_100353.jpg,9.357728,5.236486,,4032,3024,6596050,-34.4740059,-70.9346503,La Capilla,ground
6967ec764644523b2e554af0,/home/malezainia1/dev/INIA_DeepLearning_Ubuntu_mod_lleon/data/campo2_ene_2026/La Capilla/Celular/20260107_100357.jpg,20260107_100357.jpg,10.079369,6.7780533,,4032,3024,5888807,-34.4740059,-70.9346503,La Capilla,ground
6967ec764644523b2e554af1,/home/malezainia1/dev/INIA_DeepLearning_Ubuntu_mod_lleon/data/campo2_ene_2026/La Capilla/Celular/20260107_100359.jpg,20260107_100359.jpg,9.9367285,6.6126704,,4032,3024,6414047,-34.4740059,-70.9346503,La Capilla,ground
6967ec764644523b2e554af2,/home/malezainia1/dev/INIA_DeepLearning_Ubuntu_mod_lleon/data/campo2_ene_2026/La Capilla/Celular/20260107_100406.jpg,20260107_100406.jpg,9.648826,3.49957,,4032,3024,6172456,-34.4740059,-70.9346503,La Capilla,ground
6967ec764644523b2e554af3,/home/malezainia1/dev/INIA_DeepLearning_Ubuntu_mod_lleon/data/campo2_ene_2026/La Capilla/Celular/20260107_100409.jpg,20260107_100409.jpg,9.272511,4.474188,,4032,3024,6109815,-34.4740059,-70.9346503,La Capilla,ground
6967ec764644523b2e554af4,/home/malezainia1/dev/INIA_DeepLearning_Ubuntu_mod_lleon/data/campo2_ene_2026/La Capilla/Celular/20260107_100411.jpg,20260107_100411.jpg,9.802492,3.647259,,4032,3024,6165381,-34.4740059,-70.9346503,La Capilla,ground
6967ec764644523b2e554af5,/home/malezainia1/dev/INIA_DeepLearning_Ubuntu_mod_lleon/data/campo2_ene_2026/La Capilla/Celular/20260107_100414.jpg,20260107_100414.jpg,8.516653,8.58088,,4032,3024,6435862,-34.4740059,-70.9346503,La Capilla,ground
6967ec764644523b2e554af6,/home/malezainia1/dev/INIA_DeepLearning_Ubuntu_mod_lleon/data/campo2_ene_2026/La Capilla/Celular/20260107_100418.jpg,20260107_100418.jpg,9.81992,7.3360357,,4032,3024,6511047,-34.4740059,-70.9346503,La Capilla,ground
6967ec764644523b2e554af7,/home/malezainia1/dev/INIA_DeepLearning_Ubuntu_mod_lleon/data/campo2_ene_2026/La Capilla/Celular/20260107_100422.jpg,20260107_100422.jpg,8.7434845,8.965834,,4032,3024,6334171,-34.4740059,-70.9346503,La Capilla,ground
6967ec764644523b2e554af8,/home/malezainia1/dev/INIA_DeepLearning_Ubuntu_mod_lleon/data/campo2_ene_2026/La Capilla/Celular/20260107_100427.jpg,20260107_100427.jpg,8.486161,9.05695,,4032,3024,6456250,-34.4740059,-70.9346503,La Capilla,ground
6967ec764644523b2e554af9,/home/malezainia1/dev/INIA_DeepLearning_Ubuntu_mod_lleon/data/campo2_ene_2026/La Capilla/Celular/20260107_100435.jpg,20260107_100435.jpg,8.432908,9.019965,,4032,3024,6243631,-34.4740059,-70.9346503,La Capilla,ground
6967ec764644523b2e554afa,/home/malezainia1/dev/INIA_DeepLearning_Ubuntu_mod_lleon/data/campo2_ene_2026/La Capilla/Celular/20260107_100456.jpg,20260107_100456.jpg,9.282602,8.408772,,3024,4032,6677186,,,La Capilla,ground
6967ec764644523b2e554afb,/home/malezainia1/dev/INIA_DeepLearning_Ubuntu_mod_lleon/data/campo2_ene_2026/La Capilla/Celular/20260107_100524.jpg,20260107_100524.jpg,6.4408374,8.846985,,4032,3024,5621328,,,La Capilla,ground
6967ec764644523b2e554afc,/home/malezainia1/dev/INIA_DeepLearning_Ubuntu_mod_lleon/data/campo2_ene_2026/La Capilla/Celular/20260107_100526.jpg,20260107_100526.jpg,6.551959,8.926334,,4032,3024,6708752,,,La Capilla,ground
6967ec764644523b2e554afd,/home/malezainia1/dev/INIA_DeepLearning_Ubuntu_mod_lleon/data/campo2_ene_2026/La Capilla/Celular/20260107_100532.jpg,20260107_100532.jpg,8.993405,8.573616,,4032,3024,6410149,,,La Capilla,ground
6967ec764644523b2e554afe,/home/malezainia1/dev/INIA_DeepLearning_Ubuntu_mod_lleon/data/campo2_ene_2026/La Capilla/Celular/20260107_100538.jpg,20260107_100538.jpg,7.771563,6.187273,,4032,3024,6376731,-34.473852399722226,-70.9355857,La Capilla,ground
6967ec764644523b2e554aff,/home/malezainia1/dev/INIA_DeepLearning_Ubuntu_mod_lleon/data/campo2_ene_2026/La Capilla/Celular/20260107_100549.jpg,20260107_100549.jpg,9.414501,7.480374,,4032,3024,5619030,-34.4738302,-70.93565909972223,La Capilla,ground
6967ec764644523b2e554b00,/home/malezainia1/dev/INIA_DeepLearning_Ubuntu_mod_lleon/data/campo2_ene_2026/La Capilla/Celular/20260107_100551.jpg,20260107_100551.jpg,8.479905,7.9776163,,4032,3024,5559551,-34.473827499722226,-70.93566669972222,La Capilla,ground
6967ec764644523b2e554b01,/home/malezainia1/dev/INIA_DeepLearning_Ubuntu_mod_lleon/data/campo2_ene_2026/La Capilla/Celular/20260107_100555.jpg,20260107_100555.jpg,7.9340897,9.01366,,4032,3024,5516965,-34.473827499722226,-70.93566669972222,La Capilla,ground
6967ec764644523b2e554b02,/home/malezainia1/dev/INIA_DeepLearning_Ubuntu_mod_lleon/data/campo2_ene_2026/La Capilla/Celular/20260107_100558.jpg,20260107_100558.jpg,9.836688,5.6585946,,4032,3024,6483556,-34.473827499722226,-70.93566669972222,La Capilla,ground
6967ec764644523b2e554b03,/home/malezainia1/dev/INIA_DeepLearning_Ubuntu_mod_lleon/data/campo2_ene_2026/La Capilla/Celular/20260107_100601.jpg,20260107_100601.jpg,9.915758,6.0258956,,4032,3024,6240853,-34.473827499722226,-70.93566669972222,La Capilla,ground
6967ec764644523b2e554b04,/home/malezainia1/dev/INIA_DeepLearning_Ubuntu_mod_lleon/data/campo2_ene_2026/La Capilla/Celular/20260107_100607.jpg,20260107_100607.jpg,9.567263,6.713112,,4032,3024,6462306,-34.4738083,-70.9357612,La Capilla,ground
6967ec764644523b2e554b05,/home/malezainia1/dev/INIA_DeepLearning_Ubuntu_mod_lleon/data/campo2_ene_2026/La Capilla/Celular/20260107_100611.jpg,20260107_100611.jpg,7.140732,9.036154,,4032,3024,6308522,-34.4738083,-70.9357674,La Capilla,ground
6967ec764644523b2e554b06,/home/malezainia1/dev/INIA_DeepLearning_Ubuntu_mod_lleon/data/campo2_ene_2026/La Capilla/Celular/20260107_100614.jpg,20260107_100614.jpg,9.103082,8.539563,,4032,3024,6270108,-34.4738088,-70.93577639972223,La Capilla,ground
6967ec764644523b2e554b07,/home/malezainia1/dev/INIA_DeepLearning_Ubuntu_mod_lleon/data/campo2_ene_2026/La Capilla/Celular/20260107_100618.jpg,20260107_100618.jpg,6.4504104,4.8623977,,4032,3024,6436411,-34.4738082,-70.93579859972223,La Capilla,ground
6967ec764644523b2e554b08,/home/malezainia1/dev/INIA_DeepLearning_Ubuntu_mod_lleon/data/campo2_ene_2026/La Capilla/Celular/20260107_100622.jpg,20260107_100622.jpg,9.540402,4.937751,,4032,3024,6535801,-34.47380689972223,-70.93581079972222,La Capilla,ground
6967ec764644523b2e554b09,/home/malezainia1/dev/INIA_DeepLearning_Ubuntu_mod_lleon/data/campo2_ene_2026/La Capilla/Celular/20260107_100633.jpg,20260107_100633.jpg,7.6539083,5.9461565,,4032,3024,6430883,-34.4737956,-70.93589339972223,La Capilla,ground
6967ec764644523b2e554b0a,/home/malezainia1/dev/INIA_DeepLearning_Ubuntu_mod_lleon/data/campo2_ene_2026/La Capilla/Celular/20260107_100642.jpg,20260107_100642.jpg,9.069438,8.430803,,4032,3024,6524084,-34.4737828,-70.9359696,La Capilla,ground
6967ec764644523b2e554b0b,/home/malezainia1/dev/INIA_DeepLearning_Ubuntu_mod_lleon/data/campo2_ene_2026/La Capilla/Celular/20260107_100647.jpg,20260107_100647.jpg,9.179288,6.405799,,4032,3024,6270038,-34.473781299722226,-70.9359869,La Capilla,ground
6967ec764644523b2e554b0c,/home/malezainia1/dev/INIA_DeepLearning_Ubuntu_mod_lleon/data/campo2_ene_2026/La Capilla/Celular/20260107_100649.jpg,20260107_100649.jpg,7.6068025,8.22738,,4032,3024,6506133,-34.4737822,-70.9359898,La Capilla,ground
6967ec764644523b2e554b0d,/home/malezainia1/dev/INIA_DeepLearning_Ubuntu_mod_lleon/data/campo2_ene_2026/La Capilla/Celular/20260107_100654.jpg,20260107_100654.jpg,8.9725065,8.472431,,4032,3024,6006703,-34.473773999722226,-70.936019,La Capilla,ground
6967ec764644523b2e554b0e,/home/malezainia1/dev/INIA_DeepLearning_Ubuntu_mod_lleon/data/campo2_ene_2026/La Capilla/Celular/20260107_100703.jpg,20260107_100703.jpg,9.350174,6.6243734,,4032,3024,6388328,-34.4737656,-70.93607059972223,La Capilla,ground
6967ec764644523b2e554b0f,/home/malezainia1/dev/INIA_DeepLearning_Ubuntu_mod_lleon/data/campo2_ene_2026/La Capilla/Celular/20260107_100708.jpg,20260107_100708.jpg,7.3403854,3.896418,,4032,3024,5870142,-34.4737547,-70.9360965,La Capilla,ground
6967ec764644523b2e554b10,/home/malezainia1/dev/INIA_DeepLearning_Ubuntu_mod_lleon/data/campo2_ene_2026/La Capilla/Celular/20260107_100712.jpg,20260107_100712.jpg,7.9475045,8.1500845,,4032,3024,6373132,-34.4737537,-70.93611249972223,La Capilla,ground
6967ec764644523b2e554b11,/home/malezainia1/dev/INIA_DeepLearning_Ubuntu_mod_lleon/data/campo2_ene_2026/La Capilla/Celular/20260107_100716.jpg,20260107_100716.jpg,8.718862,6.191395,,4032,3024,6591650,-34.473750799722225,-70.93614549972223,La Capilla,ground
6967ec764644523b2e554b12,/home/malezainia1/dev/INIA_DeepLearning_Ubuntu_mod_lleon/data/campo2_ene_2026/La Capilla/Celular/20260107_100720.jpg,20260107_100720.jpg,8.762866,6.674922,,4032,3024,6478038,-34.47374909972223,-70.936165,La Capilla,ground
6967ec764644523b2e554b13,/home/malezainia1/dev/INIA_DeepLearning_Ubuntu_mod_lleon/data/campo2_ene_2026/La Capilla/Celular/20260107_100723.jpg,20260107_100723.jpg,9.498336,7.1141777,,4032,3024,6288723,-34.4737494,-70.9361698,La Capilla,ground
6967ec764644523b2e554b14,/home/malezainia1/dev/INIA_DeepLearning_Ubuntu_mod_lleon/data/campo2_ene_2026/La Capilla/Celular/20260107_100726.jpg,20260107_100726.jpg,7.8078723,8.723546,,4032,3024,6497683,-34.473741699722225,-70.9361939,La Capilla,ground
6967ec764644523b2e554b15,/home/malezainia1/dev/INIA_DeepLearning_Ubuntu_mod_lleon/data/campo2_ene_2026/La Capilla/Celular/20260107_100729.jpg,20260107_100729.jpg,8.834477,8.172495,,3024,4032,6359893,-34.4737433,-70.93620149972223,La Capilla,ground
6967ec764644523b2e554b16,/home/malezainia1/dev/INIA_DeepLearning_Ubuntu_mod_lleon/data/campo2_ene_2026/La Capilla/Celular/20260107_100732.jpg,20260107_100732.jpg,9.058455,6.206701,,3024,4032,6299612,-34.4737415,-70.9362126,La Capilla,ground
6967ec764644523b2e554b17,/home/malezainia1/dev/INIA_DeepLearning_Ubuntu_mod_lleon/data/campo2_ene_2026/La Capilla/Celular/20260107_100735.jpg,20260107_100735.jpg,8.77902,8.712816,,3024,4032,5492165,-34.473739199722225,-70.93621989972223,La Capilla,ground
6967ec764644523b2e554b18,/home/malezainia1/dev/INIA_DeepLearning_Ubuntu_mod_lleon/data/campo2_ene_2026/La Capilla/Celular/20260107_100740.jpg,20260107_100740.jpg,7.681795,8.315869,,3024,4032,6616773,-34.473733099722224,-70.93626109972223,La Capilla,ground
6967ec764644523b2e554b19,/home/malezainia1/dev/INIA_DeepLearning_Ubuntu_mod_lleon/data/campo2_ene_2026/La Capilla/Celular/20260107_100746.jpg,20260107_100746.jpg,7.6775994,8.746313,,3024,4032,5880281,-34.4737279,-70.93629919972223,La Capilla,ground
6967ec764644523b2e554b1a,/home/malezainia1/dev/INIA_DeepLearning_Ubuntu_mod_lleon/data/campo2_ene_2026/La Capilla/Celular/20260107_100750.jpg,20260107_100750.jpg,6.8193192,7.0929356,,3024,4032,6211881,-34.473720999722225,-70.93633289972223,La Capilla,ground
6967ec764644523b2e554b1b,/home/malezainia1/dev/INIA_DeepLearning_Ubuntu_mod_lleon/data/campo2_ene_2026/La Capilla/Celular/20260107_100801.jpg,20260107_100801.jpg,8.926445,8.259482,,3024,4032,6193703,-34.4737201,-70.9363503,La Capilla,ground
6967ec764644523b2e554b1c,/home/malezainia1/dev/INIA_DeepLearning_Ubuntu_mod_lleon/data/campo2_ene_2026/La Capilla/Celular/20260107_100809.jpg,20260107_100809.jpg,9.182543,6.2828894,,3024,4032,6298966,-34.473711299722225,-70.93639589972223,La Capilla,ground
6967ec764644523b2e554b1d,/home/malezainia1/dev/INIA_DeepLearning_Ubuntu_mod_lleon/data/campo2_ene_2026/La Capilla/Celular/20260107_100810.jpg,20260107_100810.jpg,7.5893025,4.405761,,3024,4032,5910642,-34.4737117,-70.936412,La Capilla,ground
6967ec764644523b2e554b1e,/home/malezainia1/dev/INIA_DeepLearning_Ubuntu_mod_lleon/data/campo2_ene_2026/La Capilla/Celular/20260107_100814.jpg,20260107_100814.jpg,8.50615,4.378957,,3024,4032,5961180,-34.473703299722224,-70.93642859972222,La Capilla,ground
6967ec764644523b2e554b1f,/home/malezainia1/dev/INIA_DeepLearning_Ubuntu_mod_lleon/data/campo2_ene_2026/La Capilla/Celular/20260107_100816.jpg,20260107_100816.jpg,9.300122,7.904134,,3024,4032,6586189,-34.4736995,-70.9364506,La Capilla,ground
6967ec764644523b2e554b20,/home/malezainia1/dev/INIA_DeepLearning_Ubuntu_mod_lleon/data/campo2_ene_2026/La Capilla/Celular/20260107_100821.jpg,20260107_100821.jpg,9.752189,6.5715184,,3024,4032,6443798,-34.4736983,-70.93647219972223,La Capilla,ground
6967ec764644523b2e554b21,/home/malezainia1/dev/INIA_DeepLearning_Ubuntu_mod_lleon/data/campo2_ene_2026/La Capilla/Celular/20260107_100825.jpg,20260107_100825.jpg,8.747258,8.985563,,3024,4032,6009009,-34.4736965,-70.93650859972223,La Capilla,ground
6967ec764644523b2e554b22,/home/malezainia1/dev/INIA_DeepLearning_Ubuntu_mod_lleon/data/campo2_ene_2026/La Capilla/Celular/20260107_100826.jpg,20260107_100826.jpg,10.015313,3.830597,,3024,4032,6105508,-34.4736965,-70.93650859972223,La Capilla,ground
6967ec764644523b2e554b23,/home/malezainia1/dev/INIA_DeepLearning_Ubuntu_mod_lleon/data/campo2_ene_2026/La Capilla/Celular/20260107_100830.jpg,20260107_100830.jpg,8.712649,6.467455,,3024,4032,6238112,-34.4736935,-70.93653329972223,La Capilla,ground
6967ec764644523b2e554b24,/home/malezainia1/dev/INIA_DeepLearning_Ubuntu_mod_lleon/data/campo2_ene_2026/La Capilla/Celular/20260107_100833.jpg,20260107_100833.jpg,8.663867,4.3353896,,3024,4032,5610343,-34.4736929,-70.93653439972222,La Capilla,ground
6967ec764644523b2e554b25,/home/malezainia1/dev/INIA_DeepLearning_Ubuntu_mod_lleon/data/campo2_ene_2026/La Capilla/Celular/20260107_100835.jpg,20260107_100835.jpg,9.841016,6.907636,,3024,4032,6498121,-34.473685,-70.93655449972222,La Capilla,ground
6967ec764644523b2e554b26,/home/malezainia1/dev/INIA_DeepLearning_Ubuntu_mod_lleon/data/campo2_ene_2026/La Capilla/Celular/20260107_100842.jpg,20260107_100842.jpg,9.375154,6.5970783,,3024,4032,5740219,-34.4736795,-70.9366054,La Capilla,ground
6967ec764644523b2e554b27,/home/malezainia1/dev/INIA_DeepLearning_Ubuntu_mod_lleon/data/campo2_ene_2026/La Capilla/Celular/20260107_100849.jpg,20260107_100849.jpg,7.973601,8.496378,,3024,4032,6538234,-34.473669299722225,-70.9366523,La Capilla,ground
6967ec764644523b2e554b28,/home/malezainia1/dev/INIA_DeepLearning_Ubuntu_mod_lleon/data/campo2_ene_2026/La Capilla/Celular/20260107_100855.jpg,20260107_100855.jpg,9.805057,6.6159363,,3024,4032,6488505,-34.4736659,-70.9366883,La Capilla,ground
6967ec764644523b2e554b29,/home/malezainia1/dev/INIA_DeepLearning_Ubuntu_mod_lleon/data/campo2_ene_2026/La Capilla/Celular/20260107_100916.jpg,20260107_100916.jpg,8.79284,8.909129,,3024,4032,6067028,-34.4736525,-70.9367936,La Capilla,ground
6967ec764644523b2e554b2a,/home/malezainia1/dev/INIA_DeepLearning_Ubuntu_mod_lleon/data/campo2_ene_2026/La Capilla/Celular/20260107_100919.jpg,20260107_100919.jpg,9.168285,8.117454,,3024,4032,6455336,-34.4736526,-70.936794,La Capilla,ground
