sample_id,filepath,filename,umap_x,umap_y,tags,width,height,size_bytes,latitude,longitude,site,camera_type
6967eca04644523b2e55519e,/home/malezainia1/dev/INIA_DeepLearning_Ubuntu_mod_lleon/data/Campo3_enero26/Apalta/Celular/IMG_2003.HEIC,IMG_2003.HEIC,7.206737518310547,5.032449722290039,,3024,4032,2544078,-34.47427777777778,-70.95308055555556,Apalta,ground
6967eca04644523b2e55519f,/home/malezainia1/dev/INIA_DeepLearning_Ubuntu_mod_lleon/data/Campo3_enero26/Apalta/Celular/IMG_2004.HEIC,IMG_2004.HEIC,7.09865140914917,4.9376983642578125,,3024,4032,2623047,-34.474269444444445,-70.95301944444445,Apalta,ground
6967eca04644523b2e5551a0,/home/malezainia1/dev/INIA_DeepLearning_Ubuntu_mod_lleon/data/Campo3_enero26/Apalta/Celular/IMG_2005.HEIC,IMG_2005.HEIC,7.188511848449707,4.99344539642334,,3024,4032,2908927,-34.47428611111111,-70.95299444444444,Apalta,ground
6967eca04644523b2e5551a1,/home/malezainia1/dev/INIA_DeepLearning_Ubuntu_mod_lleon/data/Campo3_enero26/Apalta/Celular/IMG_2006.HEIC,IMG_2006.HEIC,7.103650093078613,4.903805732727051,,3024,4032,1956565,-34.474297222222226,-70.95296388888889,Apalta,ground
6967eca04644523b2e5551a2,/home/malezainia1/dev/INIA_DeepLearning_Ubuntu_mod_lleon/data/Campo3_enero26/Apalta/Celular/IMG_2007.HEIC,IMG_2007.HEIC,7.105760097503662,4.910051345825195,,3024,4032,2246279,-34.47428888888889,-70.95295833333334,Apalta,ground
6967eca04644523b2e5551a3,/home/malezainia1/dev/INIA_DeepLearning_Ubuntu_mod_lleon/data/Campo3_enero26/Apalta/Celular/IMG_2008.HEIC,IMG_2008.HEIC,7.141071319580078,4.941502094268799,,3024,4032,2036407,-34.47431666666667,-70.95292777777777,Apalta,ground
6967eca04644523b2e5551a4,/home/malezainia1/dev/INIA_DeepLearning_Ubuntu_mod_lleon/data/Campo3_enero26/Apalta/Celular/IMG_2009.HEIC,IMG_2009.HEIC,7.185855388641357,4.950715065002441,,3024,4032,2228833,-34.47431666666667,-70.95290277777778,Apalta,ground
6967eca04644523b2e5551a5,/home/malezainia1/dev/INIA_DeepLearning_Ubuntu_mod_lleon/data/Campo3_enero26/Apalta/Celular/IMG_2010.HEIC,IMG_2010.HEIC,7.179022312164307,4.8442158699035645,,3024,4032,2069455,-34.47431944444445,-70.95291111111112,Apalta,ground
6967eca04644523b2e5551a6,/home/malezainia1/dev/INIA_DeepLearning_Ubuntu_mod_lleon/data/Campo3_enero26/Apalta/Celular/IMG_2011.HEIC,IMG_2011.HEIC,3.133963108062744,4.345848083496094,,3024,4032,2208255,-34.47433055555556,-70.95287222222223,Apalta,ground
6967eca04644523b2e5551a7,/home/malezainia1/dev/INIA_DeepLearning_Ubuntu_mod_lleon/data/Campo3_enero26/Apalta/Celular/IMG_2012.HEIC,IMG_2012.HEIC,6.725003242492676,4.892295837402344,,3024,4032,2942180,-34.474333333333334,-70.95285,Apalta,ground
6967eca04644523b2e5551a8,/home/malezainia1/dev/INIA_DeepLearning_Ubuntu_mod_lleon/data/Campo3_enero26/Apalta/Celular/IMG_2013.HEIC,IMG_2013.HEIC,7.174484729766846,4.964522361755371,,3024,4032,2110773,-34.47435,-70.95281111111112,Apalta,ground
6967eca04644523b2e5551a9,/home/malezainia1/dev/INIA_DeepLearning_Ubuntu_mod_lleon/data/Campo3_enero26/Apalta/Celular/IMG_2014.HEIC,IMG_2014.HEIC,7.135064125061035,4.867672443389893,,3024,4032,2011938,-34.47435,-70.95280555555556,Apalta,ground
6967eca04644523b2e5551aa,/home/malezainia1/dev/INIA_DeepLearning_Ubuntu_mod_lleon/data/Campo3_enero26/Apalta/Celular/IMG_2015.HEIC,IMG_2015.HEIC,7.236025810241699,5.01857328414917,,3024,4032,2518791,-34.474361111111115,-70.95274444444445,Apalta,ground
6967eca04644523b2e5551ab,/home/malezainia1/dev/INIA_DeepLearning_Ubuntu_mod_lleon/data/Campo3_enero26/Apalta/Celular/IMG_2016.HEIC,IMG_2016.HEIC,7.059250831604004,4.931020259857178,,3024,4032,2176962,-34.47436944444445,-70.95274444444445,Apalta,ground
6967eca04644523b2e5551ac,/home/malezainia1/dev/INIA_DeepLearning_Ubuntu_mod_lleon/data/Campo3_enero26/Apalta/Celular/IMG_2017.HEIC,IMG_2017.HEIC,7.191440582275391,4.872246265411377,,3024,4032,2049614,-34.47437777777778,-70.95272777777778,Apalta,ground
6967eca04644523b2e5551ad,/home/malezainia1/dev/INIA_DeepLearning_Ubuntu_mod_lleon/data/Campo3_enero26/Apalta/Celular/IMG_2018.HEIC,IMG_2018.HEIC,7.246108531951904,5.014812469482422,,3024,4032,2441675,-34.474380555555555,-70.95271944444444,Apalta,ground
6967eca04644523b2e5551ae,/home/malezainia1/dev/INIA_DeepLearning_Ubuntu_mod_lleon/data/Campo3_enero26/Apalta/Celular/IMG_2019.HEIC,IMG_2019.HEIC,7.176691055297852,4.965729713439941,,3024,4032,2298016,-34.47439166666667,-70.952675,Apalta,ground
6967eca04644523b2e5551af,/home/malezainia1/dev/INIA_DeepLearning_Ubuntu_mod_lleon/data/Campo3_enero26/Apalta/Celular/IMG_2020.HEIC,IMG_2020.HEIC,7.166010856628418,4.932249069213867,,3024,4032,2965607,-34.47439444444445,-70.952675,Apalta,ground
6967eca04644523b2e5551b0,/home/malezainia1/dev/INIA_DeepLearning_Ubuntu_mod_lleon/data/Campo3_enero26/Apalta/Celular/IMG_2021.HEIC,IMG_2021.HEIC,7.145501136779785,4.998780250549316,,3024,4032,2493922,-34.47439444444445,-70.95265277777779,Apalta,ground
6967eca04644523b2e5551b1,/home/malezainia1/dev/INIA_DeepLearning_Ubuntu_mod_lleon/data/Campo3_enero26/Apalta/Celular/IMG_2022.HEIC,IMG_2022.HEIC,7.087076663970947,4.946488857269287,,3024,4032,2462983,-34.47440277777778,-70.95261388888889,Apalta,ground
6967eca04644523b2e5551b2,/home/malezainia1/dev/INIA_DeepLearning_Ubuntu_mod_lleon/data/Campo3_enero26/Apalta/Celular/IMG_4455.HEIC,IMG_4455.HEIC,6.771675109863281,2.396439552307129,,3024,4032,3102289,-34.410041666666665,-70.90821111111111,Apalta,ground
6967eca04644523b2e5551b3,/home/malezainia1/dev/INIA_DeepLearning_Ubuntu_mod_lleon/data/Campo3_enero26/Apalta/Celular/IMG_4456.HEIC,IMG_4456.HEIC,6.975307941436768,4.489168643951416,,3024,4032,2903392,-34.40980833333333,-70.90755555555556,Apalta,ground
6967eca04644523b2e5551b4,/home/malezainia1/dev/INIA_DeepLearning_Ubuntu_mod_lleon/data/Campo3_enero26/Apalta/Celular/IMG_4457.HEIC,IMG_4457.HEIC,6.603002071380615,1.8277060985565186,,3024,4032,3058622,-34.409794444444444,-70.90768333333334,Apalta,ground
6967eca04644523b2e5551b5,/home/malezainia1/dev/INIA_DeepLearning_Ubuntu_mod_lleon/data/Campo3_enero26/Apalta/Celular/IMG_4458.HEIC,IMG_4458.HEIC,6.238802909851074,1.6958717107772827,,3024,4032,2606668,-34.409794444444444,-70.9077,Apalta,ground
6967eca04644523b2e5551b6,/home/malezainia1/dev/INIA_DeepLearning_Ubuntu_mod_lleon/data/Campo3_enero26/Apalta/Celular/IMG_4459.HEIC,IMG_4459.HEIC,6.737924575805664,2.196514368057251,,3024,4032,3197755,-34.40980555555556,-70.90769166666668,Apalta,ground
6967eca04644523b2e5551b7,/home/malezainia1/dev/INIA_DeepLearning_Ubuntu_mod_lleon/data/Campo3_enero26/Apalta/Celular/IMG_4460.HEIC,IMG_4460.HEIC,7.890913963317871,2.305206060409546,,3024,4032,2785143,-34.40978888888889,-70.90769166666668,Apalta,ground
6967eca04644523b2e5551b8,/home/malezainia1/dev/INIA_DeepLearning_Ubuntu_mod_lleon/data/Campo3_enero26/Apalta/Celular/IMG_4461.HEIC,IMG_4461.HEIC,6.541448593139648,1.8368322849273682,,3024,4032,3450492,-34.40819444444444,-70.90807222222223,Apalta,ground
6967eca04644523b2e5551b9,/home/malezainia1/dev/INIA_DeepLearning_Ubuntu_mod_lleon/data/Campo3_enero26/Apalta/Celular/IMG_4462.HEIC,IMG_4462.HEIC,7.27302885055542,1.0265008211135864,,3024,4032,3445386,-34.40841388888889,-70.9082638888889,Apalta,ground
6967eca04644523b2e5551ba,/home/malezainia1/dev/INIA_DeepLearning_Ubuntu_mod_lleon/data/Campo3_enero26/Apalta/Celular/IMG_4463.HEIC,IMG_4463.HEIC,6.381494998931885,1.67635178565979,,3024,4032,3448320,-34.408408333333334,-70.90828611111111,Apalta,ground
6967eca04644523b2e5551bb,/home/malezainia1/dev/INIA_DeepLearning_Ubuntu_mod_lleon/data/Campo3_enero26/Apalta/Celular/IMG_4464.HEIC,IMG_4464.HEIC,5.902878284454346,1.7154700756072998,,3024,4032,3674155,-34.408425,-70.90827222222222,Apalta,ground
6967eca04644523b2e5551bc,/home/malezainia1/dev/INIA_DeepLearning_Ubuntu_mod_lleon/data/Campo3_enero26/Apalta/Celular/IMG_4465.HEIC,IMG_4465.HEIC,6.851711750030518,2.2819337844848633,,3024,4032,3921602,-34.40845,-70.908225,Apalta,ground
6967eca04644523b2e5551bd,/home/malezainia1/dev/INIA_DeepLearning_Ubuntu_mod_lleon/data/Campo3_enero26/Apalta/Celular/IMG_4466.HEIC,IMG_4466.HEIC,7.028411388397217,2.131120443344116,,3024,4032,3435237,-34.40849166666666,-70.90811111111111,Apalta,ground
6967eca04644523b2e5551be,/home/malezainia1/dev/INIA_DeepLearning_Ubuntu_mod_lleon/data/Campo3_enero26/Apalta/Celular/IMG_4467.HEIC,IMG_4467.HEIC,6.011785984039307,1.8437601327896118,,3024,4032,3335873,-34.40855,-70.90792222222223,Apalta,ground
6967eca04644523b2e5551bf,/home/malezainia1/dev/INIA_DeepLearning_Ubuntu_mod_lleon/data/Campo3_enero26/Apalta/Celular/IMG_4468.HEIC,IMG_4468.HEIC,6.255290508270264,1.9001121520996094,,3024,4032,3359196,-34.40854722222222,-70.90790555555556,Apalta,ground
6967eca04644523b2e5551c0,/home/malezainia1/dev/INIA_DeepLearning_Ubuntu_mod_lleon/data/Campo3_enero26/Apalta/Celular/IMG_4469.HEIC,IMG_4469.HEIC,6.811607837677002,1.51298987865448,,3024,4032,3370298,-34.40856111111111,-70.90789166666667,Apalta,ground
6967eca04644523b2e5551c1,/home/malezainia1/dev/INIA_DeepLearning_Ubuntu_mod_lleon/data/Campo3_enero26/Apalta/Celular/IMG_4470.HEIC,IMG_4470.HEIC,6.618902206420898,1.1544406414031982,,3024,4032,3259341,-34.40857777777778,-70.90784444444445,Apalta,ground
6967eca04644523b2e5551c2,/home/malezainia1/dev/INIA_DeepLearning_Ubuntu_mod_lleon/data/Campo3_enero26/Apalta/Celular/IMG_4471.HEIC,IMG_4471.HEIC,6.7820539474487305,1.7044464349746704,,3024,4032,3791196,-34.408591666666666,-70.90779166666667,Apalta,ground
6967eca04644523b2e5551c3,/home/malezainia1/dev/INIA_DeepLearning_Ubuntu_mod_lleon/data/Campo3_enero26/Apalta/Celular/IMG_4472.HEIC,IMG_4472.HEIC,3.9069809913635254,1.8790442943572998,,3024,4032,3444362,-34.4086,-70.90775277777779,Apalta,ground
6967eca04644523b2e5551c4,/home/malezainia1/dev/INIA_DeepLearning_Ubuntu_mod_lleon/data/Campo3_enero26/Apalta/Celular/IMG_4473.HEIC,IMG_4473.HEIC,7.838675498962402,2.302610158920288,,3024,4032,3829150,-34.4086,-70.90775277777779,Apalta,ground
6967eca04644523b2e5551c5,/home/malezainia1/dev/INIA_DeepLearning_Ubuntu_mod_lleon/data/Campo3_enero26/Apalta/Celular/IMG_4474.HEIC,IMG_4474.HEIC,6.3389668464660645,2.478450298309326,,3024,4032,3838338,-34.40860277777777,-70.90772222222223,Apalta,ground
6967eca04644523b2e5551c6,/home/malezainia1/dev/INIA_DeepLearning_Ubuntu_mod_lleon/data/Campo3_enero26/Apalta/Celular/IMG_4475.HEIC,IMG_4475.HEIC,5.893459320068359,1.6574053764343262,,3024,4032,3798544,-34.40860277777777,-70.90770833333333,Apalta,ground
6967eca04644523b2e5551c7,/home/malezainia1/dev/INIA_DeepLearning_Ubuntu_mod_lleon/data/Campo3_enero26/Apalta/Celular/IMG_4476.HEIC,IMG_4476.HEIC,6.572143077850342,1.790450096130371,,3024,4032,3486550,-34.40863888888889,-70.90763055555556,Apalta,ground
6967eca04644523b2e5551c8,/home/malezainia1/dev/INIA_DeepLearning_Ubuntu_mod_lleon/data/Campo3_enero26/Apalta/Celular/IMG_4477.HEIC,IMG_4477.HEIC,6.322442531585693,1.732024908065796,,3024,4032,3463703,-34.40868333333333,-70.90747777777779,Apalta,ground
6967eca04644523b2e5551c9,/home/malezainia1/dev/INIA_DeepLearning_Ubuntu_mod_lleon/data/Campo3_enero26/Apalta/Celular/IMG_4478.HEIC,IMG_4478.HEIC,6.431624412536621,1.8384350538253784,,3024,4032,3550250,-34.40868888888889,-70.90747777777779,Apalta,ground
6967eca04644523b2e5551ca,/home/malezainia1/dev/INIA_DeepLearning_Ubuntu_mod_lleon/data/Campo3_enero26/Apalta/Celular/IMG_4479.HEIC,IMG_4479.HEIC,6.305980682373047,1.6379956007003784,,3024,4032,3331613,-34.40868333333333,-70.9074638888889,Apalta,ground
6967eca04644523b2e5551cb,/home/malezainia1/dev/INIA_DeepLearning_Ubuntu_mod_lleon/data/Campo3_enero26/Apalta/Celular/IMG_4480.HEIC,IMG_4480.HEIC,5.824059009552002,1.5222433805465698,,4032,3024,3505770,-34.40875277777778,-70.90726388888889,Apalta,ground
6967eca04644523b2e5551cc,/home/malezainia1/dev/INIA_DeepLearning_Ubuntu_mod_lleon/data/Campo3_enero26/Apalta/Celular/IMG_4481.HEIC,IMG_4481.HEIC,3.641514778137207,4.169276237487793,,4032,3024,3433201,-34.40875277777778,-70.90725833333335,Apalta,ground
6967eca04644523b2e5551cd,/home/malezainia1/dev/INIA_DeepLearning_Ubuntu_mod_lleon/data/Campo3_enero26/Apalta/Celular/IMG_4482.HEIC,IMG_4482.HEIC,6.5012969970703125,2.000920057296753,,3024,4032,3628178,-34.40880833333333,-70.90705833333334,Apalta,ground
6967eca04644523b2e5551ce,/home/malezainia1/dev/INIA_DeepLearning_Ubuntu_mod_lleon/data/Campo3_enero26/Apalta/Celular/IMG_4483.HEIC,IMG_4483.HEIC,7.871327877044678,2.2869155406951904,,3024,4032,3467984,-34.408825,-70.9070138888889,Apalta,ground
6967eca04644523b2e5551cf,/home/malezainia1/dev/INIA_DeepLearning_Ubuntu_mod_lleon/data/Campo3_enero26/Apalta/Celular/IMG_4484.HEIC,IMG_4484.HEIC,6.473916530609131,0.9178678393363953,,3024,4032,3386293,-34.40883611111111,-70.90695833333334,Apalta,ground
6967eca04644523b2e5551d0,/home/malezainia1/dev/INIA_DeepLearning_Ubuntu_mod_lleon/data/Campo3_enero26/Apalta/Celular/IMG_4485.HEIC,IMG_4485.HEIC,6.836975574493408,2.4147603511810303,,4032,3024,3836393,-34.40902777777777,-70.90645555555557,Apalta,ground
6967eca04644523b2e5551d1,/home/malezainia1/dev/INIA_DeepLearning_Ubuntu_mod_lleon/data/Campo3_enero26/Apalta/Celular/IMG_4486.HEIC,IMG_4486.HEIC,7.242539882659912,2.2957711219787598,,4032,3024,3663096,-34.409016666666666,-70.90644722222223,Apalta,ground
6967eca04644523b2e5551d2,/home/malezainia1/dev/INIA_DeepLearning_Ubuntu_mod_lleon/data/Campo3_enero26/Apalta/Celular/IMG_4487.HEIC,IMG_4487.HEIC,7.450639247894287,1.643133521080017,,3024,4032,3584250,-34.40906111111111,-70.90625,Apalta,ground
6967eca04644523b2e5551d3,/home/malezainia1/dev/INIA_DeepLearning_Ubuntu_mod_lleon/data/Campo3_enero26/Apalta/Celular/IMG_4488.HEIC,IMG_4488.HEIC,6.688819885253906,1.9471758604049683,,3024,4032,4163504,-34.409080555555555,-70.90619722222223,Apalta,ground
6967eca04644523b2e5551d4,/home/malezainia1/dev/INIA_DeepLearning_Ubuntu_mod_lleon/data/Campo3_enero26/Apalta/Celular/IMG_4489.HEIC,IMG_4489.HEIC,6.968454360961914,2.0586774349212646,,3024,4032,3479017,-34.40911944444444,-70.90611944444446,Apalta,ground
6967eca04644523b2e5551d5,/home/malezainia1/dev/INIA_DeepLearning_Ubuntu_mod_lleon/data/Campo3_enero26/Apalta/Celular/IMG_4490.HEIC,IMG_4490.HEIC,4.442768573760986,3.120396614074707,,3024,4032,3681637,-34.409124999999996,-70.90609722222223,Apalta,ground
6967eca04644523b2e5551d6,/home/malezainia1/dev/INIA_DeepLearning_Ubuntu_mod_lleon/data/Campo3_enero26/Apalta/Celular/IMG_4491.HEIC,IMG_4491.HEIC,7.3899126052856445,1.0835212469100952,,3024,4032,3533307,-34.40913333333333,-70.90608888888889,Apalta,ground
6967eca04644523b2e5551d7,/home/malezainia1/dev/INIA_DeepLearning_Ubuntu_mod_lleon/data/Campo3_enero26/Apalta/Celular/IMG_4492.HEIC,IMG_4492.HEIC,3.533470869064331,-1.0696531534194946,,4032,3024,3464335,-34.40913333333333,-70.90604444444445,Apalta,ground
6967eca04644523b2e5551d8,/home/malezainia1/dev/INIA_DeepLearning_Ubuntu_mod_lleon/data/Campo3_enero26/Apalta/Celular/IMG_4493.HEIC,IMG_4493.HEIC,7.822157382965088,2.2324752807617188,,3024,4032,3274509,-34.409130555555556,-70.90602222222223,Apalta,ground
6967eca04644523b2e5551d9,/home/malezainia1/dev/INIA_DeepLearning_Ubuntu_mod_lleon/data/Campo3_enero26/Apalta/Celular/IMG_4494.HEIC,IMG_4494.HEIC,3.564459800720215,-0.9496374726295471,,3024,4032,4174272,-34.40913888888889,-70.90602222222223,Apalta,ground
6967eca04644523b2e5551da,/home/malezainia1/dev/INIA_DeepLearning_Ubuntu_mod_lleon/data/Campo3_enero26/Apalta/Celular/IMG_4495.HEIC,IMG_4495.HEIC,3.769232749938965,3.9818451404571533,,3024,4032,4007545,-34.40914166666666,-70.90600555555557,Apalta,ground
6967eca04644523b2e5551db,/home/malezainia1/dev/INIA_DeepLearning_Ubuntu_mod_lleon/data/Campo3_enero26/Apalta/Celular/IMG_4496.HEIC,IMG_4496.HEIC,5.640069961547852,1.465864658355713,,3024,4032,3031809,-34.40914166666666,-70.90596666666667,Apalta,ground
6967eca04644523b2e5551dc,/home/malezainia1/dev/INIA_DeepLearning_Ubuntu_mod_lleon/data/Campo3_enero26/Apalta/Celular/IMG_4497.HEIC,IMG_4497.HEIC,4.4462409019470215,2.076388359069824,,3024,4032,3826208,-34.40915277777778,-70.90593611111112,Apalta,ground
6967eca04644523b2e5551dd,/home/malezainia1/dev/INIA_DeepLearning_Ubuntu_mod_lleon/data/Campo3_enero26/Apalta/Celular/IMG_4498.HEIC,IMG_4498.HEIC,5.722096920013428,0.45822107791900635,,3024,4032,3438246,-34.40915,-70.90593055555556,Apalta,ground
6967eca04644523b2e5551de,/home/malezainia1/dev/INIA_DeepLearning_Ubuntu_mod_lleon/data/Campo3_enero26/Apalta/Celular/IMG_4499.HEIC,IMG_4499.HEIC,5.252548694610596,0.5057625770568848,,3024,4032,3549973,-34.40915,-70.9059,Apalta,ground
6967eca04644523b2e5551df,/home/malezainia1/dev/INIA_DeepLearning_Ubuntu_mod_lleon/data/Campo3_enero26/Apalta/Celular/IMG_4500.HEIC,IMG_4500.HEIC,5.659425735473633,1.3078001737594604,,3024,4032,3647699,-34.40915555555556,-70.90589166666668,Apalta,ground
6967eca04644523b2e5551e0,/home/malezainia1/dev/INIA_DeepLearning_Ubuntu_mod_lleon/data/Campo3_enero26/Apalta/Celular/IMG_4501.HEIC,IMG_4501.HEIC,6.3267693519592285,1.8257405757904053,,3024,4032,3780181,-34.40916388888889,-70.90588333333334,Apalta,ground
6967eca04644523b2e5551e1,/home/malezainia1/dev/INIA_DeepLearning_Ubuntu_mod_lleon/data/Campo3_enero26/Apalta/Celular/IMG_4502.HEIC,IMG_4502.HEIC,7.160093307495117,2.0744330883026123,,3024,4032,3538730,-34.40917222222222,-70.90586944444445,Apalta,ground
6967eca04644523b2e5551e2,/home/malezainia1/dev/INIA_DeepLearning_Ubuntu_mod_lleon/data/Campo3_enero26/Apalta/Celular/IMG_4503.HEIC,IMG_4503.HEIC,6.960234642028809,2.103240489959717,,3024,4032,3514307,-34.409130555555556,-70.90560833333333,Apalta,ground
6967eca04644523b2e5551e3,/home/malezainia1/dev/INIA_DeepLearning_Ubuntu_mod_lleon/data/Campo3_enero26/Apalta/Celular/IMG_4504.HEIC,IMG_4504.HEIC,5.723187446594238,1.8273030519485474,,3024,4032,3286261,-34.40913333333333,-70.90560277777779,Apalta,ground
6967eca04644523b2e5551e4,/home/malezainia1/dev/INIA_DeepLearning_Ubuntu_mod_lleon/data/Campo3_enero26/Apalta/Celular/IMG_4505.HEIC,IMG_4505.HEIC,7.756477355957031,2.2457008361816406,,3024,4032,3562661,-34.40912222222222,-70.90561666666667,Apalta,ground
6967eca04644523b2e5551e5,/home/malezainia1/dev/INIA_DeepLearning_Ubuntu_mod_lleon/data/Campo3_enero26/Apalta/Celular/IMG_4506.HEIC,IMG_4506.HEIC,6.78212833404541,1.8514527082443237,,3024,4032,4018416,-34.40911388888889,-70.90564722222223,Apalta,ground
6967eca04644523b2e5551e6,/home/malezainia1/dev/INIA_DeepLearning_Ubuntu_mod_lleon/data/Campo3_enero26/Apalta/Celular/IMG_4507.HEIC,IMG_4507.HEIC,7.228809833526611,1.9663584232330322,,3024,4032,3835405,-34.40909444444444,-70.90572222222222,Apalta,ground
6967eca04644523b2e5551e7,/home/malezainia1/dev/INIA_DeepLearning_Ubuntu_mod_lleon/data/Campo3_enero26/Apalta/Celular/IMG_4508.HEIC,IMG_4508.HEIC,7.095975399017334,1.6695550680160522,,3024,4032,3859840,-34.40908888888889,-70.90573055555556,Apalta,ground
6967eca04644523b2e5551e8,/home/malezainia1/dev/INIA_DeepLearning_Ubuntu_mod_lleon/data/Campo3_enero26/Apalta/Celular/IMG_4509.HEIC,IMG_4509.HEIC,7.2484869956970215,1.8377596139907837,,3024,4032,3260404,-34.40909166666667,-70.90573888888889,Apalta,ground
6967eca04644523b2e5551e9,/home/malezainia1/dev/INIA_DeepLearning_Ubuntu_mod_lleon/data/Campo3_enero26/Apalta/Celular/IMG_4510.HEIC,IMG_4510.HEIC,7.366237163543701,1.7329281568527222,,3024,4032,3475019,-34.409083333333335,-70.90574722222223,Apalta,ground
6967eca04644523b2e5551ea,/home/malezainia1/dev/INIA_DeepLearning_Ubuntu_mod_lleon/data/Campo3_enero26/Apalta/Celular/IMG_4511.HEIC,IMG_4511.HEIC,7.63062858581543,2.3930532932281494,,3024,4032,4141734,-34.409080555555555,-70.90576111111112,Apalta,ground
6967eca04644523b2e5551eb,/home/malezainia1/dev/INIA_DeepLearning_Ubuntu_mod_lleon/data/Campo3_enero26/Apalta/Celular/IMG_4512.HEIC,IMG_4512.HEIC,7.735629558563232,2.1770472526550293,,3024,4032,3320637,-34.40906944444444,-70.90577777777779,Apalta,ground
6967eca04644523b2e5551ec,/home/malezainia1/dev/INIA_DeepLearning_Ubuntu_mod_lleon/data/Campo3_enero26/Apalta/Celular/IMG_4513.HEIC,IMG_4513.HEIC,3.6640095710754395,4.545541286468506,,3024,4032,3593930,-34.40906944444444,-70.90577777777779,Apalta,ground
6967eca04644523b2e5551ed,/home/malezainia1/dev/INIA_DeepLearning_Ubuntu_mod_lleon/data/Campo3_enero26/Apalta/Celular/IMG_4514.HEIC,IMG_4514.HEIC,2.72550106048584,2.445061683654785,,3024,4032,3872147,-34.40906388888889,-70.90579166666667,Apalta,ground
6967eca04644523b2e5551ee,/home/malezainia1/dev/INIA_DeepLearning_Ubuntu_mod_lleon/data/Campo3_enero26/Apalta/Celular/IMG_4515.HEIC,IMG_4515.HEIC,7.6686482429504395,2.09792160987854,,3024,4032,3491761,-34.40906944444444,-70.9058,Apalta,ground
6967eca04644523b2e5551ef,/home/malezainia1/dev/INIA_DeepLearning_Ubuntu_mod_lleon/data/Campo3_enero26/Apalta/Celular/IMG_4516.HEIC,IMG_4516.HEIC,6.569126605987549,2.464731454849243,,3024,4032,3949021,-34.40906388888889,-70.9058,Apalta,ground
6967eca04644523b2e5551f0,/home/malezainia1/dev/INIA_DeepLearning_Ubuntu_mod_lleon/data/Campo3_enero26/Apalta/Celular/IMG_4517.HEIC,IMG_4517.HEIC,7.520138740539551,1.33529794216156,,3024,4032,3371584,-34.40906388888889,-70.90580833333334,Apalta,ground
6967eca04644523b2e5551f1,/home/malezainia1/dev/INIA_DeepLearning_Ubuntu_mod_lleon/data/Campo3_enero26/Apalta/Celular/IMG_4518.HEIC,IMG_4518.HEIC,6.7631120681762695,1.373329758644104,,3024,4032,3554612,-34.40906111111111,-70.9058138888889,Apalta,ground
6967eca04644523b2e5551f2,/home/malezainia1/dev/INIA_DeepLearning_Ubuntu_mod_lleon/data/Campo3_enero26/Apalta/Celular/IMG_4519.HEIC,IMG_4519.HEIC,7.222151756286621,1.8768417835235596,,3024,4032,3824734,-34.40906111111111,-70.90583055555557,Apalta,ground
6967eca04644523b2e5551f3,/home/malezainia1/dev/INIA_DeepLearning_Ubuntu_mod_lleon/data/Campo3_enero26/Apalta/Celular/IMG_4520.HEIC,IMG_4520.HEIC,7.217841148376465,2.0202879905700684,,3024,4032,3490499,-34.409052777777774,-70.90586944444445,Apalta,ground
6967eca04644523b2e5551f4,/home/malezainia1/dev/INIA_DeepLearning_Ubuntu_mod_lleon/data/Campo3_enero26/Apalta/Celular/IMG_4521.HEIC,IMG_4521.HEIC,6.551261901855469,1.8486958742141724,,3024,4032,3332425,-34.409052777777774,-70.90587500000001,Apalta,ground
6967eca04644523b2e5551f5,/home/malezainia1/dev/INIA_DeepLearning_Ubuntu_mod_lleon/data/Campo3_enero26/Apalta/Celular/IMG_4522.HEIC,IMG_4522.HEIC,6.57097864151001,1.0765577554702759,,3024,4032,3555482,-34.40905,-70.90588333333334,Apalta,ground
6967eca04644523b2e5551f6,/home/malezainia1/dev/INIA_DeepLearning_Ubuntu_mod_lleon/data/Campo3_enero26/Apalta/Celular/IMG_4523.HEIC,IMG_4523.HEIC,6.616776466369629,1.4880458116531372,,3024,4032,3523886,-34.40904166666667,-70.90590555555556,Apalta,ground
6967eca04644523b2e5551f7,/home/malezainia1/dev/INIA_DeepLearning_Ubuntu_mod_lleon/data/Campo3_enero26/Apalta/Celular/IMG_4524.HEIC,IMG_4524.HEIC,7.24032735824585,1.1355112791061401,,3024,4032,3355863,-34.40903055555555,-70.90594444444444,Apalta,ground
6967eca04644523b2e5551f8,/home/malezainia1/dev/INIA_DeepLearning_Ubuntu_mod_lleon/data/Campo3_enero26/Apalta/Celular/IMG_4525.HEIC,IMG_4525.HEIC,6.706207752227783,1.9767454862594604,,3024,4032,3572291,-34.408991666666665,-70.90605833333333,Apalta,ground
6967eca04644523b2e5551f9,/home/malezainia1/dev/INIA_DeepLearning_Ubuntu_mod_lleon/data/Campo3_enero26/Apalta/Celular/IMG_4526.HEIC,IMG_4526.HEIC,7.750769138336182,2.1647486686706543,,3024,4032,3753342,-34.408991666666665,-70.90605833333333,Apalta,ground
6967eca04644523b2e5551fa,/home/malezainia1/dev/INIA_DeepLearning_Ubuntu_mod_lleon/data/Campo3_enero26/Apalta/Celular/IMG_4527.HEIC,IMG_4527.HEIC,7.42612886428833,1.9507708549499512,,3024,4032,3569953,-34.408988888888885,-70.90606666666667,Apalta,ground
6967eca04644523b2e5551fb,/home/malezainia1/dev/INIA_DeepLearning_Ubuntu_mod_lleon/data/Campo3_enero26/Apalta/Celular/IMG_4528.HEIC,IMG_4528.HEIC,7.493059158325195,2.32393479347229,,3024,4032,3394269,-34.40898611111111,-70.90608888888889,Apalta,ground
6967eca04644523b2e5551fc,/home/malezainia1/dev/INIA_DeepLearning_Ubuntu_mod_lleon/data/Campo3_enero26/Apalta/Celular/IMG_4529.HEIC,IMG_4529.HEIC,7.319186687469482,1.0401923656463623,,3024,4032,3198274,-34.40898055555555,-70.90610555555556,Apalta,ground
6967eca04644523b2e5551fd,/home/malezainia1/dev/INIA_DeepLearning_Ubuntu_mod_lleon/data/Campo3_enero26/Apalta/Celular/IMG_4530.HEIC,IMG_4530.HEIC,3.3101279735565186,-0.9671186208724976,,3024,4032,3620137,-34.40897777777778,-70.90611944444446,Apalta,ground
6967eca04644523b2e5551fe,/home/malezainia1/dev/INIA_DeepLearning_Ubuntu_mod_lleon/data/Campo3_enero26/Apalta/Celular/IMG_4531.HEIC,IMG_4531.HEIC,7.612820625305176,1.5061228275299072,,3024,4032,3772092,-34.40897777777778,-70.90612777777778,Apalta,ground
6967eca04644523b2e5551ff,/home/malezainia1/dev/INIA_DeepLearning_Ubuntu_mod_lleon/data/Campo3_enero26/Apalta/Celular/IMG_4532.HEIC,IMG_4532.HEIC,7.437925338745117,1.8415883779525757,,3024,4032,3316274,-34.408969444444445,-70.90615833333334,Apalta,ground
6967eca04644523b2e555200,/home/malezainia1/dev/INIA_DeepLearning_Ubuntu_mod_lleon/data/Campo3_enero26/Apalta/Celular/IMG_4533.HEIC,IMG_4533.HEIC,7.056458473205566,1.92823326587677,,3024,4032,3695206,-34.408966666666664,-70.90618055555557,Apalta,ground
6967eca04644523b2e555201,/home/malezainia1/dev/INIA_DeepLearning_Ubuntu_mod_lleon/data/Campo3_enero26/Apalta/Celular/IMG_4534.HEIC,IMG_4534.HEIC,7.289204120635986,1.9572511911392212,,3024,4032,3576929,-34.40895555555555,-70.90620555555556,Apalta,ground
6967eca04644523b2e555202,/home/malezainia1/dev/INIA_DeepLearning_Ubuntu_mod_lleon/data/Campo3_enero26/Apalta/Celular/IMG_4535.HEIC,IMG_4535.HEIC,7.451735496520996,1.218139886856079,,3024,4032,3032565,-34.40893888888889,-70.90623611111111,Apalta,ground
6967eca04644523b2e555203,/home/malezainia1/dev/INIA_DeepLearning_Ubuntu_mod_lleon/data/Campo3_enero26/Apalta/Celular/IMG_4536.HEIC,IMG_4536.HEIC,6.45767068862915,0.9125934839248657,,3024,4032,3418140,-34.40893055555556,-70.90624166666667,Apalta,ground
6967eca04644523b2e555204,/home/malezainia1/dev/INIA_DeepLearning_Ubuntu_mod_lleon/data/Campo3_enero26/Apalta/Celular/IMG_4537.HEIC,IMG_4537.HEIC,7.009255409240723,1.5965858697891235,,3024,4032,3408730,-34.408924999999996,-70.90625833333334,Apalta,ground
6967eca04644523b2e555205,/home/malezainia1/dev/INIA_DeepLearning_Ubuntu_mod_lleon/data/Campo3_enero26/Apalta/Celular/IMG_4538.HEIC,IMG_4538.HEIC,6.878540515899658,1.8069223165512085,,3024,4032,3158785,-34.40891944444444,-70.90628055555555,Apalta,ground
6967eca04644523b2e555206,/home/malezainia1/dev/INIA_DeepLearning_Ubuntu_mod_lleon/data/Campo3_enero26/Apalta/Celular/IMG_4539.HEIC,IMG_4539.HEIC,7.3742995262146,2.030447244644165,,3024,4032,3542907,-34.40891666666666,-70.90629444444446,Apalta,ground
6967eca04644523b2e555207,/home/malezainia1/dev/INIA_DeepLearning_Ubuntu_mod_lleon/data/Campo3_enero26/Apalta/Celular/IMG_4540.HEIC,IMG_4540.HEIC,2.736257314682007,1.6413129568099976,,3024,4032,3699238,-34.40889722222222,-70.90631944444445,Apalta,ground
6967eca04644523b2e555208,/home/malezainia1/dev/INIA_DeepLearning_Ubuntu_mod_lleon/data/Campo3_enero26/Apalta/Celular/IMG_4541.HEIC,IMG_4541.HEIC,6.7635273933410645,1.4905848503112793,,3024,4032,3360926,-34.408899999999996,-70.90632500000001,Apalta,ground
6967eca04644523b2e555209,/home/malezainia1/dev/INIA_DeepLearning_Ubuntu_mod_lleon/data/Campo3_enero26/Apalta/Celular/IMG_4542.HEIC,IMG_4542.HEIC,7.577362537384033,1.426995038986206,,3024,4032,3922264,-34.40889444444444,-70.90636388888889,Apalta,ground
6967eca04644523b2e55520a,/home/malezainia1/dev/INIA_DeepLearning_Ubuntu_mod_lleon/data/Campo3_enero26/Apalta/Celular/IMG_4543.HEIC,IMG_4543.HEIC,7.573588848114014,2.015239715576172,,3024,4032,3511554,-34.40889444444444,-70.90638055555556,Apalta,ground
6967eca04644523b2e55520b,/home/malezainia1/dev/INIA_DeepLearning_Ubuntu_mod_lleon/data/Campo3_enero26/Apalta/Celular/IMG_4544.HEIC,IMG_4544.HEIC,6.839622497558594,1.7879691123962402,,3024,4032,3403848,-34.40889444444444,-70.90640277777779,Apalta,ground
6967eca04644523b2e55520c,/home/malezainia1/dev/INIA_DeepLearning_Ubuntu_mod_lleon/data/Campo3_enero26/Apalta/Celular/IMG_4545.HEIC,IMG_4545.HEIC,7.874927043914795,2.309001922607422,,3024,4032,3718325,-34.408858333333335,-70.90647222222223,Apalta,ground
6967eca04644523b2e55520d,/home/malezainia1/dev/INIA_DeepLearning_Ubuntu_mod_lleon/data/Campo3_enero26/Apalta/Celular/IMG_4546.HEIC,IMG_4546.HEIC,1.989355444908142,0.3299415111541748,,3024,4032,4075817,-34.40884722222222,-70.90653333333334,Apalta,ground
6967eca04644523b2e55520e,/home/malezainia1/dev/INIA_DeepLearning_Ubuntu_mod_lleon/data/Campo3_enero26/Apalta/Celular/IMG_4547.HEIC,IMG_4547.HEIC,7.553636074066162,1.387847661972046,,3024,4032,3774200,-34.408833333333334,-70.90655555555556,Apalta,ground
6967eca04644523b2e55520f,/home/malezainia1/dev/INIA_DeepLearning_Ubuntu_mod_lleon/data/Campo3_enero26/Apalta/Celular/IMG_4548.HEIC,IMG_4548.HEIC,7.597662448883057,2.0392892360687256,,3024,4032,3497993,-34.40883888888889,-70.90656944444444,Apalta,ground
6967eca04644523b2e555210,/home/malezainia1/dev/INIA_DeepLearning_Ubuntu_mod_lleon/data/Campo3_enero26/Apalta/Celular/IMG_4549.HEIC,IMG_4549.HEIC,7.498345375061035,1.5643181800842285,,3024,4032,3936105,-34.408825,-70.90660833333334,Apalta,ground
6967eca04644523b2e555211,/home/malezainia1/dev/INIA_DeepLearning_Ubuntu_mod_lleon/data/Campo3_enero26/Apalta/Celular/IMG_4550.HEIC,IMG_4550.HEIC,7.301469326019287,1.7228517532348633,,3024,4032,3563634,-34.40882222222222,-70.90661666666668,Apalta,ground
6967eca04644523b2e555212,/home/malezainia1/dev/INIA_DeepLearning_Ubuntu_mod_lleon/data/Campo3_enero26/Apalta/Celular/IMG_4551.HEIC,IMG_4551.HEIC,7.122254371643066,2.0050344467163086,,3024,4032,3833564,-34.40879722222222,-70.90667777777779,Apalta,ground
6967eca04644523b2e555213,/home/malezainia1/dev/INIA_DeepLearning_Ubuntu_mod_lleon/data/Campo3_enero26/Apalta/Celular/IMG_4552.HEIC,IMG_4552.HEIC,7.703129768371582,2.149672746658325,,3024,4032,3591647,-34.408794444444446,-70.90668611111111,Apalta,ground
6967eca04644523b2e555214,/home/malezainia1/dev/INIA_DeepLearning_Ubuntu_mod_lleon/data/Campo3_enero26/Apalta/Celular/IMG_4553.HEIC,IMG_4553.HEIC,3.4234676361083984,2.536649703979492,,3024,4032,3712928,-34.408791666666666,-70.9067,Apalta,ground
6967eca04644523b2e555215,/home/malezainia1/dev/INIA_DeepLearning_Ubuntu_mod_lleon/data/Campo3_enero26/Apalta/Celular/IMG_4554.HEIC,IMG_4554.HEIC,6.966709613800049,1.8483139276504517,,3024,4032,3345576,-34.408775,-70.9067388888889,Apalta,ground
6967eca04644523b2e555216,/home/malezainia1/dev/INIA_DeepLearning_Ubuntu_mod_lleon/data/Campo3_enero26/Apalta/Celular/IMG_4555.HEIC,IMG_4555.HEIC,6.982633113861084,2.1734015941619873,,3024,4032,3833032,-34.408763888888885,-70.90676944444445,Apalta,ground
6967eca04644523b2e555217,/home/malezainia1/dev/INIA_DeepLearning_Ubuntu_mod_lleon/data/Campo3_enero26/Apalta/Celular/IMG_4556.HEIC,IMG_4556.HEIC,7.504344940185547,1.7620396614074707,,3024,4032,3740444,-34.40875,-70.90680833333334,Apalta,ground
6967eca04644523b2e555218,/home/malezainia1/dev/INIA_DeepLearning_Ubuntu_mod_lleon/data/Campo3_enero26/Apalta/Celular/IMG_4557.HEIC,IMG_4557.HEIC,7.658228397369385,1.833107352256775,,3024,4032,3372617,-34.40875,-70.90682222222223,Apalta,ground
6967eca04644523b2e555219,/home/malezainia1/dev/INIA_DeepLearning_Ubuntu_mod_lleon/data/Campo3_enero26/Apalta/Celular/IMG_4558.HEIC,IMG_4558.HEIC,7.185853004455566,1.7790653705596924,,3024,4032,3462240,-34.408744444444444,-70.90683611111112,Apalta,ground
6967eca04644523b2e55521a,/home/malezainia1/dev/INIA_DeepLearning_Ubuntu_mod_lleon/data/Campo3_enero26/Apalta/Celular/IMG_4559.HEIC,IMG_4559.HEIC,7.788172721862793,2.2887701988220215,,3024,4032,3761331,-34.40873333333333,-70.90688333333334,Apalta,ground
6967eca04644523b2e55521b,/home/malezainia1/dev/INIA_DeepLearning_Ubuntu_mod_lleon/data/Campo3_enero26/Apalta/Celular/IMG_4560.HEIC,IMG_4560.HEIC,7.225341320037842,1.6648706197738647,,3024,4032,3211136,-34.408722222222224,-70.9069138888889,Apalta,ground
6967eca04644523b2e55521c,/home/malezainia1/dev/INIA_DeepLearning_Ubuntu_mod_lleon/data/Campo3_enero26/Apalta/Celular/IMG_4561.HEIC,IMG_4561.HEIC,7.11417818069458,1.705267310142517,,3024,4032,3672208,-34.40871388888889,-70.90695277777779,Apalta,ground
6967eca04644523b2e55521d,/home/malezainia1/dev/INIA_DeepLearning_Ubuntu_mod_lleon/data/Campo3_enero26/Apalta/Celular/IMG_4562.HEIC,IMG_4562.HEIC,6.423116207122803,2.2389237880706787,,3024,4032,3145684,-34.40871111111111,-70.90696666666668,Apalta,ground
6967eca04644523b2e55521e,/home/malezainia1/dev/INIA_DeepLearning_Ubuntu_mod_lleon/data/Campo3_enero26/Apalta/Celular/IMG_4563.HEIC,IMG_4563.HEIC,7.570103168487549,1.4820806980133057,,3024,4032,3792015,-34.408699999999996,-70.90698333333334,Apalta,ground
6967eca04644523b2e55521f,/home/malezainia1/dev/INIA_DeepLearning_Ubuntu_mod_lleon/data/Campo3_enero26/Apalta/Celular/IMG_4564.HEIC,IMG_4564.HEIC,6.652310848236084,1.2987161874771118,,3024,4032,3635106,-34.408699999999996,-70.90699722222223,Apalta,ground
6967eca04644523b2e555220,/home/malezainia1/dev/INIA_DeepLearning_Ubuntu_mod_lleon/data/Campo3_enero26/Apalta/Celular/IMG_4565.HEIC,IMG_4565.HEIC,6.157785415649414,0.9260068535804749,,3024,4032,3369359,-34.40869444444444,-70.90700555555556,Apalta,ground
6967eca04644523b2e555221,/home/malezainia1/dev/INIA_DeepLearning_Ubuntu_mod_lleon/data/Campo3_enero26/Apalta/Celular/IMG_4566.HEIC,IMG_4566.HEIC,7.114640712738037,2.064502477645874,,3024,4032,3927531,-34.40868333333333,-70.90701944444444,Apalta,ground
6967eca04644523b2e555222,/home/malezainia1/dev/INIA_DeepLearning_Ubuntu_mod_lleon/data/Campo3_enero26/Apalta/Celular/IMG_4567.HEIC,IMG_4567.HEIC,6.303183078765869,0.8215333819389343,,3024,4032,3596157,-34.40868333333333,-70.90702777777778,Apalta,ground
6967eca04644523b2e555223,/home/malezainia1/dev/INIA_DeepLearning_Ubuntu_mod_lleon/data/Campo3_enero26/Apalta/Celular/IMG_5257.HEIC,IMG_5257.HEIC,3.6878137588500977,3.3784782886505127,,3024,4032,4009692,-34.312530555555554,-70.85509444444443,Apalta,ground
6967eca04644523b2e555224,/home/malezainia1/dev/INIA_DeepLearning_Ubuntu_mod_lleon/data/Campo3_enero26/Apalta/Celular/IMG_5258.HEIC,IMG_5258.HEIC,1.9841617345809937,1.221135139465332,,3024,4032,3846944,-34.312508333333334,-70.8550861111111,Apalta,ground
6967eca04644523b2e555225,/home/malezainia1/dev/INIA_DeepLearning_Ubuntu_mod_lleon/data/Campo3_enero26/Apalta/Celular/IMG_5259.HEIC,IMG_5259.HEIC,1.8645825386047363,1.0436983108520508,,3024,4032,3518153,-34.31245833333333,-70.85504999999999,Apalta,ground
6967eca04644523b2e555226,/home/malezainia1/dev/INIA_DeepLearning_Ubuntu_mod_lleon/data/Campo3_enero26/Apalta/Celular/IMG_5260.HEIC,IMG_5260.HEIC,4.042889595031738,3.97137451171875,,3024,4032,3666704,-34.312438888888884,-70.855025,Apalta,ground
6967eca04644523b2e555227,/home/malezainia1/dev/INIA_DeepLearning_Ubuntu_mod_lleon/data/Campo3_enero26/Apalta/Celular/IMG_5261.HEIC,IMG_5261.HEIC,2.2917160987854004,1.0578564405441284,,3024,4032,3763715,-34.31242777777778,-70.855025,Apalta,ground
6967eca04644523b2e555228,/home/malezainia1/dev/INIA_DeepLearning_Ubuntu_mod_lleon/data/Campo3_enero26/Apalta/Celular/IMG_5262.HEIC,IMG_5262.HEIC,4.107177734375,3.881826400756836,,3024,4032,3211335,-34.312416666666664,-70.85503333333332,Apalta,ground
6967eca04644523b2e555229,/home/malezainia1/dev/INIA_DeepLearning_Ubuntu_mod_lleon/data/Campo3_enero26/Apalta/Celular/IMG_5263.HEIC,IMG_5263.HEIC,2.5755867958068848,0.9728082418441772,,3024,4032,4175800,-34.31238611111111,-70.855025,Apalta,ground
6967eca04644523b2e55522a,/home/malezainia1/dev/INIA_DeepLearning_Ubuntu_mod_lleon/data/Campo3_enero26/Apalta/Celular/IMG_5264.HEIC,IMG_5264.HEIC,2.8283255100250244,1.4624061584472656,,3024,4032,3930076,-34.312374999999996,-70.855025,Apalta,ground
6967eca04644523b2e55522b,/home/malezainia1/dev/INIA_DeepLearning_Ubuntu_mod_lleon/data/Campo3_enero26/Apalta/Celular/IMG_5265.HEIC,IMG_5265.HEIC,1.8845635652542114,2.376493215560913,,3024,4032,3971996,-34.31236388888889,-70.855025,Apalta,ground
6967eca04644523b2e55522c,/home/malezainia1/dev/INIA_DeepLearning_Ubuntu_mod_lleon/data/Campo3_enero26/Apalta/Celular/IMG_5266.HEIC,IMG_5266.HEIC,1.9504390954971313,2.2474896907806396,,3024,4032,4357800,-34.312355555555555,-70.855025,Apalta,ground
6967eca04644523b2e55522d,/home/malezainia1/dev/INIA_DeepLearning_Ubuntu_mod_lleon/data/Campo3_enero26/Apalta/Celular/IMG_5267.HEIC,IMG_5267.HEIC,1.9783072471618652,1.171825885772705,,3024,4032,4362281,-34.31233611111111,-70.85501944444444,Apalta,ground
6967eca04644523b2e55522e,/home/malezainia1/dev/INIA_DeepLearning_Ubuntu_mod_lleon/data/Campo3_enero26/Apalta/Celular/IMG_5268.HEIC,IMG_5268.HEIC,2.7375705242156982,3.0062694549560547,,3024,4032,3598573,-34.31229722222222,-70.85498055555556,Apalta,ground
6967eca04644523b2e55522f,/home/malezainia1/dev/INIA_DeepLearning_Ubuntu_mod_lleon/data/Campo3_enero26/Apalta/Celular/IMG_5269.HEIC,IMG_5269.HEIC,2.5442845821380615,2.566044807434082,,3024,4032,4727769,-34.312286111111106,-70.85498055555556,Apalta,ground
6967eca04644523b2e555230,/home/malezainia1/dev/INIA_DeepLearning_Ubuntu_mod_lleon/data/Campo3_enero26/Apalta/Celular/IMG_5270.HEIC,IMG_5270.HEIC,2.12095308303833,1.4025723934173584,,3024,4032,3933299,-34.312213888888884,-70.85495833333333,Apalta,ground
6967eca04644523b2e555231,/home/malezainia1/dev/INIA_DeepLearning_Ubuntu_mod_lleon/data/Campo3_enero26/Apalta/Celular/IMG_5271.HEIC,IMG_5271.HEIC,2.608814001083374,2.6824448108673096,,3024,4032,3744277,-34.31221111111111,-70.85496388888889,Apalta,ground
6967eca04644523b2e555232,/home/malezainia1/dev/INIA_DeepLearning_Ubuntu_mod_lleon/data/Campo3_enero26/Apalta/Celular/IMG_5272.HEIC,IMG_5272.HEIC,2.1768641471862793,0.8835337162017822,,3024,4032,4085587,-34.312155555555556,-70.85493333333332,Apalta,ground
6967eca04644523b2e555233,/home/malezainia1/dev/INIA_DeepLearning_Ubuntu_mod_lleon/data/Campo3_enero26/Apalta/Celular/IMG_5273.HEIC,IMG_5273.HEIC,2.333238363265991,1.0220786333084106,,3024,4032,4083314,-34.312102777777774,-70.85491111111111,Apalta,ground
6967eca04644523b2e555234,/home/malezainia1/dev/INIA_DeepLearning_Ubuntu_mod_lleon/data/Campo3_enero26/Apalta/Celular/IMG_5274.HEIC,IMG_5274.HEIC,3.0396876335144043,4.789324760437012,,3024,4032,3277083,-34.31204722222222,-70.85488055555555,Apalta,ground
6967eca04644523b2e555235,/home/malezainia1/dev/INIA_DeepLearning_Ubuntu_mod_lleon/data/Campo3_enero26/Apalta/Celular/IMG_5275.HEIC,IMG_5275.HEIC,2.645488739013672,1.5526714324951172,,3024,4032,3851956,-34.31200277777778,-70.85485833333333,Apalta,ground
6967eca04644523b2e555236,/home/malezainia1/dev/INIA_DeepLearning_Ubuntu_mod_lleon/data/Campo3_enero26/Apalta/Celular/IMG_5276.HEIC,IMG_5276.HEIC,2.4994242191314697,2.499335765838623,,3024,4032,3620581,-34.31193611111111,-70.85482777777777,Apalta,ground
6967eca04644523b2e555237,/home/malezainia1/dev/INIA_DeepLearning_Ubuntu_mod_lleon/data/Campo3_enero26/Apalta/Celular/IMG_5277.HEIC,IMG_5277.HEIC,2.1886932849884033,0.9938838481903076,,3024,4032,3814248,-34.311930555555556,-70.85481944444444,Apalta,ground
6967eca04644523b2e555238,/home/malezainia1/dev/INIA_DeepLearning_Ubuntu_mod_lleon/data/Campo3_enero26/Apalta/Celular/IMG_5278.HEIC,IMG_5278.HEIC,2.12924861907959,1.6287734508514404,,3024,4032,3720934,-34.31186666666667,-70.85478888888888,Apalta,ground
6967eca04644523b2e555239,/home/malezainia1/dev/INIA_DeepLearning_Ubuntu_mod_lleon/data/Campo3_enero26/Apalta/Celular/IMG_5279.HEIC,IMG_5279.HEIC,2.8376166820526123,2.602876901626587,,3024,4032,4530381,-34.311813888888885,-70.85475833333332,Apalta,ground
6967eca04644523b2e55523a,/home/malezainia1/dev/INIA_DeepLearning_Ubuntu_mod_lleon/data/Campo3_enero26/Apalta/Celular/IMG_5280.HEIC,IMG_5280.HEIC,2.115173816680908,1.4889400005340576,,3024,4032,3920914,-34.31179722222222,-70.85475833333332,Apalta,ground
6967eca04644523b2e55523b,/home/malezainia1/dev/INIA_DeepLearning_Ubuntu_mod_lleon/data/Campo3_enero26/Apalta/Celular/IMG_5281.HEIC,IMG_5281.HEIC,5.3503522872924805,2.547236204147339,,3024,4032,3460723,-34.311791666666664,-70.85475833333332,Apalta,ground
6967eca04644523b2e55523c,/home/malezainia1/dev/INIA_DeepLearning_Ubuntu_mod_lleon/data/Campo3_enero26/Apalta/Celular/IMG_5282.HEIC,IMG_5282.HEIC,2.0902583599090576,1.2893667221069336,,3024,4032,4625947,-34.31175277777778,-70.85474444444444,Apalta,ground
6967eca04644523b2e55523d,/home/malezainia1/dev/INIA_DeepLearning_Ubuntu_mod_lleon/data/Campo3_enero26/Apalta/Celular/IMG_5283.HEIC,IMG_5283.HEIC,2.5174596309661865,2.4648261070251465,,3024,4032,4052821,-34.31173611111111,-70.85473611111111,Apalta,ground
6967eca04644523b2e55523e,/home/malezainia1/dev/INIA_DeepLearning_Ubuntu_mod_lleon/data/Campo3_enero26/Apalta/Celular/IMG_5284.HEIC,IMG_5284.HEIC,2.4682271480560303,5.208446502685547,,3024,4032,3975671,-34.31171111111111,-70.85472222222222,Apalta,ground
6967eca04644523b2e55523f,/home/malezainia1/dev/INIA_DeepLearning_Ubuntu_mod_lleon/data/Campo3_enero26/Apalta/Celular/IMG_5285.HEIC,IMG_5285.HEIC,3.7712526321411133,3.0632052421569824,,4032,3024,4326009,-34.31169166666666,-70.85470555555555,Apalta,ground
6967eca04644523b2e555240,/home/malezainia1/dev/INIA_DeepLearning_Ubuntu_mod_lleon/data/Campo3_enero26/Apalta/Celular/IMG_5286.HEIC,IMG_5286.HEIC,2.355661153793335,3.3180367946624756,,4032,3024,4636264,-34.31166111111111,-70.85469722222221,Apalta,ground
6967eca04644523b2e555241,/home/malezainia1/dev/INIA_DeepLearning_Ubuntu_mod_lleon/data/Campo3_enero26/Apalta/Celular/IMG_5287.HEIC,IMG_5287.HEIC,3.2575600147247314,3.0375373363494873,,4032,3024,4203818,-34.311638888888886,-70.85468333333333,Apalta,ground
6967eca04644523b2e555242,/home/malezainia1/dev/INIA_DeepLearning_Ubuntu_mod_lleon/data/Campo3_enero26/Apalta/Celular/IMG_5288.HEIC,IMG_5288.HEIC,3.1165735721588135,4.2723259925842285,,4032,3024,4247959,-34.311613888888886,-70.85466666666666,Apalta,ground
6967eca04644523b2e555243,/home/malezainia1/dev/INIA_DeepLearning_Ubuntu_mod_lleon/data/Campo3_enero26/Apalta/Celular/IMG_5289.HEIC,IMG_5289.HEIC,3.4354798793792725,3.1526100635528564,,4032,3024,4385903,-34.31159722222222,-70.85466666666666,Apalta,ground
6967eca04644523b2e555244,/home/malezainia1/dev/INIA_DeepLearning_Ubuntu_mod_lleon/data/Campo3_enero26/Apalta/Celular/IMG_5290.HEIC,IMG_5290.HEIC,4.277713298797607,3.959908962249756,,4032,3024,3569561,-34.311591666666665,-70.8546611111111,Apalta,ground
6967eca04644523b2e555245,/home/malezainia1/dev/INIA_DeepLearning_Ubuntu_mod_lleon/data/Campo3_enero26/Apalta/Celular/IMG_5291.HEIC,IMG_5291.HEIC,4.306436538696289,4.693586349487305,,4032,3024,4067352,-34.311569444444444,-70.85464444444443,Apalta,ground
6967eca04644523b2e555246,/home/malezainia1/dev/INIA_DeepLearning_Ubuntu_mod_lleon/data/Campo3_enero26/Apalta/Celular/IMG_5292.HEIC,IMG_5292.HEIC,2.6072745323181152,3.517210006713867,,4032,3024,3693609,-34.31151666666666,-70.85461388888888,Apalta,ground
6967eca04644523b2e555247,/home/malezainia1/dev/INIA_DeepLearning_Ubuntu_mod_lleon/data/Campo3_enero26/Apalta/Celular/IMG_5293.HEIC,IMG_5293.HEIC,2.6052072048187256,0.9333224892616272,,3024,4032,4659071,-34.31151111111111,-70.85461388888888,Apalta,ground
6967eca04644523b2e555248,/home/malezainia1/dev/INIA_DeepLearning_Ubuntu_mod_lleon/data/Campo3_enero26/Apalta/Celular/IMG_5294.HEIC,IMG_5294.HEIC,3.0895962715148926,3.162338972091675,,3024,4032,3788160,-34.31149166666666,-70.85461388888888,Apalta,ground
6967eca04644523b2e555249,/home/malezainia1/dev/INIA_DeepLearning_Ubuntu_mod_lleon/data/Campo3_enero26/Apalta/Celular/IMG_5295.HEIC,IMG_5295.HEIC,2.8398959636688232,2.934516191482544,,4032,3024,3944067,-34.311480555555555,-70.85459999999999,Apalta,ground
6967eca04644523b2e55524a,/home/malezainia1/dev/INIA_DeepLearning_Ubuntu_mod_lleon/data/Campo3_enero26/Apalta/Celular/IMG_5296.HEIC,IMG_5296.HEIC,2.4056930541992188,3.139099359512329,,4032,3024,3393305,-34.31145,-70.85459999999999,Apalta,ground
6967eca04644523b2e55524b,/home/malezainia1/dev/INIA_DeepLearning_Ubuntu_mod_lleon/data/Campo3_enero26/Apalta/Celular/IMG_5297.HEIC,IMG_5297.HEIC,3.693451166152954,3.6831414699554443,,4032,3024,4078362,-34.311416666666666,-70.85458333333332,Apalta,ground
6967eca04644523b2e55524c,/home/malezainia1/dev/INIA_DeepLearning_Ubuntu_mod_lleon/data/Campo3_enero26/Apalta/Celular/IMG_5298.HEIC,IMG_5298.HEIC,4.357841968536377,4.674879550933838,,4032,3024,3676813,-34.31140555555555,-70.854575,Apalta,ground
6967eca04644523b2e55524d,/home/malezainia1/dev/INIA_DeepLearning_Ubuntu_mod_lleon/data/Campo3_enero26/Apalta/Celular/IMG_5299.HEIC,IMG_5299.HEIC,3.350529670715332,3.233051300048828,,4032,3024,3755432,-34.311375,-70.85456111111111,Apalta,ground
6967eca04644523b2e55524e,/home/malezainia1/dev/INIA_DeepLearning_Ubuntu_mod_lleon/data/Campo3_enero26/Apalta/Celular/IMG_5300.HEIC,IMG_5300.HEIC,4.231333255767822,4.311738967895508,,4032,3024,4093556,-34.31135277777778,-70.85455277777777,Apalta,ground
6967eca04644523b2e55524f,/home/malezainia1/dev/INIA_DeepLearning_Ubuntu_mod_lleon/data/Campo3_enero26/Apalta/Celular/IMG_5301.HEIC,IMG_5301.HEIC,4.052943706512451,3.9161925315856934,,4032,3024,3855741,-34.311305555555556,-70.85453888888888,Apalta,ground
6967eca04644523b2e555250,/home/malezainia1/dev/INIA_DeepLearning_Ubuntu_mod_lleon/data/Campo3_enero26/Apalta/Celular/IMG_5302.HEIC,IMG_5302.HEIC,3.9844930171966553,4.467052459716797,,4032,3024,3269764,-34.31129166666666,-70.85453055555556,Apalta,ground
6967eca04644523b2e555251,/home/malezainia1/dev/INIA_DeepLearning_Ubuntu_mod_lleon/data/Campo3_enero26/Apalta/Celular/IMG_5303.HEIC,IMG_5303.HEIC,3.4159529209136963,3.1418633460998535,,4032,3024,3961644,-34.311225,-70.85449999999999,Apalta,ground
6967eca04644523b2e555252,/home/malezainia1/dev/INIA_DeepLearning_Ubuntu_mod_lleon/data/Campo3_enero26/Apalta/Celular/IMG_5304.HEIC,IMG_5304.HEIC,2.5938658714294434,3.606722354888916,,4032,3024,3443453,-34.3112,-70.85449166666666,Apalta,ground
6967eca04644523b2e555253,/home/malezainia1/dev/INIA_DeepLearning_Ubuntu_mod_lleon/data/Campo3_enero26/Apalta/Celular/IMG_5305.HEIC,IMG_5305.HEIC,2.9853928089141846,2.7137362957000732,,4032,3024,3155538,-34.31117222222222,-70.85446944444443,Apalta,ground
6967eca04644523b2e555254,/home/malezainia1/dev/INIA_DeepLearning_Ubuntu_mod_lleon/data/Campo3_enero26/Apalta/Celular/IMG_5306.HEIC,IMG_5306.HEIC,2.8454065322875977,3.0295586585998535,,4032,3024,4334839,-34.311119444444444,-70.85444722222222,Apalta,ground
6967eca04644523b2e555255,/home/malezainia1/dev/INIA_DeepLearning_Ubuntu_mod_lleon/data/Campo3_enero26/Apalta/Celular/IMG_5307.HEIC,IMG_5307.HEIC,3.2490904331207275,3.0419774055480957,,4032,3024,3922125,-34.311099999999996,-70.85443888888888,Apalta,ground
6967eca04644523b2e555256,/home/malezainia1/dev/INIA_DeepLearning_Ubuntu_mod_lleon/data/Campo3_enero26/Apalta/Celular/IMG_5308.HEIC,IMG_5308.HEIC,2.8049304485321045,3.35124135017395,,4032,3024,4371933,-34.31106111111111,-70.85439166666666,Apalta,ground
6967eca04644523b2e555257,/home/malezainia1/dev/INIA_DeepLearning_Ubuntu_mod_lleon/data/Campo3_enero26/Apalta/Celular/IMG_5309.HEIC,IMG_5309.HEIC,2.368546485900879,2.2204689979553223,,3024,4032,3425374,-34.311030555555554,-70.85439166666666,Apalta,ground
6967eca04644523b2e555258,/home/malezainia1/dev/INIA_DeepLearning_Ubuntu_mod_lleon/data/Campo3_enero26/Apalta/Celular/IMG_5310.HEIC,IMG_5310.HEIC,2.7654035091400146,3.397495985031128,,3024,4032,3960456,-34.311024999999994,-70.85439166666666,Apalta,ground
6967eca04644523b2e555259,/home/malezainia1/dev/INIA_DeepLearning_Ubuntu_mod_lleon/data/Campo3_enero26/Apalta/Celular/IMG_5311.HEIC,IMG_5311.HEIC,3.094012975692749,4.822869777679443,,3024,4032,3986721,-34.310988888888886,-70.8543611111111,Apalta,ground
6967eca04644523b2e55525a,/home/malezainia1/dev/INIA_DeepLearning_Ubuntu_mod_lleon/data/Campo3_enero26/Apalta/Celular/IMG_5312.HEIC,IMG_5312.HEIC,1.8487628698349,2.1004655361175537,,3024,4032,3913200,-34.31098055555555,-70.8543611111111,Apalta,ground
6967eca04644523b2e55525b,/home/malezainia1/dev/INIA_DeepLearning_Ubuntu_mod_lleon/data/Campo3_enero26/Apalta/Celular/IMG_5313.HEIC,IMG_5313.HEIC,1.8213952779769897,2.0316214561462402,,3024,4032,3796829,-34.310966666666666,-70.85435555555554,Apalta,ground
6967eca04644523b2e55525c,/home/malezainia1/dev/INIA_DeepLearning_Ubuntu_mod_lleon/data/Campo3_enero26/Apalta/Celular/IMG_5314.HEIC,IMG_5314.HEIC,1.8910280466079712,4.392772197723389,,3024,4032,4147771,-34.31095,-70.85435555555554,Apalta,ground
6967eca04644523b2e55525d,/home/malezainia1/dev/INIA_DeepLearning_Ubuntu_mod_lleon/data/Campo3_enero26/Apalta/Celular/IMG_5315.HEIC,IMG_5315.HEIC,3.3126678466796875,3.0825324058532715,,4032,3024,4407023,-34.310916666666664,-70.85433333333333,Apalta,ground
6967eca04644523b2e55525e,/home/malezainia1/dev/INIA_DeepLearning_Ubuntu_mod_lleon/data/Campo3_enero26/Apalta/Celular/IMG_5316.HEIC,IMG_5316.HEIC,4.122614860534668,4.366776466369629,,4032,3024,4956936,-34.31090277777778,-70.85433333333333,Apalta,ground
6967eca04644523b2e55525f,/home/malezainia1/dev/INIA_DeepLearning_Ubuntu_mod_lleon/data/Campo3_enero26/Apalta/Celular/IMG_5317.HEIC,IMG_5317.HEIC,2.266720771789551,3.32269549369812,,4032,3024,3396088,-34.31088333333333,-70.85430833333332,Apalta,ground
6967eca04644523b2e555260,/home/malezainia1/dev/INIA_DeepLearning_Ubuntu_mod_lleon/data/Campo3_enero26/Apalta/Celular/IMG_5318.HEIC,IMG_5318.HEIC,2.9184744358062744,2.3197667598724365,,4032,3024,3870048,-34.310877777777776,-70.85430277777778,Apalta,ground
6967eca04644523b2e555261,/home/malezainia1/dev/INIA_DeepLearning_Ubuntu_mod_lleon/data/Campo3_enero26/Apalta/Celular/IMG_5319.HEIC,IMG_5319.HEIC,3.772542715072632,3.4410252571105957,,3024,4032,4212594,-34.310874999999996,-70.85430833333332,Apalta,ground
6967eca04644523b2e555262,/home/malezainia1/dev/INIA_DeepLearning_Ubuntu_mod_lleon/data/Campo3_enero26/Apalta/Celular/IMG_5320.HEIC,IMG_5320.HEIC,3.291987180709839,3.0763847827911377,,4032,3024,3869879,-34.31084722222222,-70.85430833333332,Apalta,ground
6967eca04644523b2e555263,/home/malezainia1/dev/INIA_DeepLearning_Ubuntu_mod_lleon/data/Campo3_enero26/Apalta/Celular/IMG_5321.HEIC,IMG_5321.HEIC,3.4550392627716064,2.9828364849090576,,4032,3024,4315700,-34.31084166666666,-70.85430277777778,Apalta,ground
6967eca04644523b2e555264,/home/malezainia1/dev/INIA_DeepLearning_Ubuntu_mod_lleon/data/Campo3_enero26/Apalta/Celular/IMG_5322.HEIC,IMG_5322.HEIC,2.9793665409088135,2.7456018924713135,,4032,3024,3956063,-34.31083611111111,-70.85429444444443,Apalta,ground
6967eca04644523b2e555265,/home/malezainia1/dev/INIA_DeepLearning_Ubuntu_mod_lleon/data/Campo3_enero26/Apalta/Celular/IMG_5323.HEIC,IMG_5323.HEIC,2.7324061393737793,2.8507211208343506,,4032,3024,4008616,-34.310805555555554,-70.85428611111111,Apalta,ground
6967eca04644523b2e555266,/home/malezainia1/dev/INIA_DeepLearning_Ubuntu_mod_lleon/data/Campo3_enero26/Apalta/Celular/IMG_5324.HEIC,IMG_5324.HEIC,3.2296054363250732,2.7942090034484863,,4032,3024,3617095,-34.31078055555555,-70.85427222222222,Apalta,ground
6967eca04644523b2e555267,/home/malezainia1/dev/INIA_DeepLearning_Ubuntu_mod_lleon/data/Campo3_enero26/Apalta/Celular/IMG_5325.HEIC,IMG_5325.HEIC,2.947957754135132,3.070247173309326,,4032,3024,3421337,-34.31077222222222,-70.85426388888888,Apalta,ground
6967eca04644523b2e555268,/home/malezainia1/dev/INIA_DeepLearning_Ubuntu_mod_lleon/data/Campo3_enero26/Apalta/Celular/IMG_5326.HEIC,IMG_5326.HEIC,4.375269412994385,3.945878028869629,,4032,3024,3082973,-34.31075555555555,-70.85427222222222,Apalta,ground
6967eca04644523b2e555269,/home/malezainia1/dev/INIA_DeepLearning_Ubuntu_mod_lleon/data/Campo3_enero26/Apalta/Celular/IMG_5327.HEIC,IMG_5327.HEIC,2.968498706817627,2.7731902599334717,,4032,3024,4154076,-34.31073333333333,-70.85424722222221,Apalta,ground
6967eca04644523b2e55526a,/home/malezainia1/dev/INIA_DeepLearning_Ubuntu_mod_lleon/data/Campo3_enero26/Apalta/Celular/IMG_5328.HEIC,IMG_5328.HEIC,1.7950904369354248,0.9634247422218323,,3024,4032,4844124,-34.310627777777775,-70.85419444444445,Apalta,ground
6967eca04644523b2e55526b,/home/malezainia1/dev/INIA_DeepLearning_Ubuntu_mod_lleon/data/Campo3_enero26/Apalta/Celular/IMG_5329.HEIC,IMG_5329.HEIC,2.0113399028778076,1.2092889547348022,,3024,4032,4071476,-34.31061111111111,-70.85418055555554,Apalta,ground
6967eca04644523b2e55526c,/home/malezainia1/dev/INIA_DeepLearning_Ubuntu_mod_lleon/data/Campo3_enero26/Apalta/Celular/IMG_5330.HEIC,IMG_5330.HEIC,3.4699437618255615,2.198390245437622,,3024,4032,4496565,-34.31058055555555,-70.85416388888888,Apalta,ground
6967eca04644523b2e55526d,/home/malezainia1/dev/INIA_DeepLearning_Ubuntu_mod_lleon/data/Campo3_enero26/Apalta/Celular/IMG_5332.HEIC,IMG_5332.HEIC,2.620083808898926,4.413492679595947,,3024,4032,3255102,-34.31049722222222,-70.854125,Apalta,ground
6967eca04644523b2e55526e,/home/malezainia1/dev/INIA_DeepLearning_Ubuntu_mod_lleon/data/Campo3_enero26/Apalta/Celular/IMG_5333.HEIC,IMG_5333.HEIC,4.271544933319092,4.585487365722656,,3024,4032,3597622,-34.31044722222222,-70.85410277777777,Apalta,ground
6967eca04644523b2e55526f,/home/malezainia1/dev/INIA_DeepLearning_Ubuntu_mod_lleon/data/Campo3_enero26/Apalta/Celular/IMG_5334.HEIC,IMG_5334.HEIC,3.664233446121216,-0.78644859790802,,4032,3024,2967133,-34.310402777777774,-70.85411111111111,Apalta,ground
6967eca04644523b2e555270,/home/malezainia1/dev/INIA_DeepLearning_Ubuntu_mod_lleon/data/Campo3_enero26/Apalta/Celular/IMG_5335.HEIC,IMG_5335.HEIC,4.807985782623291,3.9704477787017822,,3024,4032,2994404,-34.310377777777774,-70.85408888888888,Apalta,ground
6967eca04644523b2e555271,/home/malezainia1/dev/INIA_DeepLearning_Ubuntu_mod_lleon/data/Campo3_enero26/Apalta/Celular/IMG_5336.HEIC,IMG_5336.HEIC,2.268479108810425,3.0370523929595947,,3024,4032,3255161,-34.310405555555555,-70.85410277777777,Apalta,ground
6967eca04644523b2e555272,/home/malezainia1/dev/INIA_DeepLearning_Ubuntu_mod_lleon/data/Campo3_enero26/Apalta/Celular/IMG_5337.HEIC,IMG_5337.HEIC,3.043768882751465,3.0668246746063232,,3024,4032,3196282,-34.31035555555555,-70.85408055555556,Apalta,ground
6967eca04644523b2e555273,/home/malezainia1/dev/INIA_DeepLearning_Ubuntu_mod_lleon/data/Campo3_enero26/Apalta/Celular/IMG_5338.HEIC,IMG_5338.HEIC,3.4393351078033447,4.043554782867432,,3024,4032,2784735,-34.31034722222222,-70.85407222222221,Apalta,ground
6967eca04644523b2e555274,/home/malezainia1/dev/INIA_DeepLearning_Ubuntu_mod_lleon/data/Campo3_enero26/Apalta/Celular/IMG_5339.HEIC,IMG_5339.HEIC,1.947617530822754,1.2342572212219238,,3024,4032,4011485,-34.31034722222222,-70.85407222222221,Apalta,ground
6967eca04644523b2e555275,/home/malezainia1/dev/INIA_DeepLearning_Ubuntu_mod_lleon/data/Campo3_enero26/Apalta/Celular/IMG_5340.HEIC,IMG_5340.HEIC,2.37287974357605,2.626063823699951,,3024,4032,4395506,-34.31034444444444,-70.85406388888889,Apalta,ground
6967eca04644523b2e555276,/home/malezainia1/dev/INIA_DeepLearning_Ubuntu_mod_lleon/data/Campo3_enero26/Apalta/Celular/IMG_5341.HEIC,IMG_5341.HEIC,2.7231616973876953,4.94438362121582,,3024,4032,2561131,-34.31023888888888,-70.85401944444443,Apalta,ground
6967eca04644523b2e555277,/home/malezainia1/dev/INIA_DeepLearning_Ubuntu_mod_lleon/data/Campo3_enero26/Apalta/Celular/IMG_5342.HEIC,IMG_5342.HEIC,2.508066177368164,1.729259729385376,,3024,4032,4136605,-34.31023888888888,-70.85401944444443,Apalta,ground
6967eca04644523b2e555278,/home/malezainia1/dev/INIA_DeepLearning_Ubuntu_mod_lleon/data/Campo3_enero26/Apalta/Celular/IMG_5343.HEIC,IMG_5343.HEIC,2.975950002670288,3.1980903148651123,,3024,4032,4288511,-34.31021388888889,-70.85400277777777,Apalta,ground
6967eca04644523b2e555279,/home/malezainia1/dev/INIA_DeepLearning_Ubuntu_mod_lleon/data/Campo3_enero26/Apalta/Celular/IMG_5344.HEIC,IMG_5344.HEIC,3.40260910987854,3.5478897094726562,,4032,3024,3420615,-34.31020833333333,-70.8540111111111,Apalta,ground
6967eca04644523b2e55527a,/home/malezainia1/dev/INIA_DeepLearning_Ubuntu_mod_lleon/data/Campo3_enero26/Apalta/Celular/IMG_5345.HEIC,IMG_5345.HEIC,2.584885597229004,3.1582212448120117,,4032,3024,3440199,-34.31016666666667,-70.85398888888888,Apalta,ground
6967eca04644523b2e55527b,/home/malezainia1/dev/INIA_DeepLearning_Ubuntu_mod_lleon/data/Campo3_enero26/Apalta/Celular/IMG_5346.HEIC,IMG_5346.HEIC,3.678358554840088,4.365148544311523,,4032,3024,4115013,-34.31016666666667,-70.85398888888888,Apalta,ground
6967eca04644523b2e55527c,/home/malezainia1/dev/INIA_DeepLearning_Ubuntu_mod_lleon/data/Campo3_enero26/Apalta/Celular/IMG_5347.HEIC,IMG_5347.HEIC,2.6296918392181396,3.0036070346832275,,4032,3024,3342676,-34.310158333333334,-70.85398055555555,Apalta,ground
6967eca04644523b2e55527d,/home/malezainia1/dev/INIA_DeepLearning_Ubuntu_mod_lleon/data/Campo3_enero26/Apalta/Celular/IMG_5348.HEIC,IMG_5348.HEIC,2.568225860595703,3.4613590240478516,,4032,3024,3833471,-34.31010833333333,-70.85397222222221,Apalta,ground
6967eca04644523b2e55527e,/home/malezainia1/dev/INIA_DeepLearning_Ubuntu_mod_lleon/data/Campo3_enero26/Apalta/Celular/IMG_5349.HEIC,IMG_5349.HEIC,2.0422844886779785,3.6459338665008545,,4032,3024,4130773,-34.310066666666664,-70.85395,Apalta,ground
6967eca04644523b2e55527f,/home/malezainia1/dev/INIA_DeepLearning_Ubuntu_mod_lleon/data/Campo3_enero26/Apalta/Celular/IMG_5350.HEIC,IMG_5350.HEIC,4.861306667327881,2.5287222862243652,,4032,3024,4060633,-34.31001944444444,-70.85394166666666,Apalta,ground
6967eca04644523b2e555280,/home/malezainia1/dev/INIA_DeepLearning_Ubuntu_mod_lleon/data/Campo3_enero26/Apalta/Celular/IMG_5351.HEIC,IMG_5351.HEIC,2.881131172180176,3.7629218101501465,,4032,3024,4578987,-34.31001388888889,-70.8539111111111,Apalta,ground
6967eca04644523b2e555281,/home/malezainia1/dev/INIA_DeepLearning_Ubuntu_mod_lleon/data/Campo3_enero26/Apalta/Celular/IMG_5352.HEIC,IMG_5352.HEIC,5.128507614135742,2.631821870803833,,4032,3024,4080635,-34.310005555555556,-70.85390555555556,Apalta,ground
6967eca04644523b2e555282,/home/malezainia1/dev/INIA_DeepLearning_Ubuntu_mod_lleon/data/Campo3_enero26/Apalta/Celular/IMG_5353.HEIC,IMG_5353.HEIC,3.4720194339752197,3.3588860034942627,,4032,3024,4247901,-34.309955555555554,-70.85388888888889,Apalta,ground
6967eca04644523b2e555283,/home/malezainia1/dev/INIA_DeepLearning_Ubuntu_mod_lleon/data/Campo3_enero26/Apalta/Celular/IMG_5354.HEIC,IMG_5354.HEIC,3.2166478633880615,4.244091987609863,,4032,3024,3847506,-34.30994166666667,-70.85388055555555,Apalta,ground
6967eca04644523b2e555284,/home/malezainia1/dev/INIA_DeepLearning_Ubuntu_mod_lleon/data/Campo3_enero26/Apalta/Celular/IMG_5355.HEIC,IMG_5355.HEIC,4.93724250793457,2.3522181510925293,,4032,3024,3887195,-34.30993611111111,-70.85387499999999,Apalta,ground
6967eca04644523b2e555285,/home/malezainia1/dev/INIA_DeepLearning_Ubuntu_mod_lleon/data/Campo3_enero26/Apalta/Celular/IMG_5356.HEIC,IMG_5356.HEIC,3.338791847229004,4.602991104125977,,4032,3024,3310425,-34.30983333333333,-70.85381944444444,Apalta,ground
6967eca04644523b2e555286,/home/malezainia1/dev/INIA_DeepLearning_Ubuntu_mod_lleon/data/Campo3_enero26/Apalta/Celular/IMG_5357.HEIC,IMG_5357.HEIC,4.07170295715332,4.495558738708496,,4032,3024,3359773,-34.30981944444444,-70.85381388888888,Apalta,ground
6967eca04644523b2e555287,/home/malezainia1/dev/INIA_DeepLearning_Ubuntu_mod_lleon/data/Campo3_enero26/Apalta/Celular/IMG_5358.HEIC,IMG_5358.HEIC,2.8007020950317383,3.1669726371765137,,4032,3024,3903566,-34.30978333333333,-70.85379722222221,Apalta,ground
6967eca04644523b2e555288,/home/malezainia1/dev/INIA_DeepLearning_Ubuntu_mod_lleon/data/Campo3_enero26/Apalta/Celular/IMG_5361.HEIC,IMG_5361.HEIC,4.068526268005371,4.120362281799316,,4032,3024,4129905,-34.30967777777777,-70.8537361111111,Apalta,ground
6967eca04644523b2e555289,/home/malezainia1/dev/INIA_DeepLearning_Ubuntu_mod_lleon/data/Campo3_enero26/Apalta/Celular/IMG_5362.HEIC,IMG_5362.HEIC,3.6760804653167725,3.7636818885803223,,4032,3024,4425321,-34.30966944444444,-70.8537361111111,Apalta,ground
6967eca04644523b2e55528a,/home/malezainia1/dev/INIA_DeepLearning_Ubuntu_mod_lleon/data/Campo3_enero26/Apalta/Celular/IMG_5363.HEIC,IMG_5363.HEIC,5.502054214477539,3.3375442028045654,,3024,4032,3520553,-34.310525,-70.85505555555555,Apalta,ground
6967eca04644523b2e55528b,/home/malezainia1/dev/INIA_DeepLearning_Ubuntu_mod_lleon/data/Campo3_enero26/Apalta/Celular/IMG_5364.HEIC,IMG_5364.HEIC,2.2781777381896973,1.2966150045394897,,3024,4032,3379195,-34.310525,-70.85505555555555,Apalta,ground
6967eca04644523b2e55528c,/home/malezainia1/dev/INIA_DeepLearning_Ubuntu_mod_lleon/data/Campo3_enero26/Apalta/Celular/IMG_5365.HEIC,IMG_5365.HEIC,2.4249515533447266,1.382107138633728,,3024,4032,3891997,-34.310075,-70.85343888888889,Apalta,ground
6967eca04644523b2e55528d,/home/malezainia1/dev/INIA_DeepLearning_Ubuntu_mod_lleon/data/Campo3_enero26/Apalta/Celular/IMG_5366.HEIC,IMG_5366.HEIC,2.9180610179901123,1.6089037656784058,,3024,4032,4263071,-34.30976944444444,-70.85358333333333,Apalta,ground
6967eca04644523b2e55528e,/home/malezainia1/dev/INIA_DeepLearning_Ubuntu_mod_lleon/data/Campo3_enero26/Apalta/Celular/IMG_5367.HEIC,IMG_5367.HEIC,4.269409656524658,3.269371509552002,,3024,4032,4176544,-34.30971944444444,-70.8535611111111,Apalta,ground
6967eca04644523b2e55528f,/home/malezainia1/dev/INIA_DeepLearning_Ubuntu_mod_lleon/data/Campo3_enero26/Apalta/Celular/IMG_5368.HEIC,IMG_5368.HEIC,2.1609246730804443,1.9803719520568848,,3024,4032,4209180,-34.30981388888888,-70.85357777777777,Apalta,ground
6967eca04644523b2e555290,/home/malezainia1/dev/INIA_DeepLearning_Ubuntu_mod_lleon/data/Campo3_enero26/Apalta/Celular/IMG_5369.HEIC,IMG_5369.HEIC,1.9847545623779297,1.4119089841842651,,3024,4032,3980911,-34.309822222222216,-70.85358333333333,Apalta,ground
6967eca04644523b2e555291,/home/malezainia1/dev/INIA_DeepLearning_Ubuntu_mod_lleon/data/Campo3_enero26/Apalta/Celular/IMG_5370.HEIC,IMG_5370.HEIC,3.295687675476074,0.07566969096660614,,3024,4032,4271465,-34.30983333333333,-70.85357777777777,Apalta,ground
6967eca04644523b2e555292,/home/malezainia1/dev/INIA_DeepLearning_Ubuntu_mod_lleon/data/Campo3_enero26/Apalta/Celular/IMG_5371.HEIC,IMG_5371.HEIC,3.2871735095977783,-0.19444124400615692,,3024,4032,3825074,-34.30985555555555,-70.85358333333333,Apalta,ground
6967eca04644523b2e555293,/home/malezainia1/dev/INIA_DeepLearning_Ubuntu_mod_lleon/data/Campo3_enero26/Apalta/Celular/IMG_5372.HEIC,IMG_5372.HEIC,2.195965051651001,1.3946033716201782,,3024,4032,3134281,-34.309863888888884,-70.8536,Apalta,ground
6967eca04644523b2e555294,/home/malezainia1/dev/INIA_DeepLearning_Ubuntu_mod_lleon/data/Campo3_enero26/Apalta/Celular/IMG_5373.HEIC,IMG_5373.HEIC,2.937082529067993,0.34293419122695923,,3024,4032,3672392,-34.309875,-70.85359166666666,Apalta,ground
6967eca04644523b2e555295,/home/malezainia1/dev/INIA_DeepLearning_Ubuntu_mod_lleon/data/Campo3_enero26/Apalta/Celular/IMG_5374.HEIC,IMG_5374.HEIC,2.6004724502563477,1.6300522089004517,,3024,4032,3967866,-34.30988055555555,-70.8536,Apalta,ground
6967eca04644523b2e555296,/home/malezainia1/dev/INIA_DeepLearning_Ubuntu_mod_lleon/data/Campo3_enero26/Apalta/Celular/IMG_5375.HEIC,IMG_5375.HEIC,3.3447365760803223,2.6464972496032715,,3024,4032,3729528,-34.309916666666666,-70.85360833333333,Apalta,ground
6967eca04644523b2e555297,/home/malezainia1/dev/INIA_DeepLearning_Ubuntu_mod_lleon/data/Campo3_enero26/Apalta/Celular/IMG_5376.HEIC,IMG_5376.HEIC,2.2059576511383057,2.3562686443328857,,3024,4032,4118700,-34.309925,-70.85361388888889,Apalta,ground
6967eca04644523b2e555298,/home/malezainia1/dev/INIA_DeepLearning_Ubuntu_mod_lleon/data/Campo3_enero26/Apalta/Celular/IMG_5377.HEIC,IMG_5377.HEIC,2.371885299682617,1.823122262954712,,3024,4032,3768581,-34.30994166666667,-70.85362222222221,Apalta,ground
6967eca04644523b2e555299,/home/malezainia1/dev/INIA_DeepLearning_Ubuntu_mod_lleon/data/Campo3_enero26/Apalta/Celular/IMG_5378.HEIC,IMG_5378.HEIC,2.969142198562622,3.954209804534912,,3024,4032,3463354,-34.309977777777775,-70.85363888888888,Apalta,ground
6967eca04644523b2e55529a,/home/malezainia1/dev/INIA_DeepLearning_Ubuntu_mod_lleon/data/Campo3_enero26/Apalta/Celular/IMG_5379.HEIC,IMG_5379.HEIC,4.543356418609619,4.118821620941162,,3024,4032,4026655,-34.31003611111111,-70.85366944444444,Apalta,ground
6967eca04644523b2e55529b,/home/malezainia1/dev/INIA_DeepLearning_Ubuntu_mod_lleon/data/Campo3_enero26/Apalta/Celular/IMG_5380.HEIC,IMG_5380.HEIC,2.3172526359558105,0.5872649550437927,,3024,4032,3594790,-34.31003888888888,-70.853675,Apalta,ground
6967eca04644523b2e55529c,/home/malezainia1/dev/INIA_DeepLearning_Ubuntu_mod_lleon/data/Campo3_enero26/Apalta/Celular/IMG_5381.HEIC,IMG_5381.HEIC,2.9129066467285156,3.9873156547546387,,3024,4032,4435707,-34.31005833333333,-70.85369166666666,Apalta,ground
6967eca04644523b2e55529d,/home/malezainia1/dev/INIA_DeepLearning_Ubuntu_mod_lleon/data/Campo3_enero26/Apalta/Celular/IMG_5382.HEIC,IMG_5382.HEIC,1.9787019491195679,2.9514501094818115,,3024,4032,4340839,-34.31010833333333,-70.85370555555555,Apalta,ground
6967eca04644523b2e55529e,/home/malezainia1/dev/INIA_DeepLearning_Ubuntu_mod_lleon/data/Campo3_enero26/Apalta/Celular/IMG_5383.HEIC,IMG_5383.HEIC,1.5454981327056885,1.5947785377502441,,3024,4032,3698398,-34.31011944444444,-70.85371388888888,Apalta,ground
6967eca04644523b2e55529f,/home/malezainia1/dev/INIA_DeepLearning_Ubuntu_mod_lleon/data/Campo3_enero26/Apalta/Celular/IMG_5384.HEIC,IMG_5384.HEIC,2.5989270210266113,1.5775457620620728,,3024,4032,4070545,-34.31012222222222,-70.85373055555554,Apalta,ground
6967eca04644523b2e5552a0,/home/malezainia1/dev/INIA_DeepLearning_Ubuntu_mod_lleon/data/Campo3_enero26/Apalta/Celular/IMG_5385.HEIC,IMG_5385.HEIC,2.1468958854675293,3.9517898559570312,,3024,4032,4117221,-34.31015277777777,-70.8537361111111,Apalta,ground
6967eca04644523b2e5552a1,/home/malezainia1/dev/INIA_DeepLearning_Ubuntu_mod_lleon/data/Campo3_enero26/Apalta/Celular/IMG_5386.HEIC,IMG_5386.HEIC,1.9281699657440186,3.14277982711792,,3024,4032,4060949,-34.31017222222222,-70.8537361111111,Apalta,ground
6967eca04644523b2e5552a2,/home/malezainia1/dev/INIA_DeepLearning_Ubuntu_mod_lleon/data/Campo3_enero26/Apalta/Celular/IMG_5387.HEIC,IMG_5387.HEIC,2.0520033836364746,2.1309733390808105,,3024,4032,4087115,-34.310180555555554,-70.8537361111111,Apalta,ground
6967eca04644523b2e5552a3,/home/malezainia1/dev/INIA_DeepLearning_Ubuntu_mod_lleon/data/Campo3_enero26/Apalta/Celular/IMG_5388.HEIC,IMG_5388.HEIC,2.188157796859741,1.4714161157608032,,3024,4032,3670317,-34.31019166666666,-70.85374444444444,Apalta,ground
6967eca04644523b2e5552a4,/home/malezainia1/dev/INIA_DeepLearning_Ubuntu_mod_lleon/data/Campo3_enero26/Apalta/Celular/IMG_5389.HEIC,IMG_5389.HEIC,3.1582584381103516,1.653249740600586,,3024,4032,4103389,-34.31021111111111,-70.85376111111111,Apalta,ground
6967eca04644523b2e5552a5,/home/malezainia1/dev/INIA_DeepLearning_Ubuntu_mod_lleon/data/Campo3_enero26/Apalta/Celular/IMG_5390.HEIC,IMG_5390.HEIC,2.5842649936676025,5.279916763305664,,3024,4032,3992823,-34.31022222222222,-70.85376666666666,Apalta,ground
6967eca04644523b2e5552a6,/home/malezainia1/dev/INIA_DeepLearning_Ubuntu_mod_lleon/data/Campo3_enero26/Apalta/Celular/IMG_5391.HEIC,IMG_5391.HEIC,2.8389644622802734,1.8747509717941284,,3024,4032,3420076,-34.31022222222222,-70.85375277777777,Apalta,ground
6967eca04644523b2e5552a7,/home/malezainia1/dev/INIA_DeepLearning_Ubuntu_mod_lleon/data/Campo3_enero26/Apalta/Celular/IMG_5392.HEIC,IMG_5392.HEIC,3.50314998626709,-0.10319115221500397,,3024,4032,4537085,-34.31024444444444,-70.85376111111111,Apalta,ground
6967eca04644523b2e5552a8,/home/malezainia1/dev/INIA_DeepLearning_Ubuntu_mod_lleon/data/Campo3_enero26/Apalta/Celular/IMG_5393.HEIC,IMG_5393.HEIC,3.2239739894866943,4.702142238616943,,3024,4032,3882259,-34.31026111111111,-70.853775,Apalta,ground
6967eca04644523b2e5552a9,/home/malezainia1/dev/INIA_DeepLearning_Ubuntu_mod_lleon/data/Campo3_enero26/Apalta/Celular/IMG_5394.HEIC,IMG_5394.HEIC,2.8864259719848633,0.4662514925003052,,3024,4032,3836015,-34.310275,-70.85378333333333,Apalta,ground
6967eca04644523b2e5552aa,/home/malezainia1/dev/INIA_DeepLearning_Ubuntu_mod_lleon/data/Campo3_enero26/Apalta/Celular/IMG_5395.HEIC,IMG_5395.HEIC,5.717539310455322,-0.9678672552108765,,3024,4032,3239298,-34.31028055555555,-70.85379166666667,Apalta,ground
6967eca04644523b2e5552ab,/home/malezainia1/dev/INIA_DeepLearning_Ubuntu_mod_lleon/data/Campo3_enero26/Apalta/Celular/IMG_5396.HEIC,IMG_5396.HEIC,3.8727452754974365,4.503530979156494,,3024,4032,4270371,-34.31028055555555,-70.85379166666667,Apalta,ground
6967eca04644523b2e5552ac,/home/malezainia1/dev/INIA_DeepLearning_Ubuntu_mod_lleon/data/Campo3_enero26/Apalta/Celular/IMG_5397.HEIC,IMG_5397.HEIC,2.084045886993408,1.6363773345947266,,3024,4032,4013245,-34.31033055555555,-70.85381388888888,Apalta,ground
6967eca04644523b2e5552ad,/home/malezainia1/dev/INIA_DeepLearning_Ubuntu_mod_lleon/data/Campo3_enero26/Apalta/Celular/IMG_5398.HEIC,IMG_5398.HEIC,5.392960071563721,2.3138227462768555,,3024,4032,4094914,-34.31036666666667,-70.85382777777777,Apalta,ground
6967eca04644523b2e5552ae,/home/malezainia1/dev/INIA_DeepLearning_Ubuntu_mod_lleon/data/Campo3_enero26/Apalta/Celular/IMG_5399.HEIC,IMG_5399.HEIC,4.5113911628723145,3.2951676845550537,,3024,4032,3926306,-34.31038611111111,-70.85384444444443,Apalta,ground
6967eca04644523b2e5552af,/home/malezainia1/dev/INIA_DeepLearning_Ubuntu_mod_lleon/data/Campo3_enero26/Apalta/Celular/IMG_5400.HEIC,IMG_5400.HEIC,4.085178852081299,4.744395732879639,,3024,4032,4281228,-34.310402777777774,-70.85384444444443,Apalta,ground
6967eca04644523b2e5552b0,/home/malezainia1/dev/INIA_DeepLearning_Ubuntu_mod_lleon/data/Campo3_enero26/Apalta/Celular/IMG_5401.HEIC,IMG_5401.HEIC,1.9735093116760254,3.137831449508667,,3024,4032,3494774,-34.31041666666666,-70.85385,Apalta,ground
6967eca04644523b2e5552b1,/home/malezainia1/dev/INIA_DeepLearning_Ubuntu_mod_lleon/data/Campo3_enero26/Apalta/Celular/IMG_5402.HEIC,IMG_5402.HEIC,2.540093421936035,1.7724640369415283,,3024,4032,3504868,-34.31043611111111,-70.85385833333332,Apalta,ground
6967eca04644523b2e5552b2,/home/malezainia1/dev/INIA_DeepLearning_Ubuntu_mod_lleon/data/Campo3_enero26/Apalta/Celular/IMG_5403.HEIC,IMG_5403.HEIC,4.197182655334473,3.154772996902466,,3024,4032,3977624,-34.31046944444444,-70.85387499999999,Apalta,ground
6967eca04644523b2e5552b3,/home/malezainia1/dev/INIA_DeepLearning_Ubuntu_mod_lleon/data/Campo3_enero26/Apalta/Celular/IMG_5404.HEIC,IMG_5404.HEIC,1.7657901048660278,0.8096410036087036,,3024,4032,4377577,-34.31054722222222,-70.85390555555556,Apalta,ground
6967eca04644523b2e5552b4,/home/malezainia1/dev/INIA_DeepLearning_Ubuntu_mod_lleon/data/Campo3_enero26/Apalta/Celular/IMG_5405.HEIC,IMG_5405.HEIC,1.7952908277511597,0.523140549659729,,3024,4032,3562844,-34.31055,-70.85390555555556,Apalta,ground
6967eca04644523b2e5552b5,/home/malezainia1/dev/INIA_DeepLearning_Ubuntu_mod_lleon/data/Campo3_enero26/Apalta/Celular/IMG_5406.HEIC,IMG_5406.HEIC,2.395455837249756,2.135944128036499,,3024,4032,3556562,-34.31056944444444,-70.8539111111111,Apalta,ground
6967eca04644523b2e5552b6,/home/malezainia1/dev/INIA_DeepLearning_Ubuntu_mod_lleon/data/Campo3_enero26/Apalta/Celular/IMG_5407.HEIC,IMG_5407.HEIC,2.862342596054077,2.3478500843048096,,3024,4032,4744358,-34.31063888888889,-70.85394166666666,Apalta,ground
6967eca04644523b2e5552b7,/home/malezainia1/dev/INIA_DeepLearning_Ubuntu_mod_lleon/data/Campo3_enero26/Apalta/Celular/IMG_5408.HEIC,IMG_5408.HEIC,1.5845102071762085,1.1337618827819824,,3024,4032,3951689,-34.31066111111111,-70.85395833333332,Apalta,ground
6967eca04644523b2e5552b8,/home/malezainia1/dev/INIA_DeepLearning_Ubuntu_mod_lleon/data/Campo3_enero26/Apalta/Celular/IMG_5409.HEIC,IMG_5409.HEIC,1.8231621980667114,1.0651549100875854,,3024,4032,4097064,-34.31073055555555,-70.85400277777777,Apalta,ground
6967eca04644523b2e5552b9,/home/malezainia1/dev/INIA_DeepLearning_Ubuntu_mod_lleon/data/Campo3_enero26/Apalta/Celular/IMG_5410.HEIC,IMG_5410.HEIC,2.465057134628296,1.9927951097488403,,3024,4032,3906316,-34.31075,-70.85401944444443,Apalta,ground
6967eca04644523b2e5552ba,/home/malezainia1/dev/INIA_DeepLearning_Ubuntu_mod_lleon/data/Campo3_enero26/Apalta/Celular/IMG_5411.HEIC,IMG_5411.HEIC,1.7303545475006104,1.037502646446228,,3024,4032,3690670,-34.31075555555555,-70.85402777777777,Apalta,ground
6967eca04644523b2e5552bb,/home/malezainia1/dev/INIA_DeepLearning_Ubuntu_mod_lleon/data/Campo3_enero26/Apalta/Celular/IMG_5412.HEIC,IMG_5412.HEIC,1.4700891971588135,1.100274920463562,,3024,4032,4237991,-34.31078333333333,-70.85403333333333,Apalta,ground
6967eca04644523b2e5552bc,/home/malezainia1/dev/INIA_DeepLearning_Ubuntu_mod_lleon/data/Campo3_enero26/Apalta/Celular/IMG_5413.HEIC,IMG_5413.HEIC,3.1775760650634766,2.538674831390381,,3024,4032,4443553,-34.31087222222222,-70.85408055555556,Apalta,ground
6967eca04644523b2e5552bd,/home/malezainia1/dev/INIA_DeepLearning_Ubuntu_mod_lleon/data/Campo3_enero26/Apalta/Celular/IMG_5414.HEIC,IMG_5414.HEIC,1.8961316347122192,0.7021644711494446,,3024,4032,3077494,-34.31093333333333,-70.85411111111111,Apalta,ground
6967eca04644523b2e5552be,/home/malezainia1/dev/INIA_DeepLearning_Ubuntu_mod_lleon/data/Campo3_enero26/Apalta/Celular/IMG_5415.HEIC,IMG_5415.HEIC,2.232370138168335,0.8617761135101318,,3024,4032,4311883,-34.31095555555555,-70.85411944444444,Apalta,ground
6967eca04644523b2e5552bf,/home/malezainia1/dev/INIA_DeepLearning_Ubuntu_mod_lleon/data/Campo3_enero26/Apalta/Celular/IMG_5416.HEIC,IMG_5416.HEIC,1.6700040102005005,1.2818150520324707,,3024,4032,3883754,-34.311,-70.85414166666666,Apalta,ground
6967eca04644523b2e5552c0,/home/malezainia1/dev/INIA_DeepLearning_Ubuntu_mod_lleon/data/Campo3_enero26/Apalta/Celular/IMG_5417.HEIC,IMG_5417.HEIC,2.2236344814300537,1.4166553020477295,,3024,4032,4324556,-34.311024999999994,-70.85414999999999,Apalta,ground
6967eca04644523b2e5552c1,/home/malezainia1/dev/INIA_DeepLearning_Ubuntu_mod_lleon/data/Campo3_enero26/Apalta/Celular/IMG_5418.HEIC,IMG_5418.HEIC,2.1832282543182373,0.23318858444690704,,3024,4032,4711615,-34.31105833333333,-70.85417222222222,Apalta,ground
6967eca04644523b2e5552c2,/home/malezainia1/dev/INIA_DeepLearning_Ubuntu_mod_lleon/data/Campo3_enero26/Apalta/Celular/IMG_5554.HEIC,IMG_5554.HEIC,1.8253757953643799,0.3695284426212311,,3024,4032,3429158,-34.31122222222222,-70.85376111111111,Apalta,ground
6967eca04644523b2e5552c3,/home/malezainia1/dev/INIA_DeepLearning_Ubuntu_mod_lleon/data/Campo3_enero26/Apalta/Celular/IMG_5555.HEIC,IMG_5555.HEIC,4.583550930023193,4.030231475830078,,3024,4032,3359523,-34.311233333333334,-70.853775,Apalta,ground
6967eca04644523b2e5552c4,/home/malezainia1/dev/INIA_DeepLearning_Ubuntu_mod_lleon/data/Campo3_enero26/Apalta/Celular/IMG_5556.HEIC,IMG_5556.HEIC,2.837642192840576,4.047806739807129,,3024,4032,3966581,-34.311305555555556,-70.85380555555555,Apalta,ground
6967eca04644523b2e5552c5,/home/malezainia1/dev/INIA_DeepLearning_Ubuntu_mod_lleon/data/Campo3_enero26/Apalta/Celular/IMG_5557.HEIC,IMG_5557.HEIC,2.6016945838928223,1.4381349086761475,,3024,4032,4012632,-34.31143055555555,-70.85387499999999,Apalta,ground
6967eca04644523b2e5552c6,/home/malezainia1/dev/INIA_DeepLearning_Ubuntu_mod_lleon/data/Campo3_enero26/Apalta/Celular/IMG_5558.HEIC,IMG_5558.HEIC,2.3058018684387207,5.019527912139893,,3024,4032,4053136,-34.31160833333333,-70.85394166666666,Apalta,ground
6967eca04644523b2e5552c7,/home/malezainia1/dev/INIA_DeepLearning_Ubuntu_mod_lleon/data/Campo3_enero26/Apalta/Celular/IMG_5559.HEIC,IMG_5559.HEIC,4.48165225982666,3.332648515701294,,3024,4032,3939118,-34.31173611111111,-70.85400277777777,Apalta,ground
6967eca04644523b2e5552c8,/home/malezainia1/dev/INIA_DeepLearning_Ubuntu_mod_lleon/data/Campo3_enero26/Apalta/Celular/IMG_5560.HEIC,IMG_5560.HEIC,1.857242226600647,3.5166871547698975,,3024,4032,3918766,-34.31173611111111,-70.85400277777777,Apalta,ground
6967eca04644523b2e5552c9,/home/malezainia1/dev/INIA_DeepLearning_Ubuntu_mod_lleon/data/Campo3_enero26/Apalta/Celular/IMG_5561.HEIC,IMG_5561.HEIC,3.0443642139434814,2.6654229164123535,,3024,4032,3811132,-34.311747222222216,-70.8540111111111,Apalta,ground
6967eca04644523b2e5552ca,/home/malezainia1/dev/INIA_DeepLearning_Ubuntu_mod_lleon/data/Campo3_enero26/Apalta/Celular/IMG_5562.HEIC,IMG_5562.HEIC,1.6866388320922852,3.769902467727661,,3024,4032,3379819,-34.311775,-70.85402777777777,Apalta,ground
6967eca04644523b2e5552cb,/home/malezainia1/dev/INIA_DeepLearning_Ubuntu_mod_lleon/data/Campo3_enero26/Apalta/Celular/IMG_5563.HEIC,IMG_5563.HEIC,1.8619157075881958,3.954580068588257,,3024,4032,4329530,-34.311775,-70.85402777777777,Apalta,ground
6967eca04644523b2e5552cc,/home/malezainia1/dev/INIA_DeepLearning_Ubuntu_mod_lleon/data/Campo3_enero26/Apalta/Celular/IMG_5564.HEIC,IMG_5564.HEIC,1.7156387567520142,4.066915035247803,,3024,4032,3094996,-34.31178333333333,-70.85402777777777,Apalta,ground
6967eca04644523b2e5552cd,/home/malezainia1/dev/INIA_DeepLearning_Ubuntu_mod_lleon/data/Campo3_enero26/Apalta/Celular/IMG_5565.HEIC,IMG_5565.HEIC,5.465673446655273,0.013522312976419926,,3024,4032,3431761,-34.31178333333333,-70.85402777777777,Apalta,ground
6967eca04644523b2e5552ce,/home/malezainia1/dev/INIA_DeepLearning_Ubuntu_mod_lleon/data/Campo3_enero26/Apalta/Celular/IMG_5566.HEIC,IMG_5566.HEIC,4.212608337402344,4.845804691314697,,3024,4032,3691714,-34.311638888888886,-70.85420277777777,Apalta,ground
6967eca04644523b2e5552cf,/home/malezainia1/dev/INIA_DeepLearning_Ubuntu_mod_lleon/data/Campo3_enero26/Apalta/Celular/IMG_5567.HEIC,IMG_5567.HEIC,1.0156326293945312,1.9320629835128784,,3024,4032,3267496,-34.31211111111111,-70.8542111111111,Apalta,ground
6967eca04644523b2e5552d0,/home/malezainia1/dev/INIA_DeepLearning_Ubuntu_mod_lleon/data/Campo3_enero26/Apalta/Celular/IMG_5568.HEIC,IMG_5568.HEIC,1.8317842483520508,0.41714146733283997,,3024,4032,3677115,-34.31218333333333,-70.85424166666667,Apalta,ground
6967eca04644523b2e5552d1,/home/malezainia1/dev/INIA_DeepLearning_Ubuntu_mod_lleon/data/Campo3_enero26/Apalta/Celular/IMG_5569.HEIC,IMG_5569.HEIC,1.0579197406768799,1.4134242534637451,,3024,4032,3575130,-34.312266666666666,-70.85427777777777,Apalta,ground
6967eca04644523b2e5552d2,/home/malezainia1/dev/INIA_DeepLearning_Ubuntu_mod_lleon/data/Campo3_enero26/Apalta/Celular/IMG_5570.HEIC,IMG_5570.HEIC,1.451319932937622,2.176032066345215,,3024,4032,3022604,-34.31231944444444,-70.85430277777778,Apalta,ground
6967eca04644523b2e5552d3,/home/malezainia1/dev/INIA_DeepLearning_Ubuntu_mod_lleon/data/Campo3_enero26/Apalta/Celular/IMG_5571.HEIC,IMG_5571.HEIC,1.9366563558578491,2.878643274307251,,3024,4032,4194719,-34.31234444444444,-70.85430833333332,Apalta,ground
6967eca04644523b2e5552d4,/home/malezainia1/dev/INIA_DeepLearning_Ubuntu_mod_lleon/data/Campo3_enero26/Apalta/Celular/IMG_5572.HEIC,IMG_5572.HEIC,1.5645744800567627,1.4366838932037354,,3024,4032,2905000,-34.312377777777776,-70.85432499999999,Apalta,ground
6967eca04644523b2e5552d5,/home/malezainia1/dev/INIA_DeepLearning_Ubuntu_mod_lleon/data/Campo3_enero26/Apalta/Celular/IMG_5573.HEIC,IMG_5573.HEIC,1.1590609550476074,1.254677176475525,,3024,4032,2647115,-34.31251111111111,-70.85436944444444,Apalta,ground
6967eca04644523b2e5552d6,/home/malezainia1/dev/INIA_DeepLearning_Ubuntu_mod_lleon/data/Campo3_enero26/Apalta/Celular/IMG_5574.HEIC,IMG_5574.HEIC,6.103974342346191,3.0491881370544434,,3024,4032,3166435,-34.312549999999995,-70.85439166666666,Apalta,ground
6967eca04644523b2e5552d7,/home/malezainia1/dev/INIA_DeepLearning_Ubuntu_mod_lleon/data/Campo3_enero26/Apalta/Celular/IMG_5575.HEIC,IMG_5575.HEIC,1.6782861948013306,0.7613335251808167,,3024,4032,3468505,-34.312599999999996,-70.85440833333332,Apalta,ground
6967eca04644523b2e5552d8,/home/malezainia1/dev/INIA_DeepLearning_Ubuntu_mod_lleon/data/Campo3_enero26/Apalta/Celular/IMG_5576.HEIC,IMG_5576.HEIC,1.4197230339050293,1.1337995529174805,,3024,4032,3198606,-34.312625,-70.85442222222221,Apalta,ground
6967eca04644523b2e5552d9,/home/malezainia1/dev/INIA_DeepLearning_Ubuntu_mod_lleon/data/Campo3_enero26/Apalta/Celular/IMG_5577.HEIC,IMG_5577.HEIC,1.7601357698440552,0.5192489624023438,,3024,4032,3427224,-34.31271388888889,-70.8544611111111,Apalta,ground
6967eca04644523b2e5552da,/home/malezainia1/dev/INIA_DeepLearning_Ubuntu_mod_lleon/data/Campo3_enero26/Apalta/Celular/IMG_5578.HEIC,IMG_5578.HEIC,2.664585590362549,5.188450813293457,,3024,4032,4111963,-34.31276666666666,-70.85449166666666,Apalta,ground
6967eca04644523b2e5552db,/home/malezainia1/dev/INIA_DeepLearning_Ubuntu_mod_lleon/data/Campo3_enero26/Apalta/Celular/IMG_5579.HEIC,IMG_5579.HEIC,3.977458953857422,4.1243391036987305,,3024,4032,3694308,-34.31286111111111,-70.85453888888888,Apalta,ground
6967eca04644523b2e5552dc,/home/malezainia1/dev/INIA_DeepLearning_Ubuntu_mod_lleon/data/Campo3_enero26/Apalta/Celular/IMG_5580.HEIC,IMG_5580.HEIC,3.05822491645813,0.750102162361145,,3024,4032,4121390,-34.31305277777778,-70.85462222222222,Apalta,ground
6967eca04644523b2e5552dd,/home/malezainia1/dev/INIA_DeepLearning_Ubuntu_mod_lleon/data/Campo3_enero26/Apalta/Celular/IMG_5581.HEIC,IMG_5581.HEIC,3.426071882247925,3.871002197265625,,3024,4032,4173772,-34.31310277777777,-70.85464444444443,Apalta,ground
6967eca04644523b2e5552de,/home/malezainia1/dev/INIA_DeepLearning_Ubuntu_mod_lleon/data/Campo3_enero26/Apalta/Celular/IMG_5582.HEIC,IMG_5582.HEIC,3.4140141010284424,1.9821218252182007,,3024,4032,3385703,-34.313174999999994,-70.854675,Apalta,ground
6967eca04644523b2e5552df,/home/malezainia1/dev/INIA_DeepLearning_Ubuntu_mod_lleon/data/Campo3_enero26/Apalta/Celular/IMG_5583.HEIC,IMG_5583.HEIC,6.079202651977539,-0.07809950411319733,,3024,4032,4911936,-34.31325277777778,-70.85471388888888,Apalta,ground
6967eca04644523b2e5552e0,/home/malezainia1/dev/INIA_DeepLearning_Ubuntu_mod_lleon/data/Campo3_enero26/Apalta/Celular/IMG_5584.HEIC,IMG_5584.HEIC,2.019667863845825,2.6496596336364746,,3024,4032,3998631,-34.31336944444444,-70.85476666666666,Apalta,ground
6967eca04644523b2e5552e1,/home/malezainia1/dev/INIA_DeepLearning_Ubuntu_mod_lleon/data/Campo3_enero26/Apalta/Celular/IMG_5585.HEIC,IMG_5585.HEIC,3.854767322540283,2.195215940475464,,3024,4032,3552328,-34.31336944444444,-70.85477499999999,Apalta,ground
6967eca04644523b2e5552e2,/home/malezainia1/dev/INIA_DeepLearning_Ubuntu_mod_lleon/data/Campo3_enero26/Apalta/Celular/IMG_5586.HEIC,IMG_5586.HEIC,2.181493043899536,0.32345232367515564,,3024,4032,4330412,-34.31339722222222,-70.85477499999999,Apalta,ground
6967eca04644523b2e5552e3,/home/malezainia1/dev/INIA_DeepLearning_Ubuntu_mod_lleon/data/Campo3_enero26/Apalta/Celular/IMG_5587.HEIC,IMG_5587.HEIC,5.014455795288086,-1.0500574111938477,,3024,4032,3775728,-34.31347222222222,-70.85480555555554,Apalta,ground
6967eca04644523b2e5552e4,/home/malezainia1/dev/INIA_DeepLearning_Ubuntu_mod_lleon/data/Campo3_enero26/Apalta/Celular/IMG_5588.HEIC,IMG_5588.HEIC,1.788102388381958,4.145901679992676,,3024,4032,3813518,-34.313541666666666,-70.85484444444444,Apalta,ground
6967eca04644523b2e5552e5,/home/malezainia1/dev/INIA_DeepLearning_Ubuntu_mod_lleon/data/Campo3_enero26/Apalta/Celular/IMG_5589.HEIC,IMG_5589.HEIC,3.387463331222534,0.7800416946411133,,3024,4032,3550747,-34.31372777777778,-70.85493333333332,Apalta,ground
6967eca04644523b2e5552e6,/home/malezainia1/dev/INIA_DeepLearning_Ubuntu_mod_lleon/data/Campo3_enero26/Apalta/Celular/IMG_5590.HEIC,IMG_5590.HEIC,2.18402099609375,2.7917819023132324,,3024,4032,4259511,-34.313786111111106,-70.85494999999999,Apalta,ground
6967eca04644523b2e5552e7,/home/malezainia1/dev/INIA_DeepLearning_Ubuntu_mod_lleon/data/Campo3_enero26/Apalta/Celular/IMG_5591.HEIC,IMG_5591.HEIC,2.119527578353882,4.453557014465332,,3024,4032,3476518,-34.31381666666666,-70.85496388888889,Apalta,ground
6967eca04644523b2e5552e8,/home/malezainia1/dev/INIA_DeepLearning_Ubuntu_mod_lleon/data/Campo3_enero26/Apalta/Celular/IMG_5592.HEIC,IMG_5592.HEIC,2.3219587802886963,3.953577756881714,,3024,4032,3904536,-34.31397222222222,-70.85445277777777,Apalta,ground
6967eca04644523b2e5552e9,/home/malezainia1/dev/INIA_DeepLearning_Ubuntu_mod_lleon/data/Campo3_enero26/Apalta/Celular/IMG_5593.HEIC,IMG_5593.HEIC,2.6295981407165527,0.06301337480545044,,3024,4032,4360903,-34.31397222222222,-70.85443888888888,Apalta,ground
6967eca04644523b2e5552ea,/home/malezainia1/dev/INIA_DeepLearning_Ubuntu_mod_lleon/data/Campo3_enero26/Apalta/Celular/IMG_5594.HEIC,IMG_5594.HEIC,3.3500194549560547,-0.16060292720794678,,3024,4032,4084140,-34.313988888888886,-70.85442222222221,Apalta,ground
6967eca04644523b2e5552eb,/home/malezainia1/dev/INIA_DeepLearning_Ubuntu_mod_lleon/data/Campo3_enero26/Apalta/Celular/IMG_5595.HEIC,IMG_5595.HEIC,4.186816215515137,4.79214334487915,,3024,4032,3353427,-34.31395277777777,-70.8544,Apalta,ground
6967eca04644523b2e5552ec,/home/malezainia1/dev/INIA_DeepLearning_Ubuntu_mod_lleon/data/Campo3_enero26/Apalta/Celular/IMG_5596.HEIC,IMG_5596.HEIC,1.5347754955291748,0.8319219350814819,,3024,4032,2690897,-34.31390277777778,-70.85436944444444,Apalta,ground
6967eca04644523b2e5552ed,/home/malezainia1/dev/INIA_DeepLearning_Ubuntu_mod_lleon/data/Campo3_enero26/Apalta/Celular/IMG_5597.HEIC,IMG_5597.HEIC,5.579380989074707,3.2934134006500244,,3024,4032,3594898,-34.31389166666666,-70.8543611111111,Apalta,ground
6967eca04644523b2e5552ee,/home/malezainia1/dev/INIA_DeepLearning_Ubuntu_mod_lleon/data/Campo3_enero26/Apalta/Celular/IMG_5598.HEIC,IMG_5598.HEIC,2.7828030586242676,4.254365921020508,,3024,4032,4002051,-34.31384166666666,-70.85433888888889,Apalta,ground
6967eca04644523b2e5552ef,/home/malezainia1/dev/INIA_DeepLearning_Ubuntu_mod_lleon/data/Campo3_enero26/Apalta/Celular/IMG_5599.HEIC,IMG_5599.HEIC,5.420427322387695,3.0193934440612793,,3024,4032,3849133,-34.313824999999994,-70.85431666666666,Apalta,ground
6967eca04644523b2e5552f0,/home/malezainia1/dev/INIA_DeepLearning_Ubuntu_mod_lleon/data/Campo3_enero26/Apalta/Celular/IMG_5600.HEIC,IMG_5600.HEIC,4.9418230056762695,3.1481916904449463,,3024,4032,3557362,-34.31370833333333,-70.85426388888888,Apalta,ground
6967eca04644523b2e5552f1,/home/malezainia1/dev/INIA_DeepLearning_Ubuntu_mod_lleon/data/Campo3_enero26/Apalta/Celular/IMG_5601.HEIC,IMG_5601.HEIC,5.73076868057251,2.469177484512329,,3024,4032,3212991,-34.31370833333333,-70.85425555555555,Apalta,ground
6967eca04644523b2e5552f2,/home/malezainia1/dev/INIA_DeepLearning_Ubuntu_mod_lleon/data/Campo3_enero26/Apalta/Celular/IMG_5602.HEIC,IMG_5602.HEIC,1.2059359550476074,1.7551002502441406,,3024,4032,3394968,-34.31368888888888,-70.85424722222221,Apalta,ground
6967eca04644523b2e5552f3,/home/malezainia1/dev/INIA_DeepLearning_Ubuntu_mod_lleon/data/Campo3_enero26/Apalta/Celular/IMG_5603.HEIC,IMG_5603.HEIC,1.1496856212615967,1.3092281818389893,,3024,4032,3545181,-34.31365833333333,-70.85424166666667,Apalta,ground
6967eca04644523b2e5552f4,/home/malezainia1/dev/INIA_DeepLearning_Ubuntu_mod_lleon/data/Campo3_enero26/Apalta/Celular/IMG_5604.HEIC,IMG_5604.HEIC,2.2368052005767822,2.9799747467041016,,3024,4032,3550155,-34.31363611111111,-70.85423333333333,Apalta,ground
6967eca04644523b2e5552f5,/home/malezainia1/dev/INIA_DeepLearning_Ubuntu_mod_lleon/data/Campo3_enero26/Apalta/Celular/IMG_5605.HEIC,IMG_5605.HEIC,5.805661678314209,3.376920461654663,,3024,4032,3178685,-34.313624999999995,-70.854225,Apalta,ground
6967eca04644523b2e5552f6,/home/malezainia1/dev/INIA_DeepLearning_Ubuntu_mod_lleon/data/Campo3_enero26/Apalta/Celular/IMG_5606.HEIC,IMG_5606.HEIC,2.4314796924591064,4.5554280281066895,,3024,4032,3210498,-34.313519444444445,-70.8541861111111,Apalta,ground
6967eca04644523b2e5552f7,/home/malezainia1/dev/INIA_DeepLearning_Ubuntu_mod_lleon/data/Campo3_enero26/Apalta/Celular/IMG_5607.HEIC,IMG_5607.HEIC,5.894466400146484,3.3801891803741455,,3024,4032,2911857,-34.313519444444445,-70.8541861111111,Apalta,ground
6967eca04644523b2e5552f8,/home/malezainia1/dev/INIA_DeepLearning_Ubuntu_mod_lleon/data/Campo3_enero26/Apalta/Celular/IMG_5608.HEIC,IMG_5608.HEIC,2.463890790939331,4.603827953338623,,3024,4032,2693580,-34.31348055555555,-70.85417222222222,Apalta,ground
6967eca04644523b2e5552f9,/home/malezainia1/dev/INIA_DeepLearning_Ubuntu_mod_lleon/data/Campo3_enero26/Apalta/Celular/IMG_5609.HEIC,IMG_5609.HEIC,2.71391224861145,3.2112553119659424,,3024,4032,3235876,-34.31346111111111,-70.85416388888888,Apalta,ground
6967eca04644523b2e5552fa,/home/malezainia1/dev/INIA_DeepLearning_Ubuntu_mod_lleon/data/Campo3_enero26/Apalta/Celular/IMG_5610.HEIC,IMG_5610.HEIC,4.2318339347839355,4.027745246887207,,4032,3024,3600449,-34.313380555555554,-70.854125,Apalta,ground
6967eca04644523b2e5552fb,/home/malezainia1/dev/INIA_DeepLearning_Ubuntu_mod_lleon/data/Campo3_enero26/Apalta/Celular/IMG_5611.HEIC,IMG_5611.HEIC,3.887874126434326,3.081610918045044,,4032,3024,2745807,-34.31337222222222,-70.85411111111111,Apalta,ground
6967eca04644523b2e5552fc,/home/malezainia1/dev/INIA_DeepLearning_Ubuntu_mod_lleon/data/Campo3_enero26/Apalta/Celular/IMG_5612.HEIC,IMG_5612.HEIC,4.411386966705322,4.164032459259033,,4032,3024,3332956,-34.31336111111111,-70.85411944444444,Apalta,ground
6967eca04644523b2e5552fd,/home/malezainia1/dev/INIA_DeepLearning_Ubuntu_mod_lleon/data/Campo3_enero26/Apalta/Celular/IMG_5613.HEIC,IMG_5613.HEIC,5.09594202041626,3.1977198123931885,,4032,3024,2749272,-34.31333055555555,-70.85409444444444,Apalta,ground
6967eca04644523b2e5552fe,/home/malezainia1/dev/INIA_DeepLearning_Ubuntu_mod_lleon/data/Campo3_enero26/Apalta/Celular/IMG_5614.HEIC,IMG_5614.HEIC,2.3939881324768066,3.2935516834259033,,4032,3024,2947774,-34.31332777777777,-70.85409444444444,Apalta,ground
6967eca04644523b2e5552ff,/home/malezainia1/dev/INIA_DeepLearning_Ubuntu_mod_lleon/data/Campo3_enero26/Apalta/Celular/IMG_5615.HEIC,IMG_5615.HEIC,3.217102527618408,3.4704582691192627,,4032,3024,3809044,-34.31325833333333,-70.85405833333333,Apalta,ground
6967eca04644523b2e555300,/home/malezainia1/dev/INIA_DeepLearning_Ubuntu_mod_lleon/data/Campo3_enero26/Apalta/Celular/IMG_5616.HEIC,IMG_5616.HEIC,5.602487564086914,3.3370087146759033,,3024,4032,3042400,-34.31314722222222,-70.85400277777777,Apalta,ground
6967eca04644523b2e555301,/home/malezainia1/dev/INIA_DeepLearning_Ubuntu_mod_lleon/data/Campo3_enero26/Apalta/Celular/IMG_5617.HEIC,IMG_5617.HEIC,3.474952220916748,3.689488410949707,,3024,4032,2911481,-34.31308055555555,-70.85396666666666,Apalta,ground
6967eca04644523b2e555302,/home/malezainia1/dev/INIA_DeepLearning_Ubuntu_mod_lleon/data/Campo3_enero26/Apalta/Celular/IMG_5618.HEIC,IMG_5618.HEIC,5.688648223876953,2.357013702392578,,3024,4032,4464774,-34.312980555555555,-70.85392777777777,Apalta,ground
6967eca04644523b2e555303,/home/malezainia1/dev/INIA_DeepLearning_Ubuntu_mod_lleon/data/Campo3_enero26/Apalta/Celular/IMG_5619.HEIC,IMG_5619.HEIC,5.3579912185668945,2.9270694255828857,,3024,4032,3012642,-34.31296666666666,-70.85391944444444,Apalta,ground
6967eca04644523b2e555304,/home/malezainia1/dev/INIA_DeepLearning_Ubuntu_mod_lleon/data/Campo3_enero26/Apalta/Celular/IMG_5620.HEIC,IMG_5620.HEIC,1.278820514678955,1.4413840770721436,,3024,4032,4220938,-34.31292222222222,-70.85389722222222,Apalta,ground
6967eca04644523b2e555305,/home/malezainia1/dev/INIA_DeepLearning_Ubuntu_mod_lleon/data/Campo3_enero26/Apalta/Celular/IMG_5621.HEIC,IMG_5621.HEIC,5.710324287414551,3.348397970199585,,3024,4032,2986944,-34.3129,-70.85388888888889,Apalta,ground
6967eca04644523b2e555306,/home/malezainia1/dev/INIA_DeepLearning_Ubuntu_mod_lleon/data/Campo3_enero26/Apalta/Celular/IMG_5622.HEIC,IMG_5622.HEIC,5.168951988220215,2.0325894355773926,,3024,4032,3168673,-34.31288055555555,-70.85387499999999,Apalta,ground
6967eca04644523b2e555307,/home/malezainia1/dev/INIA_DeepLearning_Ubuntu_mod_lleon/data/Campo3_enero26/Apalta/Celular/IMG_5623.HEIC,IMG_5623.HEIC,0.9648334383964539,1.7346811294555664,,3024,4032,3597179,-34.312838888888884,-70.85385833333332,Apalta,ground
6967eca04644523b2e555308,/home/malezainia1/dev/INIA_DeepLearning_Ubuntu_mod_lleon/data/Campo3_enero26/Apalta/Celular/IMG_5624.HEIC,IMG_5624.HEIC,3.30098032951355,-0.19630038738250732,,3024,4032,3517515,-34.31281666666666,-70.85385,Apalta,ground
6967eca04644523b2e555309,/home/malezainia1/dev/INIA_DeepLearning_Ubuntu_mod_lleon/data/Campo3_enero26/Apalta/Celular/IMG_5625.HEIC,IMG_5625.HEIC,1.1477159261703491,2.1504669189453125,,3024,4032,3331837,-34.31278333333333,-70.85382777777777,Apalta,ground
6967eca04644523b2e55530a,/home/malezainia1/dev/INIA_DeepLearning_Ubuntu_mod_lleon/data/Campo3_enero26/Apalta/Celular/IMG_5626.HEIC,IMG_5626.HEIC,5.672126770019531,3.2025516033172607,,3024,4032,3143531,-34.31276666666666,-70.85381944444444,Apalta,ground
6967eca04644523b2e55530b,/home/malezainia1/dev/INIA_DeepLearning_Ubuntu_mod_lleon/data/Campo3_enero26/Apalta/Celular/IMG_5627.HEIC,IMG_5627.HEIC,2.3663220405578613,1.4003158807754517,,3024,4032,3864354,-34.31271388888889,-70.85379722222221,Apalta,ground
6967eca04644523b2e55530c,/home/malezainia1/dev/INIA_DeepLearning_Ubuntu_mod_lleon/data/Campo3_enero26/Apalta/Celular/IMG_5628.HEIC,IMG_5628.HEIC,5.86122465133667,2.7400102615356445,,3024,4032,3108661,-34.31269722222222,-70.85379166666667,Apalta,ground
6967eca04644523b2e55530d,/home/malezainia1/dev/INIA_DeepLearning_Ubuntu_mod_lleon/data/Campo3_enero26/Apalta/Celular/IMG_5629.HEIC,IMG_5629.HEIC,1.1431589126586914,1.4770379066467285,,3024,4032,3377729,-34.31268333333333,-70.85378333333333,Apalta,ground
6967eca04644523b2e55530e,/home/malezainia1/dev/INIA_DeepLearning_Ubuntu_mod_lleon/data/Campo3_enero26/Apalta/Celular/IMG_5630.HEIC,IMG_5630.HEIC,5.8486738204956055,3.2758092880249023,,3024,4032,3197026,-34.31265555555555,-70.853775,Apalta,ground
6967eca04644523b2e55530f,/home/malezainia1/dev/INIA_DeepLearning_Ubuntu_mod_lleon/data/Campo3_enero26/Apalta/Celular/IMG_5631.HEIC,IMG_5631.HEIC,2.280367612838745,1.9885504245758057,,3024,4032,3499233,-34.312641666666664,-70.85376666666666,Apalta,ground
6967eca04644523b2e555310,/home/malezainia1/dev/INIA_DeepLearning_Ubuntu_mod_lleon/data/Campo3_enero26/Apalta/Celular/IMG_5632.HEIC,IMG_5632.HEIC,0.9845266342163086,1.4028080701828003,,3024,4032,3630715,-34.312625,-70.85376666666666,Apalta,ground
6967eca04644523b2e555311,/home/malezainia1/dev/INIA_DeepLearning_Ubuntu_mod_lleon/data/Campo3_enero26/Apalta/Celular/IMG_5633.HEIC,IMG_5633.HEIC,5.249836444854736,2.3921830654144287,,3024,4032,2924846,-34.31261111111111,-70.85376111111111,Apalta,ground
6967eca04644523b2e555312,/home/malezainia1/dev/INIA_DeepLearning_Ubuntu_mod_lleon/data/Campo3_enero26/Apalta/Celular/IMG_5634.HEIC,IMG_5634.HEIC,1.2506390810012817,2.3468034267425537,,3024,4032,4034191,-34.31258333333333,-70.85374444444444,Apalta,ground
6967eca04644523b2e555313,/home/malezainia1/dev/INIA_DeepLearning_Ubuntu_mod_lleon/data/Campo3_enero26/Apalta/Celular/IMG_5635.HEIC,IMG_5635.HEIC,3.0170528888702393,4.340086936950684,,3024,4032,3122211,-34.312574999999995,-70.85375277777777,Apalta,ground
6967eca04644523b2e555314,/home/malezainia1/dev/INIA_DeepLearning_Ubuntu_mod_lleon/data/Campo3_enero26/Apalta/Celular/IMG_5636.HEIC,IMG_5636.HEIC,5.839876651763916,2.548171043395996,,3024,4032,2991306,-34.31256388888889,-70.8537361111111,Apalta,ground
6967eca04644523b2e555315,/home/malezainia1/dev/INIA_DeepLearning_Ubuntu_mod_lleon/data/Campo3_enero26/Apalta/Celular/IMG_5637.HEIC,IMG_5637.HEIC,2.5234529972076416,4.549165725708008,,3024,4032,2993526,-34.31254444444444,-70.85373055555554,Apalta,ground
6967eca04644523b2e555316,/home/malezainia1/dev/INIA_DeepLearning_Ubuntu_mod_lleon/data/Campo3_enero26/Apalta/Celular/IMG_5638.HEIC,IMG_5638.HEIC,1.070881962776184,2.125572443008423,,3024,4032,3760588,-34.31246944444444,-70.85369999999999,Apalta,ground
6967eca04644523b2e555317,/home/malezainia1/dev/INIA_DeepLearning_Ubuntu_mod_lleon/data/Campo3_enero26/Apalta/Celular/IMG_5639.HEIC,IMG_5639.HEIC,3.1016204357147217,4.079904556274414,,3024,4032,3683305,-34.31245,-70.85368333333332,Apalta,ground
6967eca04644523b2e555318,/home/malezainia1/dev/INIA_DeepLearning_Ubuntu_mod_lleon/data/Campo3_enero26/Apalta/Celular/IMG_5640.HEIC,IMG_5640.HEIC,1.0195649862289429,2.049901247024536,,3024,4032,3894141,-34.31245,-70.85368333333332,Apalta,ground
6967eca04644523b2e555319,/home/malezainia1/dev/INIA_DeepLearning_Ubuntu_mod_lleon/data/Campo3_enero26/Apalta/Celular/IMG_5641.HEIC,IMG_5641.HEIC,5.932995796203613,3.385395050048828,,3024,4032,3620895,-34.312425,-70.853675,Apalta,ground
6967eca04644523b2e55531a,/home/malezainia1/dev/INIA_DeepLearning_Ubuntu_mod_lleon/data/Campo3_enero26/Apalta/Celular/IMG_5642.HEIC,IMG_5642.HEIC,1.1027820110321045,1.333700180053711,,3024,4032,3901708,-34.31239444444444,-70.85366111111111,Apalta,ground
6967eca04644523b2e55531b,/home/malezainia1/dev/INIA_DeepLearning_Ubuntu_mod_lleon/data/Campo3_enero26/Apalta/Celular/IMG_5643.HEIC,IMG_5643.HEIC,5.624709129333496,3.3715884685516357,,3024,4032,3399383,-34.31239444444444,-70.85366944444444,Apalta,ground
6967eca04644523b2e55531c,/home/malezainia1/dev/INIA_DeepLearning_Ubuntu_mod_lleon/data/Campo3_enero26/Apalta/Celular/IMG_5644.HEIC,IMG_5644.HEIC,1.817542314529419,4.208511829376221,,3024,4032,3690462,-34.312349999999995,-70.85365277777777,Apalta,ground
6967eca04644523b2e55531d,/home/malezainia1/dev/INIA_DeepLearning_Ubuntu_mod_lleon/data/Campo3_enero26/Apalta/Celular/IMG_5645.HEIC,IMG_5645.HEIC,5.925987720489502,3.332369089126587,,3024,4032,3178175,-34.31234444444444,-70.85364444444444,Apalta,ground
6967eca04644523b2e55531e,/home/malezainia1/dev/INIA_DeepLearning_Ubuntu_mod_lleon/data/Campo3_enero26/Apalta/Celular/IMG_5646.HEIC,IMG_5646.HEIC,1.3347454071044922,1.717559576034546,,3024,4032,3757685,-34.31228888888889,-70.8536,Apalta,ground
6967eca04644523b2e55531f,/home/malezainia1/dev/INIA_DeepLearning_Ubuntu_mod_lleon/data/Campo3_enero26/Apalta/Celular/IMG_5647.HEIC,IMG_5647.HEIC,6.266653060913086,3.114192008972168,,3024,4032,3303022,-34.31227222222222,-70.85359166666666,Apalta,ground
6967eca04644523b2e555320,/home/malezainia1/dev/INIA_DeepLearning_Ubuntu_mod_lleon/data/Campo3_enero26/Apalta/Celular/IMG_5648.HEIC,IMG_5648.HEIC,4.41158390045166,1.1594008207321167,,3024,4032,3564445,-34.312241666666665,-70.85358333333333,Apalta,ground
6967eca04644523b2e555321,/home/malezainia1/dev/INIA_DeepLearning_Ubuntu_mod_lleon/data/Campo3_enero26/Apalta/Celular/IMG_5649.HEIC,IMG_5649.HEIC,1.7773009538650513,4.017879486083984,,3024,4032,3397906,-34.31220277777778,-70.85356944444443,Apalta,ground
6967eca04644523b2e555322,/home/malezainia1/dev/INIA_DeepLearning_Ubuntu_mod_lleon/data/Campo3_enero26/Apalta/Celular/IMG_5650.HEIC,IMG_5650.HEIC,3.5494487285614014,4.0334672927856445,,3024,4032,3527569,-34.312152777777776,-70.85353888888888,Apalta,ground
6967eca04644523b2e555323,/home/malezainia1/dev/INIA_DeepLearning_Ubuntu_mod_lleon/data/Campo3_enero26/Apalta/Celular/IMG_5651.HEIC,IMG_5651.HEIC,1.3897433280944824,2.5516927242279053,,3024,4032,3076898,-34.31213888888889,-70.85353055555555,Apalta,ground
6967eca04644523b2e555324,/home/malezainia1/dev/INIA_DeepLearning_Ubuntu_mod_lleon/data/Campo3_enero26/Apalta/Celular/IMG_5652.HEIC,IMG_5652.HEIC,5.85838508605957,3.286295175552368,,3024,4032,3100205,-34.312124999999995,-70.85353888888888,Apalta,ground
6967eca04644523b2e555325,/home/malezainia1/dev/INIA_DeepLearning_Ubuntu_mod_lleon/data/Campo3_enero26/Apalta/Celular/IMG_5653.HEIC,IMG_5653.HEIC,2.177438974380493,4.232358932495117,,3024,4032,4346986,-34.311949999999996,-70.85344722222221,Apalta,ground
6967eca04644523b2e555326,/home/malezainia1/dev/INIA_DeepLearning_Ubuntu_mod_lleon/data/Campo3_enero26/Apalta/Celular/IMG_5654.HEIC,IMG_5654.HEIC,0.9611772298812866,1.6672159433364868,,3024,4032,3543476,-34.31193611111111,-70.85343888888889,Apalta,ground
6967eca04644523b2e555327,/home/malezainia1/dev/INIA_DeepLearning_Ubuntu_mod_lleon/data/Campo3_enero26/Apalta/Celular/IMG_5655.HEIC,IMG_5655.HEIC,2.3486831188201904,1.6968759298324585,,3024,4032,3289843,-34.31189722222222,-70.85342499999999,Apalta,ground
6967eca04644523b2e555328,/home/malezainia1/dev/INIA_DeepLearning_Ubuntu_mod_lleon/data/Campo3_enero26/Apalta/Celular/IMG_5656.HEIC,IMG_5656.HEIC,6.150403022766113,2.9458706378936768,,3024,4032,3749873,-34.31184722222222,-70.8534,Apalta,ground
6967eca04644523b2e555329,/home/malezainia1/dev/INIA_DeepLearning_Ubuntu_mod_lleon/data/Campo3_enero26/Apalta/Celular/IMG_5657.HEIC,IMG_5657.HEIC,2.9071505069732666,4.092146873474121,,3024,4032,2912942,-34.311836111111106,-70.85339444444443,Apalta,ground
6967eca04644523b2e55532a,/home/malezainia1/dev/INIA_DeepLearning_Ubuntu_mod_lleon/data/Campo3_enero26/Apalta/Celular/IMG_5658.HEIC,IMG_5658.HEIC,3.2657759189605713,3.434504508972168,,3024,4032,3853888,-34.311766666666664,-70.85336944444444,Apalta,ground
6967eca04644523b2e55532b,/home/malezainia1/dev/INIA_DeepLearning_Ubuntu_mod_lleon/data/Campo3_enero26/Apalta/Celular/IMG_5659.HEIC,IMG_5659.HEIC,1.1318941116333008,1.6180440187454224,,3024,4032,3620934,-34.31175555555555,-70.85336388888888,Apalta,ground
6967eca04644523b2e55532c,/home/malezainia1/dev/INIA_DeepLearning_Ubuntu_mod_lleon/data/Campo3_enero26/Apalta/Celular/IMG_5660.HEIC,IMG_5660.HEIC,3.8793840408325195,3.6110594272613525,,3024,4032,2782538,-34.311705555555555,-70.85333888888889,Apalta,ground
6967eca04644523b2e55532d,/home/malezainia1/dev/INIA_DeepLearning_Ubuntu_mod_lleon/data/Campo3_enero26/Apalta/Celular/IMG_5661.HEIC,IMG_5661.HEIC,2.5970706939697266,4.333812236785889,,3024,4032,3909969,-34.31153888888888,-70.85325555555555,Apalta,ground
6967eca04644523b2e55532e,/home/malezainia1/dev/INIA_DeepLearning_Ubuntu_mod_lleon/data/Campo3_enero26/Apalta/Celular/IMG_5662.HEIC,IMG_5662.HEIC,1.5292587280273438,2.0995378494262695,,3024,4032,4219793,-34.31149722222222,-70.85323333333332,Apalta,ground
6967eca04644523b2e55532f,/home/malezainia1/dev/INIA_DeepLearning_Ubuntu_mod_lleon/data/Campo3_enero26/Apalta/Celular/IMG_5663.HEIC,IMG_5663.HEIC,5.857146739959717,3.3986899852752686,,3024,4032,3769935,-34.311474999999994,-70.853225,Apalta,ground
6967eca04644523b2e555330,/home/malezainia1/dev/INIA_DeepLearning_Ubuntu_mod_lleon/data/Campo3_enero26/Apalta/Celular/IMG_5664.HEIC,IMG_5664.HEIC,3.449768543243408,-0.40578290820121765,,3024,4032,3499927,-34.31145,-70.85321111111111,Apalta,ground
6967eca04644523b2e555331,/home/malezainia1/dev/INIA_DeepLearning_Ubuntu_mod_lleon/data/Campo3_enero26/Apalta/Celular/IMG_5665.HEIC,IMG_5665.HEIC,3.33909010887146,-0.5515919923782349,,3024,4032,3813818,-34.31143611111111,-70.85320277777777,Apalta,ground
6967eca04644523b2e555332,/home/malezainia1/dev/INIA_DeepLearning_Ubuntu_mod_lleon/data/Campo3_enero26/Apalta/Celular/IMG_5666.HEIC,IMG_5666.HEIC,2.8157758712768555,4.106686115264893,,3024,4032,3840128,-34.31140833333333,-70.85318888888888,Apalta,ground
6967eca04644523b2e555333,/home/malezainia1/dev/INIA_DeepLearning_Ubuntu_mod_lleon/data/Campo3_enero26/Apalta/Celular/IMG_5667.HEIC,IMG_5667.HEIC,3.0592405796051025,2.8250434398651123,,3024,4032,4296962,-34.31133611111111,-70.85315,Apalta,ground
6967eca04644523b2e555334,/home/malezainia1/dev/INIA_DeepLearning_Ubuntu_mod_lleon/data/Campo3_enero26/Apalta/Celular/IMG_5668.HEIC,IMG_5668.HEIC,5.743087291717529,2.9746859073638916,,3024,4032,3993509,-34.311305555555556,-70.85315,Apalta,ground
6967eca04644523b2e555335,/home/malezainia1/dev/INIA_DeepLearning_Ubuntu_mod_lleon/data/Campo3_enero26/Apalta/Celular/IMG_5669.HEIC,IMG_5669.HEIC,5.219770431518555,2.4729130268096924,,3024,4032,4218113,-34.31129166666666,-70.85315,Apalta,ground
6967eca04644523b2e555336,/home/malezainia1/dev/INIA_DeepLearning_Ubuntu_mod_lleon/data/Campo3_enero26/Apalta/Celular/IMG_5670.HEIC,IMG_5670.HEIC,5.426214218139648,2.876376152038574,,3024,4032,4505724,-34.31128333333333,-70.85314166666666,Apalta,ground
6967eca04644523b2e555337,/home/malezainia1/dev/INIA_DeepLearning_Ubuntu_mod_lleon/data/Campo3_enero26/Apalta/Celular/IMG_5671.HEIC,IMG_5671.HEIC,3.2815394401550293,3.8911588191986084,,3024,4032,4049139,-34.311252777777774,-70.85312777777777,Apalta,ground
6967eca04644523b2e555338,/home/malezainia1/dev/INIA_DeepLearning_Ubuntu_mod_lleon/data/Campo3_enero26/Apalta/Celular/IMG_5672.HEIC,IMG_5672.HEIC,3.3615567684173584,3.9503042697906494,,3024,4032,3856612,-34.311225,-70.8531111111111,Apalta,ground
6967eca04644523b2e555339,/home/malezainia1/dev/INIA_DeepLearning_Ubuntu_mod_lleon/data/Campo3_enero26/Apalta/Celular/IMG_5673.HEIC,IMG_5673.HEIC,2.344190835952759,2.485827922821045,,3024,4032,3880374,-34.31120555555555,-70.8531111111111,Apalta,ground
6967eca04644523b2e55533a,/home/malezainia1/dev/INIA_DeepLearning_Ubuntu_mod_lleon/data/Campo3_enero26/Apalta/Celular/IMG_5674.HEIC,IMG_5674.HEIC,6.168115615844727,2.9865882396698,,3024,4032,3589982,-34.31119444444444,-70.85310277777778,Apalta,ground
6967eca04644523b2e55533b,/home/malezainia1/dev/INIA_DeepLearning_Ubuntu_mod_lleon/data/Campo3_enero26/Apalta/Celular/IMG_5675.HEIC,IMG_5675.HEIC,0.8782819509506226,1.6834218502044678,,3024,4032,4419705,-34.31109166666666,-70.85304166666666,Apalta,ground
6967eca04644523b2e55533c,/home/malezainia1/dev/INIA_DeepLearning_Ubuntu_mod_lleon/data/Campo3_enero26/Apalta/Celular/IMG_5676.HEIC,IMG_5676.HEIC,0.9473050832748413,1.5458425283432007,,3024,4032,4104639,-34.311049999999994,-70.85302777777777,Apalta,ground
6967eca04644523b2e55533d,/home/malezainia1/dev/INIA_DeepLearning_Ubuntu_mod_lleon/data/Campo3_enero26/Apalta/Celular/IMG_5677.HEIC,IMG_5677.HEIC,5.602707386016846,2.497405529022217,,3024,4032,4192192,-34.31103611111111,-70.85301944444444,Apalta,ground
6967eca04644523b2e55533e,/home/malezainia1/dev/INIA_DeepLearning_Ubuntu_mod_lleon/data/Campo3_enero26/Apalta/Celular/IMG_5678.HEIC,IMG_5678.HEIC,3.2895915508270264,3.9839539527893066,,3024,4032,3753078,-34.31101944444444,-70.8530111111111,Apalta,ground
6967eca04644523b2e55533f,/home/malezainia1/dev/INIA_DeepLearning_Ubuntu_mod_lleon/data/Campo3_enero26/Apalta/Celular/IMG_5679.HEIC,IMG_5679.HEIC,1.0298664569854736,1.9339680671691895,,3024,4032,3932127,-34.31101111111111,-70.85300555555555,Apalta,ground
6967eca04644523b2e555340,/home/malezainia1/dev/INIA_DeepLearning_Ubuntu_mod_lleon/data/Campo3_enero26/Apalta/Celular/IMG_5680.HEIC,IMG_5680.HEIC,5.666225433349609,2.06809401512146,,3024,4032,4144985,-34.310988888888886,-70.85300555555555,Apalta,ground
6967eca04644523b2e555341,/home/malezainia1/dev/INIA_DeepLearning_Ubuntu_mod_lleon/data/Campo3_enero26/Apalta/Celular/IMG_5681.HEIC,IMG_5681.HEIC,0.964299738407135,1.678186297416687,,3024,4032,3390337,-34.31097777777777,-70.85299722222221,Apalta,ground
6967eca04644523b2e555342,/home/malezainia1/dev/INIA_DeepLearning_Ubuntu_mod_lleon/data/Campo3_enero26/Apalta/Celular/IMG_5682.HEIC,IMG_5682.HEIC,2.9265310764312744,-0.3456312417984009,,3024,4032,3253049,-34.310938888888884,-70.85298055555555,Apalta,ground
6967eca04644523b2e555343,/home/malezainia1/dev/INIA_DeepLearning_Ubuntu_mod_lleon/data/Campo3_enero26/Apalta/Celular/IMG_5683.HEIC,IMG_5683.HEIC,3.0894579887390137,2.522625684738159,,3024,4032,3135645,-34.310938888888884,-70.852975,Apalta,ground
6967eca04644523b2e555344,/home/malezainia1/dev/INIA_DeepLearning_Ubuntu_mod_lleon/data/Campo3_enero26/Apalta/Celular/IMG_5684.HEIC,IMG_5684.HEIC,1.1335539817810059,1.7498944997787476,,3024,4032,3508438,-34.31090555555555,-70.85296666666666,Apalta,ground
6967eca04644523b2e555345,/home/malezainia1/dev/INIA_DeepLearning_Ubuntu_mod_lleon/data/Campo3_enero26/Apalta/Celular/IMG_5685.HEIC,IMG_5685.HEIC,3.41650652885437,4.719236373901367,,3024,4032,3425268,-34.310874999999996,-70.8529361111111,Apalta,ground
6967eca04644523b2e555346,/home/malezainia1/dev/INIA_DeepLearning_Ubuntu_mod_lleon/data/Campo3_enero26/Apalta/Celular/IMG_5686.HEIC,IMG_5686.HEIC,1.1026886701583862,1.568466067314148,,3024,4032,3501357,-34.31083333333333,-70.8529361111111,Apalta,ground
6967eca04644523b2e555347,/home/malezainia1/dev/INIA_DeepLearning_Ubuntu_mod_lleon/data/Campo3_enero26/Apalta/Celular/IMG_5687.HEIC,IMG_5687.HEIC,3.510765552520752,3.990159749984741,,3024,4032,3254652,-34.31081111111111,-70.85290555555555,Apalta,ground
6967eca04644523b2e555348,/home/malezainia1/dev/INIA_DeepLearning_Ubuntu_mod_lleon/data/Campo3_enero26/Apalta/Celular/IMG_5688.HEIC,IMG_5688.HEIC,5.381651401519775,2.917696475982666,,3024,4032,3758780,-34.31078055555555,-70.85290555555555,Apalta,ground
6967eca04644523b2e555349,/home/malezainia1/dev/INIA_DeepLearning_Ubuntu_mod_lleon/data/Campo3_enero26/Apalta/Celular/IMG_5689.HEIC,IMG_5689.HEIC,5.964375972747803,2.6494572162628174,,3024,4032,3237922,-34.31078055555555,-70.85289722222221,Apalta,ground
6967eca04644523b2e55534a,/home/malezainia1/dev/INIA_DeepLearning_Ubuntu_mod_lleon/data/Campo3_enero26/Apalta/Celular/IMG_5690.HEIC,IMG_5690.HEIC,1.0374035835266113,1.568897008895874,,3024,4032,3676526,-34.31075277777777,-70.85288333333332,Apalta,ground
6967eca04644523b2e55534b,/home/malezainia1/dev/INIA_DeepLearning_Ubuntu_mod_lleon/data/Campo3_enero26/Apalta/Celular/IMG_5691.HEIC,IMG_5691.HEIC,5.8927178382873535,2.734642267227173,,3024,4032,3238695,-34.310738888888885,-70.85288333333332,Apalta,ground
6967eca04644523b2e55534c,/home/malezainia1/dev/INIA_DeepLearning_Ubuntu_mod_lleon/data/Campo3_enero26/Apalta/Celular/IMG_5692.HEIC,IMG_5692.HEIC,5.911907196044922,2.8450746536254883,,3024,4032,3644033,-34.310725,-70.852875,Apalta,ground
6967eca04644523b2e55534d,/home/malezainia1/dev/INIA_DeepLearning_Ubuntu_mod_lleon/data/Campo3_enero26/Apalta/Celular/IMG_5693.HEIC,IMG_5693.HEIC,1.1075032949447632,1.331688642501831,,3024,4032,4188884,-34.31068888888888,-70.85286666666666,Apalta,ground
6967eca04644523b2e55534e,/home/malezainia1/dev/INIA_DeepLearning_Ubuntu_mod_lleon/data/Campo3_enero26/Apalta/Celular/IMG_5694.HEIC,IMG_5694.HEIC,2.8347795009613037,3.967953681945801,,3024,4032,4002910,-34.31067777777778,-70.85286666666666,Apalta,ground
6967eca04644523b2e55534f,/home/malezainia1/dev/INIA_DeepLearning_Ubuntu_mod_lleon/data/Campo3_enero26/Apalta/Celular/IMG_5695.HEIC,IMG_5695.HEIC,5.847153663635254,2.510931968688965,,3024,4032,3004799,-34.310652777777776,-70.85285277777777,Apalta,ground
6967eca04644523b2e555350,/home/malezainia1/dev/INIA_DeepLearning_Ubuntu_mod_lleon/data/Campo3_enero26/Apalta/Celular/IMG_5696.HEIC,IMG_5696.HEIC,5.820123195648193,2.5960285663604736,,3024,4032,3003146,-34.310602777777774,-70.85282777777778,Apalta,ground
6967eca04644523b2e555351,/home/malezainia1/dev/INIA_DeepLearning_Ubuntu_mod_lleon/data/Campo3_enero26/Apalta/Celular/IMG_5697.HEIC,IMG_5697.HEIC,4.493893623352051,3.404752492904663,,3024,4032,3561975,-34.31058055555555,-70.85282222222222,Apalta,ground
6967eca04644523b2e555352,/home/malezainia1/dev/INIA_DeepLearning_Ubuntu_mod_lleon/data/Campo3_enero26/Apalta/Celular/IMG_7288.HEIC,IMG_7288.HEIC,3.3470592498779297,5.01035737991333,,3024,4032,3755021,-34.30526388888889,-70.85150277777777,Apalta,ground
6967eca04644523b2e555353,/home/malezainia1/dev/INIA_DeepLearning_Ubuntu_mod_lleon/data/Campo3_enero26/Apalta/Celular/IMG_7289.HEIC,IMG_7289.HEIC,1.9928553104400635,4.617670059204102,,3024,4032,3714726,-34.30539444444444,-70.8510361111111,Apalta,ground
6967eca04644523b2e555354,/home/malezainia1/dev/INIA_DeepLearning_Ubuntu_mod_lleon/data/Campo3_enero26/Apalta/Celular/IMG_7290.HEIC,IMG_7290.HEIC,4.264699935913086,3.9690229892730713,,3024,4032,4175580,-34.30599722222222,-70.84975555555555,Apalta,ground
6967eca04644523b2e555355,/home/malezainia1/dev/INIA_DeepLearning_Ubuntu_mod_lleon/data/Campo3_enero26/Apalta/Celular/IMG_7292.HEIC,IMG_7292.HEIC,7.273810863494873,0.9877225756645203,,3024,4032,4360226,,,Apalta,ground
6967eca04644523b2e555356,/home/malezainia1/dev/INIA_DeepLearning_Ubuntu_mod_lleon/data/Campo3_enero26/Apalta/Celular/IMG_7293.HEIC,IMG_7293.HEIC,4.849807262420654,3.480811834335327,,3024,4032,3845685,-34.30956388888889,-70.854125,Apalta,ground
6967eca04644523b2e555357,/home/malezainia1/dev/INIA_DeepLearning_Ubuntu_mod_lleon/data/Campo3_enero26/Apalta/Celular/IMG_7294.HEIC,IMG_7294.HEIC,4.090015888214111,-0.43606364727020264,,3024,4032,4262186,-34.30989722222222,-70.85429444444443,Apalta,ground
6967eca04644523b2e555358,/home/malezainia1/dev/INIA_DeepLearning_Ubuntu_mod_lleon/data/Campo3_enero26/Apalta/Celular/IMG_7295.HEIC,IMG_7295.HEIC,2.8140721321105957,2.0565428733825684,,4032,3024,4188180,-34.309955555555554,-70.85431666666666,Apalta,ground
6967eca04644523b2e555359,/home/malezainia1/dev/INIA_DeepLearning_Ubuntu_mod_lleon/data/Campo3_enero26/Apalta/Celular/IMG_7296.HEIC,IMG_7296.HEIC,2.2350850105285645,0.6919000744819641,,3024,4032,4343580,-34.310075,-70.85437777777777,Apalta,ground
6967eca04644523b2e55535a,/home/malezainia1/dev/INIA_DeepLearning_Ubuntu_mod_lleon/data/Campo3_enero26/Apalta/Celular/IMG_7297.HEIC,IMG_7297.HEIC,2.904296875,-0.3168596923351288,,3024,4032,4404676,-34.310091666666665,-70.85438611111111,Apalta,ground
6967eca04644523b2e55535b,/home/malezainia1/dev/INIA_DeepLearning_Ubuntu_mod_lleon/data/Campo3_enero26/Apalta/Celular/IMG_7298.HEIC,IMG_7298.HEIC,2.766209125518799,-0.4621054530143738,,3024,4032,4227737,-34.310091666666665,-70.85438611111111,Apalta,ground
6967eca04644523b2e55535c,/home/malezainia1/dev/INIA_DeepLearning_Ubuntu_mod_lleon/data/Campo3_enero26/Apalta/Celular/IMG_7299.HEIC,IMG_7299.HEIC,1.8980486392974854,2.4778075218200684,,3024,4032,4537163,-34.310158333333334,-70.85441666666667,Apalta,ground
6967eca04644523b2e55535d,/home/malezainia1/dev/INIA_DeepLearning_Ubuntu_mod_lleon/data/Campo3_enero26/Apalta/Celular/IMG_7300.HEIC,IMG_7300.HEIC,5.239367485046387,1.3628579378128052,,3024,4032,3415380,-34.310180555555554,-70.85441666666667,Apalta,ground
6967eca04644523b2e55535e,/home/malezainia1/dev/INIA_DeepLearning_Ubuntu_mod_lleon/data/Campo3_enero26/Apalta/Celular/IMG_7301.HEIC,IMG_7301.HEIC,1.8304009437561035,4.421257495880127,,3024,4032,4083288,-34.31019722222222,-70.85443055555555,Apalta,ground
6967eca04644523b2e55535f,/home/malezainia1/dev/INIA_DeepLearning_Ubuntu_mod_lleon/data/Campo3_enero26/Apalta/Celular/IMG_7302.HEIC,IMG_7302.HEIC,3.8628411293029785,1.7643842697143555,,3024,4032,4090981,-34.31024444444444,-70.85445277777777,Apalta,ground
6967eca04644523b2e555360,/home/malezainia1/dev/INIA_DeepLearning_Ubuntu_mod_lleon/data/Campo3_enero26/Apalta/Celular/IMG_7303.HEIC,IMG_7303.HEIC,2.7063159942626953,5.076248645782471,,3024,4032,5020981,-34.31026388888888,-70.85445277777777,Apalta,ground
6967eca04644523b2e555361,/home/malezainia1/dev/INIA_DeepLearning_Ubuntu_mod_lleon/data/Campo3_enero26/Apalta/Celular/IMG_7304.HEIC,IMG_7304.HEIC,3.6197667121887207,1.8148761987686157,,3024,4032,4398631,-34.310275,-70.8544611111111,Apalta,ground
6967eca04644523b2e555362,/home/malezainia1/dev/INIA_DeepLearning_Ubuntu_mod_lleon/data/Campo3_enero26/Apalta/Celular/IMG_7305.HEIC,IMG_7305.HEIC,3.3822126388549805,1.534067988395691,,3024,4032,4367149,-34.31028333333333,-70.85446944444443,Apalta,ground
6967eca04644523b2e555363,/home/malezainia1/dev/INIA_DeepLearning_Ubuntu_mod_lleon/data/Campo3_enero26/Apalta/Celular/IMG_7306.HEIC,IMG_7306.HEIC,7.27822208404541,1.5867788791656494,,3024,4032,4173857,-34.310291666666664,-70.85446944444443,Apalta,ground
6967eca04644523b2e555364,/home/malezainia1/dev/INIA_DeepLearning_Ubuntu_mod_lleon/data/Campo3_enero26/Apalta/Celular/IMG_7307.HEIC,IMG_7307.HEIC,3.2973878383636475,-0.821715235710144,,3024,4032,4650867,-34.310316666666665,-70.85446944444443,Apalta,ground
6967eca04644523b2e555365,/home/malezainia1/dev/INIA_DeepLearning_Ubuntu_mod_lleon/data/Campo3_enero26/Apalta/Celular/IMG_7308.HEIC,IMG_7308.HEIC,3.1710879802703857,2.1291732788085938,,3024,4032,5235860,-34.31032222222222,-70.85447777777777,Apalta,ground
6967eca04644523b2e555366,/home/malezainia1/dev/INIA_DeepLearning_Ubuntu_mod_lleon/data/Campo3_enero26/Apalta/Celular/IMG_7309.HEIC,IMG_7309.HEIC,3.0449042320251465,-0.7985678911209106,,3024,4032,4911164,-34.31045555555555,-70.85453055555556,Apalta,ground
6967eca04644523b2e555367,/home/malezainia1/dev/INIA_DeepLearning_Ubuntu_mod_lleon/data/Campo3_enero26/Apalta/Celular/IMG_7310.HEIC,IMG_7310.HEIC,2.4460437297821045,0.381882905960083,,3024,4032,4793383,-34.310494444444444,-70.85455277777777,Apalta,ground
6967eca04644523b2e555368,/home/malezainia1/dev/INIA_DeepLearning_Ubuntu_mod_lleon/data/Campo3_enero26/Apalta/Celular/IMG_7311.HEIC,IMG_7311.HEIC,3.495978355407715,0.8083924651145935,,3024,4032,4436833,-34.310602777777774,-70.85460555555555,Apalta,ground
6967eca04644523b2e555369,/home/malezainia1/dev/INIA_DeepLearning_Ubuntu_mod_lleon/data/Campo3_enero26/Apalta/Celular/IMG_7312.HEIC,IMG_7312.HEIC,5.013545989990234,3.8427517414093018,,3024,4032,4956540,-34.310649999999995,-70.8546361111111,Apalta,ground
6967eca04644523b2e55536a,/home/malezainia1/dev/INIA_DeepLearning_Ubuntu_mod_lleon/data/Campo3_enero26/Apalta/Celular/IMG_7313.HEIC,IMG_7313.HEIC,5.3543291091918945,1.4540035724639893,,3024,4032,3513750,-34.31068055555555,-70.8546611111111,Apalta,ground
6967eca04644523b2e55536b,/home/malezainia1/dev/INIA_DeepLearning_Ubuntu_mod_lleon/data/Campo3_enero26/Apalta/Celular/IMG_7314.HEIC,IMG_7314.HEIC,3.310847759246826,-1.1025179624557495,,3024,4032,4961414,-34.31068333333333,-70.8546611111111,Apalta,ground
6967eca04644523b2e55536c,/home/malezainia1/dev/INIA_DeepLearning_Ubuntu_mod_lleon/data/Campo3_enero26/Apalta/Celular/IMG_7315.HEIC,IMG_7315.HEIC,2.9429502487182617,4.88652229309082,,3024,4032,5539945,-34.31079166666667,-70.85469722222221,Apalta,ground
6967eca04644523b2e55536d,/home/malezainia1/dev/INIA_DeepLearning_Ubuntu_mod_lleon/data/Campo3_enero26/Apalta/Celular/IMG_7316.HEIC,IMG_7316.HEIC,4.133076190948486,2.4422876834869385,,3024,4032,3998041,-34.31086388888889,-70.85472777777777,Apalta,ground
6967eca04644523b2e55536e,/home/malezainia1/dev/INIA_DeepLearning_Ubuntu_mod_lleon/data/Campo3_enero26/Apalta/Celular/IMG_7317.HEIC,IMG_7317.HEIC,5.095808029174805,0.7686315774917603,,3024,4032,4366519,-34.31090277777778,-70.85474444444444,Apalta,ground
6967eca04644523b2e55536f,/home/malezainia1/dev/INIA_DeepLearning_Ubuntu_mod_lleon/data/Campo3_enero26/Apalta/Celular/IMG_7318.HEIC,IMG_7318.HEIC,4.4908013343811035,-0.1502409279346466,,3024,4032,3988697,-34.31090555555555,-70.85474444444444,Apalta,ground
6967eca04644523b2e555370,/home/malezainia1/dev/INIA_DeepLearning_Ubuntu_mod_lleon/data/Campo3_enero26/Apalta/Celular/IMG_7319.HEIC,IMG_7319.HEIC,5.252572059631348,1.5770761966705322,,3024,4032,4024800,-34.31089444444444,-70.85478333333333,Apalta,ground
6967eca04644523b2e555371,/home/malezainia1/dev/INIA_DeepLearning_Ubuntu_mod_lleon/data/Campo3_enero26/Apalta/Celular/IMG_7320.HEIC,IMG_7320.HEIC,2.4241111278533936,2.736387252807617,,3024,4032,4757747,-34.31094722222222,-70.85475833333332,Apalta,ground
6967eca04644523b2e555372,/home/malezainia1/dev/INIA_DeepLearning_Ubuntu_mod_lleon/data/Campo3_enero26/Apalta/Celular/IMG_7321.HEIC,IMG_7321.HEIC,2.225694179534912,2.2745585441589355,,3024,4032,4775734,-34.310944444444445,-70.85475833333332,Apalta,ground
6967eca04644523b2e555373,/home/malezainia1/dev/INIA_DeepLearning_Ubuntu_mod_lleon/data/Campo3_enero26/Apalta/Celular/IMG_7322.HEIC,IMG_7322.HEIC,2.8035929203033447,1.5301333665847778,,3024,4032,4651823,-34.31095555555555,-70.85477499999999,Apalta,ground
6967eca04644523b2e555374,/home/malezainia1/dev/INIA_DeepLearning_Ubuntu_mod_lleon/data/Campo3_enero26/Apalta/Celular/IMG_7323.HEIC,IMG_7323.HEIC,3.714393377304077,4.1463446617126465,,3024,4032,4181348,-34.311008333333334,-70.85478888888888,Apalta,ground
6967eca04644523b2e555375,/home/malezainia1/dev/INIA_DeepLearning_Ubuntu_mod_lleon/data/Campo3_enero26/Apalta/Celular/IMG_7324.HEIC,IMG_7324.HEIC,3.1551196575164795,2.288034677505493,,3024,4032,3480971,-34.311102777777776,-70.85484444444444,Apalta,ground
6967eca04644523b2e555376,/home/malezainia1/dev/INIA_DeepLearning_Ubuntu_mod_lleon/data/Campo3_enero26/Apalta/Celular/IMG_7325.HEIC,IMG_7325.HEIC,2.838439464569092,1.6906119585037231,,3024,4032,4216821,-34.311322222222216,-70.85494999999999,Apalta,ground
6967eca04644523b2e555377,/home/malezainia1/dev/INIA_DeepLearning_Ubuntu_mod_lleon/data/Campo3_enero26/Apalta/Celular/IMG_7326.HEIC,IMG_7326.HEIC,5.277305603027344,-0.7890557646751404,,3024,4032,4473915,-34.31137777777778,-70.85497222222222,Apalta,ground
6967eca04644523b2e555378,/home/malezainia1/dev/INIA_DeepLearning_Ubuntu_mod_lleon/data/Campo3_enero26/Apalta/Celular/IMG_7327.HEIC,IMG_7327.HEIC,5.567425727844238,1.284301519393921,,3024,4032,4446283,-34.31140555555555,-70.85498888888888,Apalta,ground
6967eca04644523b2e555379,/home/malezainia1/dev/INIA_DeepLearning_Ubuntu_mod_lleon/data/Campo3_enero26/Apalta/Celular/IMG_7328.HEIC,IMG_7328.HEIC,3.5684621334075928,2.6821396350860596,,3024,4032,4353915,-34.31140555555555,-70.85498055555556,Apalta,ground
6967eca04644523b2e55537a,/home/malezainia1/dev/INIA_DeepLearning_Ubuntu_mod_lleon/data/Campo3_enero26/Apalta/Celular/IMG_7329.HEIC,IMG_7329.HEIC,4.027820587158203,0.4683173596858978,,3024,4032,4059976,-34.31144444444444,-70.85499444444444,Apalta,ground
6967eca04644523b2e55537b,/home/malezainia1/dev/INIA_DeepLearning_Ubuntu_mod_lleon/data/Campo3_enero26/Apalta/Celular/IMG_7330.HEIC,IMG_7330.HEIC,5.25161075592041,1.2435731887817383,,3024,4032,4422853,-34.311527777777776,-70.85504166666666,Apalta,ground
6967eca04644523b2e55537c,/home/malezainia1/dev/INIA_DeepLearning_Ubuntu_mod_lleon/data/Campo3_enero26/Apalta/Celular/IMG_7331.HEIC,IMG_7331.HEIC,5.653866291046143,-0.31948718428611755,,3024,4032,4430096,-34.31161944444444,-70.85509444444443,Apalta,ground
6967eca04644523b2e55537d,/home/malezainia1/dev/INIA_DeepLearning_Ubuntu_mod_lleon/data/Campo3_enero26/Apalta/Celular/IMG_7332.HEIC,IMG_7332.HEIC,5.2607340812683105,-0.9967412352561951,,3024,4032,3341614,-34.31166944444444,-70.8551111111111,Apalta,ground
6967eca04644523b2e55537e,/home/malezainia1/dev/INIA_DeepLearning_Ubuntu_mod_lleon/data/Campo3_enero26/Apalta/Celular/IMG_7333.HEIC,IMG_7333.HEIC,3.0032756328582764,-0.40247994661331177,,3024,4032,3982107,-34.31166944444444,-70.8551111111111,Apalta,ground
6967eca04644523b2e55537f,/home/malezainia1/dev/INIA_DeepLearning_Ubuntu_mod_lleon/data/Campo3_enero26/Apalta/Celular/IMG_7334.HEIC,IMG_7334.HEIC,5.288106918334961,1.3901926279067993,,3024,4032,4131487,-34.311680555555554,-70.85511666666666,Apalta,ground
6967eca04644523b2e555380,/home/malezainia1/dev/INIA_DeepLearning_Ubuntu_mod_lleon/data/Campo3_enero26/Apalta/Celular/IMG_7335.HEIC,IMG_7335.HEIC,5.272006034851074,0.6455994844436646,,3024,4032,3918061,-34.31168611111111,-70.85511666666666,Apalta,ground
6967eca04644523b2e555381,/home/malezainia1/dev/INIA_DeepLearning_Ubuntu_mod_lleon/data/Campo3_enero26/Apalta/Celular/IMG_7336.HEIC,IMG_7336.HEIC,5.104963779449463,1.1322519779205322,,3024,4032,4274185,-34.31171666666666,-70.85514166666665,Apalta,ground
6967eca04644523b2e555382,/home/malezainia1/dev/INIA_DeepLearning_Ubuntu_mod_lleon/data/Campo3_enero26/Apalta/Celular/IMG_7337.HEIC,IMG_7337.HEIC,2.789512872695923,-0.7056792378425598,,3024,4032,4231226,-34.311730555555556,-70.85514166666665,Apalta,ground
6967eca04644523b2e555383,/home/malezainia1/dev/INIA_DeepLearning_Ubuntu_mod_lleon/data/Campo3_enero26/Apalta/Celular/IMG_7338.HEIC,IMG_7338.HEIC,5.258682727813721,-1.0739887952804565,,3024,4032,5082101,-34.31176111111111,-70.85514166666665,Apalta,ground
6967eca04644523b2e555384,/home/malezainia1/dev/INIA_DeepLearning_Ubuntu_mod_lleon/data/Campo3_enero26/Apalta/Celular/IMG_7339.HEIC,IMG_7339.HEIC,3.5046167373657227,1.6249645948410034,,3024,4032,4322255,-34.311766666666664,-70.85514166666665,Apalta,ground
6967eca04644523b2e555385,/home/malezainia1/dev/INIA_DeepLearning_Ubuntu_mod_lleon/data/Campo3_enero26/Apalta/Celular/IMG_7340.HEIC,IMG_7340.HEIC,2.7609667778015137,0.6489091515541077,,3024,4032,3835260,-34.31178611111111,-70.85519444444444,Apalta,ground
6967eca04644523b2e555386,/home/malezainia1/dev/INIA_DeepLearning_Ubuntu_mod_lleon/data/Campo3_enero26/Apalta/Celular/IMG_7341.HEIC,IMG_7341.HEIC,4.551794528961182,3.2754287719726562,,3024,4032,4298831,-34.31180833333333,-70.85518611111111,Apalta,ground
6967eca04644523b2e555387,/home/malezainia1/dev/INIA_DeepLearning_Ubuntu_mod_lleon/data/Campo3_enero26/Apalta/Celular/IMG_7342.HEIC,IMG_7342.HEIC,2.5875673294067383,5.281261444091797,,3024,4032,3708907,-34.312016666666665,-70.85526388888889,Apalta,ground
6967eca04644523b2e555388,/home/malezainia1/dev/INIA_DeepLearning_Ubuntu_mod_lleon/data/Campo3_enero26/Apalta/Celular/IMG_7343.HEIC,IMG_7343.HEIC,1.9400465488433838,2.2894225120544434,,3024,4032,4576521,-34.31212222222222,-70.85531666666667,Apalta,ground
6967eca04644523b2e555389,/home/malezainia1/dev/INIA_DeepLearning_Ubuntu_mod_lleon/data/Campo3_enero26/Apalta/Celular/IMG_7344.HEIC,IMG_7344.HEIC,3.563044548034668,1.7818304300308228,,3024,4032,3873005,-34.31214166666666,-70.855325,Apalta,ground
6967eca04644523b2e55538a,/home/malezainia1/dev/INIA_DeepLearning_Ubuntu_mod_lleon/data/Campo3_enero26/Apalta/Celular/IMG_7345.HEIC,IMG_7345.HEIC,3.67842435836792,2.86350417137146,,3024,4032,3887099,-34.312155555555556,-70.85535555555555,Apalta,ground
6967eca04644523b2e55538b,/home/malezainia1/dev/INIA_DeepLearning_Ubuntu_mod_lleon/data/Campo3_enero26/Apalta/Celular/IMG_7346.HEIC,IMG_7346.HEIC,2.827380657196045,4.971621990203857,,3024,4032,4564821,-34.31221111111111,-70.85534722222222,Apalta,ground
6967eca04644523b2e55538c,/home/malezainia1/dev/INIA_DeepLearning_Ubuntu_mod_lleon/data/Campo3_enero26/Apalta/Celular/IMG_7347.HEIC,IMG_7347.HEIC,2.418245553970337,5.138455867767334,,3024,4032,3746807,-34.31222777777778,-70.85536944444443,Apalta,ground
6967eca04644523b2e55538d,/home/malezainia1/dev/INIA_DeepLearning_Ubuntu_mod_lleon/data/Campo3_enero26/Apalta/Celular/IMG_7348.HEIC,IMG_7348.HEIC,4.084897994995117,2.5499508380889893,,3024,4032,4642425,-34.31225277777777,-70.85536944444443,Apalta,ground
6967eca04644523b2e55538e,/home/malezainia1/dev/INIA_DeepLearning_Ubuntu_mod_lleon/data/Campo3_enero26/Apalta/Celular/IMG_7349.HEIC,IMG_7349.HEIC,2.635396718978882,5.165338039398193,,3024,4032,5130544,-34.31227222222222,-70.85539166666666,Apalta,ground
6967eca04644523b2e55538f,/home/malezainia1/dev/INIA_DeepLearning_Ubuntu_mod_lleon/data/Campo3_enero26/Apalta/Celular/IMG_7350.HEIC,IMG_7350.HEIC,5.43066930770874,1.2382627725601196,,3024,4032,4155923,-34.312275,-70.8553861111111,Apalta,ground
6967eca04644523b2e555390,/home/malezainia1/dev/INIA_DeepLearning_Ubuntu_mod_lleon/data/Campo3_enero26/Apalta/Celular/IMG_7351.HEIC,IMG_7351.HEIC,2.8836653232574463,0.7388705611228943,,3024,4032,4583850,-34.31230833333333,-70.85539999999999,Apalta,ground
6967eca04644523b2e555391,/home/malezainia1/dev/INIA_DeepLearning_Ubuntu_mod_lleon/data/Campo3_enero26/Apalta/Celular/IMG_7352.HEIC,IMG_7352.HEIC,4.244515419006348,3.0454039573669434,,3024,4032,4205011,-34.312324999999994,-70.85539166666666,Apalta,ground
6967eca04644523b2e555392,/home/malezainia1/dev/INIA_DeepLearning_Ubuntu_mod_lleon/data/Campo3_enero26/Apalta/Celular/IMG_7353.HEIC,IMG_7353.HEIC,3.1448874473571777,5.134861946105957,,3024,4032,4841490,-34.31233611111111,-70.85540833333333,Apalta,ground
6967eca04644523b2e555393,/home/malezainia1/dev/INIA_DeepLearning_Ubuntu_mod_lleon/data/Campo3_enero26/Apalta/Celular/IMG_7354.HEIC,IMG_7354.HEIC,3.2510037422180176,2.1146581172943115,,3024,4032,4740854,-34.31239444444444,-70.85541666666666,Apalta,ground
6967eca04644523b2e555394,/home/malezainia1/dev/INIA_DeepLearning_Ubuntu_mod_lleon/data/Campo3_enero26/Apalta/Celular/IMG_7355.HEIC,IMG_7355.HEIC,3.655813455581665,2.718427896499634,,3024,4032,3821376,-34.31238888888888,-70.85542222222222,Apalta,ground
6967eca04644523b2e555395,/home/malezainia1/dev/INIA_DeepLearning_Ubuntu_mod_lleon/data/Campo3_enero26/Apalta/Celular/IMG_7356.HEIC,IMG_7356.HEIC,4.444777488708496,-0.22569264471530914,,3024,4032,4224876,-34.312419444444444,-70.85544722222221,Apalta,ground
6967eca04644523b2e555396,/home/malezainia1/dev/INIA_DeepLearning_Ubuntu_mod_lleon/data/Campo3_enero26/Apalta/Celular/IMG_7357.HEIC,IMG_7357.HEIC,4.42206335067749,1.430870532989502,,3024,4032,4525132,-34.31243055555555,-70.85545277777777,Apalta,ground
6967eca04644523b2e555397,/home/malezainia1/dev/INIA_DeepLearning_Ubuntu_mod_lleon/data/Campo3_enero26/Apalta/Celular/IMG_7358.HEIC,IMG_7358.HEIC,2.7774908542633057,5.058274745941162,,3024,4032,4678217,-34.312438888888884,-70.85545277777777,Apalta,ground
6967eca04644523b2e555398,/home/malezainia1/dev/INIA_DeepLearning_Ubuntu_mod_lleon/data/Campo3_enero26/Apalta/Celular/IMG_7359.HEIC,IMG_7359.HEIC,3.0843088626861572,1.3961132764816284,,3024,4032,4072619,-34.312461111111105,-70.85546111111111,Apalta,ground
6967eca04644523b2e555399,/home/malezainia1/dev/INIA_DeepLearning_Ubuntu_mod_lleon/data/Campo3_enero26/Apalta/Celular/IMG_7360.HEIC,IMG_7360.HEIC,4.7055158615112305,0.9589031934738159,,3024,4032,4599130,-34.312625,-70.85556666666666,Apalta,ground
6967eca04644523b2e55539a,/home/malezainia1/dev/INIA_DeepLearning_Ubuntu_mod_lleon/data/Campo3_enero26/Apalta/Celular/IMG_7361.HEIC,IMG_7361.HEIC,3.153780937194824,2.5419061183929443,,3024,4032,4940743,-34.312686111111105,-70.85559166666665,Apalta,ground
6967eca04644523b2e55539b,/home/malezainia1/dev/INIA_DeepLearning_Ubuntu_mod_lleon/data/Campo3_enero26/Apalta/Celular/IMG_7362.HEIC,IMG_7362.HEIC,4.653997898101807,1.8861629962921143,,3024,4032,4744475,-34.312755555555555,-70.85561388888888,Apalta,ground
6967eca04644523b2e55539c,/home/malezainia1/dev/INIA_DeepLearning_Ubuntu_mod_lleon/data/Campo3_enero26/Apalta/Celular/IMG_7363.HEIC,IMG_7363.HEIC,2.4291906356811523,0.44341936707496643,,3024,4032,4395931,-34.31276666666666,-70.85562222222222,Apalta,ground
6967eca04644523b2e55539d,/home/malezainia1/dev/INIA_DeepLearning_Ubuntu_mod_lleon/data/Campo3_enero26/Apalta/Celular/IMG_7364.HEIC,IMG_7364.HEIC,3.1024465560913086,1.6567890644073486,,3024,4032,4072852,-34.31278888888889,-70.85563611111111,Apalta,ground
6967eca04644523b2e55539e,/home/malezainia1/dev/INIA_DeepLearning_Ubuntu_mod_lleon/data/Campo3_enero26/Apalta/Celular/IMG_7365.HEIC,IMG_7365.HEIC,5.102712154388428,3.901801347732544,,3024,4032,4130471,-34.31281666666666,-70.85564444444444,Apalta,ground
6967eca04644523b2e55539f,/home/malezainia1/dev/INIA_DeepLearning_Ubuntu_mod_lleon/data/Campo3_enero26/Apalta/Celular/IMG_7366.HEIC,IMG_7366.HEIC,5.987037658691406,-0.11694827675819397,,3024,4032,6062984,-34.31305,-70.85575833333333,Apalta,ground
6967eca04644523b2e5553a0,/home/malezainia1/dev/INIA_DeepLearning_Ubuntu_mod_lleon/data/Campo3_enero26/Apalta/Celular/IMG_7367.HEIC,IMG_7367.HEIC,5.305034160614014,-0.9033232927322388,,3024,4032,5394788,-34.31308611111111,-70.85576666666667,Apalta,ground
6967eca04644523b2e5553a1,/home/malezainia1/dev/INIA_DeepLearning_Ubuntu_mod_lleon/data/Campo3_enero26/Apalta/Celular/IMG_7368.HEIC,IMG_7368.HEIC,3.9782538414001465,2.4410653114318848,,3024,4032,4412532,-34.31314444444444,-70.85580555555555,Apalta,ground
6967eca04644523b2e5553a2,/home/malezainia1/dev/INIA_DeepLearning_Ubuntu_mod_lleon/data/Campo3_enero26/Apalta/Celular/IMG_7369.HEIC,IMG_7369.HEIC,4.803337574005127,3.7729594707489014,,3024,4032,4509394,-34.31319444444444,-70.85582777777778,Apalta,ground
6967eca04644523b2e5553a3,/home/malezainia1/dev/INIA_DeepLearning_Ubuntu_mod_lleon/data/Campo3_enero26/Apalta/Celular/IMG_7370.HEIC,IMG_7370.HEIC,2.3489418029785156,-0.03498071804642677,,3024,4032,4982001,-34.313399999999994,-70.85592777777777,Apalta,ground
6967eca04644523b2e5553a4,/home/malezainia1/dev/INIA_DeepLearning_Ubuntu_mod_lleon/data/Campo3_enero26/Apalta/Celular/IMG_7371.HEIC,IMG_7371.HEIC,4.0647478103637695,-0.4234304130077362,,3024,4032,3782018,-34.313513888888885,-70.85598055555555,Apalta,ground
6967eca04644523b2e5553a5,/home/malezainia1/dev/INIA_DeepLearning_Ubuntu_mod_lleon/data/Campo3_enero26/Apalta/Celular/IMG_7372.HEIC,IMG_7372.HEIC,4.811374664306641,1.482302188873291,,3024,4032,4320230,-34.313575,-70.85581111111111,Apalta,ground
6967eca04644523b2e5553a6,/home/malezainia1/dev/INIA_DeepLearning_Ubuntu_mod_lleon/data/Campo3_enero26/Apalta/Celular/IMG_7373.HEIC,IMG_7373.HEIC,5.454963207244873,-0.6643020510673523,,3024,4032,4258505,-34.31343888888889,-70.85572777777777,Apalta,ground
6967eca04644523b2e5553a7,/home/malezainia1/dev/INIA_DeepLearning_Ubuntu_mod_lleon/data/Campo3_enero26/Apalta/Celular/IMG_7374.HEIC,IMG_7374.HEIC,4.065132141113281,-0.8607962131500244,,3024,4032,4549189,-34.313399999999994,-70.8557361111111,Apalta,ground
6967eca04644523b2e5553a8,/home/malezainia1/dev/INIA_DeepLearning_Ubuntu_mod_lleon/data/Campo3_enero26/Apalta/Celular/IMG_7375.HEIC,IMG_7375.HEIC,4.358945846557617,3.6229732036590576,,3024,4032,4208757,-34.31330555555555,-70.85568333333333,Apalta,ground
6967eca04644523b2e5553a9,/home/malezainia1/dev/INIA_DeepLearning_Ubuntu_mod_lleon/data/Campo3_enero26/Apalta/Celular/IMG_7376.HEIC,IMG_7376.HEIC,5.947486400604248,-0.7433035969734192,,3024,4032,4856576,-34.31330555555555,-70.85567499999999,Apalta,ground
6967eca04644523b2e5553aa,/home/malezainia1/dev/INIA_DeepLearning_Ubuntu_mod_lleon/data/Campo3_enero26/Apalta/Celular/IMG_7377.HEIC,IMG_7377.HEIC,5.205671310424805,1.815885066986084,,3024,4032,4979390,-34.313266666666664,-70.85566666666666,Apalta,ground
6967eca04644523b2e5553ab,/home/malezainia1/dev/INIA_DeepLearning_Ubuntu_mod_lleon/data/Campo3_enero26/Apalta/Celular/IMG_7378.HEIC,IMG_7378.HEIC,5.896326065063477,-0.7605410218238831,,3024,4032,5199701,-34.31325833333333,-70.85566666666666,Apalta,ground
6967eca04644523b2e5553ac,/home/malezainia1/dev/INIA_DeepLearning_Ubuntu_mod_lleon/data/Campo3_enero26/Apalta/Celular/IMG_7379.HEIC,IMG_7379.HEIC,4.973877906799316,1.2365310192108154,,3024,4032,5018075,-34.31325277777778,-70.85563611111111,Apalta,ground
6967eca04644523b2e5553ad,/home/malezainia1/dev/INIA_DeepLearning_Ubuntu_mod_lleon/data/Campo3_enero26/Apalta/Celular/IMG_7380.HEIC,IMG_7380.HEIC,5.398006439208984,-0.7484180331230164,,3024,4032,4472182,-34.31319722222222,-70.85562777777777,Apalta,ground
6967eca04644523b2e5553ae,/home/malezainia1/dev/INIA_DeepLearning_Ubuntu_mod_lleon/data/Campo3_enero26/Apalta/Celular/IMG_7381.HEIC,IMG_7381.HEIC,5.354598045349121,-0.7971861362457275,,3024,4032,4619714,-34.31319444444444,-70.85562777777777,Apalta,ground
6967eca04644523b2e5553af,/home/malezainia1/dev/INIA_DeepLearning_Ubuntu_mod_lleon/data/Campo3_enero26/Apalta/Celular/IMG_7382.HEIC,IMG_7382.HEIC,5.377320766448975,-0.8656290173530579,,3024,4032,4853047,-34.31319166666666,-70.85562222222222,Apalta,ground
6967eca04644523b2e5553b0,/home/malezainia1/dev/INIA_DeepLearning_Ubuntu_mod_lleon/data/Campo3_enero26/Apalta/Celular/IMG_7383.HEIC,IMG_7383.HEIC,5.8961076736450195,-0.8560999631881714,,3024,4032,4756999,-34.31318611111111,-70.85560555555556,Apalta,ground
6967eca04644523b2e5553b1,/home/malezainia1/dev/INIA_DeepLearning_Ubuntu_mod_lleon/data/Campo3_enero26/Apalta/Celular/IMG_7384.HEIC,IMG_7384.HEIC,5.9260735511779785,-0.8597108125686646,,3024,4032,4816239,-34.313177777777774,-70.85561388888888,Apalta,ground
6967eca04644523b2e5553b2,/home/malezainia1/dev/INIA_DeepLearning_Ubuntu_mod_lleon/data/Campo3_enero26/Apalta/Celular/IMG_7385.HEIC,IMG_7385.HEIC,3.6207146644592285,-0.8442868590354919,,3024,4032,4600848,-34.31315277777777,-70.85560555555556,Apalta,ground
6967eca04644523b2e5553b3,/home/malezainia1/dev/INIA_DeepLearning_Ubuntu_mod_lleon/data/Campo3_enero26/Apalta/Celular/IMG_7386.HEIC,IMG_7386.HEIC,5.81570291519165,-0.8386270403862,,3024,4032,4197045,-34.31312222222222,-70.85558333333333,Apalta,ground
6967eca04644523b2e5553b4,/home/malezainia1/dev/INIA_DeepLearning_Ubuntu_mod_lleon/data/Campo3_enero26/Apalta/Celular/IMG_7387.HEIC,IMG_7387.HEIC,5.276112079620361,-0.5577666759490967,,3024,4032,4967877,-34.313111111111105,-70.85558333333333,Apalta,ground
6967eca04644523b2e5553b5,/home/malezainia1/dev/INIA_DeepLearning_Ubuntu_mod_lleon/data/Campo3_enero26/Apalta/Celular/IMG_7388.HEIC,IMG_7388.HEIC,5.081571102142334,1.6929335594177246,,3024,4032,5113949,-34.3131,-70.85556666666666,Apalta,ground
6967eca04644523b2e5553b6,/home/malezainia1/dev/INIA_DeepLearning_Ubuntu_mod_lleon/data/Campo3_enero26/Apalta/Celular/IMG_7389.HEIC,IMG_7389.HEIC,4.896032333374023,1.5434956550598145,,3024,4032,5221581,-34.313091666666665,-70.85557499999999,Apalta,ground
6967eca04644523b2e5553b7,/home/malezainia1/dev/INIA_DeepLearning_Ubuntu_mod_lleon/data/Campo3_enero26/Apalta/Celular/IMG_7390.HEIC,IMG_7390.HEIC,5.336512088775635,-0.6923739314079285,,3024,4032,5502866,-34.31307222222222,-70.85556666666666,Apalta,ground
6967eca04644523b2e5553b8,/home/malezainia1/dev/INIA_DeepLearning_Ubuntu_mod_lleon/data/Campo3_enero26/Apalta/Celular/IMG_7391.HEIC,IMG_7391.HEIC,5.972657680511475,-0.48125091195106506,,3024,4032,4829501,-34.31299722222222,-70.85554444444443,Apalta,ground
6967eca04644523b2e5553b9,/home/malezainia1/dev/INIA_DeepLearning_Ubuntu_mod_lleon/data/Campo3_enero26/Apalta/Celular/IMG_7392.HEIC,IMG_7392.HEIC,6.028262138366699,-0.11393224447965622,,3024,4032,4895860,-34.31299722222222,-70.8555361111111,Apalta,ground
6967eca04644523b2e5553ba,/home/malezainia1/dev/INIA_DeepLearning_Ubuntu_mod_lleon/data/Campo3_enero26/Apalta/Celular/IMG_7393.HEIC,IMG_7393.HEIC,5.494640350341797,-0.3854660391807556,,3024,4032,4503477,-34.312977777777775,-70.85553055555555,Apalta,ground
6967eca04644523b2e5553bb,/home/malezainia1/dev/INIA_DeepLearning_Ubuntu_mod_lleon/data/Campo3_enero26/Apalta/Celular/IMG_7394.HEIC,IMG_7394.HEIC,5.113495826721191,-0.6244004964828491,,3024,4032,5054852,-34.31291944444444,-70.85554444444443,Apalta,ground
6967eca04644523b2e5553bc,/home/malezainia1/dev/INIA_DeepLearning_Ubuntu_mod_lleon/data/Campo3_enero26/Apalta/Celular/IMG_7395.HEIC,IMG_7395.HEIC,4.643134593963623,0.3533877730369568,,3024,4032,4725048,-34.31292777777777,-70.85552222222222,Apalta,ground
6967eca04644523b2e5553bd,/home/malezainia1/dev/INIA_DeepLearning_Ubuntu_mod_lleon/data/Campo3_enero26/Apalta/Celular/IMG_7396.HEIC,IMG_7396.HEIC,3.142751693725586,5.023859024047852,,3024,4032,5034910,-34.312911111111106,-70.85549999999999,Apalta,ground
6967eca04644523b2e5553be,/home/malezainia1/dev/INIA_DeepLearning_Ubuntu_mod_lleon/data/Campo3_enero26/Apalta/Celular/IMG_7397.HEIC,IMG_7397.HEIC,2.204793691635132,0.5586031675338745,,3024,4032,4493415,-34.312891666666665,-70.85549166666667,Apalta,ground
6967eca04644523b2e5553bf,/home/malezainia1/dev/INIA_DeepLearning_Ubuntu_mod_lleon/data/Campo3_enero26/Apalta/Celular/IMG_7398.HEIC,IMG_7398.HEIC,3.950298309326172,-0.5766908526420593,,3024,4032,4457983,-34.312866666666665,-70.85546944444444,Apalta,ground
6967eca04644523b2e5553c0,/home/malezainia1/dev/INIA_DeepLearning_Ubuntu_mod_lleon/data/Campo3_enero26/Apalta/Celular/IMG_7399.HEIC,IMG_7399.HEIC,4.996479034423828,-0.4917372167110443,,3024,4032,4976697,-34.31285555555555,-70.85546944444444,Apalta,ground
6967eca04644523b2e5553c1,/home/malezainia1/dev/INIA_DeepLearning_Ubuntu_mod_lleon/data/Campo3_enero26/Apalta/Celular/IMG_7400.HEIC,IMG_7400.HEIC,3.952387809753418,4.962522506713867,,3024,4032,4603552,-34.312844444444444,-70.85546111111111,Apalta,ground
6967eca04644523b2e5553c2,/home/malezainia1/dev/INIA_DeepLearning_Ubuntu_mod_lleon/data/Campo3_enero26/Apalta/Celular/IMG_7401.HEIC,IMG_7401.HEIC,5.931780815124512,-0.33538877964019775,,3024,4032,4175562,-34.31283055555555,-70.85545277777777,Apalta,ground
6967eca04644523b2e5553c3,/home/malezainia1/dev/INIA_DeepLearning_Ubuntu_mod_lleon/data/Campo3_enero26/Apalta/Celular/IMG_7402.HEIC,IMG_7402.HEIC,5.402370929718018,-0.4153975546360016,,3024,4032,4458276,-34.31283055555555,-70.85545277777777,Apalta,ground
6967eca04644523b2e5553c4,/home/malezainia1/dev/INIA_DeepLearning_Ubuntu_mod_lleon/data/Campo3_enero26/Apalta/Celular/IMG_7403.HEIC,IMG_7403.HEIC,5.063636302947998,1.7049344778060913,,3024,4032,4278944,-34.31280833333333,-70.85545277777777,Apalta,ground
6967eca04644523b2e5553c5,/home/malezainia1/dev/INIA_DeepLearning_Ubuntu_mod_lleon/data/Campo3_enero26/Apalta/Celular/IMG_7404.HEIC,IMG_7404.HEIC,5.468765735626221,-0.25268396735191345,,3024,4032,4032151,-34.31279444444444,-70.85544722222221,Apalta,ground
6967eca04644523b2e5553c6,/home/malezainia1/dev/INIA_DeepLearning_Ubuntu_mod_lleon/data/Campo3_enero26/Apalta/Celular/IMG_7405.HEIC,IMG_7405.HEIC,5.781113624572754,-0.2790885865688324,,3024,4032,4244809,-34.31276666666666,-70.85543055555554,Apalta,ground
6967eca04644523b2e5553c7,/home/malezainia1/dev/INIA_DeepLearning_Ubuntu_mod_lleon/data/Campo3_enero26/Apalta/Celular/IMG_7406.HEIC,IMG_7406.HEIC,5.201607704162598,0.02816007472574711,,3024,4032,3929361,-34.31276666666666,-70.85543055555554,Apalta,ground
6967eca04644523b2e5553c8,/home/malezainia1/dev/INIA_DeepLearning_Ubuntu_mod_lleon/data/Campo3_enero26/Apalta/Celular/IMG_7407.HEIC,IMG_7407.HEIC,5.0455546379089355,0.5105394124984741,,3024,4032,4576309,-34.31276388888889,-70.85543888888888,Apalta,ground
6967eca04644523b2e5553c9,/home/malezainia1/dev/INIA_DeepLearning_Ubuntu_mod_lleon/data/Campo3_enero26/Apalta/Celular/IMG_7408.HEIC,IMG_7408.HEIC,5.398292064666748,-0.14791585505008698,,3024,4032,4450099,-34.31274722222222,-70.85543055555554,Apalta,ground
6967eca04644523b2e5553ca,/home/malezainia1/dev/INIA_DeepLearning_Ubuntu_mod_lleon/data/Campo3_enero26/Apalta/Celular/IMG_7409.HEIC,IMG_7409.HEIC,5.793733596801758,-0.29098963737487793,,3024,4032,4159667,-34.31274444444444,-70.85536944444443,Apalta,ground
6967eca04644523b2e5553cb,/home/malezainia1/dev/INIA_DeepLearning_Ubuntu_mod_lleon/data/Campo3_enero26/Apalta/Celular/IMG_7410.HEIC,IMG_7410.HEIC,5.302323341369629,-0.14013880491256714,,3024,4032,4301351,-34.31263055555555,-70.85584999999999,Apalta,ground
6967eca04644523b2e5553cc,/home/malezainia1/dev/INIA_DeepLearning_Ubuntu_mod_lleon/data/Campo3_enero26/Apalta/Celular/IMG_7411.HEIC,IMG_7411.HEIC,4.5738139152526855,4.424014568328857,,3024,4032,5336839,-34.31259166666666,-70.85549166666667,Apalta,ground
6967eca04644523b2e5553cd,/home/malezainia1/dev/INIA_DeepLearning_Ubuntu_mod_lleon/data/Campo3_enero26/Apalta/Celular/IMG_7412.HEIC,IMG_7412.HEIC,4.116405487060547,2.3252575397491455,,3024,4032,4569351,-34.312574999999995,-70.85543055555554,Apalta,ground
6967eca04644523b2e5553ce,/home/malezainia1/dev/INIA_DeepLearning_Ubuntu_mod_lleon/data/Campo3_enero26/Apalta/Celular/IMG_7413.HEIC,IMG_7413.HEIC,5.5511956214904785,0.0007557913195341825,,3024,4032,4150958,-34.31256944444444,-70.85541666666666,Apalta,ground
6967eca04644523b2e5553cf,/home/malezainia1/dev/INIA_DeepLearning_Ubuntu_mod_lleon/data/Campo3_enero26/Apalta/Celular/IMG_7414.HEIC,IMG_7414.HEIC,2.609924077987671,4.995859622955322,,3024,4032,3984941,-34.3125,-70.85533055555555,Apalta,ground
6967eca04644523b2e5553d0,/home/malezainia1/dev/INIA_DeepLearning_Ubuntu_mod_lleon/data/Campo3_enero26/Apalta/Celular/IMG_7415.HEIC,IMG_7415.HEIC,4.759654521942139,3.7579123973846436,,3024,4032,4669691,-34.31245555555555,-70.8553,Apalta,ground
6967eca04644523b2e5553d1,/home/malezainia1/dev/INIA_DeepLearning_Ubuntu_mod_lleon/data/Campo3_enero26/Apalta/Celular/IMG_7416.HEIC,IMG_7416.HEIC,4.6052470207214355,-0.2061670571565628,,3024,4032,4774338,-34.31246944444444,-70.8552861111111,Apalta,ground
6967eca04644523b2e5553d2,/home/malezainia1/dev/INIA_DeepLearning_Ubuntu_mod_lleon/data/Campo3_enero26/Apalta/Celular/IMG_7417.HEIC,IMG_7417.HEIC,4.461195468902588,3.7391557693481445,,3024,4032,4175958,-34.31245833333333,-70.8552861111111,Apalta,ground
6967eca04644523b2e5553d3,/home/malezainia1/dev/INIA_DeepLearning_Ubuntu_mod_lleon/data/Campo3_enero26/Apalta/Celular/IMG_7418.HEIC,IMG_7418.HEIC,6.433741092681885,2.8449769020080566,,4032,3024,3858354,-34.312416666666664,-70.8552861111111,Apalta,ground
6967eca04644523b2e5553d4,/home/malezainia1/dev/INIA_DeepLearning_Ubuntu_mod_lleon/data/Campo3_enero26/Apalta/Celular/IMG_7419.HEIC,IMG_7419.HEIC,6.374427318572998,2.8317184448242188,,4032,3024,4066259,-34.31240833333333,-70.8552861111111,Apalta,ground
6967eca04644523b2e5553d5,/home/malezainia1/dev/INIA_DeepLearning_Ubuntu_mod_lleon/data/Campo3_enero26/Apalta/Celular/IMG_7420.HEIC,IMG_7420.HEIC,5.044054985046387,2.0382156372070312,,4032,3024,4305606,-34.312397222222216,-70.8552861111111,Apalta,ground
6967eca04644523b2e5553d6,/home/malezainia1/dev/INIA_DeepLearning_Ubuntu_mod_lleon/data/Campo3_enero26/Apalta/Celular/IMG_7421.HEIC,IMG_7421.HEIC,3.8250153064727783,1.572973608970642,,3024,4032,4857348,-34.31231944444444,-70.85523333333333,Apalta,ground
6967eca04644523b2e5553d7,/home/malezainia1/dev/INIA_DeepLearning_Ubuntu_mod_lleon/data/Campo3_enero26/Apalta/Celular/IMG_7422.HEIC,IMG_7422.HEIC,3.023256301879883,1.3134307861328125,,3024,4032,4167549,-34.31227777777777,-70.85529444444444,Apalta,ground
6967eca04644523b2e5553d8,/home/malezainia1/dev/INIA_DeepLearning_Ubuntu_mod_lleon/data/Campo3_enero26/Apalta/Celular/IMG_7423.HEIC,IMG_7423.HEIC,4.536370754241943,-0.22329023480415344,,3024,4032,3932690,-34.312275,-70.85529444444444,Apalta,ground
6967eca04644523b2e5553d9,/home/malezainia1/dev/INIA_DeepLearning_Ubuntu_mod_lleon/data/Campo3_enero26/Apalta/Celular/IMG_7424.HEIC,IMG_7424.HEIC,2.463775157928467,5.228923797607422,,3024,4032,3904031,-34.312263888888886,-70.8553,Apalta,ground
6967eca04644523b2e5553da,/home/malezainia1/dev/INIA_DeepLearning_Ubuntu_mod_lleon/data/Campo3_enero26/Apalta/Celular/IMG_7425.HEIC,IMG_7425.HEIC,4.838135719299316,0.5288597345352173,,3024,4032,4408378,-34.31227777777777,-70.85534722222222,Apalta,ground
6967eca04644523b2e5553db,/home/malezainia1/dev/INIA_DeepLearning_Ubuntu_mod_lleon/data/Campo3_enero26/Apalta/Celular/IMG_7426.HEIC,IMG_7426.HEIC,4.9685959815979,0.6838877201080322,,3024,4032,4894569,-34.31227777777777,-70.85535555555555,Apalta,ground
6967eca04644523b2e5553dc,/home/malezainia1/dev/INIA_DeepLearning_Ubuntu_mod_lleon/data/Campo3_enero26/Apalta/Celular/IMG_7427.HEIC,IMG_7427.HEIC,4.258357048034668,1.6599482297897339,,3024,4032,4460053,-34.31228333333333,-70.85539166666666,Apalta,ground
6967eca04644523b2e5553dd,/home/malezainia1/dev/INIA_DeepLearning_Ubuntu_mod_lleon/data/Campo3_enero26/Apalta/Celular/IMG_7428.HEIC,IMG_7428.HEIC,4.162787437438965,-0.9176616668701172,,3024,4032,3513952,-34.32103611111111,-70.82502777777778,Apalta,ground
6967eca04644523b2e5553de,/home/malezainia1/dev/INIA_DeepLearning_Ubuntu_mod_lleon/data/Campo3_enero26/Apalta/Celular/IMG_7429.HEIC,IMG_7429.HEIC,2.535294532775879,5.3532395362854,,3024,4032,4041711,-34.31252222222222,-70.85551388888888,Apalta,ground
6967eca04644523b2e5553df,/home/malezainia1/dev/INIA_DeepLearning_Ubuntu_mod_lleon/data/Campo3_enero26/Apalta/Celular/IMG_7430.HEIC,IMG_7430.HEIC,4.853973865509033,4.2431817054748535,,3024,4032,3906976,-34.312527777777774,-70.85551388888888,Apalta,ground
6967eca04644523b2e5553e0,/home/malezainia1/dev/INIA_DeepLearning_Ubuntu_mod_lleon/data/Campo3_enero26/Apalta/Celular/IMG_7431.HEIC,IMG_7431.HEIC,6.254373550415039,2.872392416000366,,4032,3024,3725377,-34.31256388888889,-70.85544722222221,Apalta,ground
6967eca04644523b2e5553e1,/home/malezainia1/dev/INIA_DeepLearning_Ubuntu_mod_lleon/data/Campo3_enero26/Apalta/Celular/IMG_7432.HEIC,IMG_7432.HEIC,4.8877434730529785,-0.03296511992812157,,3024,4032,4555010,-34.31258333333333,-70.8553861111111,Apalta,ground
6967eca04644523b2e5553e2,/home/malezainia1/dev/INIA_DeepLearning_Ubuntu_mod_lleon/data/Campo3_enero26/Apalta/Celular/IMG_7433.HEIC,IMG_7433.HEIC,4.807626247406006,1.6874969005584717,,3024,4032,4101494,-34.31259444444444,-70.8553861111111,Apalta,ground
6967eca04644523b2e5553e3,/home/malezainia1/dev/INIA_DeepLearning_Ubuntu_mod_lleon/data/Campo3_enero26/Apalta/Celular/IMG_7434.HEIC,IMG_7434.HEIC,3.1359922885894775,5.178715705871582,,3024,4032,5203273,-34.312599999999996,-70.85536111111111,Apalta,ground
6967eca04644523b2e5553e4,/home/malezainia1/dev/INIA_DeepLearning_Ubuntu_mod_lleon/data/Campo3_enero26/Apalta/Celular/IMG_7435.HEIC,IMG_7435.HEIC,3.3842272758483887,4.572988033294678,,3024,4032,4883006,-34.31261388888888,-70.85533055555555,Apalta,ground
6967eca04644523b2e5553e5,/home/malezainia1/dev/INIA_DeepLearning_Ubuntu_mod_lleon/data/Campo3_enero26/Apalta/Celular/IMG_7436.HEIC,IMG_7436.HEIC,5.1356024742126465,2.0257492065429688,,3024,4032,4244589,-34.31263333333333,-70.85519444444444,Apalta,ground
6967eca04644523b2e5553e6,/home/malezainia1/dev/INIA_DeepLearning_Ubuntu_mod_lleon/data/Campo3_enero26/Apalta/Celular/IMG_7437.HEIC,IMG_7437.HEIC,3.9504988193511963,2.266122579574585,,3024,4032,3935275,-34.31262222222222,-70.85519444444444,Apalta,ground
6967eca04644523b2e5553e7,/home/malezainia1/dev/INIA_DeepLearning_Ubuntu_mod_lleon/data/Campo3_enero26/Apalta/Celular/IMG_7438.HEIC,IMG_7438.HEIC,5.135131359100342,2.2450907230377197,,3024,4032,4377220,-34.31260277777778,-70.85518611111111,Apalta,ground
6967eca04644523b2e5553e8,/home/malezainia1/dev/INIA_DeepLearning_Ubuntu_mod_lleon/data/Campo3_enero26/Apalta/Celular/IMG_7439.HEIC,IMG_7439.HEIC,4.995084762573242,-0.4920493960380554,,3024,4032,4267969,-34.31258888888889,-70.85518611111111,Apalta,ground
6967eca04644523b2e5553e9,/home/malezainia1/dev/INIA_DeepLearning_Ubuntu_mod_lleon/data/Campo3_enero26/Apalta/Celular/IMG_7440.HEIC,IMG_7440.HEIC,4.626788139343262,-0.44444575905799866,,3024,4032,3679958,-34.31258888888889,-70.85519444444444,Apalta,ground
6967eca04644523b2e5553ea,/home/malezainia1/dev/INIA_DeepLearning_Ubuntu_mod_lleon/data/Campo3_enero26/Apalta/Celular/IMG_7441.HEIC,IMG_7441.HEIC,6.392502784729004,2.8087782859802246,,3024,4032,3763041,-34.31258333333333,-70.85517777777777,Apalta,ground
6967eca04644523b2e5553eb,/home/malezainia1/dev/INIA_DeepLearning_Ubuntu_mod_lleon/data/Campo3_enero26/Apalta/Celular/IMG_7442.HEIC,IMG_7442.HEIC,5.151663303375244,0.42124006152153015,,3024,4032,3657341,-34.312580555555556,-70.85517777777777,Apalta,ground
6967eca04644523b2e5553ec,/home/malezainia1/dev/INIA_DeepLearning_Ubuntu_mod_lleon/data/Campo3_enero26/Apalta/Celular/IMG_7443.HEIC,IMG_7443.HEIC,5.648934841156006,2.2674503326416016,,3024,4032,3665357,-34.312580555555556,-70.85517777777777,Apalta,ground
6967eca04644523b2e5553ed,/home/malezainia1/dev/INIA_DeepLearning_Ubuntu_mod_lleon/data/Campo3_enero26/Apalta/Celular/IMG_7444.HEIC,IMG_7444.HEIC,4.357301235198975,3.775721788406372,,3024,4032,4067771,-34.31256944444444,-70.85517777777777,Apalta,ground
6967eca04644523b2e5553ee,/home/malezainia1/dev/INIA_DeepLearning_Ubuntu_mod_lleon/data/Campo3_enero26/Apalta/Celular/IMG_7445.HEIC,IMG_7445.HEIC,3.9411706924438477,2.424607992172241,,3024,4032,4334072,-34.312549999999995,-70.85516388888888,Apalta,ground
6967eca04644523b2e5553ef,/home/malezainia1/dev/INIA_DeepLearning_Ubuntu_mod_lleon/data/Campo3_enero26/Apalta/Celular/IMG_7446.HEIC,IMG_7446.HEIC,5.186014652252197,3.1182332038879395,,3024,4032,3587859,-34.31253888888889,-70.85515555555556,Apalta,ground
6967eca04644523b2e5553f0,/home/malezainia1/dev/INIA_DeepLearning_Ubuntu_mod_lleon/data/Campo3_enero26/Apalta/Celular/IMG_7447.HEIC,IMG_7447.HEIC,5.302474021911621,0.35315418243408203,,3024,4032,3605127,-34.31254444444444,-70.85515555555556,Apalta,ground
6967eca04644523b2e5553f1,/home/malezainia1/dev/INIA_DeepLearning_Ubuntu_mod_lleon/data/Campo3_enero26/Apalta/Celular/IMG_7448.HEIC,IMG_7448.HEIC,4.626236438751221,3.117324113845825,,3024,4032,3810556,-34.31251944444444,-70.85515555555556,Apalta,ground
6967eca04644523b2e5553f2,/home/malezainia1/dev/INIA_DeepLearning_Ubuntu_mod_lleon/data/Campo3_enero26/Apalta/Celular/IMG_7449.HEIC,IMG_7449.HEIC,5.15466833114624,3.909675359725952,,3024,4032,4250691,-34.312508333333334,-70.85514722222221,Apalta,ground
6967eca04644523b2e5553f3,/home/malezainia1/dev/INIA_DeepLearning_Ubuntu_mod_lleon/data/Campo3_enero26/Apalta/Celular/IMG_7450.HEIC,IMG_7450.HEIC,5.402608871459961,3.7341160774230957,,3024,4032,4186499,-34.312491666666666,-70.85514166666665,Apalta,ground
6967eca04644523b2e5553f4,/home/malezainia1/dev/INIA_DeepLearning_Ubuntu_mod_lleon/data/Campo3_enero26/Apalta/Celular/IMG_7451.HEIC,IMG_7451.HEIC,4.058101177215576,4.953049659729004,,3024,4032,3906673,-34.31248055555555,-70.85513333333333,Apalta,ground
6967eca04644523b2e5553f5,/home/malezainia1/dev/INIA_DeepLearning_Ubuntu_mod_lleon/data/Campo3_enero26/Apalta/Celular/IMG_7452.HEIC,IMG_7452.HEIC,5.244290351867676,3.735001564025879,,3024,4032,4107077,-34.31247222222222,-70.85513333333333,Apalta,ground
6967eca04644523b2e5553f6,/home/malezainia1/dev/INIA_DeepLearning_Ubuntu_mod_lleon/data/Campo3_enero26/Apalta/Celular/IMG_7453.HEIC,IMG_7453.HEIC,5.027853488922119,-0.023704368621110916,,3024,4032,3949532,-34.312466666666666,-70.85513333333333,Apalta,ground
6967eca04644523b2e5553f7,/home/malezainia1/dev/INIA_DeepLearning_Ubuntu_mod_lleon/data/Campo3_enero26/Apalta/Celular/IMG_7454.HEIC,IMG_7454.HEIC,5.254213809967041,-0.0784594863653183,,3024,4032,3686027,-34.312461111111105,-70.85513333333333,Apalta,ground
6967eca04644523b2e5553f8,/home/malezainia1/dev/INIA_DeepLearning_Ubuntu_mod_lleon/data/Campo3_enero26/Apalta/Celular/IMG_7455.HEIC,IMG_7455.HEIC,3.7021701335906982,4.9633989334106445,,3024,4032,3285899,-34.31245833333333,-70.855125,Apalta,ground
6967eca04644523b2e5553f9,/home/malezainia1/dev/INIA_DeepLearning_Ubuntu_mod_lleon/data/Campo3_enero26/Apalta/Celular/IMG_7456.HEIC,IMG_7456.HEIC,4.651664733886719,0.7770256400108337,,3024,4032,3537490,-34.31245833333333,-70.855125,Apalta,ground
6967eca04644523b2e5553fa,/home/malezainia1/dev/INIA_DeepLearning_Ubuntu_mod_lleon/data/Campo3_enero26/Apalta/Celular/IMG_7457.HEIC,IMG_7457.HEIC,4.414188861846924,4.764893054962158,,3024,4032,3716788,-34.31245555555555,-70.855125,Apalta,ground
6967eca04644523b2e5553fb,/home/malezainia1/dev/INIA_DeepLearning_Ubuntu_mod_lleon/data/Campo3_enero26/Apalta/Celular/IMG_7458.HEIC,IMG_7458.HEIC,5.069262504577637,0.19242553412914276,,3024,4032,3802877,-34.312438888888884,-70.8551111111111,Apalta,ground
6967eca04644523b2e5553fc,/home/malezainia1/dev/INIA_DeepLearning_Ubuntu_mod_lleon/data/Campo3_enero26/Apalta/Celular/IMG_7459.HEIC,IMG_7459.HEIC,5.305597305297852,-0.21816138923168182,,3024,4032,4024652,-34.31242777777778,-70.8551111111111,Apalta,ground
6967eca04644523b2e5553fd,/home/malezainia1/dev/INIA_DeepLearning_Ubuntu_mod_lleon/data/Campo3_enero26/Apalta/Celular/IMG_7460.HEIC,IMG_7460.HEIC,4.993485450744629,1.7157485485076904,,3024,4032,3924907,-34.31243055555555,-70.8551111111111,Apalta,ground
6967eca04644523b2e5553fe,/home/malezainia1/dev/INIA_DeepLearning_Ubuntu_mod_lleon/data/Campo3_enero26/Apalta/Celular/IMG_7461.HEIC,IMG_7461.HEIC,3.991469144821167,4.294116497039795,,3024,4032,3662075,-34.31242777777778,-70.8551111111111,Apalta,ground
6967eca04644523b2e5553ff,/home/malezainia1/dev/INIA_DeepLearning_Ubuntu_mod_lleon/data/Campo3_enero26/Apalta/Celular/IMG_7462.HEIC,IMG_7462.HEIC,5.055341720581055,-0.006124814972281456,,3024,4032,3782840,-34.312425,-70.85510277777777,Apalta,ground
6967eca04644523b2e555400,/home/malezainia1/dev/INIA_DeepLearning_Ubuntu_mod_lleon/data/Campo3_enero26/Apalta/Celular/IMG_7463.HEIC,IMG_7463.HEIC,4.961330890655518,0.24760280549526215,,3024,4032,3793392,-34.312419444444444,-70.8551111111111,Apalta,ground
6967eca04644523b2e555401,/home/malezainia1/dev/INIA_DeepLearning_Ubuntu_mod_lleon/data/Campo3_enero26/Apalta/Celular/IMG_7464.HEIC,IMG_7464.HEIC,4.573055267333984,3.421205997467041,,3024,4032,4032689,-34.312416666666664,-70.85510277777777,Apalta,ground
6967eca04644523b2e555402,/home/malezainia1/dev/INIA_DeepLearning_Ubuntu_mod_lleon/data/Campo3_enero26/Apalta/Celular/IMG_7465.HEIC,IMG_7465.HEIC,5.192905426025391,-0.052144840359687805,,3024,4032,3758030,-34.312416666666664,-70.85510277777777,Apalta,ground
6967eca04644523b2e555403,/home/malezainia1/dev/INIA_DeepLearning_Ubuntu_mod_lleon/data/Campo3_enero26/Apalta/Celular/IMG_7466.HEIC,IMG_7466.HEIC,2.969949960708618,1.2960588932037354,,3024,4032,3584751,-34.31240833333333,-70.85510277777777,Apalta,ground
6967eca04644523b2e555404,/home/malezainia1/dev/INIA_DeepLearning_Ubuntu_mod_lleon/data/Campo3_enero26/Apalta/Celular/IMG_7467.HEIC,IMG_7467.HEIC,5.418158531188965,2.4310553073883057,,3024,4032,3692350,-34.31240833333333,-70.85509444444443,Apalta,ground
6967eca04644523b2e555405,/home/malezainia1/dev/INIA_DeepLearning_Ubuntu_mod_lleon/data/Campo3_enero26/Apalta/Celular/IMG_7468.HEIC,IMG_7468.HEIC,6.3979058265686035,2.894223213195801,,3024,4032,3592832,-34.31239444444444,-70.8550861111111,Apalta,ground
6967eca04644523b2e555406,/home/malezainia1/dev/INIA_DeepLearning_Ubuntu_mod_lleon/data/Campo3_enero26/Apalta/Celular/IMG_7469.HEIC,IMG_7469.HEIC,4.776931285858154,4.234152317047119,,3024,4032,3905578,-34.31238888888888,-70.8550861111111,Apalta,ground
6967eca04644523b2e555407,/home/malezainia1/dev/INIA_DeepLearning_Ubuntu_mod_lleon/data/Campo3_enero26/Apalta/Celular/IMG_7470.HEIC,IMG_7470.HEIC,4.679540634155273,2.3207335472106934,,3024,4032,3418530,-34.31236666666666,-70.85508055555555,Apalta,ground
6967eca04644523b2e555408,/home/malezainia1/dev/INIA_DeepLearning_Ubuntu_mod_lleon/data/Campo3_enero26/Apalta/Celular/IMG_7471.HEIC,IMG_7471.HEIC,6.448237419128418,2.884634017944336,,3024,4032,3638097,-34.312355555555555,-70.85507222222222,Apalta,ground
6967eca04644523b2e555409,/home/malezainia1/dev/INIA_DeepLearning_Ubuntu_mod_lleon/data/Campo3_enero26/Apalta/Celular/IMG_7472.HEIC,IMG_7472.HEIC,3.6900551319122314,2.4233784675598145,,3024,4032,3438424,-34.31234722222222,-70.85507222222222,Apalta,ground
6967eca04644523b2e55540a,/home/malezainia1/dev/INIA_DeepLearning_Ubuntu_mod_lleon/data/Campo3_enero26/Apalta/Celular/IMG_7473.HEIC,IMG_7473.HEIC,4.106956481933594,2.8214075565338135,,3024,4032,4478829,-34.312327777777774,-70.85506388888888,Apalta,ground
6967eca04644523b2e55540b,/home/malezainia1/dev/INIA_DeepLearning_Ubuntu_mod_lleon/data/Campo3_enero26/Apalta/Celular/IMG_7474.HEIC,IMG_7474.HEIC,4.357041835784912,4.359257698059082,,3024,4032,4265396,-34.31231388888889,-70.85505555555555,Apalta,ground
6967eca04644523b2e55540c,/home/malezainia1/dev/INIA_DeepLearning_Ubuntu_mod_lleon/data/Campo3_enero26/Apalta/Celular/IMG_7475.HEIC,IMG_7475.HEIC,4.610878944396973,-0.2814234793186188,,3024,4032,4114223,-34.31228888888889,-70.85504999999999,Apalta,ground
6967eca04644523b2e55540d,/home/malezainia1/dev/INIA_DeepLearning_Ubuntu_mod_lleon/data/Campo3_enero26/Apalta/Celular/IMG_7476.HEIC,IMG_7476.HEIC,2.8050034046173096,5.31660795211792,,3024,4032,4241145,-34.31227777777777,-70.85504166666666,Apalta,ground
6967eca04644523b2e55540e,/home/malezainia1/dev/INIA_DeepLearning_Ubuntu_mod_lleon/data/Campo3_enero26/Apalta/Celular/IMG_7477.HEIC,IMG_7477.HEIC,5.0337042808532715,-0.28030794858932495,,3024,4032,3985861,-34.31225277777777,-70.855025,Apalta,ground
6967eca04644523b2e55540f,/home/malezainia1/dev/INIA_DeepLearning_Ubuntu_mod_lleon/data/Campo3_enero26/Apalta/Celular/IMG_7478.HEIC,IMG_7478.HEIC,4.96788215637207,0.31215202808380127,,3024,4032,4209820,-34.312236111111105,-70.855025,Apalta,ground
6967eca04644523b2e555410,/home/malezainia1/dev/INIA_DeepLearning_Ubuntu_mod_lleon/data/Campo3_enero26/Apalta/Celular/IMG_7479.HEIC,IMG_7479.HEIC,5.814793109893799,-0.8401854038238525,,3024,4032,4199585,-34.31222777777778,-70.85501944444444,Apalta,ground
6967eca04644523b2e555411,/home/malezainia1/dev/INIA_DeepLearning_Ubuntu_mod_lleon/data/Campo3_enero26/Apalta/Celular/IMG_7480.HEIC,IMG_7480.HEIC,2.7875313758850098,5.20727014541626,,3024,4032,4293080,-34.31222777777778,-70.85501944444444,Apalta,ground
6967eca04644523b2e555412,/home/malezainia1/dev/INIA_DeepLearning_Ubuntu_mod_lleon/data/Campo3_enero26/Apalta/Celular/IMG_7481.HEIC,IMG_7481.HEIC,3.39239239692688,5.199103832244873,,3024,4032,4368440,-34.31222222222222,-70.85501944444444,Apalta,ground
6967eca04644523b2e555413,/home/malezainia1/dev/INIA_DeepLearning_Ubuntu_mod_lleon/data/Campo3_enero26/Apalta/Celular/IMG_7482.HEIC,IMG_7482.HEIC,4.897350311279297,3.408637523651123,,3024,4032,4067721,-34.31220277777778,-70.85501111111111,Apalta,ground
6967eca04644523b2e555414,/home/malezainia1/dev/INIA_DeepLearning_Ubuntu_mod_lleon/data/Campo3_enero26/Apalta/Celular/IMG_7483.HEIC,IMG_7483.HEIC,3.699662685394287,4.896634578704834,,3024,4032,3714970,-34.31218611111111,-70.85499444444444,Apalta,ground
6967eca04644523b2e555415,/home/malezainia1/dev/INIA_DeepLearning_Ubuntu_mod_lleon/data/Campo3_enero26/Apalta/Celular/IMG_7484.HEIC,IMG_7484.HEIC,4.8988471031188965,3.8113009929656982,,3024,4032,4219792,-34.31218611111111,-70.85499444444444,Apalta,ground
6967eca04644523b2e555416,/home/malezainia1/dev/INIA_DeepLearning_Ubuntu_mod_lleon/data/Campo3_enero26/Apalta/Celular/IMG_7485.HEIC,IMG_7485.HEIC,2.3372128009796143,4.815760612487793,,3024,4032,4027503,-34.31218055555555,-70.85499444444444,Apalta,ground
6967eca04644523b2e555417,/home/malezainia1/dev/INIA_DeepLearning_Ubuntu_mod_lleon/data/Campo3_enero26/Apalta/Celular/IMG_7486.HEIC,IMG_7486.HEIC,4.582171440124512,4.320947170257568,,3024,4032,3880758,-34.312174999999996,-70.85498888888888,Apalta,ground
6967eca04644523b2e555418,/home/malezainia1/dev/INIA_DeepLearning_Ubuntu_mod_lleon/data/Campo3_enero26/Apalta/Celular/IMG_7487.HEIC,IMG_7487.HEIC,4.460165500640869,2.73457932472229,,3024,4032,4379730,-34.31216388888889,-70.85498055555556,Apalta,ground
6967eca04644523b2e555419,/home/malezainia1/dev/INIA_DeepLearning_Ubuntu_mod_lleon/data/Campo3_enero26/Apalta/Celular/IMG_7488.HEIC,IMG_7488.HEIC,4.6741204261779785,3.9150238037109375,,3024,4032,4198021,-34.31213888888889,-70.85498055555556,Apalta,ground
6967eca04644523b2e55541a,/home/malezainia1/dev/INIA_DeepLearning_Ubuntu_mod_lleon/data/Campo3_enero26/Apalta/Celular/IMG_7489.HEIC,IMG_7489.HEIC,5.598304748535156,0.5382518768310547,,3024,4032,3653974,-34.31212222222222,-70.85496388888889,Apalta,ground
6967eca04644523b2e55541b,/home/malezainia1/dev/INIA_DeepLearning_Ubuntu_mod_lleon/data/Campo3_enero26/Apalta/Celular/IMG_7490.HEIC,IMG_7490.HEIC,5.226160049438477,1.3637999296188354,,3024,4032,3587133,-34.31206944444444,-70.85494166666666,Apalta,ground
6967eca04644523b2e55541c,/home/malezainia1/dev/INIA_DeepLearning_Ubuntu_mod_lleon/data/Campo3_enero26/Apalta/Celular/IMG_7491.HEIC,IMG_7491.HEIC,5.337465763092041,2.0577449798583984,,3024,4032,3892923,-34.31204722222222,-70.85493333333332,Apalta,ground
6967eca04644523b2e55541d,/home/malezainia1/dev/INIA_DeepLearning_Ubuntu_mod_lleon/data/Campo3_enero26/Apalta/Celular/IMG_7492.HEIC,IMG_7492.HEIC,4.322549819946289,2.636831283569336,,3024,4032,3925504,-34.31201111111111,-70.85491944444443,Apalta,ground
6967eca04644523b2e55541e,/home/malezainia1/dev/INIA_DeepLearning_Ubuntu_mod_lleon/data/Campo3_enero26/Apalta/Celular/IMG_7493.HEIC,IMG_7493.HEIC,1.8403022289276123,2.471958637237549,,3024,4032,4120881,-34.31193888888889,-70.85488055555555,Apalta,ground
6967eca04644523b2e55541f,/home/malezainia1/dev/INIA_DeepLearning_Ubuntu_mod_lleon/data/Campo3_enero26/Apalta/Celular/IMG_7494.HEIC,IMG_7494.HEIC,4.665285587310791,4.326908111572266,,3024,4032,4229301,-34.311924999999995,-70.85486666666667,Apalta,ground
6967eca04644523b2e555420,/home/malezainia1/dev/INIA_DeepLearning_Ubuntu_mod_lleon/data/Campo3_enero26/Apalta/Celular/IMG_7495.HEIC,IMG_7495.HEIC,4.463347434997559,4.371345520019531,,3024,4032,4337538,-34.31182777777777,-70.85483611111111,Apalta,ground
6967eca04644523b2e555421,/home/malezainia1/dev/INIA_DeepLearning_Ubuntu_mod_lleon/data/Campo3_enero26/Apalta/Celular/IMG_7496.HEIC,IMG_7496.HEIC,4.778876304626465,2.72463059425354,,3024,4032,4365409,-34.31179722222222,-70.85481944444444,Apalta,ground
6967eca04644523b2e555422,/home/malezainia1/dev/INIA_DeepLearning_Ubuntu_mod_lleon/data/Campo3_enero26/Apalta/Celular/IMG_7497.HEIC,IMG_7497.HEIC,4.781843662261963,4.291130065917969,,3024,4032,4674591,-34.31178333333333,-70.85480555555554,Apalta,ground
6967eca04644523b2e555423,/home/malezainia1/dev/INIA_DeepLearning_Ubuntu_mod_lleon/data/Campo3_enero26/Apalta/Celular/IMG_7498.HEIC,IMG_7498.HEIC,3.3167247772216797,0.25465384125709534,,3024,4032,4648258,-34.31177222222222,-70.85480555555554,Apalta,ground
6967eca04644523b2e555424,/home/malezainia1/dev/INIA_DeepLearning_Ubuntu_mod_lleon/data/Campo3_enero26/Apalta/Celular/IMG_7499.HEIC,IMG_7499.HEIC,4.859462738037109,3.842503786087036,,3024,4032,3776309,-34.31176111111111,-70.85480555555554,Apalta,ground
6967eca04644523b2e555425,/home/malezainia1/dev/INIA_DeepLearning_Ubuntu_mod_lleon/data/Campo3_enero26/Apalta/Celular/IMG_7500.HEIC,IMG_7500.HEIC,4.718486309051514,4.236300945281982,,3024,4032,4292219,-34.311747222222216,-70.85478888888888,Apalta,ground
6967eca04644523b2e555426,/home/malezainia1/dev/INIA_DeepLearning_Ubuntu_mod_lleon/data/Campo3_enero26/Apalta/Celular/IMG_7501.HEIC,IMG_7501.HEIC,4.0202765464782715,3.822561502456665,,3024,4032,3912781,-34.31173611111111,-70.85479722222222,Apalta,ground
6967eca04644523b2e555427,/home/malezainia1/dev/INIA_DeepLearning_Ubuntu_mod_lleon/data/Campo3_enero26/Apalta/Celular/IMG_7502.HEIC,IMG_7502.HEIC,3.0122857093811035,3.9783458709716797,,3024,4032,4579388,-34.31168611111111,-70.85476666666666,Apalta,ground
6967eca04644523b2e555428,/home/malezainia1/dev/INIA_DeepLearning_Ubuntu_mod_lleon/data/Campo3_enero26/Apalta/Celular/IMG_7503.HEIC,IMG_7503.HEIC,2.2961878776550293,4.797460556030273,,3024,4032,3894199,-34.311674999999994,-70.85475833333332,Apalta,ground
6967eca04644523b2e555429,/home/malezainia1/dev/INIA_DeepLearning_Ubuntu_mod_lleon/data/Campo3_enero26/Apalta/Celular/IMG_7504.HEIC,IMG_7504.HEIC,3.21335768699646,1.6598774194717407,,3024,4032,4444486,-34.31166944444444,-70.85475277777778,Apalta,ground
6967eca04644523b2e55542a,/home/malezainia1/dev/INIA_DeepLearning_Ubuntu_mod_lleon/data/Campo3_enero26/Apalta/Celular/IMG_7505.HEIC,IMG_7505.HEIC,3.7397875785827637,2.791884183883667,,3024,4032,4568720,-34.31163333333333,-70.85473611111111,Apalta,ground
6967eca04644523b2e55542b,/home/malezainia1/dev/INIA_DeepLearning_Ubuntu_mod_lleon/data/Campo3_enero26/Apalta/Celular/IMG_7506.HEIC,IMG_7506.HEIC,4.957393646240234,1.3667186498641968,,3024,4032,4088835,-34.3116,-70.85472222222222,Apalta,ground
6967eca04644523b2e55542c,/home/malezainia1/dev/INIA_DeepLearning_Ubuntu_mod_lleon/data/Campo3_enero26/Apalta/Celular/IMG_7507.HEIC,IMG_7507.HEIC,4.800534725189209,4.17637825012207,,3024,4032,3944818,-34.311588888888885,-70.85472222222222,Apalta,ground
6967eca04644523b2e55542d,/home/malezainia1/dev/INIA_DeepLearning_Ubuntu_mod_lleon/data/Campo3_enero26/Apalta/Celular/IMG_7508.HEIC,IMG_7508.HEIC,5.048486709594727,-0.06789212673902512,,3024,4032,4085765,-34.31155277777778,-70.85470555555555,Apalta,ground
6967eca04644523b2e55542e,/home/malezainia1/dev/INIA_DeepLearning_Ubuntu_mod_lleon/data/Campo3_enero26/Apalta/Celular/IMG_7509.HEIC,IMG_7509.HEIC,4.137613296508789,1.8904815912246704,,3024,4032,4383636,-34.31151111111111,-70.85469166666667,Apalta,ground
6967eca04644523b2e55542f,/home/malezainia1/dev/INIA_DeepLearning_Ubuntu_mod_lleon/data/Campo3_enero26/Apalta/Celular/IMG_7510.HEIC,IMG_7510.HEIC,5.288457870483398,1.6833438873291016,,3024,4032,4303437,-34.31145,-70.85464444444443,Apalta,ground
6967eca04644523b2e555430,/home/malezainia1/dev/INIA_DeepLearning_Ubuntu_mod_lleon/data/Campo3_enero26/Apalta/Celular/IMG_7511.HEIC,IMG_7511.HEIC,4.522937297821045,3.918889045715332,,3024,4032,3758591,-34.31144444444444,-70.85465277777777,Apalta,ground
6967eca04644523b2e555431,/home/malezainia1/dev/INIA_DeepLearning_Ubuntu_mod_lleon/data/Campo3_enero26/Apalta/Celular/IMG_7512.HEIC,IMG_7512.HEIC,5.57322883605957,-0.8009313941001892,,3024,4032,3921002,-34.31144444444444,-70.8546361111111,Apalta,ground
6967eca04644523b2e555432,/home/malezainia1/dev/INIA_DeepLearning_Ubuntu_mod_lleon/data/Campo3_enero26/Apalta/Celular/IMG_7513.HEIC,IMG_7513.HEIC,2.5364699363708496,4.959114074707031,,3024,4032,4092982,-34.311363888888884,-70.85461388888888,Apalta,ground
6967eca04644523b2e555433,/home/malezainia1/dev/INIA_DeepLearning_Ubuntu_mod_lleon/data/Campo3_enero26/Apalta/Celular/IMG_7514.HEIC,IMG_7514.HEIC,3.804950475692749,-0.4936002492904663,,3024,4032,4134747,-34.311344444444444,-70.85460555555555,Apalta,ground
6967eca04644523b2e555434,/home/malezainia1/dev/INIA_DeepLearning_Ubuntu_mod_lleon/data/Campo3_enero26/Apalta/Celular/IMG_7515.HEIC,IMG_7515.HEIC,2.573094606399536,4.329636096954346,,3024,4032,4658827,-34.311341666666664,-70.85460555555555,Apalta,ground
6967eca04644523b2e555435,/home/malezainia1/dev/INIA_DeepLearning_Ubuntu_mod_lleon/data/Campo3_enero26/Apalta/Celular/IMG_7516.HEIC,IMG_7516.HEIC,4.6622419357299805,2.358989715576172,,3024,4032,3775578,-34.31126388888889,-70.85456944444444,Apalta,ground
6967eca04644523b2e555436,/home/malezainia1/dev/INIA_DeepLearning_Ubuntu_mod_lleon/data/Campo3_enero26/Apalta/Celular/IMG_7517.HEIC,IMG_7517.HEIC,3.851767063140869,2.2624642848968506,,3024,4032,4181549,-34.31126111111111,-70.85456944444444,Apalta,ground
6967eca04644523b2e555437,/home/malezainia1/dev/INIA_DeepLearning_Ubuntu_mod_lleon/data/Campo3_enero26/Apalta/Celular/IMG_7518.HEIC,IMG_7518.HEIC,5.13095760345459,1.9969342947006226,,3024,4032,3803064,-34.31124444444444,-70.85456944444444,Apalta,ground
6967eca04644523b2e555438,/home/malezainia1/dev/INIA_DeepLearning_Ubuntu_mod_lleon/data/Campo3_enero26/Apalta/Celular/IMG_7519.HEIC,IMG_7519.HEIC,2.030327081680298,2.7607083320617676,,3024,4032,4152354,-34.31121388888889,-70.85455277777777,Apalta,ground
6967eca04644523b2e555439,/home/malezainia1/dev/INIA_DeepLearning_Ubuntu_mod_lleon/data/Campo3_enero26/Apalta/Celular/IMG_7520.HEIC,IMG_7520.HEIC,4.226113796234131,2.5683670043945312,,3024,4032,4856565,-34.31120277777777,-70.85453888888888,Apalta,ground
6967eca04644523b2e55543a,/home/malezainia1/dev/INIA_DeepLearning_Ubuntu_mod_lleon/data/Campo3_enero26/Apalta/Celular/IMG_7521.HEIC,IMG_7521.HEIC,5.693605422973633,-0.41164058446884155,,3024,4032,4236989,-34.31117222222222,-70.85453055555556,Apalta,ground
6967eca04644523b2e55543b,/home/malezainia1/dev/INIA_DeepLearning_Ubuntu_mod_lleon/data/Campo3_enero26/Apalta/Celular/IMG_7522.HEIC,IMG_7522.HEIC,5.663944721221924,0.6490516066551208,,3024,4032,4008047,-34.31110833333333,-70.85450833333333,Apalta,ground
6967eca04644523b2e55543c,/home/malezainia1/dev/INIA_DeepLearning_Ubuntu_mod_lleon/data/Campo3_enero26/Apalta/Celular/IMG_7523.HEIC,IMG_7523.HEIC,5.054370880126953,-0.4379037618637085,,3024,4032,4620654,-34.31105833333333,-70.8544611111111,Apalta,ground
6967eca04644523b2e55543d,/home/malezainia1/dev/INIA_DeepLearning_Ubuntu_mod_lleon/data/Campo3_enero26/Apalta/Celular/IMG_7524.HEIC,IMG_7524.HEIC,5.291945934295654,-1.0211650133132935,,3024,4032,4887925,-34.31105833333333,-70.8544611111111,Apalta,ground
6967eca04644523b2e55543e,/home/malezainia1/dev/INIA_DeepLearning_Ubuntu_mod_lleon/data/Campo3_enero26/Apalta/Celular/IMG_7525.HEIC,IMG_7525.HEIC,4.406893253326416,4.914190292358398,,3024,4032,5246209,-34.31105833333333,-70.8544611111111,Apalta,ground
6967eca04644523b2e55543f,/home/malezainia1/dev/INIA_DeepLearning_Ubuntu_mod_lleon/data/Campo3_enero26/Apalta/Celular/IMG_7526.HEIC,IMG_7526.HEIC,4.164443016052246,2.497750759124756,,3024,4032,4445033,-34.31082222222222,-70.85433888888889,Apalta,ground
6967eca04644523b2e555440,/home/malezainia1/dev/INIA_DeepLearning_Ubuntu_mod_lleon/data/Campo3_enero26/Apalta/Celular/IMG_7527.HEIC,IMG_7527.HEIC,2.517282247543335,2.9752070903778076,,3024,4032,4196098,-34.31077222222222,-70.85431666666666,Apalta,ground
6967eca04644523b2e555441,/home/malezainia1/dev/INIA_DeepLearning_Ubuntu_mod_lleon/data/Campo3_enero26/Apalta/Celular/IMG_7528.HEIC,IMG_7528.HEIC,5.51107120513916,-0.6002098321914673,,3024,4032,4111318,-34.31070277777778,-70.85428611111111,Apalta,ground
6967eca04644523b2e555442,/home/malezainia1/dev/INIA_DeepLearning_Ubuntu_mod_lleon/data/Campo3_enero26/Apalta/Celular/IMG_7529.HEIC,IMG_7529.HEIC,4.686777591705322,3.637603521347046,,3024,4032,4454014,-34.31067777777778,-70.85427777777777,Apalta,ground
6967eca04644523b2e555443,/home/malezainia1/dev/INIA_DeepLearning_Ubuntu_mod_lleon/data/Campo3_enero26/Apalta/Celular/IMG_7530.HEIC,IMG_7530.HEIC,5.152006149291992,-0.6445603966712952,,3024,4032,3933277,-34.310402777777774,-70.85417222222222,Apalta,ground
6967eca04644523b2e555444,/home/malezainia1/dev/INIA_DeepLearning_Ubuntu_mod_lleon/data/Campo3_enero26/Apalta/Celular/IMG_7531.HEIC,IMG_7531.HEIC,2.5919573307037354,5.202496528625488,,3024,4032,3751671,-34.31034722222222,-70.85414166666666,Apalta,ground
6967eca04644523b2e555445,/home/malezainia1/dev/INIA_DeepLearning_Ubuntu_mod_lleon/data/Campo3_enero26/Apalta/Celular/IMG_7532.HEIC,IMG_7532.HEIC,3.9027276039123535,4.297062397003174,,3024,4032,4399387,-34.31034444444444,-70.85414166666666,Apalta,ground
6967eca04644523b2e555446,/home/malezainia1/dev/INIA_DeepLearning_Ubuntu_mod_lleon/data/Campo3_enero26/Apalta/Celular/IMG_7533.HEIC,IMG_7533.HEIC,3.4924063682556152,5.00888729095459,,3024,4032,3915016,-34.31032222222222,-70.854125,Apalta,ground
6967eca04644523b2e555447,/home/malezainia1/dev/INIA_DeepLearning_Ubuntu_mod_lleon/data/Campo3_enero26/Apalta/Celular/IMG_7534.HEIC,IMG_7534.HEIC,3.066948890686035,4.356566905975342,,3024,4032,3797983,-34.31028055555555,-70.85411111111111,Apalta,ground
6967eca04644523b2e555448,/home/malezainia1/dev/INIA_DeepLearning_Ubuntu_mod_lleon/data/Campo3_enero26/Apalta/Celular/IMG_7535.HEIC,IMG_7535.HEIC,5.4206132888793945,1.3471299409866333,,3024,4032,4539645,-34.310230555555556,-70.85408888888888,Apalta,ground
6967eca04644523b2e555449,/home/malezainia1/dev/INIA_DeepLearning_Ubuntu_mod_lleon/data/Campo3_enero26/Apalta/Celular/IMG_7536.HEIC,IMG_7536.HEIC,3.431098699569702,4.994710922241211,,3024,4032,4676860,-34.31015277777777,-70.85404166666666,Apalta,ground
6967eca04644523b2e55544a,/home/malezainia1/dev/INIA_DeepLearning_Ubuntu_mod_lleon/data/Campo3_enero26/Apalta/Celular/IMG_7537.HEIC,IMG_7537.HEIC,4.843466758728027,2.6868417263031006,,3024,4032,3777804,-34.31003611111111,-70.85398888888888,Apalta,ground
6967eca04644523b2e55544b,/home/malezainia1/dev/INIA_DeepLearning_Ubuntu_mod_lleon/data/Campo3_enero26/Apalta/Celular/IMG_7538.HEIC,IMG_7538.HEIC,3.201293706893921,3.4511728286743164,,3024,4032,3621320,-34.31000833333333,-70.85398888888888,Apalta,ground
6967eca04644523b2e55544c,/home/malezainia1/dev/INIA_DeepLearning_Ubuntu_mod_lleon/data/Campo3_enero26/Apalta/Celular/IMG_7539.HEIC,IMG_7539.HEIC,4.124579429626465,3.828234910964966,,3024,4032,3913268,-34.30996388888889,-70.85396666666666,Apalta,ground
6967eca04644523b2e55544d,/home/malezainia1/dev/INIA_DeepLearning_Ubuntu_mod_lleon/data/Campo3_enero26/Apalta/Celular/IMG_7540.HEIC,IMG_7540.HEIC,4.992641448974609,3.369631290435791,,3024,4032,4072091,-34.309952777777774,-70.85396666666666,Apalta,ground
6967eca04644523b2e55544e,/home/malezainia1/dev/INIA_DeepLearning_Ubuntu_mod_lleon/data/Campo3_enero26/Apalta/Celular/IMG_7541.HEIC,IMG_7541.HEIC,2.1876490116119385,4.824321269989014,,3024,4032,3725756,-34.309866666666665,-70.85392777777777,Apalta,ground
6967eca04644523b2e55544f,/home/malezainia1/dev/INIA_DeepLearning_Ubuntu_mod_lleon/data/Campo3_enero26/Apalta/Celular/IMG_7542.HEIC,IMG_7542.HEIC,5.575376510620117,1.283246636390686,,3024,4032,4469644,-34.30983611111111,-70.85390555555556,Apalta,ground
6967eca04644523b2e555450,/home/malezainia1/dev/INIA_DeepLearning_Ubuntu_mod_lleon/data/Campo3_enero26/Apalta/Celular/IMG_7543.HEIC,IMG_7543.HEIC,5.548565864562988,1.284613013267517,,3024,4032,4438041,-34.30983611111111,-70.8539111111111,Apalta,ground
6967eca04644523b2e555451,/home/malezainia1/dev/INIA_DeepLearning_Ubuntu_mod_lleon/data/Campo3_enero26/Apalta/Celular/IMG_7544.HEIC,IMG_7544.HEIC,4.754410266876221,2.6996428966522217,,3024,4032,3791495,-34.30983611111111,-70.8539111111111,Apalta,ground
6967eca04644523b2e555452,/home/malezainia1/dev/INIA_DeepLearning_Ubuntu_mod_lleon/data/Campo3_enero26/Apalta/Celular/IMG_7545.HEIC,IMG_7545.HEIC,5.269331932067871,1.079177737236023,,3024,4032,4618363,-34.309691666666666,-70.85384444444443,Apalta,ground
6967eca04644523b2e555453,/home/malezainia1/dev/INIA_DeepLearning_Ubuntu_mod_lleon/data/Campo3_enero26/Apalta/Celular/IMG_7546.HEIC,IMG_7546.HEIC,4.7903594970703125,3.3900949954986572,,3024,4032,4134785,-34.30962777777778,-70.85380555555555,Apalta,ground
6967eca04644523b2e555454,/home/malezainia1/dev/INIA_DeepLearning_Ubuntu_mod_lleon/data/Campo3_enero26/Apalta/Celular/IMG_7548.HEIC,IMG_7548.HEIC,4.849305152893066,0.772521436214447,,3024,4032,4447633,-34.30971944444444,-70.8536,Apalta,ground
6967eca04644523b2e555455,/home/malezainia1/dev/INIA_DeepLearning_Ubuntu_mod_lleon/data/Campo3_enero26/Apalta/Celular/IMG_7549.HEIC,IMG_7549.HEIC,3.9635818004608154,4.345382213592529,,3024,4032,4106745,-34.30968055555555,-70.85360833333333,Apalta,ground
6967eca04644523b2e555456,/home/malezainia1/dev/INIA_DeepLearning_Ubuntu_mod_lleon/data/Campo3_enero26/Apalta/Celular/IMG_7550.HEIC,IMG_7550.HEIC,3.778524160385132,4.746800422668457,,3024,4032,4447764,-34.30971944444444,-70.85360833333333,Apalta,ground
6967eca04644523b2e555457,/home/malezainia1/dev/INIA_DeepLearning_Ubuntu_mod_lleon/data/Campo3_enero26/Apalta/Celular/IMG_7551.HEIC,IMG_7551.HEIC,4.526144504547119,3.083807945251465,,3024,4032,4142957,-34.309730555555554,-70.85361388888889,Apalta,ground
6967eca04644523b2e555458,/home/malezainia1/dev/INIA_DeepLearning_Ubuntu_mod_lleon/data/Campo3_enero26/Apalta/Celular/IMG_7552.HEIC,IMG_7552.HEIC,2.975163698196411,4.757062911987305,,3024,4032,3548247,-34.309730555555554,-70.85361388888889,Apalta,ground
6967eca04644523b2e555459,/home/malezainia1/dev/INIA_DeepLearning_Ubuntu_mod_lleon/data/Campo3_enero26/Apalta/Celular/IMG_7553.HEIC,IMG_7553.HEIC,2.875882863998413,0.3353274464607239,,3024,4032,3610782,-34.30974166666666,-70.85361388888889,Apalta,ground
6967eca04644523b2e55545a,/home/malezainia1/dev/INIA_DeepLearning_Ubuntu_mod_lleon/data/Campo3_enero26/Apalta/Celular/IMG_7554.HEIC,IMG_7554.HEIC,4.226807117462158,0.5759233236312866,,3024,4032,4347627,-34.30976111111111,-70.85363055555555,Apalta,ground
6967eca04644523b2e55545b,/home/malezainia1/dev/INIA_DeepLearning_Ubuntu_mod_lleon/data/Campo3_enero26/Apalta/Celular/IMG_7555.HEIC,IMG_7555.HEIC,3.4880294799804688,0.20682473480701447,,3024,4032,4300579,-34.309799999999996,-70.85364444444444,Apalta,ground
6967eca04644523b2e55545c,/home/malezainia1/dev/INIA_DeepLearning_Ubuntu_mod_lleon/data/Campo3_enero26/Apalta/Celular/IMG_7556.HEIC,IMG_7556.HEIC,3.7430572509765625,0.3352327346801758,,3024,4032,3972509,-34.309802777777776,-70.85364444444444,Apalta,ground
6967eca04644523b2e55545d,/home/malezainia1/dev/INIA_DeepLearning_Ubuntu_mod_lleon/data/Campo3_enero26/Apalta/Celular/IMG_7557.HEIC,IMG_7557.HEIC,3.44539475440979,0.24043521285057068,,3024,4032,3899223,-34.30981111111111,-70.85366944444444,Apalta,ground
6967eca04644523b2e55545e,/home/malezainia1/dev/INIA_DeepLearning_Ubuntu_mod_lleon/data/Campo3_enero26/Apalta/Celular/IMG_7558.HEIC,IMG_7558.HEIC,2.9054558277130127,4.676738739013672,,3024,4032,4463805,-34.30983055555555,-70.85366944444444,Apalta,ground
6967eca04644523b2e55545f,/home/malezainia1/dev/INIA_DeepLearning_Ubuntu_mod_lleon/data/Campo3_enero26/Apalta/Celular/IMG_7559.HEIC,IMG_7559.HEIC,4.4754414558410645,1.647623896598816,,3024,4032,3670516,-34.30985,-70.85366111111111,Apalta,ground
6967eca04644523b2e555460,/home/malezainia1/dev/INIA_DeepLearning_Ubuntu_mod_lleon/data/Campo3_enero26/Apalta/Celular/IMG_7560.HEIC,IMG_7560.HEIC,2.5759100914001465,5.300764083862305,,3024,4032,4044495,-34.309844444444444,-70.853675,Apalta,ground
6967eca04644523b2e555461,/home/malezainia1/dev/INIA_DeepLearning_Ubuntu_mod_lleon/data/Campo3_enero26/Apalta/Celular/IMG_7561.HEIC,IMG_7561.HEIC,4.289529800415039,-0.31981632113456726,,3024,4032,3972623,-34.309863888888884,-70.853675,Apalta,ground
6967eca04644523b2e555462,/home/malezainia1/dev/INIA_DeepLearning_Ubuntu_mod_lleon/data/Campo3_enero26/Apalta/Celular/IMG_7562.HEIC,IMG_7562.HEIC,6.3774943351745605,2.6840314865112305,,3024,4032,3934632,-34.30989722222222,-70.85369166666666,Apalta,ground
6967eca04644523b2e555463,/home/malezainia1/dev/INIA_DeepLearning_Ubuntu_mod_lleon/data/Campo3_enero26/Apalta/Celular/IMG_7563.HEIC,IMG_7563.HEIC,3.2434804439544678,4.420149803161621,,3024,4032,4301417,-34.30994166666667,-70.85370555555555,Apalta,ground
6967eca04644523b2e555464,/home/malezainia1/dev/INIA_DeepLearning_Ubuntu_mod_lleon/data/Campo3_enero26/Apalta/Celular/IMG_7564.HEIC,IMG_7564.HEIC,4.878468036651611,1.6689913272857666,,3024,4032,4754424,-34.30994166666667,-70.85370555555555,Apalta,ground
6967eca04644523b2e555465,/home/malezainia1/dev/INIA_DeepLearning_Ubuntu_mod_lleon/data/Campo3_enero26/Apalta/Celular/IMG_7565.HEIC,IMG_7565.HEIC,3.4387500286102295,-0.3592664897441864,,3024,4032,4158086,-34.30995833333333,-70.85372222222222,Apalta,ground
6967eca04644523b2e555466,/home/malezainia1/dev/INIA_DeepLearning_Ubuntu_mod_lleon/data/Campo3_enero26/Apalta/Celular/IMG_7566.HEIC,IMG_7566.HEIC,2.868814468383789,3.900649070739746,,3024,4032,4340771,-34.31001666666666,-70.8537361111111,Apalta,ground
6967eca04644523b2e555467,/home/malezainia1/dev/INIA_DeepLearning_Ubuntu_mod_lleon/data/Campo3_enero26/Apalta/Celular/IMG_7567.HEIC,IMG_7567.HEIC,3.5506417751312256,1.2482329607009888,,3024,4032,5190705,-34.310024999999996,-70.85374444444444,Apalta,ground
6967eca04644523b2e555468,/home/malezainia1/dev/INIA_DeepLearning_Ubuntu_mod_lleon/data/Campo3_enero26/Apalta/Celular/IMG_7568.HEIC,IMG_7568.HEIC,4.491939067840576,0.5335893034934998,,3024,4032,4753202,-34.31001944444444,-70.85375277777777,Apalta,ground
6967eca04644523b2e555469,/home/malezainia1/dev/INIA_DeepLearning_Ubuntu_mod_lleon/data/Campo3_enero26/Apalta/Celular/IMG_7569.HEIC,IMG_7569.HEIC,4.327938556671143,1.2877222299575806,,3024,4032,4237744,-34.31003055555555,-70.85375277777777,Apalta,ground
6967eca04644523b2e55546a,/home/malezainia1/dev/INIA_DeepLearning_Ubuntu_mod_lleon/data/Campo3_enero26/Apalta/Celular/IMG_7570.HEIC,IMG_7570.HEIC,3.822035074234009,0.8287102580070496,,3024,4032,4468197,-34.31005555555555,-70.85376666666666,Apalta,ground
6967eca04644523b2e55546b,/home/malezainia1/dev/INIA_DeepLearning_Ubuntu_mod_lleon/data/Campo3_enero26/Apalta/Celular/IMG_7571.HEIC,IMG_7571.HEIC,3.9564716815948486,0.3830573260784149,,3024,4032,4762156,-34.310066666666664,-70.853775,Apalta,ground
6967eca04644523b2e55546c,/home/malezainia1/dev/INIA_DeepLearning_Ubuntu_mod_lleon/data/Campo3_enero26/Apalta/Celular/IMG_7572.HEIC,IMG_7572.HEIC,4.628477096557617,3.2437262535095215,,3024,4032,4901812,-34.310116666666666,-70.85379166666667,Apalta,ground
6967eca04644523b2e55546d,/home/malezainia1/dev/INIA_DeepLearning_Ubuntu_mod_lleon/data/Campo3_enero26/Apalta/Celular/IMG_7573.HEIC,IMG_7573.HEIC,2.244229555130005,-0.15231670439243317,,3024,4032,4406809,-34.31012222222222,-70.85379166666667,Apalta,ground
6967eca04644523b2e55546e,/home/malezainia1/dev/INIA_DeepLearning_Ubuntu_mod_lleon/data/Campo3_enero26/Apalta/Celular/IMG_7574.HEIC,IMG_7574.HEIC,2.6322576999664307,0.4021226167678833,,3024,4032,4995743,-34.31013055555555,-70.85379722222221,Apalta,ground
6967eca04644523b2e55546f,/home/malezainia1/dev/INIA_DeepLearning_Ubuntu_mod_lleon/data/Campo3_enero26/Apalta/Celular/IMG_7575.HEIC,IMG_7575.HEIC,3.252814292907715,0.12332193553447723,,3024,4032,4371655,-34.31016111111111,-70.85380555555555,Apalta,ground
6967eca04644523b2e555470,/home/malezainia1/dev/INIA_DeepLearning_Ubuntu_mod_lleon/data/Campo3_enero26/Apalta/Celular/IMG_7576.HEIC,IMG_7576.HEIC,2.6598448753356934,4.459438800811768,,3024,4032,4780109,-34.310230555555556,-70.85384444444443,Apalta,ground
6967eca04644523b2e555471,/home/malezainia1/dev/INIA_DeepLearning_Ubuntu_mod_lleon/data/Campo3_enero26/Apalta/Celular/IMG_7577.HEIC,IMG_7577.HEIC,2.5271124839782715,0.9187095761299133,,3024,4032,4290282,-34.31033333333333,-70.85388055555555,Apalta,ground
6967eca04644523b2e555472,/home/malezainia1/dev/INIA_DeepLearning_Ubuntu_mod_lleon/data/Campo3_enero26/Apalta/Celular/IMG_7578.HEIC,IMG_7578.HEIC,3.2452425956726074,0.5522907972335815,,3024,4032,4336541,-34.31039166666666,-70.85391944444444,Apalta,ground
6967eca04644523b2e555473,/home/malezainia1/dev/INIA_DeepLearning_Ubuntu_mod_lleon/data/Campo3_enero26/Apalta/Celular/IMG_7579.HEIC,IMG_7579.HEIC,2.682386636734009,1.5734257698059082,,3024,4032,4257125,-34.31040833333333,-70.85392777777777,Apalta,ground
6967eca04644523b2e555474,/home/malezainia1/dev/INIA_DeepLearning_Ubuntu_mod_lleon/data/Campo3_enero26/Apalta/Celular/IMG_7580.HEIC,IMG_7580.HEIC,2.647890090942383,4.743653774261475,,3024,4032,5091688,-34.31047777777778,-70.85395833333332,Apalta,ground
6967eca04644523b2e555475,/home/malezainia1/dev/INIA_DeepLearning_Ubuntu_mod_lleon/data/Campo3_enero26/Apalta/Celular/IMG_7581.HEIC,IMG_7581.HEIC,4.190213680267334,-0.31400376558303833,,3024,4032,4328657,-34.310488888888884,-70.85395,Apalta,ground
6967eca04644523b2e555476,/home/malezainia1/dev/INIA_DeepLearning_Ubuntu_mod_lleon/data/Campo3_enero26/Apalta/Celular/IMG_7582.HEIC,IMG_7582.HEIC,1.8251596689224243,2.0401713848114014,,3024,4032,5504882,-34.31055555555555,-70.85399722222222,Apalta,ground
6967eca04644523b2e555477,/home/malezainia1/dev/INIA_DeepLearning_Ubuntu_mod_lleon/data/Campo3_enero26/Apalta/Celular/IMG_7583.HEIC,IMG_7583.HEIC,7.26314640045166,1.9204403162002563,,3024,4032,4869303,-34.310561111111106,-70.85399722222222,Apalta,ground
6967eca04644523b2e555478,/home/malezainia1/dev/INIA_DeepLearning_Ubuntu_mod_lleon/data/Campo3_enero26/Apalta/Celular/IMG_7584.HEIC,IMG_7584.HEIC,3.175992250442505,-1.0811209678649902,,3024,4032,4776488,-34.31057777777777,-70.8540111111111,Apalta,ground
6967eca04644523b2e555479,/home/malezainia1/dev/INIA_DeepLearning_Ubuntu_mod_lleon/data/Campo3_enero26/Apalta/Celular/IMG_7585.HEIC,IMG_7585.HEIC,3.112112522125244,-1.0343084335327148,,3024,4032,5176286,-34.31061944444444,-70.85402777777777,Apalta,ground
6967eca04644523b2e55547a,/home/malezainia1/dev/INIA_DeepLearning_Ubuntu_mod_lleon/data/Campo3_enero26/Apalta/Celular/IMG_7586.HEIC,IMG_7586.HEIC,2.504507303237915,0.29062527418136597,,3024,4032,5134417,-34.310630555555555,-70.85402777777777,Apalta,ground
6967eca04644523b2e55547b,/home/malezainia1/dev/INIA_DeepLearning_Ubuntu_mod_lleon/data/Campo3_enero26/Apalta/Celular/IMG_7587.HEIC,IMG_7587.HEIC,4.558326244354248,1.0977660417556763,,3024,4032,4827190,-34.31063888888889,-70.85402777777777,Apalta,ground
6967eca04644523b2e55547c,/home/malezainia1/dev/INIA_DeepLearning_Ubuntu_mod_lleon/data/Campo3_enero26/Apalta/Celular/IMG_7588.HEIC,IMG_7588.HEIC,3.3568389415740967,1.8672279119491577,,3024,4032,5363131,-34.31063888888889,-70.85403333333333,Apalta,ground
6967eca04644523b2e55547d,/home/malezainia1/dev/INIA_DeepLearning_Ubuntu_mod_lleon/data/Campo3_enero26/Apalta/Celular/IMG_7589.HEIC,IMG_7589.HEIC,2.8619916439056396,-0.9751835465431213,,3024,4032,5132530,-34.31066388888889,-70.85405,Apalta,ground
6967eca04644523b2e55547e,/home/malezainia1/dev/INIA_DeepLearning_Ubuntu_mod_lleon/data/Campo3_enero26/Apalta/Celular/IMG_7590.HEIC,IMG_7590.HEIC,3.202293634414673,1.962005615234375,,3024,4032,5677682,-34.310741666666665,-70.85408055555556,Apalta,ground
6967eca04644523b2e55547f,/home/malezainia1/dev/INIA_DeepLearning_Ubuntu_mod_lleon/data/Campo3_enero26/Apalta/Celular/IMG_7591.HEIC,IMG_7591.HEIC,2.7738497257232666,-0.753399670124054,,3024,4032,5457047,-34.31075277777777,-70.85407222222221,Apalta,ground
6967eca04644523b2e555480,/home/malezainia1/dev/INIA_DeepLearning_Ubuntu_mod_lleon/data/Campo3_enero26/Apalta/Celular/IMG_7592.HEIC,IMG_7592.HEIC,2.6658177375793457,-0.21394526958465576,,3024,4032,5520280,-34.31075555555555,-70.85408888888888,Apalta,ground
6967eca04644523b2e555481,/home/malezainia1/dev/INIA_DeepLearning_Ubuntu_mod_lleon/data/Campo3_enero26/Apalta/Celular/IMG_7593.HEIC,IMG_7593.HEIC,2.4951000213623047,-0.11794345080852509,,3024,4032,5403043,-34.310761111111105,-70.85408888888888,Apalta,ground
6967eca04644523b2e555482,/home/malezainia1/dev/INIA_DeepLearning_Ubuntu_mod_lleon/data/Campo3_enero26/Apalta/Celular/IMG_7594.HEIC,IMG_7594.HEIC,2.6282272338867188,-0.6163903474807739,,3024,4032,5570154,-34.31077222222222,-70.85408888888888,Apalta,ground
6967eca04644523b2e555483,/home/malezainia1/dev/INIA_DeepLearning_Ubuntu_mod_lleon/data/Campo3_enero26/Apalta/Celular/IMG_7595.HEIC,IMG_7595.HEIC,2.5364935398101807,-0.5165303349494934,,3024,4032,4413957,-34.31078055555555,-70.85410277777777,Apalta,ground
6967eca04644523b2e555484,/home/malezainia1/dev/INIA_DeepLearning_Ubuntu_mod_lleon/data/Campo3_enero26/Apalta/Celular/IMG_7596.HEIC,IMG_7596.HEIC,4.642401218414307,-0.954969584941864,,3024,4032,4460344,-34.31078055555555,-70.85410277777777,Apalta,ground
6967eca04644523b2e555485,/home/malezainia1/dev/INIA_DeepLearning_Ubuntu_mod_lleon/data/Campo3_enero26/Apalta/Celular/IMG_7597.HEIC,IMG_7597.HEIC,2.9973647594451904,-0.8980326652526855,,3024,4032,5433902,-34.31080277777777,-70.85411111111111,Apalta,ground
6967eca04644523b2e555486,/home/malezainia1/dev/INIA_DeepLearning_Ubuntu_mod_lleon/data/Campo3_enero26/Apalta/Celular/IMG_7598.HEIC,IMG_7598.HEIC,3.312420606613159,-0.7479619383811951,,3024,4032,4182204,-34.31081388888889,-70.85410277777777,Apalta,ground
6967eca04644523b2e555487,/home/malezainia1/dev/INIA_DeepLearning_Ubuntu_mod_lleon/data/Campo3_enero26/Apalta/Celular/IMG_7599.HEIC,IMG_7599.HEIC,2.513780117034912,-0.3875839412212372,,3024,4032,4271294,-34.31081388888889,-70.85411111111111,Apalta,ground
6967eca04644523b2e555488,/home/malezainia1/dev/INIA_DeepLearning_Ubuntu_mod_lleon/data/Campo3_enero26/Apalta/Celular/IMG_7600.HEIC,IMG_7600.HEIC,2.7899680137634277,-0.8505683541297913,,3024,4032,5188777,-34.31082222222222,-70.85411944444444,Apalta,ground
6967eca04644523b2e555489,/home/malezainia1/dev/INIA_DeepLearning_Ubuntu_mod_lleon/data/Campo3_enero26/Apalta/Celular/IMG_7601.HEIC,IMG_7601.HEIC,3.8238186836242676,0.33405452966690063,,3024,4032,4643759,-34.31084722222222,-70.85411111111111,Apalta,ground
6967eca04644523b2e55548a,/home/malezainia1/dev/INIA_DeepLearning_Ubuntu_mod_lleon/data/Campo3_enero26/Apalta/Celular/IMG_7602.HEIC,IMG_7602.HEIC,3.5086700916290283,-0.7412822842597961,,3024,4032,4632674,-34.31084166666666,-70.85413333333332,Apalta,ground
6967eca04644523b2e55548b,/home/malezainia1/dev/INIA_DeepLearning_Ubuntu_mod_lleon/data/Campo3_enero26/Apalta/Celular/IMG_7603.HEIC,IMG_7603.HEIC,2.520200729370117,-0.2864728271961212,,3024,4032,5185405,-34.31084166666666,-70.85413333333332,Apalta,ground
6967eca04644523b2e55548c,/home/malezainia1/dev/INIA_DeepLearning_Ubuntu_mod_lleon/data/Campo3_enero26/Apalta/Celular/IMG_7604.HEIC,IMG_7604.HEIC,2.79597806930542,-0.7032932639122009,,3024,4032,5292800,-34.31085833333333,-70.85413333333332,Apalta,ground
6967eca04644523b2e55548d,/home/malezainia1/dev/INIA_DeepLearning_Ubuntu_mod_lleon/data/Campo3_enero26/Apalta/Celular/IMG_7605.HEIC,IMG_7605.HEIC,2.6351001262664795,-0.5911818146705627,,3024,4032,5436299,-34.31087222222222,-70.85413333333332,Apalta,ground
6967eca04644523b2e55548e,/home/malezainia1/dev/INIA_DeepLearning_Ubuntu_mod_lleon/data/Campo3_enero26/Apalta/Celular/IMG_7606.HEIC,IMG_7606.HEIC,3.3259975910186768,-0.9318199157714844,,3024,4032,4462762,-34.310877777777776,-70.85413333333332,Apalta,ground
6967eca04644523b2e55548f,/home/malezainia1/dev/INIA_DeepLearning_Ubuntu_mod_lleon/data/Campo3_enero26/Apalta/Celular/IMG_7607.HEIC,IMG_7607.HEIC,2.5548806190490723,-0.4367118179798126,,3024,4032,5537860,-34.31088611111111,-70.85414166666666,Apalta,ground
6967eca04644523b2e555490,/home/malezainia1/dev/INIA_DeepLearning_Ubuntu_mod_lleon/data/Campo3_enero26/Apalta/Celular/IMG_7608.HEIC,IMG_7608.HEIC,2.177971363067627,-0.07193074375391006,,3024,4032,4288718,-34.31090833333333,-70.85414999999999,Apalta,ground
6967eca04644523b2e555491,/home/malezainia1/dev/INIA_DeepLearning_Ubuntu_mod_lleon/data/Campo3_enero26/Apalta/Celular/IMG_7609.HEIC,IMG_7609.HEIC,2.610462188720703,-0.7078008651733398,,3024,4032,4586158,-34.310916666666664,-70.85415555555555,Apalta,ground
6967eca04644523b2e555492,/home/malezainia1/dev/INIA_DeepLearning_Ubuntu_mod_lleon/data/Campo3_enero26/Apalta/Celular/IMG_7610.HEIC,IMG_7610.HEIC,2.871227502822876,-0.768339991569519,,3024,4032,4531753,-34.310925,-70.85416388888888,Apalta,ground
6967eca04644523b2e555493,/home/malezainia1/dev/INIA_DeepLearning_Ubuntu_mod_lleon/data/Campo3_enero26/Apalta/Celular/IMG_7611.HEIC,IMG_7611.HEIC,3.0214290618896484,-0.7898617386817932,,3024,4032,4231611,-34.31092777777778,-70.85416388888888,Apalta,ground
6967eca04644523b2e555494,/home/malezainia1/dev/INIA_DeepLearning_Ubuntu_mod_lleon/data/Campo3_enero26/Apalta/Celular/IMG_7612.HEIC,IMG_7612.HEIC,2.9638283252716064,-0.8781522512435913,,3024,4032,4536855,-34.310944444444445,-70.85417222222222,Apalta,ground
6967eca04644523b2e555495,/home/malezainia1/dev/INIA_DeepLearning_Ubuntu_mod_lleon/data/Campo3_enero26/Apalta/Celular/IMG_7613.HEIC,IMG_7613.HEIC,2.8026132583618164,-0.9232365489006042,,3024,4032,5235366,-34.31095,-70.85417222222222,Apalta,ground
6967eca04644523b2e555496,/home/malezainia1/dev/INIA_DeepLearning_Ubuntu_mod_lleon/data/Campo3_enero26/Apalta/Celular/IMG_7614.HEIC,IMG_7614.HEIC,4.0728254318237305,-0.05836806818842888,,3024,4032,4552440,-34.31143611111111,-70.85439166666666,Apalta,ground
6967eca04644523b2e555497,/home/malezainia1/dev/INIA_DeepLearning_Ubuntu_mod_lleon/data/Campo3_enero26/Apalta/Celular/IMG_7615.HEIC,IMG_7615.HEIC,4.61726188659668,0.6297141909599304,,3024,4032,4205285,-34.31144722222222,-70.8544,Apalta,ground
6967eca04644523b2e555498,/home/malezainia1/dev/INIA_DeepLearning_Ubuntu_mod_lleon/data/Campo3_enero26/Apalta/Celular/IMG_7616.HEIC,IMG_7616.HEIC,2.989210605621338,-1.067263126373291,,3024,4032,4625509,-34.311477777777775,-70.85442222222221,Apalta,ground
6967eca04644523b2e555499,/home/malezainia1/dev/INIA_DeepLearning_Ubuntu_mod_lleon/data/Campo3_enero26/Apalta/Celular/IMG_7617.HEIC,IMG_7617.HEIC,2.9332761764526367,-0.9399017095565796,,3024,4032,4583556,-34.31149722222222,-70.85442222222221,Apalta,ground
6967eca04644523b2e55549a,/home/malezainia1/dev/INIA_DeepLearning_Ubuntu_mod_lleon/data/Campo3_enero26/Apalta/Celular/IMG_7618.HEIC,IMG_7618.HEIC,2.0618152618408203,0.9558985829353333,,3024,4032,4484318,-34.311499999999995,-70.85442222222221,Apalta,ground
6967eca04644523b2e55549b,/home/malezainia1/dev/INIA_DeepLearning_Ubuntu_mod_lleon/data/Campo3_enero26/Apalta/Celular/IMG_7619.HEIC,IMG_7619.HEIC,2.530895471572876,1.0540984869003296,,3024,4032,4274709,-34.31150833333333,-70.85443055555555,Apalta,ground
6967eca04644523b2e55549c,/home/malezainia1/dev/INIA_DeepLearning_Ubuntu_mod_lleon/data/Campo3_enero26/Apalta/Celular/IMG_7620.HEIC,IMG_7620.HEIC,4.316018104553223,-0.1934887319803238,,3024,4032,4092053,-34.31151666666666,-70.85443888888888,Apalta,ground
6967eca04644523b2e55549d,/home/malezainia1/dev/INIA_DeepLearning_Ubuntu_mod_lleon/data/Campo3_enero26/Apalta/Celular/IMG_7621.HEIC,IMG_7621.HEIC,2.921635866165161,0.3447020649909973,,3024,4032,4539483,-34.31166388888889,-70.85449999999999,Apalta,ground
6967eca04644523b2e55549e,/home/malezainia1/dev/INIA_DeepLearning_Ubuntu_mod_lleon/data/Campo3_enero26/Apalta/Celular/IMG_7622.HEIC,IMG_7622.HEIC,4.346844673156738,0.4335424304008484,,3024,4032,4481165,-34.31168611111111,-70.85451388888889,Apalta,ground
6967eca04644523b2e55549f,/home/malezainia1/dev/INIA_DeepLearning_Ubuntu_mod_lleon/data/Campo3_enero26/Apalta/Celular/IMG_7623.HEIC,IMG_7623.HEIC,2.9292452335357666,1.9220352172851562,,3024,4032,4431670,-34.31171111111111,-70.85452222222222,Apalta,ground
6967eca04644523b2e5554a0,/home/malezainia1/dev/INIA_DeepLearning_Ubuntu_mod_lleon/data/Campo3_enero26/Apalta/Celular/IMG_7624.HEIC,IMG_7624.HEIC,4.039344787597656,-0.11257395148277283,,3024,4032,4230181,-34.31179722222222,-70.85456944444444,Apalta,ground
6967eca04644523b2e5554a1,/home/malezainia1/dev/INIA_DeepLearning_Ubuntu_mod_lleon/data/Campo3_enero26/Apalta/Celular/IMG_7625.HEIC,IMG_7625.HEIC,2.6981215476989746,0.7636687755584717,,3024,4032,4356501,-34.31184722222222,-70.85459999999999,Apalta,ground
6967eca04644523b2e5554a2,/home/malezainia1/dev/INIA_DeepLearning_Ubuntu_mod_lleon/data/Campo3_enero26/Apalta/Celular/IMG_7626.HEIC,IMG_7626.HEIC,3.089113473892212,-0.6390422582626343,,3024,4032,4287834,-34.31188611111111,-70.85460555555555,Apalta,ground
6967eca04644523b2e5554a3,/home/malezainia1/dev/INIA_DeepLearning_Ubuntu_mod_lleon/data/Campo3_enero26/Apalta/Celular/IMG_7627.HEIC,IMG_7627.HEIC,4.074857711791992,1.9123791456222534,,3024,4032,4669975,-34.31191666666666,-70.85462222222222,Apalta,ground
6967eca04644523b2e5554a4,/home/malezainia1/dev/INIA_DeepLearning_Ubuntu_mod_lleon/data/Campo3_enero26/Apalta/Celular/IMG_7628.HEIC,IMG_7628.HEIC,3.156191825866699,1.907952904701233,,3024,4032,4140381,-34.31191944444444,-70.85462222222222,Apalta,ground
6967eca04644523b2e5554a5,/home/malezainia1/dev/INIA_DeepLearning_Ubuntu_mod_lleon/data/Campo3_enero26/Apalta/Celular/IMG_7629.HEIC,IMG_7629.HEIC,3.6438369750976562,-0.5751863718032837,,3024,4032,4842426,-34.31193888888889,-70.85463055555554,Apalta,ground
6967eca04644523b2e5554a6,/home/malezainia1/dev/INIA_DeepLearning_Ubuntu_mod_lleon/data/Campo3_enero26/Apalta/Celular/IMG_7630.HEIC,IMG_7630.HEIC,2.7681567668914795,0.6996728777885437,,3024,4032,4332306,-34.31199722222222,-70.85465277777777,Apalta,ground
6967eca04644523b2e5554a7,/home/malezainia1/dev/INIA_DeepLearning_Ubuntu_mod_lleon/data/Campo3_enero26/Apalta/Celular/IMG_7631.HEIC,IMG_7631.HEIC,3.401254892349243,0.2941054701805115,,3024,4032,4298586,-34.312016666666665,-70.85466666666666,Apalta,ground
6967eca04644523b2e5554a8,/home/malezainia1/dev/INIA_DeepLearning_Ubuntu_mod_lleon/data/Campo3_enero26/Apalta/Celular/IMG_7632.HEIC,IMG_7632.HEIC,4.307615756988525,1.4579579830169678,,3024,4032,4440685,-34.31203055555555,-70.854675,Apalta,ground
6967eca04644523b2e5554a9,/home/malezainia1/dev/INIA_DeepLearning_Ubuntu_mod_lleon/data/Campo3_enero26/Apalta/Celular/IMG_7633.HEIC,IMG_7633.HEIC,2.5714282989501953,0.5743173956871033,,3024,4032,4729826,-34.31203333333333,-70.854675,Apalta,ground
6967eca04644523b2e5554aa,/home/malezainia1/dev/INIA_DeepLearning_Ubuntu_mod_lleon/data/Campo3_enero26/Apalta/Celular/IMG_7634.HEIC,IMG_7634.HEIC,2.7086946964263916,0.6907680630683899,,3024,4032,5169112,-34.31203055555555,-70.854675,Apalta,ground
6967eca04644523b2e5554ab,/home/malezainia1/dev/INIA_DeepLearning_Ubuntu_mod_lleon/data/Campo3_enero26/Apalta/Celular/IMG_7635.HEIC,IMG_7635.HEIC,4.769154071807861,1.1510368585586548,,3024,4032,4300011,-34.312038888888885,-70.854675,Apalta,ground
6967eca04644523b2e5554ac,/home/malezainia1/dev/INIA_DeepLearning_Ubuntu_mod_lleon/data/Campo3_enero26/Apalta/Celular/IMG_7636.HEIC,IMG_7636.HEIC,4.170830726623535,1.3248976469039917,,3024,4032,5004031,-34.31207222222222,-70.85469722222221,Apalta,ground
6967eca04644523b2e5554ad,/home/malezainia1/dev/INIA_DeepLearning_Ubuntu_mod_lleon/data/Campo3_enero26/Apalta/Celular/IMG_7637.HEIC,IMG_7637.HEIC,3.9785690307617188,1.2246686220169067,,3024,4032,4207421,-34.31207222222222,-70.85469722222221,Apalta,ground
6967eca04644523b2e5554ae,/home/malezainia1/dev/INIA_DeepLearning_Ubuntu_mod_lleon/data/Campo3_enero26/Apalta/Celular/IMG_7638.HEIC,IMG_7638.HEIC,4.4276509284973145,1.0066863298416138,,3024,4032,3934653,-34.312102777777774,-70.85471388888888,Apalta,ground
6967eca04644523b2e5554af,/home/malezainia1/dev/INIA_DeepLearning_Ubuntu_mod_lleon/data/Campo3_enero26/Apalta/Celular/IMG_7639.HEIC,IMG_7639.HEIC,4.018784523010254,4.9126667976379395,,3024,4032,4494248,-34.312172222222216,-70.85473611111111,Apalta,ground
6967eca04644523b2e5554b0,/home/malezainia1/dev/INIA_DeepLearning_Ubuntu_mod_lleon/data/Campo3_enero26/Apalta/Celular/IMG_7640.HEIC,IMG_7640.HEIC,4.9908623695373535,0.6482212543487549,,3024,4032,4639464,-34.312213888888884,-70.85475833333332,Apalta,ground
6967eca04644523b2e5554b1,/home/malezainia1/dev/INIA_DeepLearning_Ubuntu_mod_lleon/data/Campo3_enero26/Apalta/Celular/IMG_7641.HEIC,IMG_7641.HEIC,4.804249286651611,1.0616140365600586,,3024,4032,4492124,-34.31222222222222,-70.85476666666666,Apalta,ground
6967eca04644523b2e5554b2,/home/malezainia1/dev/INIA_DeepLearning_Ubuntu_mod_lleon/data/Campo3_enero26/Apalta/Celular/IMG_7642.HEIC,IMG_7642.HEIC,4.775205135345459,0.7247661352157593,,3024,4032,4114466,-34.31227777777777,-70.85479722222222,Apalta,ground
6967eca04644523b2e5554b3,/home/malezainia1/dev/INIA_DeepLearning_Ubuntu_mod_lleon/data/Campo3_enero26/Apalta/Celular/IMG_7643.HEIC,IMG_7643.HEIC,4.753438472747803,0.8943964242935181,,3024,4032,4433463,-34.31228888888889,-70.85479722222222,Apalta,ground
6967eca04644523b2e5554b4,/home/malezainia1/dev/INIA_DeepLearning_Ubuntu_mod_lleon/data/Campo3_enero26/Apalta/Celular/IMG_7644.HEIC,IMG_7644.HEIC,2.4952781200408936,0.7201029062271118,,3024,4032,5081093,-34.312302777777774,-70.85479722222222,Apalta,ground
6967eca04644523b2e5554b5,/home/malezainia1/dev/INIA_DeepLearning_Ubuntu_mod_lleon/data/Campo3_enero26/Apalta/Celular/IMG_7645.HEIC,IMG_7645.HEIC,4.35405969619751,0.7556431889533997,,3024,4032,4447024,-34.31231944444444,-70.85479722222222,Apalta,ground
6967eca04644523b2e5554b6,/home/malezainia1/dev/INIA_DeepLearning_Ubuntu_mod_lleon/data/Campo3_enero26/Apalta/Celular/IMG_7646.HEIC,IMG_7646.HEIC,4.386582851409912,1.3589645624160767,,3024,4032,4504556,-34.31231944444444,-70.85480555555554,Apalta,ground
6967eca04644523b2e5554b7,/home/malezainia1/dev/INIA_DeepLearning_Ubuntu_mod_lleon/data/Campo3_enero26/Apalta/Celular/IMG_7647.HEIC,IMG_7647.HEIC,2.0088024139404297,2.8274285793304443,,3024,4032,4426178,-34.31233333333333,-70.85481388888888,Apalta,ground
6967eca04644523b2e5554b8,/home/malezainia1/dev/INIA_DeepLearning_Ubuntu_mod_lleon/data/Campo3_enero26/Apalta/Celular/IMG_7648.HEIC,IMG_7648.HEIC,4.061521053314209,0.4944760203361511,,3024,4032,4326701,-34.312349999999995,-70.85481944444444,Apalta,ground
6967eca04644523b2e5554b9,/home/malezainia1/dev/INIA_DeepLearning_Ubuntu_mod_lleon/data/Campo3_enero26/Apalta/Celular/IMG_7649.HEIC,IMG_7649.HEIC,4.1319122314453125,1.3677871227264404,,3024,4032,4271714,-34.31236666666666,-70.85482777777777,Apalta,ground
6967eca04644523b2e5554ba,/home/malezainia1/dev/INIA_DeepLearning_Ubuntu_mod_lleon/data/Campo3_enero26/Apalta/Celular/IMG_7650.HEIC,IMG_7650.HEIC,2.3757524490356445,0.8454021215438843,,3024,4032,4100549,-34.31236944444444,-70.85483611111111,Apalta,ground
6967eca04644523b2e5554bb,/home/malezainia1/dev/INIA_DeepLearning_Ubuntu_mod_lleon/data/Campo3_enero26/Apalta/Celular/IMG_7651.HEIC,IMG_7651.HEIC,3.477294445037842,-0.1194026842713356,,3024,4032,4365098,-34.31239444444444,-70.85484444444444,Apalta,ground
6967eca04644523b2e5554bc,/home/malezainia1/dev/INIA_DeepLearning_Ubuntu_mod_lleon/data/Campo3_enero26/Apalta/Celular/IMG_7652.HEIC,IMG_7652.HEIC,2.300672769546509,0.16410459578037262,,3024,4032,5484804,-34.312441666666665,-70.85486666666667,Apalta,ground
6967eca04644523b2e5554bd,/home/malezainia1/dev/INIA_DeepLearning_Ubuntu_mod_lleon/data/Campo3_enero26/Apalta/Celular/IMG_7653.HEIC,IMG_7653.HEIC,3.577993869781494,-0.024530615657567978,,3024,4032,4924377,-34.31247777777777,-70.85488055555555,Apalta,ground
6967eca04644523b2e5554be,/home/malezainia1/dev/INIA_DeepLearning_Ubuntu_mod_lleon/data/Campo3_enero26/Apalta/Celular/IMG_7654.HEIC,IMG_7654.HEIC,3.0261995792388916,-0.5461114048957825,,3024,4032,5122753,-34.31248055555555,-70.85488888888888,Apalta,ground
6967eca04644523b2e5554bf,/home/malezainia1/dev/INIA_DeepLearning_Ubuntu_mod_lleon/data/Campo3_enero26/Apalta/Celular/IMG_7655.HEIC,IMG_7655.HEIC,2.4637131690979004,1.2019871473312378,,3024,4032,4728025,-34.31249722222222,-70.85488055555555,Apalta,ground
6967eca04644523b2e5554c0,/home/malezainia1/dev/INIA_DeepLearning_Ubuntu_mod_lleon/data/Campo3_enero26/Apalta/Celular/IMG_7656.HEIC,IMG_7656.HEIC,3.1896462440490723,0.27403831481933594,,3024,4032,4438862,-34.31251111111111,-70.85490555555555,Apalta,ground
6967eca04644523b2e5554c1,/home/malezainia1/dev/INIA_DeepLearning_Ubuntu_mod_lleon/data/Campo3_enero26/Apalta/Celular/IMG_7657.HEIC,IMG_7657.HEIC,3.1688010692596436,0.4644271731376648,,3024,4032,4655972,-34.312530555555554,-70.85491111111111,Apalta,ground
6967eca04644523b2e5554c2,/home/malezainia1/dev/INIA_DeepLearning_Ubuntu_mod_lleon/data/Campo3_enero26/Apalta/Celular/IMG_7658.HEIC,IMG_7658.HEIC,4.216548919677734,0.8737127184867859,,3024,4032,4729190,-34.31253333333333,-70.85491111111111,Apalta,ground
6967eca04644523b2e5554c3,/home/malezainia1/dev/INIA_DeepLearning_Ubuntu_mod_lleon/data/Campo3_enero26/Apalta/Celular/IMG_7659.HEIC,IMG_7659.HEIC,4.070280075073242,0.7762670516967773,,3024,4032,4585631,-34.312549999999995,-70.85491944444443,Apalta,ground
6967eca04644523b2e5554c4,/home/malezainia1/dev/INIA_DeepLearning_Ubuntu_mod_lleon/data/Campo3_enero26/Apalta/Celular/IMG_7660.HEIC,IMG_7660.HEIC,4.244015216827393,0.8922401666641235,,3024,4032,4568335,-34.31256111111111,-70.85491944444443,Apalta,ground
6967eca04644523b2e5554c5,/home/malezainia1/dev/INIA_DeepLearning_Ubuntu_mod_lleon/data/Campo3_enero26/Apalta/Celular/IMG_7661.HEIC,IMG_7661.HEIC,3.5636355876922607,-0.1644638478755951,,3024,4032,4730900,-34.31256388888889,-70.85492777777777,Apalta,ground
6967eca04644523b2e5554c6,/home/malezainia1/dev/INIA_DeepLearning_Ubuntu_mod_lleon/data/Campo3_enero26/Apalta/Celular/IMG_7662.HEIC,IMG_7662.HEIC,3.9399783611297607,0.7740626931190491,,3024,4032,4168833,-34.31258888888889,-70.85493333333332,Apalta,ground
6967eca04644523b2e5554c7,/home/malezainia1/dev/INIA_DeepLearning_Ubuntu_mod_lleon/data/Campo3_enero26/Apalta/Celular/IMG_7663.HEIC,IMG_7663.HEIC,4.7434282302856445,1.1198937892913818,,3024,4032,4411174,-34.312599999999996,-70.85494166666666,Apalta,ground
6967eca04644523b2e5554c8,/home/malezainia1/dev/INIA_DeepLearning_Ubuntu_mod_lleon/data/Campo3_enero26/Apalta/Celular/IMG_7664.HEIC,IMG_7664.HEIC,3.9167964458465576,0.7665597200393677,,3024,4032,4804628,-34.31261388888888,-70.85494999999999,Apalta,ground
6967eca04644523b2e5554c9,/home/malezainia1/dev/INIA_DeepLearning_Ubuntu_mod_lleon/data/Campo3_enero26/Apalta/Celular/IMG_7665.HEIC,IMG_7665.HEIC,4.110935211181641,-0.14509302377700806,,3024,4032,4546682,-34.312625,-70.85494999999999,Apalta,ground
6967eca04644523b2e5554ca,/home/malezainia1/dev/INIA_DeepLearning_Ubuntu_mod_lleon/data/Campo3_enero26/Apalta/Celular/IMG_7666.HEIC,IMG_7666.HEIC,3.9681053161621094,-0.12407746911048889,,3024,4032,4535172,-34.31263055555555,-70.85494999999999,Apalta,ground
6967eca04644523b2e5554cb,/home/malezainia1/dev/INIA_DeepLearning_Ubuntu_mod_lleon/data/Campo3_enero26/Apalta/Celular/IMG_7667.HEIC,IMG_7667.HEIC,3.9167661666870117,-0.26477760076522827,,3024,4032,4631413,-34.312641666666664,-70.85495833333333,Apalta,ground
6967eca04644523b2e5554cc,/home/malezainia1/dev/INIA_DeepLearning_Ubuntu_mod_lleon/data/Campo3_enero26/Apalta/Celular/IMG_7668.HEIC,IMG_7668.HEIC,4.081140518188477,0.3078472316265106,,3024,4032,4508812,-34.31265277777778,-70.85496388888889,Apalta,ground
6967eca04644523b2e5554cd,/home/malezainia1/dev/INIA_DeepLearning_Ubuntu_mod_lleon/data/Campo3_enero26/Apalta/Celular/IMG_7669.HEIC,IMG_7669.HEIC,2.2284445762634277,0.7314354777336121,,3024,4032,4813752,-34.31265555555555,-70.85496388888889,Apalta,ground
6967eca04644523b2e5554ce,/home/malezainia1/dev/INIA_DeepLearning_Ubuntu_mod_lleon/data/Campo3_enero26/Apalta/Celular/IMG_7670.HEIC,IMG_7670.HEIC,3.967257022857666,0.43970680236816406,,3024,4032,4505618,-34.31267222222222,-70.85496388888889,Apalta,ground
6967eca04644523b2e5554cf,/home/malezainia1/dev/INIA_DeepLearning_Ubuntu_mod_lleon/data/Campo3_enero26/Apalta/Celular/IMG_7671.HEIC,IMG_7671.HEIC,2.9502291679382324,0.8976916670799255,,3024,4032,4911459,-34.31267222222222,-70.85497222222222,Apalta,ground
6967eca04644523b2e5554d0,/home/malezainia1/dev/INIA_DeepLearning_Ubuntu_mod_lleon/data/Campo3_enero26/Apalta/Celular/IMG_7672.HEIC,IMG_7672.HEIC,4.18823766708374,0.38775742053985596,,3024,4032,4459667,-34.31268333333333,-70.85497222222222,Apalta,ground
6967eca04644523b2e5554d1,/home/malezainia1/dev/INIA_DeepLearning_Ubuntu_mod_lleon/data/Campo3_enero26/Apalta/Celular/IMG_7673.HEIC,IMG_7673.HEIC,4.351271152496338,0.5645101070404053,,3024,4032,4658029,-34.312733333333334,-70.85500277777777,Apalta,ground
6967eca04644523b2e5554d2,/home/malezainia1/dev/INIA_DeepLearning_Ubuntu_mod_lleon/data/Campo3_enero26/Apalta/Celular/IMG_7674.HEIC,IMG_7674.HEIC,5.3848161697387695,1.2946512699127197,,3024,4032,4759357,-34.31274444444444,-70.85500277777777,Apalta,ground
6967eca04644523b2e5554d3,/home/malezainia1/dev/INIA_DeepLearning_Ubuntu_mod_lleon/data/Campo3_enero26/Apalta/Celular/IMG_7675.HEIC,IMG_7675.HEIC,4.521576404571533,0.5687023401260376,,3024,4032,4592677,-34.312752777777774,-70.85499444444444,Apalta,ground
6967eca04644523b2e5554d4,/home/malezainia1/dev/INIA_DeepLearning_Ubuntu_mod_lleon/data/Campo3_enero26/Apalta/Celular/IMG_7676.HEIC,IMG_7676.HEIC,3.9312937259674072,1.1494477987289429,,3024,4032,5057004,-34.312755555555555,-70.85501111111111,Apalta,ground
6967eca04644523b2e5554d5,/home/malezainia1/dev/INIA_DeepLearning_Ubuntu_mod_lleon/data/Campo3_enero26/Apalta/Celular/IMG_7677.HEIC,IMG_7677.HEIC,4.72894287109375,0.6563358902931213,,3024,4032,4625260,-34.31275833333333,-70.85501111111111,Apalta,ground
6967eca04644523b2e5554d6,/home/malezainia1/dev/INIA_DeepLearning_Ubuntu_mod_lleon/data/Campo3_enero26/Apalta/Celular/IMG_7678.HEIC,IMG_7678.HEIC,4.562600612640381,-1.0443814992904663,,3024,4032,5104989,-34.31276388888889,-70.85501111111111,Apalta,ground
6967eca04644523b2e5554d7,/home/malezainia1/dev/INIA_DeepLearning_Ubuntu_mod_lleon/data/Campo3_enero26/Apalta/Celular/IMG_7679.HEIC,IMG_7679.HEIC,4.730241298675537,0.6778925061225891,,3024,4032,4533710,-34.31284722222222,-70.85505555555555,Apalta,ground
6967eca04644523b2e5554d8,/home/malezainia1/dev/INIA_DeepLearning_Ubuntu_mod_lleon/data/Campo3_enero26/Apalta/Celular/IMG_7680.HEIC,IMG_7680.HEIC,4.210483074188232,0.5993899703025818,,3024,4032,4370451,-34.31288055555555,-70.85506388888888,Apalta,ground
6967eca04644523b2e5554d9,/home/malezainia1/dev/INIA_DeepLearning_Ubuntu_mod_lleon/data/Campo3_enero26/Apalta/Celular/IMG_7681.HEIC,IMG_7681.HEIC,4.099186897277832,0.3153042197227478,,3024,4032,4174791,-34.31289722222222,-70.85506388888888,Apalta,ground
6967eca04644523b2e5554da,/home/malezainia1/dev/INIA_DeepLearning_Ubuntu_mod_lleon/data/Campo3_enero26/Apalta/Celular/IMG_7682.HEIC,IMG_7682.HEIC,4.249526500701904,0.1504685878753662,,3024,4032,4261828,-34.31289722222222,-70.85506388888888,Apalta,ground
6967eca04644523b2e5554db,/home/malezainia1/dev/INIA_DeepLearning_Ubuntu_mod_lleon/data/Campo3_enero26/Apalta/Celular/IMG_7683.HEIC,IMG_7683.HEIC,4.1675190925598145,-0.20263522863388062,,3024,4032,4279361,-34.312911111111106,-70.85508055555555,Apalta,ground
6967eca04644523b2e5554dc,/home/malezainia1/dev/INIA_DeepLearning_Ubuntu_mod_lleon/data/Campo3_enero26/Apalta/Celular/IMG_7684.HEIC,IMG_7684.HEIC,3.627642869949341,0.49473634362220764,,3024,4032,4942406,-34.31293055555555,-70.85510277777777,Apalta,ground
6967eca04644523b2e5554dd,/home/malezainia1/dev/INIA_DeepLearning_Ubuntu_mod_lleon/data/Campo3_enero26/Apalta/Celular/IMG_7685.HEIC,IMG_7685.HEIC,4.098005294799805,-0.10901221632957458,,3024,4032,4404534,-34.31294166666667,-70.85510277777777,Apalta,ground
6967eca04644523b2e5554de,/home/malezainia1/dev/INIA_DeepLearning_Ubuntu_mod_lleon/data/Campo3_enero26/Apalta/Celular/IMG_7686.HEIC,IMG_7686.HEIC,4.589443206787109,1.246559739112854,,3024,4032,4566989,-34.31294166666667,-70.85510277777777,Apalta,ground
6967eca04644523b2e5554df,/home/malezainia1/dev/INIA_DeepLearning_Ubuntu_mod_lleon/data/Campo3_enero26/Apalta/Celular/IMG_7687.HEIC,IMG_7687.HEIC,3.9290268421173096,0.49114182591438293,,3024,4032,4140510,-34.31295833333333,-70.8551111111111,Apalta,ground
6967eca04644523b2e5554e0,/home/malezainia1/dev/INIA_DeepLearning_Ubuntu_mod_lleon/data/Campo3_enero26/Apalta/Celular/IMG_7688.HEIC,IMG_7688.HEIC,4.601372241973877,1.2475115060806274,,3024,4032,3982476,-34.312977777777775,-70.85511666666666,Apalta,ground
6967eca04644523b2e5554e1,/home/malezainia1/dev/INIA_DeepLearning_Ubuntu_mod_lleon/data/Campo3_enero26/Apalta/Celular/IMG_7689.HEIC,IMG_7689.HEIC,2.7079927921295166,3.553901195526123,,3024,4032,4497482,-34.31301111111111,-70.855125,Apalta,ground
6967eca04644523b2e5554e2,/home/malezainia1/dev/INIA_DeepLearning_Ubuntu_mod_lleon/data/Campo3_enero26/Apalta/Celular/IMG_7690.HEIC,IMG_7690.HEIC,2.0579936504364014,0.8797088861465454,,3024,4032,4889821,-34.31301388888889,-70.85514166666665,Apalta,ground
6967eca04644523b2e5554e3,/home/malezainia1/dev/INIA_DeepLearning_Ubuntu_mod_lleon/data/Campo3_enero26/Apalta/Celular/IMG_7691.HEIC,IMG_7691.HEIC,2.646461248397827,4.762593746185303,,3024,4032,4347119,-34.31303888888888,-70.85514722222221,Apalta,ground
6967eca04644523b2e5554e4,/home/malezainia1/dev/INIA_DeepLearning_Ubuntu_mod_lleon/data/Campo3_enero26/Apalta/Celular/IMG_7692.HEIC,IMG_7692.HEIC,4.77880859375,0.10455331206321716,,3024,4032,4297965,-34.31306111111111,-70.85516388888888,Apalta,ground
6967eca04644523b2e5554e5,/home/malezainia1/dev/INIA_DeepLearning_Ubuntu_mod_lleon/data/Campo3_enero26/Apalta/Celular/IMG_7693.HEIC,IMG_7693.HEIC,4.820178031921387,1.0720124244689941,,3024,4032,4470153,-34.31309444444444,-70.85517222222222,Apalta,ground
6967eca04644523b2e5554e6,/home/malezainia1/dev/INIA_DeepLearning_Ubuntu_mod_lleon/data/Campo3_enero26/Apalta/Celular/IMG_7694.HEIC,IMG_7694.HEIC,3.664015054702759,1.9595166444778442,,3024,4032,4143596,-34.31312222222222,-70.85519444444444,Apalta,ground
6967eca04644523b2e5554e7,/home/malezainia1/dev/INIA_DeepLearning_Ubuntu_mod_lleon/data/Campo3_enero26/Apalta/Celular/IMG_7695.HEIC,IMG_7695.HEIC,3.6317012310028076,2.267549753189087,,3024,4032,5102402,-34.313136111111106,-70.85519444444444,Apalta,ground
6967eca04644523b2e5554e8,/home/malezainia1/dev/INIA_DeepLearning_Ubuntu_mod_lleon/data/Campo3_enero26/Apalta/Celular/IMG_7696.HEIC,IMG_7696.HEIC,3.4425885677337646,0.8754047155380249,,3024,4032,4742049,-34.31320833333333,-70.85523333333333,Apalta,ground
6967eca04644523b2e5554e9,/home/malezainia1/dev/INIA_DeepLearning_Ubuntu_mod_lleon/data/Campo3_enero26/Apalta/Celular/IMG_7697.HEIC,IMG_7697.HEIC,2.644071102142334,4.695556163787842,,3024,4032,4459996,-34.313269444444444,-70.85526388888889,Apalta,ground
6967eca04644523b2e5554ea,/home/malezainia1/dev/INIA_DeepLearning_Ubuntu_mod_lleon/data/Campo3_enero26/Apalta/Celular/IMG_7698.HEIC,IMG_7698.HEIC,4.4937543869018555,0.592599630355835,,3024,4032,4219098,-34.31330833333333,-70.85527777777777,Apalta,ground
6967eca04644523b2e5554eb,/home/malezainia1/dev/INIA_DeepLearning_Ubuntu_mod_lleon/data/Campo3_enero26/Apalta/Celular/IMG_7699.HEIC,IMG_7699.HEIC,2.314265012741089,0.15131546556949615,,3024,4032,5448084,-34.31350833333333,-70.85535555555555,Apalta,ground
6967eca04644523b2e5554ec,/home/malezainia1/dev/INIA_DeepLearning_Ubuntu_mod_lleon/data/Campo3_enero26/Apalta/Celular/IMG_7700.HEIC,IMG_7700.HEIC,3.337202310562134,0.5914079546928406,,3024,4032,5782330,-34.31353333333333,-70.85536944444443,Apalta,ground
6967eca04644523b2e5554ed,/home/malezainia1/dev/INIA_DeepLearning_Ubuntu_mod_lleon/data/Campo3_enero26/Apalta/Celular/IMG_7701.HEIC,IMG_7701.HEIC,4.117725849151611,-0.43176722526550293,,3024,4032,4053048,-34.313674999999996,-70.85543055555554,Apalta,ground
6967eca04644523b2e5554ee,/home/malezainia1/dev/INIA_DeepLearning_Ubuntu_mod_lleon/data/Campo3_enero26/Apalta/Celular/IMG_7702.HEIC,IMG_7702.HEIC,4.390074729919434,-0.2397443950176239,,3024,4032,4529627,-34.313713888888884,-70.85544722222221,Apalta,ground
6967eca04644523b2e5554ef,/home/malezainia1/dev/INIA_DeepLearning_Ubuntu_mod_lleon/data/Campo3_enero26/Apalta/Celular/IMG_7703.HEIC,IMG_7703.HEIC,1.8821847438812256,2.301868438720703,,3024,4032,4726268,-34.31374444444444,-70.85526388888889,Apalta,ground
6967eca04644523b2e5554f0,/home/malezainia1/dev/INIA_DeepLearning_Ubuntu_mod_lleon/data/Campo3_enero26/Apalta/Celular/IMG_7704.HEIC,IMG_7704.HEIC,4.456156253814697,4.395204067230225,,3024,4032,3967171,-34.31368333333333,-70.85523888888888,Apalta,ground
6967eca04644523b2e5554f1,/home/malezainia1/dev/INIA_DeepLearning_Ubuntu_mod_lleon/data/Campo3_enero26/Apalta/Celular/IMG_7705.HEIC,IMG_7705.HEIC,1.8755892515182495,3.4314098358154297,,3024,4032,4117114,-34.31361666666666,-70.85520833333332,Apalta,ground
6967eca04644523b2e5554f2,/home/malezainia1/dev/INIA_DeepLearning_Ubuntu_mod_lleon/data/Campo3_enero26/Apalta/Celular/IMG_7706.HEIC,IMG_7706.HEIC,3.03664231300354,2.4301207065582275,,3024,4032,4339709,-34.31358055555555,-70.85517777777777,Apalta,ground
6967eca04644523b2e5554f3,/home/malezainia1/dev/INIA_DeepLearning_Ubuntu_mod_lleon/data/Campo3_enero26/Apalta/Celular/IMG_7707.HEIC,IMG_7707.HEIC,3.1826910972595215,-1.0189164876937866,,3024,4032,4665182,-34.313561111111106,-70.85517222222222,Apalta,ground
6967eca04644523b2e5554f4,/home/malezainia1/dev/INIA_DeepLearning_Ubuntu_mod_lleon/data/Campo3_enero26/Apalta/Celular/IMG_7708.HEIC,IMG_7708.HEIC,3.138854742050171,-1.097001314163208,,3024,4032,4959659,-34.313538888888885,-70.85516388888888,Apalta,ground
6967eca04644523b2e5554f5,/home/malezainia1/dev/INIA_DeepLearning_Ubuntu_mod_lleon/data/Campo3_enero26/Apalta/Celular/IMG_7709.HEIC,IMG_7709.HEIC,3.2213780879974365,2.447012186050415,,3024,4032,4965736,-34.31346944444444,-70.855125,Apalta,ground
6967eca04644523b2e5554f6,/home/malezainia1/dev/INIA_DeepLearning_Ubuntu_mod_lleon/data/Campo3_enero26/Apalta/Celular/IMG_7710.HEIC,IMG_7710.HEIC,2.2120535373687744,3.1884543895721436,,3024,4032,4150562,-34.31346111111111,-70.85513333333333,Apalta,ground
6967eca04644523b2e5554f7,/home/malezainia1/dev/INIA_DeepLearning_Ubuntu_mod_lleon/data/Campo3_enero26/Apalta/Celular/IMG_7711.HEIC,IMG_7711.HEIC,2.2313365936279297,2.6359498500823975,,3024,4032,4694801,-34.31334722222222,-70.8550861111111,Apalta,ground
6967eca04644523b2e5554f8,/home/malezainia1/dev/INIA_DeepLearning_Ubuntu_mod_lleon/data/Campo3_enero26/Apalta/Celular/IMG_7712.HEIC,IMG_7712.HEIC,4.509029388427734,2.229179620742798,,3024,4032,4440722,-34.313336111111106,-70.85507222222222,Apalta,ground
6967eca04644523b2e5554f9,/home/malezainia1/dev/INIA_DeepLearning_Ubuntu_mod_lleon/data/Campo3_enero26/Apalta/Celular/IMG_7713.HEIC,IMG_7713.HEIC,3.370105504989624,0.974324107170105,,3024,4032,5101946,-34.313266666666664,-70.85503333333332,Apalta,ground
6967eca04644523b2e5554fa,/home/malezainia1/dev/INIA_DeepLearning_Ubuntu_mod_lleon/data/Campo3_enero26/Apalta/Celular/IMG_7714.HEIC,IMG_7714.HEIC,5.592780590057373,0.4077947437763214,,3024,4032,4268847,-34.313227777777776,-70.85501944444444,Apalta,ground
6967eca04644523b2e5554fb,/home/malezainia1/dev/INIA_DeepLearning_Ubuntu_mod_lleon/data/Campo3_enero26/Apalta/Celular/IMG_7715.HEIC,IMG_7715.HEIC,4.323644161224365,2.636721134185791,,3024,4032,4580399,-34.31314444444444,-70.85498888888888,Apalta,ground
6967eca04644523b2e5554fc,/home/malezainia1/dev/INIA_DeepLearning_Ubuntu_mod_lleon/data/Campo3_enero26/Apalta/Celular/IMG_7716.HEIC,IMG_7716.HEIC,3.196165084838867,-1.025900959968567,,3024,4032,4865624,-34.313125,-70.85498055555556,Apalta,ground
6967eca04644523b2e5554fd,/home/malezainia1/dev/INIA_DeepLearning_Ubuntu_mod_lleon/data/Campo3_enero26/Apalta/Celular/IMG_7717.HEIC,IMG_7717.HEIC,4.4703545570373535,4.195267200469971,,3024,4032,4208350,-34.313111111111105,-70.85497222222222,Apalta,ground
6967eca04644523b2e5554fe,/home/malezainia1/dev/INIA_DeepLearning_Ubuntu_mod_lleon/data/Campo3_enero26/Apalta/Celular/IMG_7718.HEIC,IMG_7718.HEIC,5.360287189483643,0.359611839056015,,3024,4032,4057701,-34.313069444444444,-70.85495833333333,Apalta,ground
6967eca04644523b2e5554ff,/home/malezainia1/dev/INIA_DeepLearning_Ubuntu_mod_lleon/data/Campo3_enero26/Apalta/Celular/IMG_7719.HEIC,IMG_7719.HEIC,4.171900272369385,2.3664357662200928,,3024,4032,4314671,-34.31304166666666,-70.85494999999999,Apalta,ground
6967eca04644523b2e555500,/home/malezainia1/dev/INIA_DeepLearning_Ubuntu_mod_lleon/data/Campo3_enero26/Apalta/Celular/IMG_7720.HEIC,IMG_7720.HEIC,4.167260646820068,4.048486709594727,,3024,4032,4327075,-34.31294166666667,-70.85488055555555,Apalta,ground
6967eca04644523b2e555501,/home/malezainia1/dev/INIA_DeepLearning_Ubuntu_mod_lleon/data/Campo3_enero26/Apalta/Celular/IMG_7721.HEIC,IMG_7721.HEIC,3.4666121006011963,1.6978912353515625,,3024,4032,4453164,-34.3129,-70.85486666666667,Apalta,ground
6967eca04644523b2e555502,/home/malezainia1/dev/INIA_DeepLearning_Ubuntu_mod_lleon/data/Campo3_enero26/Apalta/Celular/IMG_7722.HEIC,IMG_7722.HEIC,5.434128284454346,0.34732484817504883,,3024,4032,3889264,-34.31278333333333,-70.85481944444444,Apalta,ground
6967eca04644523b2e555503,/home/malezainia1/dev/INIA_DeepLearning_Ubuntu_mod_lleon/data/Campo3_enero26/Apalta/Celular/IMG_7723.HEIC,IMG_7723.HEIC,4.05006217956543,-0.8646314144134521,,3024,4032,4978216,-34.31276388888889,-70.85480555555554,Apalta,ground
6967eca04644523b2e555504,/home/malezainia1/dev/INIA_DeepLearning_Ubuntu_mod_lleon/data/Campo3_enero26/Apalta/Celular/IMG_7724.HEIC,IMG_7724.HEIC,5.1437225341796875,-1.0422673225402832,,3024,4032,4750327,-34.312733333333334,-70.85479722222222,Apalta,ground
6967eca04644523b2e555505,/home/malezainia1/dev/INIA_DeepLearning_Ubuntu_mod_lleon/data/Campo3_enero26/Apalta/Celular/IMG_7725.HEIC,IMG_7725.HEIC,4.972085952758789,1.5328139066696167,,3024,4032,4644177,-34.31272777777777,-70.85478888888888,Apalta,ground
6967eca04644523b2e555506,/home/malezainia1/dev/INIA_DeepLearning_Ubuntu_mod_lleon/data/Campo3_enero26/Apalta/Celular/IMG_7726.HEIC,IMG_7726.HEIC,4.580430507659912,-1.0640864372253418,,3024,4032,4716160,-34.31271666666667,-70.85478888888888,Apalta,ground
6967eca04644523b2e555507,/home/malezainia1/dev/INIA_DeepLearning_Ubuntu_mod_lleon/data/Campo3_enero26/Apalta/Celular/IMG_7727.HEIC,IMG_7727.HEIC,4.7857279777526855,-1.0096299648284912,,3024,4032,4305797,-34.31271666666667,-70.85478888888888,Apalta,ground
6967eca04644523b2e555508,/home/malezainia1/dev/INIA_DeepLearning_Ubuntu_mod_lleon/data/Campo3_enero26/Apalta/Celular/IMG_7728.HEIC,IMG_7728.HEIC,5.362530708312988,2.4931223392486572,,3024,4032,4469555,-34.31270555555555,-70.85477499999999,Apalta,ground
6967eca04644523b2e555509,/home/malezainia1/dev/INIA_DeepLearning_Ubuntu_mod_lleon/data/Campo3_enero26/Apalta/Celular/IMG_7729.HEIC,IMG_7729.HEIC,3.6013059616088867,0.8862160444259644,,3024,4032,4216366,-34.31265,-70.85474444444444,Apalta,ground
6967eca04644523b2e55550a,/home/malezainia1/dev/INIA_DeepLearning_Ubuntu_mod_lleon/data/Campo3_enero26/Apalta/Celular/IMG_7730.HEIC,IMG_7730.HEIC,5.492567539215088,0.16461361944675446,,3024,4032,4299522,-34.312486111111106,-70.85466666666666,Apalta,ground
6967eca04644523b2e55550b,/home/malezainia1/dev/INIA_DeepLearning_Ubuntu_mod_lleon/data/Campo3_enero26/Apalta/Celular/IMG_7731.HEIC,IMG_7731.HEIC,3.732778549194336,0.6522260904312134,,3024,4032,4569376,-34.31247222222222,-70.8546611111111,Apalta,ground
6967eca04644523b2e55550c,/home/malezainia1/dev/INIA_DeepLearning_Ubuntu_mod_lleon/data/Campo3_enero26/Apalta/Celular/IMG_7732.HEIC,IMG_7732.HEIC,3.9367151260375977,-0.690750241279602,,3024,4032,4694057,-34.31245555555555,-70.85465277777777,Apalta,ground
6967eca04644523b2e55550d,/home/malezainia1/dev/INIA_DeepLearning_Ubuntu_mod_lleon/data/Campo3_enero26/Apalta/Celular/IMG_7733.HEIC,IMG_7733.HEIC,3.408316135406494,1.213228702545166,,3024,4032,4367405,-34.312441666666665,-70.85465277777777,Apalta,ground
6967eca04644523b2e55550e,/home/malezainia1/dev/INIA_DeepLearning_Ubuntu_mod_lleon/data/Campo3_enero26/Apalta/Celular/IMG_7734.HEIC,IMG_7734.HEIC,4.694540023803711,-0.9477177858352661,,3024,4032,4289788,-34.31243611111111,-70.85465277777777,Apalta,ground
6967eca04644523b2e55550f,/home/malezainia1/dev/INIA_DeepLearning_Ubuntu_mod_lleon/data/Campo3_enero26/Apalta/Celular/IMG_7735.HEIC,IMG_7735.HEIC,4.891602516174316,0.738105297088623,,3024,4032,4104149,-34.312425,-70.85464444444443,Apalta,ground
6967eca04644523b2e555510,/home/malezainia1/dev/INIA_DeepLearning_Ubuntu_mod_lleon/data/Campo3_enero26/Apalta/Celular/IMG_7736.HEIC,IMG_7736.HEIC,5.260724067687988,-0.556868851184845,,3024,4032,4384214,-34.31241111111111,-70.85465277777777,Apalta,ground
6967eca04644523b2e555511,/home/malezainia1/dev/INIA_DeepLearning_Ubuntu_mod_lleon/data/Campo3_enero26/Apalta/Celular/IMG_7737.HEIC,IMG_7737.HEIC,3.6110024452209473,0.39249688386917114,,3024,4032,4639850,-34.312419444444444,-70.85465277777777,Apalta,ground
6967eca04644523b2e555512,/home/malezainia1/dev/INIA_DeepLearning_Ubuntu_mod_lleon/data/Campo3_enero26/Apalta/Celular/IMG_7738.HEIC,IMG_7738.HEIC,5.327090263366699,-0.5315868258476257,,3024,4032,4861272,-34.312374999999996,-70.85463055555554,Apalta,ground
6967eca04644523b2e555513,/home/malezainia1/dev/INIA_DeepLearning_Ubuntu_mod_lleon/data/Campo3_enero26/Apalta/Celular/IMG_7739.HEIC,IMG_7739.HEIC,4.76853609085083,3.0758581161499023,,3024,4032,4620757,-34.31228888888889,-70.85458333333332,Apalta,ground
6967eca04644523b2e555514,/home/malezainia1/dev/INIA_DeepLearning_Ubuntu_mod_lleon/data/Campo3_enero26/Apalta/Celular/IMG_7740.HEIC,IMG_7740.HEIC,4.916604518890381,4.030961990356445,,3024,4032,4439495,-34.3122,-70.85454444444444,Apalta,ground
6967eca04644523b2e555515,/home/malezainia1/dev/INIA_DeepLearning_Ubuntu_mod_lleon/data/Campo3_enero26/Apalta/Celular/IMG_7741.HEIC,IMG_7741.HEIC,4.97411584854126,-0.22969256341457367,,3024,4032,4461200,-34.31214444444444,-70.85451388888889,Apalta,ground
6967eca04644523b2e555516,/home/malezainia1/dev/INIA_DeepLearning_Ubuntu_mod_lleon/data/Campo3_enero26/Apalta/Celular/IMG_7742.HEIC,IMG_7742.HEIC,5.45977258682251,-0.5824077129364014,,3024,4032,3998858,-34.312130555555555,-70.85450833333333,Apalta,ground
6967eca04644523b2e555517,/home/malezainia1/dev/INIA_DeepLearning_Ubuntu_mod_lleon/data/Campo3_enero26/Apalta/Celular/IMG_7743.HEIC,IMG_7743.HEIC,4.63393497467041,0.0338989794254303,,3024,4032,4955100,-34.31199722222222,-70.85445277777777,Apalta,ground
6967eca04644523b2e555518,/home/malezainia1/dev/INIA_DeepLearning_Ubuntu_mod_lleon/data/Campo3_enero26/Apalta/Celular/IMG_7744.HEIC,IMG_7744.HEIC,4.635766506195068,-0.889587938785553,,3024,4032,4519400,-34.31197222222222,-70.85444722222222,Apalta,ground
6967eca04644523b2e555519,/home/malezainia1/dev/INIA_DeepLearning_Ubuntu_mod_lleon/data/Campo3_enero26/Apalta/Celular/IMG_7745.HEIC,IMG_7745.HEIC,5.129541873931885,-0.4996579587459564,,3024,4032,4207664,-34.311813888888885,-70.85436944444444,Apalta,ground
6967eca04644523b2e55551a,/home/malezainia1/dev/INIA_DeepLearning_Ubuntu_mod_lleon/data/Campo3_enero26/Apalta/Celular/IMG_7746.HEIC,IMG_7746.HEIC,5.5921502113342285,0.6508012413978577,,3024,4032,4619702,-34.31175277777778,-70.85433888888889,Apalta,ground
6967eca04644523b2e55551b,/home/malezainia1/dev/INIA_DeepLearning_Ubuntu_mod_lleon/data/Campo3_enero26/Apalta/Celular/IMG_7747.HEIC,IMG_7747.HEIC,2.959101438522339,2.33207368850708,,3024,4032,4642757,-34.31161944444444,-70.85427777777777,Apalta,ground
6967eca04644523b2e55551c,/home/malezainia1/dev/INIA_DeepLearning_Ubuntu_mod_lleon/data/Campo3_enero26/Apalta/Celular/IMG_7748.HEIC,IMG_7748.HEIC,3.561537742614746,-0.7195354700088501,,3024,4032,4640902,-34.311413888888886,-70.8541861111111,Apalta,ground
6967eca04644523b2e55551d,/home/malezainia1/dev/INIA_DeepLearning_Ubuntu_mod_lleon/data/Campo3_enero26/Apalta/Celular/IMG_7749.HEIC,IMG_7749.HEIC,3.331711530685425,2.1029255390167236,,3024,4032,4334226,-34.31127222222222,-70.85411111111111,Apalta,ground
6967eca04644523b2e55551e,/home/malezainia1/dev/INIA_DeepLearning_Ubuntu_mod_lleon/data/Campo3_enero26/Apalta/Celular/IMG_7750.HEIC,IMG_7750.HEIC,5.3187479972839355,-1.0739471912384033,,3024,4032,4660119,-34.311138888888884,-70.85404166666666,Apalta,ground
6967eca04644523b2e55551f,/home/malezainia1/dev/INIA_DeepLearning_Ubuntu_mod_lleon/data/Campo3_enero26/Apalta/Celular/IMG_7751.HEIC,IMG_7751.HEIC,5.41954231262207,0.7207510471343994,,3024,4032,4034501,-34.31112222222222,-70.85404166666666,Apalta,ground
6967eca04644523b2e555520,/home/malezainia1/dev/INIA_DeepLearning_Ubuntu_mod_lleon/data/Campo3_enero26/Apalta/Celular/IMG_7752.HEIC,IMG_7752.HEIC,5.077516078948975,0.5403762459754944,,3024,4032,5314898,-34.311,-70.85398888888888,Apalta,ground
6967eca04644523b2e555521,/home/malezainia1/dev/INIA_DeepLearning_Ubuntu_mod_lleon/data/Campo3_enero26/Apalta/Celular/IMG_7753.HEIC,IMG_7753.HEIC,3.443063974380493,4.526533126831055,,3024,4032,4323694,-34.30990277777777,-70.853225,Apalta,ground
6967eca04644523b2e555522,/home/malezainia1/dev/INIA_DeepLearning_Ubuntu_mod_lleon/data/Campo3_enero26/Apalta/Celular/IMG_7754.HEIC,IMG_7754.HEIC,4.801119804382324,3.5225183963775635,,3024,4032,3842587,-34.30993333333333,-70.85325555555555,Apalta,ground
6967eca04644523b2e555523,/home/malezainia1/dev/INIA_DeepLearning_Ubuntu_mod_lleon/data/Campo3_enero26/Apalta/Celular/IMG_7755.HEIC,IMG_7755.HEIC,2.6320981979370117,5.083465576171875,,3024,4032,4461065,-34.310180555555554,-70.85334722222221,Apalta,ground
6967eca04644523b2e555524,/home/malezainia1/dev/INIA_DeepLearning_Ubuntu_mod_lleon/data/Campo3_enero26/Apalta/Celular/IMG_7756.HEIC,IMG_7756.HEIC,4.3758416175842285,0.7748051881790161,,3024,4032,4321016,-34.3103,-70.85341666666666,Apalta,ground
6967eca04644523b2e555525,/home/malezainia1/dev/INIA_DeepLearning_Ubuntu_mod_lleon/data/Campo3_enero26/Apalta/Celular/IMG_7757.HEIC,IMG_7757.HEIC,3.7631144523620605,0.8120551109313965,,3024,4032,3892989,-34.310336111111106,-70.85343055555555,Apalta,ground
6967eca04644523b2e555526,/home/malezainia1/dev/INIA_DeepLearning_Ubuntu_mod_lleon/data/Campo3_enero26/Apalta/Celular/IMG_7758.HEIC,IMG_7758.HEIC,2.1579782962799072,0.07747568190097809,,3024,4032,3785335,-34.31034722222222,-70.85344722222221,Apalta,ground
6967eca04644523b2e555527,/home/malezainia1/dev/INIA_DeepLearning_Ubuntu_mod_lleon/data/Campo3_enero26/Apalta/Celular/IMG_7759.HEIC,IMG_7759.HEIC,4.2100324630737305,0.7165080308914185,,3024,4032,4251202,-34.31037222222222,-70.85344722222221,Apalta,ground
6967eca04644523b2e555528,/home/malezainia1/dev/INIA_DeepLearning_Ubuntu_mod_lleon/data/Campo3_enero26/Apalta/Celular/IMG_7760.HEIC,IMG_7760.HEIC,2.7344231605529785,2.188951253890991,,3024,4032,3727372,-34.31044722222222,-70.85347777777777,Apalta,ground
6967eca04644523b2e555529,/home/malezainia1/dev/INIA_DeepLearning_Ubuntu_mod_lleon/data/Campo3_enero26/Apalta/Celular/IMG_7761.HEIC,IMG_7761.HEIC,4.02515983581543,1.8954448699951172,,3024,4032,3814867,-34.31058055555555,-70.85354722222222,Apalta,ground
6967eca04644523b2e55552a,/home/malezainia1/dev/INIA_DeepLearning_Ubuntu_mod_lleon/data/Campo3_enero26/Apalta/Celular/IMG_7762.HEIC,IMG_7762.HEIC,4.149102687835693,-0.16773340106010437,,3024,4032,4022212,-34.3108,-70.855125,Apalta,ground
6967eca04644523b2e55552b,/home/malezainia1/dev/INIA_DeepLearning_Ubuntu_mod_lleon/data/Campo3_enero26/Apalta/Celular/IMG_7763.HEIC,IMG_7763.HEIC,4.440761566162109,-0.23209872841835022,,3024,4032,3888949,-34.31082222222222,-70.85516388888888,Apalta,ground
6967eca04644523b2e55552c,/home/malezainia1/dev/INIA_DeepLearning_Ubuntu_mod_lleon/data/Campo3_enero26/Apalta/Celular/IMG_7764.HEIC,IMG_7764.HEIC,4.001316547393799,0.394455224275589,,3024,4032,4373973,-34.31080277777777,-70.85517777777777,Apalta,ground
6967eca04644523b2e55552d,/home/malezainia1/dev/INIA_DeepLearning_Ubuntu_mod_lleon/data/Campo3_enero26/Apalta/Celular/IMG_7765.HEIC,IMG_7765.HEIC,2.2373836040496826,0.1254570484161377,,3024,4032,4617283,-34.31084444444444,-70.85519444444444,Apalta,ground
6967eca04644523b2e55552e,/home/malezainia1/dev/INIA_DeepLearning_Ubuntu_mod_lleon/data/Campo3_enero26/Apalta/Celular/IMG_7766.HEIC,IMG_7766.HEIC,4.396151065826416,0.007206548471003771,,3024,4032,4243523,-34.31198611111111,-70.85420277777777,Apalta,ground
6967eca04644523b2e55552f,/home/malezainia1/dev/INIA_DeepLearning_Ubuntu_mod_lleon/data/Campo3_enero26/Apalta/Celular/IMG_7767.HEIC,IMG_7767.HEIC,1.8571110963821411,2.3111748695373535,,3024,4032,5166424,-34.31207777777777,-70.85423333333333,Apalta,ground
6967eca04644523b2e555530,/home/malezainia1/dev/INIA_DeepLearning_Ubuntu_mod_lleon/data/Campo3_enero26/Apalta/Celular/IMG_7768.HEIC,IMG_7768.HEIC,4.179543972015381,1.5422399044036865,,3024,4032,5198118,-34.312327777777774,-70.8543611111111,Apalta,ground
6967eca04644523b2e555531,/home/malezainia1/dev/INIA_DeepLearning_Ubuntu_mod_lleon/data/Campo3_enero26/Apalta/Celular/IMG_7769.HEIC,IMG_7769.HEIC,2.216846227645874,3.005920171737671,,3024,4032,3740608,-34.31401388888889,-70.85455277777777,Apalta,ground
6967eca04644523b2e555532,/home/malezainia1/dev/INIA_DeepLearning_Ubuntu_mod_lleon/data/Campo3_enero26/Apalta/Celular/IMG_7770.HEIC,IMG_7770.HEIC,4.730164527893066,2.0723307132720947,,3024,4032,3755266,-34.31398055555555,-70.85453888888888,Apalta,ground
6967eca04644523b2e555533,/home/malezainia1/dev/INIA_DeepLearning_Ubuntu_mod_lleon/data/Campo3_enero26/Apalta/Celular/IMG_7771.HEIC,IMG_7771.HEIC,3.1126656532287598,3.7224929332733154,,3024,4032,3790735,-34.31397222222222,-70.85453888888888,Apalta,ground
6967eca04644523b2e555534,/home/malezainia1/dev/INIA_DeepLearning_Ubuntu_mod_lleon/data/Campo3_enero26/Apalta/Celular/IMG_7772.HEIC,IMG_7772.HEIC,2.438462495803833,4.487094879150391,,3024,4032,3737448,-34.31395833333333,-70.85453055555556,Apalta,ground
6967eca04644523b2e555535,/home/malezainia1/dev/INIA_DeepLearning_Ubuntu_mod_lleon/data/Campo3_enero26/Apalta/Celular/IMG_7773.HEIC,IMG_7773.HEIC,4.776924133300781,-0.7618263363838196,,3024,4032,4171654,-34.31378055555555,-70.85444722222222,Apalta,ground
6967eca04644523b2e555536,/home/malezainia1/dev/INIA_DeepLearning_Ubuntu_mod_lleon/data/Campo3_enero26/Apalta/Celular/IMG_7774.HEIC,IMG_7774.HEIC,5.322352409362793,2.362562656402588,,3024,4032,4118679,-34.313763888888886,-70.85444722222222,Apalta,ground
6967eca04644523b2e555537,/home/malezainia1/dev/INIA_DeepLearning_Ubuntu_mod_lleon/data/Campo3_enero26/Apalta/Celular/IMG_7775.HEIC,IMG_7775.HEIC,1.9859298467636108,2.5992352962493896,,3024,4032,4524527,-34.31374722222222,-70.85443055555555,Apalta,ground
6967eca04644523b2e555538,/home/malezainia1/dev/INIA_DeepLearning_Ubuntu_mod_lleon/data/Campo3_enero26/Apalta/Celular/IMG_7776.HEIC,IMG_7776.HEIC,4.915109157562256,2.1944162845611572,,3024,4032,4253918,-34.313719444444445,-70.85443055555555,Apalta,ground
6967eca04644523b2e555539,/home/malezainia1/dev/INIA_DeepLearning_Ubuntu_mod_lleon/data/Campo3_enero26/Apalta/Celular/IMG_7777.HEIC,IMG_7777.HEIC,5.060889720916748,-0.9052015542984009,,3024,4032,3841631,-34.313713888888884,-70.85442222222221,Apalta,ground
6967eca04644523b2e55553a,/home/malezainia1/dev/INIA_DeepLearning_Ubuntu_mod_lleon/data/Campo3_enero26/Apalta/Celular/IMG_7778.HEIC,IMG_7778.HEIC,5.526520252227783,1.9622352123260498,,3024,4032,3750380,-34.31370555555555,-70.85442222222221,Apalta,ground
6967eca04644523b2e55553b,/home/malezainia1/dev/INIA_DeepLearning_Ubuntu_mod_lleon/data/Campo3_enero26/Apalta/Celular/IMG_7779.HEIC,IMG_7779.HEIC,5.3509650230407715,2.6267011165618896,,3024,4032,4152837,-34.31368888888888,-70.85442222222221,Apalta,ground
6967eca04644523b2e55553c,/home/malezainia1/dev/INIA_DeepLearning_Ubuntu_mod_lleon/data/Campo3_enero26/Apalta/Celular/IMG_7780.HEIC,IMG_7780.HEIC,4.135769367218018,2.77160906791687,,3024,4032,3855515,-34.313694444444444,-70.8544,Apalta,ground
6967eca04644523b2e55553d,/home/malezainia1/dev/INIA_DeepLearning_Ubuntu_mod_lleon/data/Campo3_enero26/Apalta/Celular/IMG_7781.HEIC,IMG_7781.HEIC,2.06310772895813,3.160836935043335,,3024,4032,4145592,-34.313674999999996,-70.8544,Apalta,ground
6967eca04644523b2e55553e,/home/malezainia1/dev/INIA_DeepLearning_Ubuntu_mod_lleon/data/Campo3_enero26/Apalta/Celular/IMG_7782.HEIC,IMG_7782.HEIC,5.326094627380371,0.8861356377601624,,3024,4032,4020080,-34.313655555555556,-70.85438611111111,Apalta,ground
6967eca04644523b2e55553f,/home/malezainia1/dev/INIA_DeepLearning_Ubuntu_mod_lleon/data/Campo3_enero26/Apalta/Celular/IMG_7783.HEIC,IMG_7783.HEIC,4.611631393432617,2.175930976867676,,3024,4032,4063929,-34.313627777777775,-70.85438611111111,Apalta,ground
6967eca04644523b2e555540,/home/malezainia1/dev/INIA_DeepLearning_Ubuntu_mod_lleon/data/Campo3_enero26/Apalta/Celular/IMG_7784.HEIC,IMG_7784.HEIC,5.548960208892822,1.2237130403518677,,3024,4032,4109948,-34.31356944444444,-70.85435555555554,Apalta,ground
6967eca04644523b2e555541,/home/malezainia1/dev/INIA_DeepLearning_Ubuntu_mod_lleon/data/Campo3_enero26/Apalta/Celular/IMG_7785.HEIC,IMG_7785.HEIC,5.297171592712402,2.173352003097534,,3024,4032,4035932,-34.313541666666666,-70.85433888888889,Apalta,ground
6967eca04644523b2e555542,/home/malezainia1/dev/INIA_DeepLearning_Ubuntu_mod_lleon/data/Campo3_enero26/Apalta/Celular/IMG_7786.HEIC,IMG_7786.HEIC,5.598215579986572,0.6169898509979248,,3024,4032,4151676,-34.313452777777776,-70.85430833333332,Apalta,ground
6967eca04644523b2e555543,/home/malezainia1/dev/INIA_DeepLearning_Ubuntu_mod_lleon/data/Campo3_enero26/Apalta/Celular/IMG_7787.HEIC,IMG_7787.HEIC,5.524710655212402,2.660963773727417,,3024,4032,3961387,-34.31343888888889,-70.85428611111111,Apalta,ground
6967eca04644523b2e555544,/home/malezainia1/dev/INIA_DeepLearning_Ubuntu_mod_lleon/data/Campo3_enero26/Apalta/Celular/IMG_7788.HEIC,IMG_7788.HEIC,1.6940851211547852,4.111981391906738,,3024,4032,4018727,-34.31338611111111,-70.85425555555555,Apalta,ground
6967eca04644523b2e555545,/home/malezainia1/dev/INIA_DeepLearning_Ubuntu_mod_lleon/data/Campo3_enero26/Apalta/Celular/IMG_7789.HEIC,IMG_7789.HEIC,3.943763256072998,3.483649969100952,,3024,4032,4139532,-34.31335555555555,-70.85424722222221,Apalta,ground
6967eca04644523b2e555546,/home/malezainia1/dev/INIA_DeepLearning_Ubuntu_mod_lleon/data/Campo3_enero26/Apalta/Celular/IMG_7790.HEIC,IMG_7790.HEIC,3.7711429595947266,4.270874977111816,,3024,4032,3996838,-34.31312222222222,-70.85413333333332,Apalta,ground
6967eca04644523b2e555547,/home/malezainia1/dev/INIA_DeepLearning_Ubuntu_mod_lleon/data/Campo3_enero26/Apalta/Celular/IMG_7791.HEIC,IMG_7791.HEIC,4.839128017425537,-0.7549920678138733,,3024,4032,3888130,-34.313111111111105,-70.85413333333332,Apalta,ground
6967eca04644523b2e555548,/home/malezainia1/dev/INIA_DeepLearning_Ubuntu_mod_lleon/data/Campo3_enero26/Apalta/Celular/IMG_7792.HEIC,IMG_7792.HEIC,4.300416469573975,4.6183342933654785,,3024,4032,4154522,-34.31270277777777,-70.85395,Apalta,ground
6967eca04644523b2e555549,/home/malezainia1/dev/INIA_DeepLearning_Ubuntu_mod_lleon/data/Campo3_enero26/Apalta/Celular/IMG_7793.HEIC,IMG_7793.HEIC,5.576271057128906,2.0874946117401123,,3024,4032,4031545,-34.312599999999996,-70.85389722222222,Apalta,ground
6967eca04644523b2e55554a,/home/malezainia1/dev/INIA_DeepLearning_Ubuntu_mod_lleon/data/Campo3_enero26/Apalta/Celular/IMG_7794.HEIC,IMG_7794.HEIC,3.6295883655548096,4.1619553565979,,3024,4032,4095480,-34.31256944444444,-70.85388055555555,Apalta,ground
6967eca04644523b2e55554b,/home/malezainia1/dev/INIA_DeepLearning_Ubuntu_mod_lleon/data/Campo3_enero26/Apalta/Celular/IMG_7795.HEIC,IMG_7795.HEIC,3.056609869003296,3.59354829788208,,3024,4032,3746389,-34.312488888888886,-70.85383611111111,Apalta,ground
6967eca04644523b2e55554c,/home/malezainia1/dev/INIA_DeepLearning_Ubuntu_mod_lleon/data/Campo3_enero26/Apalta/Celular/IMG_7796.HEIC,IMG_7796.HEIC,4.812950134277344,2.7127177715301514,,3024,4032,3738822,-34.31231666666666,-70.85376666666666,Apalta,ground
6967eca04644523b2e55554d,/home/malezainia1/dev/INIA_DeepLearning_Ubuntu_mod_lleon/data/Campo3_enero26/Apalta/Celular/IMG_7797.HEIC,IMG_7797.HEIC,3.0612590312957764,5.0662922859191895,,3024,4032,4245488,-34.31209166666667,-70.85366111111111,Apalta,ground
6967eca04644523b2e55554e,/home/malezainia1/dev/INIA_DeepLearning_Ubuntu_mod_lleon/data/Campo3_enero26/Apalta/Celular/IMG_7798.HEIC,IMG_7798.HEIC,3.223677158355713,4.675001621246338,,3024,4032,5017705,-34.31193888888889,-70.85358333333333,Apalta,ground
6967eca04644523b2e55554f,/home/malezainia1/dev/INIA_DeepLearning_Ubuntu_mod_lleon/data/Campo3_enero26/Apalta/Celular/IMG_7799.HEIC,IMG_7799.HEIC,3.8172616958618164,4.834686279296875,,3024,4032,4080285,-34.31171111111111,-70.85348611111111,Apalta,ground
6967eca04644523b2e555550,/home/malezainia1/dev/INIA_DeepLearning_Ubuntu_mod_lleon/data/Campo3_enero26/Apalta/Celular/IMG_7800.HEIC,IMG_7800.HEIC,1.8603140115737915,2.6666059494018555,,3024,4032,4721883,-34.31143888888889,-70.85335555555555,Apalta,ground
6967eca04644523b2e555551,/home/malezainia1/dev/INIA_DeepLearning_Ubuntu_mod_lleon/data/Campo3_enero26/Apalta/Celular/IMG_7801.HEIC,IMG_7801.HEIC,4.943093299865723,2.3313958644866943,,3024,4032,3974245,-34.311416666666666,-70.85334722222221,Apalta,ground
6967eca04644523b2e555552,/home/malezainia1/dev/INIA_DeepLearning_Ubuntu_mod_lleon/data/Campo3_enero26/Apalta/Celular/IMG_7802.HEIC,IMG_7802.HEIC,3.2303740978240967,3.524472951889038,,3024,4032,4335845,-34.311388888888885,-70.85333333333332,Apalta,ground
6967eca04644523b2e555553,/home/malezainia1/dev/INIA_DeepLearning_Ubuntu_mod_lleon/data/Campo3_enero26/Apalta/Celular/IMG_7803.HEIC,IMG_7803.HEIC,3.6829493045806885,4.7575578689575195,,3024,4032,4374448,-34.311255555555555,-70.85327222222222,Apalta,ground
6967eca04644523b2e555554,/home/malezainia1/dev/INIA_DeepLearning_Ubuntu_mod_lleon/data/Campo3_enero26/Apalta/Celular/IMG_7804.HEIC,IMG_7804.HEIC,4.1086273193359375,4.874885559082031,,3024,4032,4145945,-34.311102777777776,-70.85319444444444,Apalta,ground
6967eca04644523b2e555555,/home/malezainia1/dev/INIA_DeepLearning_Ubuntu_mod_lleon/data/Campo3_enero26/Apalta/Celular/IMG_7805.HEIC,IMG_7805.HEIC,4.081615447998047,4.269077301025391,,3024,4032,3353102,-34.31108611111111,-70.85319444444444,Apalta,ground
6967eca04644523b2e555556,/home/malezainia1/dev/INIA_DeepLearning_Ubuntu_mod_lleon/data/Campo3_enero26/Apalta/Celular/IMG_7806.HEIC,IMG_7806.HEIC,6.18503999710083,2.8762357234954834,,3024,4032,3562460,-34.31103888888889,-70.85317222222221,Apalta,ground
6967eca04644523b2e555557,/home/malezainia1/dev/INIA_DeepLearning_Ubuntu_mod_lleon/data/Campo3_enero26/Apalta/Celular/IMG_7807.HEIC,IMG_7807.HEIC,3.0177226066589355,2.2936038970947266,,3024,4032,3465978,-34.31099722222222,-70.85315,Apalta,ground
6967eca04644523b2e555558,/home/malezainia1/dev/INIA_DeepLearning_Ubuntu_mod_lleon/data/Campo3_enero26/Apalta/Celular/IMG_7808.HEIC,IMG_7808.HEIC,6.010100364685059,3.0601634979248047,,3024,4032,3632130,-34.310925,-70.85311944444445,Apalta,ground
6967eca04644523b2e555559,/home/malezainia1/dev/INIA_DeepLearning_Ubuntu_mod_lleon/data/Campo3_enero26/Apalta/Celular/IMG_7809.HEIC,IMG_7809.HEIC,5.244715213775635,1.8836151361465454,,3024,4032,4126936,-34.31085833333333,-70.85308888888888,Apalta,ground
6967eca04644523b2e55555a,/home/malezainia1/dev/INIA_DeepLearning_Ubuntu_mod_lleon/data/Campo3_enero26/Apalta/Celular/IMG_7810.HEIC,IMG_7810.HEIC,2.943394184112549,4.1429762840271,,3024,4032,3923505,-34.31081388888889,-70.85306666666666,Apalta,ground
6967eca04644523b2e55555b,/home/malezainia1/dev/INIA_DeepLearning_Ubuntu_mod_lleon/data/Campo3_enero26/Apalta/Celular/IMG_7811.HEIC,IMG_7811.HEIC,2.8592429161071777,4.3198771476745605,,3024,4032,4021926,-34.31076944444444,-70.85305,Apalta,ground
6967eca04644523b2e55555c,/home/malezainia1/dev/INIA_DeepLearning_Ubuntu_mod_lleon/data/Campo3_enero26/Apalta/Celular/IMG_7812.HEIC,IMG_7812.HEIC,2.2338995933532715,4.595746040344238,,3024,4032,3601733,-34.31048611111111,-70.85291388888888,Apalta,ground
6967eca04644523b2e55555d,/home/malezainia1/dev/INIA_DeepLearning_Ubuntu_mod_lleon/data/Campo3_enero26/Apalta/Celular/IMG_7813.HEIC,IMG_7813.HEIC,3.2323310375213623,3.6788811683654785,,3024,4032,3808015,-34.31023888888888,-70.85279722222222,Apalta,ground
6967eca04644523b2e55555e,/home/malezainia1/dev/INIA_DeepLearning_Ubuntu_mod_lleon/data/Campo3_enero26/Apalta/Celular/IMG_7814.HEIC,IMG_7814.HEIC,5.454522609710693,-0.8107447624206543,,3024,4032,3493338,-34.31014166666667,-70.85275277777777,Apalta,ground
