sample_id,filepath,filename,umap_x,umap_y,latitude,longitude,file_type,size_bytes,site,camera_type
696902a9ece43907fa70abb8,/home/malezainia1/dev/INIA_DeepLearning_Ubuntu_mod_lleon/data/campo5_enero26/Lo Castillo/Celular/20260112_122304.jpg,20260112_122304.jpg,7.0148597,9.56433,-34.16141269972222,-70.6864044,JPEG,4051096,Lo Castillo,ground
696902a9ece43907fa70abb9,/home/malezainia1/dev/INIA_DeepLearning_Ubuntu_mod_lleon/data/campo5_enero26/Lo Castillo/Celular/20260112_122307.jpg,20260112_122307.jpg,3.7591665,7.301863,-34.16141269972222,-70.6864044,JPEG,4600626,Lo Castillo,ground
696902a9ece43907fa70abba,/home/malezainia1/dev/INIA_DeepLearning_Ubuntu_mod_lleon/data/campo5_enero26/Lo Castillo/Celular/20260112_122310.jpg,20260112_122310.jpg,7.0795445,9.357663,-34.16141269972222,-70.6864044,JPEG,5052825,Lo Castillo,ground
696902a9ece43907fa70abbb,/home/malezainia1/dev/INIA_DeepLearning_Ubuntu_mod_lleon/data/campo5_enero26/Lo Castillo/Celular/20260112_122432.jpg,20260112_122432.jpg,7.6626754,9.147565,-34.16146659972222,-70.68646449972222,JPEG,4988135,Lo Castillo,ground
696902a9ece43907fa70abbc,/home/malezainia1/dev/INIA_DeepLearning_Ubuntu_mod_lleon/data/campo5_enero26/Lo Castillo/Celular/20260112_122435.jpg,20260112_122435.jpg,7.784921,8.714276,-34.16146659972222,-70.68646449972222,JPEG,4680295,Lo Castillo,ground
696902a9ece43907fa70abbd,/home/malezainia1/dev/INIA_DeepLearning_Ubuntu_mod_lleon/data/campo5_enero26/Lo Castillo/Celular/20260112_122447.jpg,20260112_122447.jpg,5.851233,6.098403,-34.16146659972222,-70.68646449972222,JPEG,4822536,Lo Castillo,ground
696902a9ece43907fa70abbe,/home/malezainia1/dev/INIA_DeepLearning_Ubuntu_mod_lleon/data/campo5_enero26/Lo Castillo/Celular/20260112_122449.jpg,20260112_122449.jpg,5.2295103,7.3063016,-34.16146659972222,-70.68646449972222,JPEG,5868504,Lo Castillo,ground
696902a9ece43907fa70abbf,/home/malezainia1/dev/INIA_DeepLearning_Ubuntu_mod_lleon/data/campo5_enero26/Lo Castillo/Celular/20260112_122515.jpg,20260112_122515.jpg,5.0496135,7.1782184,-34.16159549972222,-70.6865734,JPEG,5998258,Lo Castillo,ground
696902a9ece43907fa70abc0,/home/malezainia1/dev/INIA_DeepLearning_Ubuntu_mod_lleon/data/campo5_enero26/Lo Castillo/Celular/20260112_122518.jpg,20260112_122518.jpg,9.6742325,6.5503216,-34.16159549972222,-70.6865734,JPEG,5644561,Lo Castillo,ground
696902a9ece43907fa70abc1,/home/malezainia1/dev/INIA_DeepLearning_Ubuntu_mod_lleon/data/campo5_enero26/Lo Castillo/Celular/20260112_122519.jpg,20260112_122519.jpg,5.6998897,7.0139337,-34.16159549972222,-70.6865734,JPEG,5818383,Lo Castillo,ground
696902a9ece43907fa70abc2,/home/malezainia1/dev/INIA_DeepLearning_Ubuntu_mod_lleon/data/campo5_enero26/Lo Castillo/Celular/20260112_122524.jpg,20260112_122524.jpg,5.9011207,6.6053486,-34.16159549972222,-70.6865734,JPEG,5691399,Lo Castillo,ground
696902a9ece43907fa70abc3,/home/malezainia1/dev/INIA_DeepLearning_Ubuntu_mod_lleon/data/campo5_enero26/Lo Castillo/Celular/20260112_122526.jpg,20260112_122526.jpg,8.625781,5.950753,-34.16159549972222,-70.6865734,JPEG,4814046,Lo Castillo,ground
696902a9ece43907fa70abc4,/home/malezainia1/dev/INIA_DeepLearning_Ubuntu_mod_lleon/data/campo5_enero26/Lo Castillo/Celular/20260112_122532.jpg,20260112_122532.jpg,6.875775,9.4273405,-34.16159549972222,-70.6865734,JPEG,5557843,Lo Castillo,ground
696902a9ece43907fa70abc5,/home/malezainia1/dev/INIA_DeepLearning_Ubuntu_mod_lleon/data/campo5_enero26/Lo Castillo/Celular/20260112_122537.jpg,20260112_122537.jpg,8.70646,7.855007,-34.16159549972222,-70.6865734,JPEG,5365382,Lo Castillo,ground
696902a9ece43907fa70abc6,/home/malezainia1/dev/INIA_DeepLearning_Ubuntu_mod_lleon/data/campo5_enero26/Lo Castillo/Celular/20260112_122540.jpg,20260112_122540.jpg,4.681644,8.08361,-34.16159549972222,-70.6865734,JPEG,5259388,Lo Castillo,ground
696902a9ece43907fa70abc7,/home/malezainia1/dev/INIA_DeepLearning_Ubuntu_mod_lleon/data/campo5_enero26/Lo Castillo/Celular/20260112_122613.jpg,20260112_122613.jpg,4.772077,8.586563,-34.161729099999995,-70.6867055,JPEG,6050279,Lo Castillo,ground
696902a9ece43907fa70abc8,/home/malezainia1/dev/INIA_DeepLearning_Ubuntu_mod_lleon/data/campo5_enero26/Lo Castillo/Celular/20260112_122615.jpg,20260112_122615.jpg,5.8505006,6.928297,-34.16172929972222,-70.68672519972223,JPEG,5502864,Lo Castillo,ground
696902a9ece43907fa70abc9,/home/malezainia1/dev/INIA_DeepLearning_Ubuntu_mod_lleon/data/campo5_enero26/Lo Castillo/Celular/20260112_122618.jpg,20260112_122618.jpg,6.996807,8.181457,-34.16172929972222,-70.68672519972223,JPEG,5438513,Lo Castillo,ground
696902a9ece43907fa70abca,/home/malezainia1/dev/INIA_DeepLearning_Ubuntu_mod_lleon/data/campo5_enero26/Lo Castillo/Celular/20260112_122620.jpg,20260112_122620.jpg,9.691356,7.209427,-34.16172929972222,-70.68672519972223,JPEG,4978532,Lo Castillo,ground
696902a9ece43907fa70abcb,/home/malezainia1/dev/INIA_DeepLearning_Ubuntu_mod_lleon/data/campo5_enero26/Lo Castillo/Celular/20260112_122623.jpg,20260112_122623.jpg,7.468167,8.756521,-34.16172929972222,-70.68672519972223,JPEG,5776902,Lo Castillo,ground
696902a9ece43907fa70abcc,/home/malezainia1/dev/INIA_DeepLearning_Ubuntu_mod_lleon/data/campo5_enero26/Lo Castillo/Celular/20260112_122625.jpg,20260112_122625.jpg,4.9068556,7.4226546,-34.16172929972222,-70.68672519972223,JPEG,5110942,Lo Castillo,ground
696902a9ece43907fa70abcd,/home/malezainia1/dev/INIA_DeepLearning_Ubuntu_mod_lleon/data/campo5_enero26/Lo Castillo/Celular/20260112_122628.jpg,20260112_122628.jpg,4.3955936,7.1194596,-34.16172929972222,-70.68672519972223,JPEG,5559806,Lo Castillo,ground
696902a9ece43907fa70abce,/home/malezainia1/dev/INIA_DeepLearning_Ubuntu_mod_lleon/data/campo5_enero26/Lo Castillo/Celular/20260112_122634.jpg,20260112_122634.jpg,7.817611,7.8540325,-34.16172929972222,-70.68672519972223,JPEG,4606646,Lo Castillo,ground
696902a9ece43907fa70abcf,/home/malezainia1/dev/INIA_DeepLearning_Ubuntu_mod_lleon/data/campo5_enero26/Lo Castillo/Celular/20260112_122636.jpg,20260112_122636.jpg,5.058862,8.367271,-34.16172929972222,-70.68672519972223,JPEG,5281993,Lo Castillo,ground
696902a9ece43907fa70abd0,/home/malezainia1/dev/INIA_DeepLearning_Ubuntu_mod_lleon/data/campo5_enero26/Lo Castillo/Celular/20260112_122641.jpg,20260112_122641.jpg,8.9220495,5.91195,-34.16172929972222,-70.68672519972223,JPEG,5248332,Lo Castillo,ground
696902a9ece43907fa70abd1,/home/malezainia1/dev/INIA_DeepLearning_Ubuntu_mod_lleon/data/campo5_enero26/Lo Castillo/Celular/20260112_122643.jpg,20260112_122643.jpg,8.432974,6.4800744,-34.16172929972222,-70.68672519972223,JPEG,4673950,Lo Castillo,ground
696902a9ece43907fa70abd2,/home/malezainia1/dev/INIA_DeepLearning_Ubuntu_mod_lleon/data/campo5_enero26/Lo Castillo/Celular/20260112_122644.jpg,20260112_122644.jpg,8.389226,8.950635,-34.16172929972222,-70.68672519972223,JPEG,5800836,Lo Castillo,ground
696902a9ece43907fa70abd3,/home/malezainia1/dev/INIA_DeepLearning_Ubuntu_mod_lleon/data/campo5_enero26/Lo Castillo/Celular/20260112_122646.jpg,20260112_122646.jpg,5.573522,5.589511,-34.16172929972222,-70.68672519972223,JPEG,4746767,Lo Castillo,ground
696902a9ece43907fa70abd4,/home/malezainia1/dev/INIA_DeepLearning_Ubuntu_mod_lleon/data/campo5_enero26/Lo Castillo/Celular/20260112_122647.jpg,20260112_122647.jpg,8.214805,8.743594,-34.16172929972222,-70.68672519972223,JPEG,5705026,Lo Castillo,ground
696902a9ece43907fa70abd5,/home/malezainia1/dev/INIA_DeepLearning_Ubuntu_mod_lleon/data/campo5_enero26/Lo Castillo/Celular/20260112_122649.jpg,20260112_122649.jpg,7.8891935,8.577541,-34.16172929972222,-70.68672519972223,JPEG,5581550,Lo Castillo,ground
696902a9ece43907fa70abd6,/home/malezainia1/dev/INIA_DeepLearning_Ubuntu_mod_lleon/data/campo5_enero26/Lo Castillo/Celular/20260112_122651.jpg,20260112_122651.jpg,7.794181,9.323324,-34.16172929972222,-70.68672519972223,JPEG,4943416,Lo Castillo,ground
696902a9ece43907fa70abd7,/home/malezainia1/dev/INIA_DeepLearning_Ubuntu_mod_lleon/data/campo5_enero26/Lo Castillo/Celular/20260112_122652.jpg,20260112_122652.jpg,7.295891,9.010774,-34.16172929972222,-70.68672519972223,JPEG,5263207,Lo Castillo,ground
696902a9ece43907fa70abd8,/home/malezainia1/dev/INIA_DeepLearning_Ubuntu_mod_lleon/data/campo5_enero26/Lo Castillo/Celular/20260112_122655.jpg,20260112_122655.jpg,9.029347,8.839082,-34.16172929972222,-70.68672519972223,JPEG,5619139,Lo Castillo,ground
696902a9ece43907fa70abd9,/home/malezainia1/dev/INIA_DeepLearning_Ubuntu_mod_lleon/data/campo5_enero26/Lo Castillo/Celular/20260112_122657.jpg,20260112_122657.jpg,9.189378,8.522019,-34.16172929972222,-70.68672519972223,JPEG,5429173,Lo Castillo,ground
696902a9ece43907fa70abda,/home/malezainia1/dev/INIA_DeepLearning_Ubuntu_mod_lleon/data/campo5_enero26/Lo Castillo/Celular/20260112_122700.jpg,20260112_122700.jpg,7.673696,9.01461,-34.16172929972222,-70.68672519972223,JPEG,5469740,Lo Castillo,ground
696902a9ece43907fa70abdb,/home/malezainia1/dev/INIA_DeepLearning_Ubuntu_mod_lleon/data/campo5_enero26/Lo Castillo/Celular/20260112_122702.jpg,20260112_122702.jpg,6.8242054,9.646069,-34.16172929972222,-70.68672519972223,JPEG,4439923,Lo Castillo,ground
696902a9ece43907fa70abdc,/home/malezainia1/dev/INIA_DeepLearning_Ubuntu_mod_lleon/data/campo5_enero26/Lo Castillo/Celular/20260112_122709.jpg,20260112_122709.jpg,8.999229,4.6166134,-34.16172929972222,-70.68672519972223,JPEG,6092131,Lo Castillo,ground
696902a9ece43907fa70abdd,/home/malezainia1/dev/INIA_DeepLearning_Ubuntu_mod_lleon/data/campo5_enero26/Lo Castillo/Celular/20260112_122712.jpg,20260112_122712.jpg,7.8896227,8.4277315,-34.16172929972222,-70.68672519972223,JPEG,6256015,Lo Castillo,ground
696902a9ece43907fa70abde,/home/malezainia1/dev/INIA_DeepLearning_Ubuntu_mod_lleon/data/campo5_enero26/Lo Castillo/Celular/20260112_122713.jpg,20260112_122713.jpg,4.3163815,7.216151,-34.16208069972222,-70.68700699972223,JPEG,5674181,Lo Castillo,ground
696902a9ece43907fa70abdf,/home/malezainia1/dev/INIA_DeepLearning_Ubuntu_mod_lleon/data/campo5_enero26/Lo Castillo/Celular/20260112_122718.jpg,20260112_122718.jpg,7.81355,8.895795,-34.16210819972222,-70.68707759972223,JPEG,5142818,Lo Castillo,ground
696902a9ece43907fa70abe0,/home/malezainia1/dev/INIA_DeepLearning_Ubuntu_mod_lleon/data/campo5_enero26/Lo Castillo/Celular/20260112_122720.jpg,20260112_122720.jpg,5.1354885,6.3043156,-34.16210819972222,-70.68707759972223,JPEG,5025032,Lo Castillo,ground
696902a9ece43907fa70abe1,/home/malezainia1/dev/INIA_DeepLearning_Ubuntu_mod_lleon/data/campo5_enero26/Lo Castillo/Celular/20260112_122721.jpg,20260112_122721.jpg,6.648304,9.225442,-34.16210819972222,-70.68707759972223,JPEG,4474380,Lo Castillo,ground
696902a9ece43907fa70abe2,/home/malezainia1/dev/INIA_DeepLearning_Ubuntu_mod_lleon/data/campo5_enero26/Lo Castillo/Celular/20260112_122728.jpg,20260112_122728.jpg,9.045963,7.037288,-34.16210819972222,-70.68707759972223,JPEG,5342552,Lo Castillo,ground
696902a9ece43907fa70abe3,/home/malezainia1/dev/INIA_DeepLearning_Ubuntu_mod_lleon/data/campo5_enero26/Lo Castillo/Celular/20260112_122736.jpg,20260112_122736.jpg,7.1137896,6.5273104,-34.16210819972222,-70.68707759972223,JPEG,5487657,Lo Castillo,ground
696902a9ece43907fa70abe4,/home/malezainia1/dev/INIA_DeepLearning_Ubuntu_mod_lleon/data/campo5_enero26/Lo Castillo/Celular/20260112_122742.jpg,20260112_122742.jpg,7.942356,8.785843,-34.16210819972222,-70.68707759972223,JPEG,5344652,Lo Castillo,ground
696902a9ece43907fa70abe5,/home/malezainia1/dev/INIA_DeepLearning_Ubuntu_mod_lleon/data/campo5_enero26/Lo Castillo/Celular/20260112_122750.jpg,20260112_122750.jpg,7.2939835,9.201952,-34.16210819972222,-70.68707759972223,JPEG,4353458,Lo Castillo,ground
696902a9ece43907fa70abe6,/home/malezainia1/dev/INIA_DeepLearning_Ubuntu_mod_lleon/data/campo5_enero26/Lo Castillo/Celular/20260112_122754.jpg,20260112_122754.jpg,8.119442,4.522139,-34.16210819972222,-70.68707759972223,JPEG,4916845,Lo Castillo,ground
696902a9ece43907fa70abe7,/home/malezainia1/dev/INIA_DeepLearning_Ubuntu_mod_lleon/data/campo5_enero26/Lo Castillo/Celular/20260112_122756.jpg,20260112_122756.jpg,7.6591177,5.016879,-34.16210819972222,-70.68707759972223,JPEG,5300488,Lo Castillo,ground
696902a9ece43907fa70abe8,/home/malezainia1/dev/INIA_DeepLearning_Ubuntu_mod_lleon/data/campo5_enero26/Lo Castillo/Celular/20260112_122758.jpg,20260112_122758.jpg,4.3588595,7.2781734,-34.16210819972222,-70.68707759972223,JPEG,5233158,Lo Castillo,ground
696902a9ece43907fa70abe9,/home/malezainia1/dev/INIA_DeepLearning_Ubuntu_mod_lleon/data/campo5_enero26/Lo Castillo/Celular/20260112_122801.jpg,20260112_122801.jpg,5.558249,8.346643,-34.16210819972222,-70.68707759972223,JPEG,4858878,Lo Castillo,ground
696902a9ece43907fa70abea,/home/malezainia1/dev/INIA_DeepLearning_Ubuntu_mod_lleon/data/campo5_enero26/Lo Castillo/Celular/20260112_122805.jpg,20260112_122805.jpg,4.650702,7.6663675,-34.16210819972222,-70.68707759972223,JPEG,5368552,Lo Castillo,ground
696902a9ece43907fa70abeb,/home/malezainia1/dev/INIA_DeepLearning_Ubuntu_mod_lleon/data/campo5_enero26/Lo Castillo/Celular/20260112_122807.jpg,20260112_122807.jpg,6.6706667,9.594974,-34.16210819972222,-70.68707759972223,JPEG,5039920,Lo Castillo,ground
696902a9ece43907fa70abec,/home/malezainia1/dev/INIA_DeepLearning_Ubuntu_mod_lleon/data/campo5_enero26/Lo Castillo/Celular/20260112_122812.jpg,20260112_122812.jpg,5.312357,8.46703,-34.16210819972222,-70.68707759972223,JPEG,4375651,Lo Castillo,ground
696902a9ece43907fa70abed,/home/malezainia1/dev/INIA_DeepLearning_Ubuntu_mod_lleon/data/campo5_enero26/Lo Castillo/Celular/20260112_122821.jpg,20260112_122821.jpg,7.582405,8.889768,-34.1625237,-70.6874789,JPEG,5019021,Lo Castillo,ground
696902a9ece43907fa70abee,/home/malezainia1/dev/INIA_DeepLearning_Ubuntu_mod_lleon/data/campo5_enero26/Lo Castillo/Celular/20260112_122841.jpg,20260112_122841.jpg,8.9160595,6.8352118,-34.1625237,-70.6874789,JPEG,5433329,Lo Castillo,ground
696902a9ece43907fa70abef,/home/malezainia1/dev/INIA_DeepLearning_Ubuntu_mod_lleon/data/campo5_enero26/Lo Castillo/Celular/20260112_122845.jpg,20260112_122845.jpg,5.617639,5.917582,-34.1625237,-70.6874789,JPEG,5602263,Lo Castillo,ground
696902a9ece43907fa70abf0,/home/malezainia1/dev/INIA_DeepLearning_Ubuntu_mod_lleon/data/campo5_enero26/Lo Castillo/Celular/20260112_122847.jpg,20260112_122847.jpg,7.7323217,7.692147,-34.1625237,-70.6874789,JPEG,5119519,Lo Castillo,ground
696902a9ece43907fa70abf1,/home/malezainia1/dev/INIA_DeepLearning_Ubuntu_mod_lleon/data/campo5_enero26/Lo Castillo/Celular/20260112_122848.jpg,20260112_122848.jpg,5.5705047,6.0472007,-34.1625237,-70.6874789,JPEG,4413755,Lo Castillo,ground
696902a9ece43907fa70abf2,/home/malezainia1/dev/INIA_DeepLearning_Ubuntu_mod_lleon/data/campo5_enero26/Lo Castillo/Celular/20260112_122858.jpg,20260112_122858.jpg,6.5835066,9.161011,-34.1625237,-70.6874789,JPEG,4530023,Lo Castillo,ground
696902a9ece43907fa70abf3,/home/malezainia1/dev/INIA_DeepLearning_Ubuntu_mod_lleon/data/campo5_enero26/Lo Castillo/Celular/20260112_122900.jpg,20260112_122900.jpg,8.466614,4.1949754,-34.1625237,-70.6874789,JPEG,4662331,Lo Castillo,ground
696902a9ece43907fa70abf4,/home/malezainia1/dev/INIA_DeepLearning_Ubuntu_mod_lleon/data/campo5_enero26/Lo Castillo/Celular/20260112_122904.jpg,20260112_122904.jpg,6.437782,6.6154504,-34.1625237,-70.6874789,JPEG,5411194,Lo Castillo,ground
696902a9ece43907fa70abf5,/home/malezainia1/dev/INIA_DeepLearning_Ubuntu_mod_lleon/data/campo5_enero26/Lo Castillo/Celular/20260112_122905.jpg,20260112_122905.jpg,4.5849905,7.0373263,-34.1625237,-70.6874789,JPEG,5277724,Lo Castillo,ground
696902a9ece43907fa70abf6,/home/malezainia1/dev/INIA_DeepLearning_Ubuntu_mod_lleon/data/campo5_enero26/Lo Castillo/Celular/20260112_122908.jpg,20260112_122908.jpg,7.3032017,8.425981,-34.1625237,-70.6874789,JPEG,5926733,Lo Castillo,ground
696902a9ece43907fa70abf7,/home/malezainia1/dev/INIA_DeepLearning_Ubuntu_mod_lleon/data/campo5_enero26/Lo Castillo/Celular/20260112_122910.jpg,20260112_122910.jpg,7.4050107,8.657184,-34.1625237,-70.6874789,JPEG,5381385,Lo Castillo,ground
696902a9ece43907fa70abf8,/home/malezainia1/dev/INIA_DeepLearning_Ubuntu_mod_lleon/data/campo5_enero26/Lo Castillo/Celular/20260112_122911.jpg,20260112_122911.jpg,7.9925222,6.0908394,-34.1625237,-70.6874789,JPEG,5116435,Lo Castillo,ground
696902a9ece43907fa70abf9,/home/malezainia1/dev/INIA_DeepLearning_Ubuntu_mod_lleon/data/campo5_enero26/Lo Castillo/Celular/20260112_122917.jpg,20260112_122917.jpg,5.558077,6.088705,-34.16292829972222,-70.68787629972222,JPEG,4726071,Lo Castillo,ground
696902a9ece43907fa70abfa,/home/malezainia1/dev/INIA_DeepLearning_Ubuntu_mod_lleon/data/campo5_enero26/Lo Castillo/Celular/20260112_122924.jpg,20260112_122924.jpg,7.221315,8.533379,-34.16292829972222,-70.68787629972222,JPEG,5862056,Lo Castillo,ground
696902a9ece43907fa70abfb,/home/malezainia1/dev/INIA_DeepLearning_Ubuntu_mod_lleon/data/campo5_enero26/Lo Castillo/Celular/20260112_122927.jpg,20260112_122927.jpg,5.829915,8.019741,-34.16292829972222,-70.68787629972222,JPEG,4764845,Lo Castillo,ground
696902a9ece43907fa70abfc,/home/malezainia1/dev/INIA_DeepLearning_Ubuntu_mod_lleon/data/campo5_enero26/Lo Castillo/Celular/20260112_122929.jpg,20260112_122929.jpg,6.321052,5.4059377,-34.16292829972222,-70.68787629972222,JPEG,4914970,Lo Castillo,ground
696902a9ece43907fa70abfd,/home/malezainia1/dev/INIA_DeepLearning_Ubuntu_mod_lleon/data/campo5_enero26/Lo Castillo/Celular/20260112_122933.jpg,20260112_122933.jpg,6.392741,9.208345,-34.16292829972222,-70.68787629972222,JPEG,4933514,Lo Castillo,ground
696902a9ece43907fa70abfe,/home/malezainia1/dev/INIA_DeepLearning_Ubuntu_mod_lleon/data/campo5_enero26/Lo Castillo/Celular/20260112_122936.jpg,20260112_122936.jpg,6.885475,9.37156,-34.16292829972222,-70.68787629972222,JPEG,5417202,Lo Castillo,ground
696902a9ece43907fa70abff,/home/malezainia1/dev/INIA_DeepLearning_Ubuntu_mod_lleon/data/campo5_enero26/Lo Castillo/Celular/20260112_122949.jpg,20260112_122949.jpg,6.3222346,6.517129,-34.16292829972222,-70.68787629972222,JPEG,5397339,Lo Castillo,ground
696902a9ece43907fa70ac00,/home/malezainia1/dev/INIA_DeepLearning_Ubuntu_mod_lleon/data/campo5_enero26/Lo Castillo/Celular/20260112_122951.jpg,20260112_122951.jpg,6.931982,4.255341,-34.16292829972222,-70.68787629972222,JPEG,4819575,Lo Castillo,ground
696902a9ece43907fa70ac01,/home/malezainia1/dev/INIA_DeepLearning_Ubuntu_mod_lleon/data/campo5_enero26/Lo Castillo/Celular/20260112_122953.jpg,20260112_122953.jpg,7.570312,5.1247196,-34.16292829972222,-70.68787629972222,JPEG,5730294,Lo Castillo,ground
696902a9ece43907fa70ac02,/home/malezainia1/dev/INIA_DeepLearning_Ubuntu_mod_lleon/data/campo5_enero26/Lo Castillo/Celular/20260112_122958.jpg,20260112_122958.jpg,10.500169,6.366282,-34.16292829972222,-70.68787629972222,JPEG,5083206,Lo Castillo,ground
696902a9ece43907fa70ac03,/home/malezainia1/dev/INIA_DeepLearning_Ubuntu_mod_lleon/data/campo5_enero26/Lo Castillo/Celular/20260112_122959.jpg,20260112_122959.jpg,5.5075903,6.2684746,-34.16292829972222,-70.68787629972222,JPEG,4129583,Lo Castillo,ground
696902a9ece43907fa70ac04,/home/malezainia1/dev/INIA_DeepLearning_Ubuntu_mod_lleon/data/campo5_enero26/Lo Castillo/Celular/20260112_123008.jpg,20260112_123008.jpg,7.683559,8.961361,-34.163230299999995,-70.68817239972222,JPEG,4871486,Lo Castillo,ground
696902a9ece43907fa70ac05,/home/malezainia1/dev/INIA_DeepLearning_Ubuntu_mod_lleon/data/campo5_enero26/Lo Castillo/Celular/20260112_123009.jpg,20260112_123009.jpg,6.422347,9.3643055,-34.163230299999995,-70.68817239972222,JPEG,4976322,Lo Castillo,ground
696902a9ece43907fa70ac06,/home/malezainia1/dev/INIA_DeepLearning_Ubuntu_mod_lleon/data/campo5_enero26/Lo Castillo/Celular/20260112_123011.jpg,20260112_123011.jpg,7.7595515,8.047741,-34.163230299999995,-70.68817239972222,JPEG,5645875,Lo Castillo,ground
696902a9ece43907fa70ac07,/home/malezainia1/dev/INIA_DeepLearning_Ubuntu_mod_lleon/data/campo5_enero26/Lo Castillo/Celular/20260112_123016.jpg,20260112_123016.jpg,5.211164,5.915173,-34.163230299999995,-70.68817239972222,JPEG,4296654,Lo Castillo,ground
696902a9ece43907fa70ac08,/home/malezainia1/dev/INIA_DeepLearning_Ubuntu_mod_lleon/data/campo5_enero26/Lo Castillo/Celular/20260112_123018.jpg,20260112_123018.jpg,5.3544683,8.804325,-34.163230299999995,-70.68817239972222,JPEG,5536896,Lo Castillo,ground
696902a9ece43907fa70ac09,/home/malezainia1/dev/INIA_DeepLearning_Ubuntu_mod_lleon/data/campo5_enero26/Lo Castillo/Celular/20260112_123019.jpg,20260112_123019.jpg,8.683367,8.781773,-34.163230299999995,-70.68817239972222,JPEG,4645622,Lo Castillo,ground
696902a9ece43907fa70ac0a,/home/malezainia1/dev/INIA_DeepLearning_Ubuntu_mod_lleon/data/campo5_enero26/Lo Castillo/Celular/20260112_123021.jpg,20260112_123021.jpg,8.451569,5.1544886,-34.163230299999995,-70.68817239972222,JPEG,5110251,Lo Castillo,ground
696902a9ece43907fa70ac0b,/home/malezainia1/dev/INIA_DeepLearning_Ubuntu_mod_lleon/data/campo5_enero26/Lo Castillo/Celular/20260112_123022.jpg,20260112_123022.jpg,8.035083,6.1904874,-34.163230299999995,-70.68817239972222,JPEG,5385560,Lo Castillo,ground
696902a9ece43907fa70ac0c,/home/malezainia1/dev/INIA_DeepLearning_Ubuntu_mod_lleon/data/campo5_enero26/Lo Castillo/Celular/20260112_123023.jpg,20260112_123023.jpg,5.3483872,6.355849,-34.163230299999995,-70.68817239972222,JPEG,4860511,Lo Castillo,ground
696902a9ece43907fa70ac0d,/home/malezainia1/dev/INIA_DeepLearning_Ubuntu_mod_lleon/data/campo5_enero26/Lo Castillo/Celular/20260112_123024.jpg,20260112_123024.jpg,7.3404603,7.717481,-34.163230299999995,-70.68817239972222,JPEG,5210616,Lo Castillo,ground
696902a9ece43907fa70ac0e,/home/malezainia1/dev/INIA_DeepLearning_Ubuntu_mod_lleon/data/campo5_enero26/Lo Castillo/Celular/20260112_123025.jpg,20260112_123025.jpg,8.846658,6.032264,-34.163230299999995,-70.68817239972222,JPEG,5501314,Lo Castillo,ground
696902a9ece43907fa70ac0f,/home/malezainia1/dev/INIA_DeepLearning_Ubuntu_mod_lleon/data/campo5_enero26/Lo Castillo/Celular/20260112_123028.jpg,20260112_123028.jpg,6.732041,8.209638,-34.163230299999995,-70.68817239972222,JPEG,5918251,Lo Castillo,ground
696902a9ece43907fa70ac10,/home/malezainia1/dev/INIA_DeepLearning_Ubuntu_mod_lleon/data/campo5_enero26/Lo Castillo/Celular/20260112_123031.jpg,20260112_123031.jpg,8.675272,6.003603,-34.163230299999995,-70.68817239972222,JPEG,4338147,Lo Castillo,ground
696902a9ece43907fa70ac11,/home/malezainia1/dev/INIA_DeepLearning_Ubuntu_mod_lleon/data/campo5_enero26/Lo Castillo/Celular/20260112_123032.jpg,20260112_123032.jpg,8.665277,5.6468363,-34.163230299999995,-70.68817239972222,JPEG,5064081,Lo Castillo,ground
696902a9ece43907fa70ac12,/home/malezainia1/dev/INIA_DeepLearning_Ubuntu_mod_lleon/data/campo5_enero26/Lo Castillo/Celular/20260112_123104.jpg,20260112_123104.jpg,6.6956525,8.843198,-34.1634394,-70.68835669972222,JPEG,5881451,Lo Castillo,ground
696902a9ece43907fa70ac13,/home/malezainia1/dev/INIA_DeepLearning_Ubuntu_mod_lleon/data/campo5_enero26/Lo Castillo/Celular/20260112_123107.jpg,20260112_123107.jpg,10.076648,7.3611164,-34.16343919972222,-70.68837059972222,JPEG,5281993,Lo Castillo,ground
696902a9ece43907fa70ac14,/home/malezainia1/dev/INIA_DeepLearning_Ubuntu_mod_lleon/data/campo5_enero26/Lo Castillo/Celular/20260112_123109.jpg,20260112_123109.jpg,6.28895,8.450851,-34.16343919972222,-70.68837059972222,JPEG,5676218,Lo Castillo,ground
696902a9ece43907fa70ac15,/home/malezainia1/dev/INIA_DeepLearning_Ubuntu_mod_lleon/data/campo5_enero26/Lo Castillo/Celular/20260112_123111.jpg,20260112_123111.jpg,8.20886,5.22749,-34.16343919972222,-70.68837059972222,JPEG,4869794,Lo Castillo,ground
696902a9ece43907fa70ac16,/home/malezainia1/dev/INIA_DeepLearning_Ubuntu_mod_lleon/data/campo5_enero26/Lo Castillo/Celular/20260112_123114.jpg,20260112_123114.jpg,7.292138,9.660482,-34.16343919972222,-70.68837059972222,JPEG,4928849,Lo Castillo,ground
696902a9ece43907fa70ac17,/home/malezainia1/dev/INIA_DeepLearning_Ubuntu_mod_lleon/data/campo5_enero26/Lo Castillo/Celular/20260112_123116.jpg,20260112_123116.jpg,8.9789,5.7255297,-34.16343919972222,-70.68837059972222,JPEG,5833530,Lo Castillo,ground
696902a9ece43907fa70ac18,/home/malezainia1/dev/INIA_DeepLearning_Ubuntu_mod_lleon/data/campo5_enero26/Lo Castillo/Celular/20260112_123117.jpg,20260112_123117.jpg,7.8908772,8.573475,-34.16343919972222,-70.68837059972222,JPEG,5625154,Lo Castillo,ground
696902a9ece43907fa70ac19,/home/malezainia1/dev/INIA_DeepLearning_Ubuntu_mod_lleon/data/campo5_enero26/Lo Castillo/Celular/20260112_123119.jpg,20260112_123119.jpg,6.4591413,7.4816175,-34.16343919972222,-70.68837059972222,JPEG,5835788,Lo Castillo,ground
696902a9ece43907fa70ac1a,/home/malezainia1/dev/INIA_DeepLearning_Ubuntu_mod_lleon/data/campo5_enero26/Lo Castillo/Celular/20260112_123121.jpg,20260112_123121.jpg,6.0746326,6.217822,-34.16343919972222,-70.68837059972222,JPEG,5009706,Lo Castillo,ground
696902a9ece43907fa70ac1b,/home/malezainia1/dev/INIA_DeepLearning_Ubuntu_mod_lleon/data/campo5_enero26/Lo Castillo/Celular/20260112_123123.jpg,20260112_123123.jpg,5.387857,6.143266,-34.16343919972222,-70.68837059972222,JPEG,5332061,Lo Castillo,ground
696902a9ece43907fa70ac1c,/home/malezainia1/dev/INIA_DeepLearning_Ubuntu_mod_lleon/data/campo5_enero26/Lo Castillo/Celular/20260112_123124.jpg,20260112_123124.jpg,7.8970776,4.313938,-34.16343919972222,-70.68837059972222,JPEG,4523951,Lo Castillo,ground
696902a9ece43907fa70ac1d,/home/malezainia1/dev/INIA_DeepLearning_Ubuntu_mod_lleon/data/campo5_enero26/Lo Castillo/Celular/20260112_123126.jpg,20260112_123126.jpg,7.2977157,9.277932,-34.16343919972222,-70.68837059972222,JPEG,4724165,Lo Castillo,ground
696902a9ece43907fa70ac1e,/home/malezainia1/dev/INIA_DeepLearning_Ubuntu_mod_lleon/data/campo5_enero26/Lo Castillo/Celular/20260112_123139.jpg,20260112_123139.jpg,8.328472,3.9335868,-34.16343919972222,-70.68837059972222,JPEG,5398092,Lo Castillo,ground
696902a9ece43907fa70ac1f,/home/malezainia1/dev/INIA_DeepLearning_Ubuntu_mod_lleon/data/campo5_enero26/Lo Castillo/Celular/20260112_123142.jpg,20260112_123142.jpg,7.5941095,8.871329,-34.16343919972222,-70.68837059972222,JPEG,5086475,Lo Castillo,ground
696902a9ece43907fa70ac20,/home/malezainia1/dev/INIA_DeepLearning_Ubuntu_mod_lleon/data/campo5_enero26/Lo Castillo/Celular/20260112_123146.jpg,20260112_123146.jpg,5.3098497,6.30145,-34.16343919972222,-70.68837059972222,JPEG,5051228,Lo Castillo,ground
696902a9ece43907fa70ac21,/home/malezainia1/dev/INIA_DeepLearning_Ubuntu_mod_lleon/data/campo5_enero26/Lo Castillo/Celular/20260112_123148.jpg,20260112_123148.jpg,9.142562,6.550984,-34.16343919972222,-70.68837059972222,JPEG,4927692,Lo Castillo,ground
696902a9ece43907fa70ac22,/home/malezainia1/dev/INIA_DeepLearning_Ubuntu_mod_lleon/data/campo5_enero26/Lo Castillo/Celular/20260112_123150(0).jpg,20260112_123150(0).jpg,7.2544274,9.055541,-34.16343919972222,-70.68837059972222,JPEG,5311830,Lo Castillo,ground
696902a9ece43907fa70ac23,/home/malezainia1/dev/INIA_DeepLearning_Ubuntu_mod_lleon/data/campo5_enero26/Lo Castillo/Celular/20260112_123150.jpg,20260112_123150.jpg,3.977835,7.1418204,-34.16343919972222,-70.68837059972222,JPEG,5227559,Lo Castillo,ground
696902a9ece43907fa70ac24,/home/malezainia1/dev/INIA_DeepLearning_Ubuntu_mod_lleon/data/campo5_enero26/Lo Castillo/Celular/20260112_123151.jpg,20260112_123151.jpg,6.198472,7.5283337,-34.16343919972222,-70.68837059972222,JPEG,5544584,Lo Castillo,ground
696902a9ece43907fa70ac25,/home/malezainia1/dev/INIA_DeepLearning_Ubuntu_mod_lleon/data/campo5_enero26/Lo Castillo/Celular/20260112_123152.jpg,20260112_123152.jpg,8.876865,4.586957,-34.16343919972222,-70.68837059972222,JPEG,5337106,Lo Castillo,ground
696902a9ece43907fa70ac26,/home/malezainia1/dev/INIA_DeepLearning_Ubuntu_mod_lleon/data/campo5_enero26/Lo Castillo/Celular/20260112_123153.jpg,20260112_123153.jpg,8.694582,4.599826,-34.16343919972222,-70.68837059972222,JPEG,5370427,Lo Castillo,ground
696902a9ece43907fa70ac27,/home/malezainia1/dev/INIA_DeepLearning_Ubuntu_mod_lleon/data/campo5_enero26/Lo Castillo/Celular/20260112_123154.jpg,20260112_123154.jpg,10.308016,6.3672495,-34.16343919972222,-70.68837059972222,JPEG,5280794,Lo Castillo,ground
696902a9ece43907fa70ac28,/home/malezainia1/dev/INIA_DeepLearning_Ubuntu_mod_lleon/data/campo5_enero26/Lo Castillo/Celular/20260112_123155.jpg,20260112_123155.jpg,6.84941,8.65753,-34.16343919972222,-70.68837059972222,JPEG,5316344,Lo Castillo,ground
696902a9ece43907fa70ac29,/home/malezainia1/dev/INIA_DeepLearning_Ubuntu_mod_lleon/data/campo5_enero26/Lo Castillo/Celular/20260112_123156.jpg,20260112_123156.jpg,7.5910444,9.022384,-34.16343919972222,-70.68837059972222,JPEG,5630842,Lo Castillo,ground
696902a9ece43907fa70ac2a,/home/malezainia1/dev/INIA_DeepLearning_Ubuntu_mod_lleon/data/campo5_enero26/Lo Castillo/Celular/20260112_123157.jpg,20260112_123157.jpg,7.6019044,7.902661,-34.16343919972222,-70.68837059972222,JPEG,5412921,Lo Castillo,ground
696902a9ece43907fa70ac2b,/home/malezainia1/dev/INIA_DeepLearning_Ubuntu_mod_lleon/data/campo5_enero26/Lo Castillo/Celular/20260112_123159(0).jpg,20260112_123159(0).jpg,5.9929843,7.8527946,-34.16343919972222,-70.68837059972222,JPEG,5121871,Lo Castillo,ground
696902a9ece43907fa70ac2c,/home/malezainia1/dev/INIA_DeepLearning_Ubuntu_mod_lleon/data/campo5_enero26/Lo Castillo/Celular/20260112_123159.jpg,20260112_123159.jpg,8.1137705,4.9932704,-34.16343919972222,-70.68837059972222,JPEG,4988217,Lo Castillo,ground
696902a9ece43907fa70ac2d,/home/malezainia1/dev/INIA_DeepLearning_Ubuntu_mod_lleon/data/campo5_enero26/Lo Castillo/Celular/20260112_123200.jpg,20260112_123200.jpg,9.156122,7.092669,-34.16343919972222,-70.68837059972222,JPEG,5134054,Lo Castillo,ground
696902a9ece43907fa70ac2e,/home/malezainia1/dev/INIA_DeepLearning_Ubuntu_mod_lleon/data/campo5_enero26/Lo Castillo/Celular/20260112_123202.jpg,20260112_123202.jpg,9.962468,7.158278,-34.16343919972222,-70.68837059972222,JPEG,4977296,Lo Castillo,ground
696902a9ece43907fa70ac2f,/home/malezainia1/dev/INIA_DeepLearning_Ubuntu_mod_lleon/data/campo5_enero26/Lo Castillo/Celular/20260112_123204.jpg,20260112_123204.jpg,9.242654,8.394022,-34.16389339972222,-70.6888009,JPEG,5442677,Lo Castillo,ground
696902a9ece43907fa70ac30,/home/malezainia1/dev/INIA_DeepLearning_Ubuntu_mod_lleon/data/campo5_enero26/Lo Castillo/Celular/20260112_123205.jpg,20260112_123205.jpg,8.247079,3.9656174,-34.16389339972222,-70.6888009,JPEG,5199949,Lo Castillo,ground
696902a9ece43907fa70ac31,/home/malezainia1/dev/INIA_DeepLearning_Ubuntu_mod_lleon/data/campo5_enero26/Lo Castillo/Celular/20260112_123206.jpg,20260112_123206.jpg,10.481346,6.3685384,-34.16389569972222,-70.68880749972223,JPEG,5460819,Lo Castillo,ground
696902a9ece43907fa70ac32,/home/malezainia1/dev/INIA_DeepLearning_Ubuntu_mod_lleon/data/campo5_enero26/Lo Castillo/Celular/20260112_123207.jpg,20260112_123207.jpg,10.316698,6.32806,-34.16389569972222,-70.68880749972223,JPEG,4660755,Lo Castillo,ground
696902a9ece43907fa70ac33,/home/malezainia1/dev/INIA_DeepLearning_Ubuntu_mod_lleon/data/campo5_enero26/Lo Castillo/Celular/20260112_123208(0).jpg,20260112_123208(0).jpg,8.945766,4.643126,-34.16389569972222,-70.68880749972223,JPEG,5266873,Lo Castillo,ground
696902a9ece43907fa70ac34,/home/malezainia1/dev/INIA_DeepLearning_Ubuntu_mod_lleon/data/campo5_enero26/Lo Castillo/Celular/20260112_123208.jpg,20260112_123208.jpg,10.143864,6.3905506,-34.16389569972222,-70.68880749972223,JPEG,5161214,Lo Castillo,ground
696902a9ece43907fa70ac35,/home/malezainia1/dev/INIA_DeepLearning_Ubuntu_mod_lleon/data/campo5_enero26/Lo Castillo/Celular/20260112_123210(0).jpg,20260112_123210(0).jpg,6.8348694,6.7977633,-34.16389569972222,-70.68880749972223,JPEG,5696553,Lo Castillo,ground
696902a9ece43907fa70ac36,/home/malezainia1/dev/INIA_DeepLearning_Ubuntu_mod_lleon/data/campo5_enero26/Lo Castillo/Celular/20260112_123210.jpg,20260112_123210.jpg,7.1319337,8.333772,-34.16389569972222,-70.68880749972223,JPEG,5184047,Lo Castillo,ground
696902a9ece43907fa70ac37,/home/malezainia1/dev/INIA_DeepLearning_Ubuntu_mod_lleon/data/campo5_enero26/Lo Castillo/Celular/20260112_123211.jpg,20260112_123211.jpg,8.252705,8.043842,-34.16389569972222,-70.68880749972223,JPEG,5943164,Lo Castillo,ground
696902a9ece43907fa70ac38,/home/malezainia1/dev/INIA_DeepLearning_Ubuntu_mod_lleon/data/campo5_enero26/Lo Castillo/Celular/20260112_123215.jpg,20260112_123215.jpg,8.685198,8.904174,-34.16389569972222,-70.68880749972223,JPEG,5932567,Lo Castillo,ground
696902a9ece43907fa70ac39,/home/malezainia1/dev/INIA_DeepLearning_Ubuntu_mod_lleon/data/campo5_enero26/Lo Castillo/Celular/20260112_123216(0).jpg,20260112_123216(0).jpg,8.086446,7.691623,-34.16389569972222,-70.68880749972223,JPEG,5504068,Lo Castillo,ground
696902a9ece43907fa70ac3a,/home/malezainia1/dev/INIA_DeepLearning_Ubuntu_mod_lleon/data/campo5_enero26/Lo Castillo/Celular/20260112_123216.jpg,20260112_123216.jpg,9.506569,8.439854,-34.16389569972222,-70.68880749972223,JPEG,5383153,Lo Castillo,ground
696902a9ece43907fa70ac3b,/home/malezainia1/dev/INIA_DeepLearning_Ubuntu_mod_lleon/data/campo5_enero26/Lo Castillo/Celular/20260112_123218.jpg,20260112_123218.jpg,8.847216,8.00859,-34.16389569972222,-70.68880749972223,JPEG,5502703,Lo Castillo,ground
696902a9ece43907fa70ac3c,/home/malezainia1/dev/INIA_DeepLearning_Ubuntu_mod_lleon/data/campo5_enero26/Lo Castillo/Celular/20260112_123219.jpg,20260112_123219.jpg,10.338112,6.607863,-34.16389569972222,-70.68880749972223,JPEG,4981881,Lo Castillo,ground
696902a9ece43907fa70ac3d,/home/malezainia1/dev/INIA_DeepLearning_Ubuntu_mod_lleon/data/campo5_enero26/Lo Castillo/Celular/20260112_123221(0).jpg,20260112_123221(0).jpg,7.7384624,8.526848,-34.16389569972222,-70.68880749972223,JPEG,5786735,Lo Castillo,ground
696902a9ece43907fa70ac3e,/home/malezainia1/dev/INIA_DeepLearning_Ubuntu_mod_lleon/data/campo5_enero26/Lo Castillo/Celular/20260112_123221.jpg,20260112_123221.jpg,7.6793275,9.118276,-34.16389569972222,-70.68880749972223,JPEG,5511375,Lo Castillo,ground
696902a9ece43907fa70ac3f,/home/malezainia1/dev/INIA_DeepLearning_Ubuntu_mod_lleon/data/campo5_enero26/Lo Castillo/Celular/20260112_123222.jpg,20260112_123222.jpg,4.987631,8.677525,-34.16389569972222,-70.68880749972223,JPEG,5246521,Lo Castillo,ground
696902a9ece43907fa70ac40,/home/malezainia1/dev/INIA_DeepLearning_Ubuntu_mod_lleon/data/campo5_enero26/Lo Castillo/Celular/20260112_123225.jpg,20260112_123225.jpg,8.12486,7.538973,-34.16389569972222,-70.68880749972223,JPEG,4790192,Lo Castillo,ground
696902a9ece43907fa70ac41,/home/malezainia1/dev/INIA_DeepLearning_Ubuntu_mod_lleon/data/campo5_enero26/Lo Castillo/Celular/20260112_123226.jpg,20260112_123226.jpg,9.839339,7.645891,-34.16389569972222,-70.68880749972223,JPEG,4963499,Lo Castillo,ground
696902a9ece43907fa70ac42,/home/malezainia1/dev/INIA_DeepLearning_Ubuntu_mod_lleon/data/campo5_enero26/Lo Castillo/Celular/20260112_123227(0).jpg,20260112_123227(0).jpg,7.261075,9.676258,-34.16389569972222,-70.68880749972223,JPEG,5266657,Lo Castillo,ground
696902a9ece43907fa70ac43,/home/malezainia1/dev/INIA_DeepLearning_Ubuntu_mod_lleon/data/campo5_enero26/Lo Castillo/Celular/20260112_123227.jpg,20260112_123227.jpg,6.752284,9.654004,-34.16389569972222,-70.68880749972223,JPEG,5240066,Lo Castillo,ground
696902a9ece43907fa70ac44,/home/malezainia1/dev/INIA_DeepLearning_Ubuntu_mod_lleon/data/campo5_enero26/Lo Castillo/Celular/20260112_123228(0).jpg,20260112_123228(0).jpg,9.218889,5.202687,-34.16389569972222,-70.68880749972223,JPEG,4855908,Lo Castillo,ground
696902a9ece43907fa70ac45,/home/malezainia1/dev/INIA_DeepLearning_Ubuntu_mod_lleon/data/campo5_enero26/Lo Castillo/Celular/20260112_123228.jpg,20260112_123228.jpg,8.451129,8.819962,-34.16389569972222,-70.68880749972223,JPEG,5605932,Lo Castillo,ground
696902a9ece43907fa70ac46,/home/malezainia1/dev/INIA_DeepLearning_Ubuntu_mod_lleon/data/campo5_enero26/Lo Castillo/Celular/20260112_123229.jpg,20260112_123229.jpg,6.6996484,7.47653,-34.16389569972222,-70.68880749972223,JPEG,5052822,Lo Castillo,ground
696902a9ece43907fa70ac47,/home/malezainia1/dev/INIA_DeepLearning_Ubuntu_mod_lleon/data/campo5_enero26/Lo Castillo/Celular/20260112_123230.jpg,20260112_123230.jpg,8.32411,5.085607,-34.16389569972222,-70.68880749972223,JPEG,5136166,Lo Castillo,ground
696902a9ece43907fa70ac48,/home/malezainia1/dev/INIA_DeepLearning_Ubuntu_mod_lleon/data/campo5_enero26/Lo Castillo/Celular/20260112_123231.jpg,20260112_123231.jpg,6.821935,9.790117,-34.16389569972222,-70.68880749972223,JPEG,4979446,Lo Castillo,ground
696902a9ece43907fa70ac49,/home/malezainia1/dev/INIA_DeepLearning_Ubuntu_mod_lleon/data/campo5_enero26/Lo Castillo/Celular/20260112_123232(0).jpg,20260112_123232(0).jpg,10.020886,6.8728504,-34.16389569972222,-70.68880749972223,JPEG,5468639,Lo Castillo,ground
696902a9ece43907fa70ac4a,/home/malezainia1/dev/INIA_DeepLearning_Ubuntu_mod_lleon/data/campo5_enero26/Lo Castillo/Celular/20260112_123232.jpg,20260112_123232.jpg,6.3379335,7.327374,-34.16389569972222,-70.68880749972223,JPEG,5011236,Lo Castillo,ground
696902a9ece43907fa70ac4b,/home/malezainia1/dev/INIA_DeepLearning_Ubuntu_mod_lleon/data/campo5_enero26/Lo Castillo/Celular/20260112_123233.jpg,20260112_123233.jpg,6.51326,4.8071446,-34.16389569972222,-70.68880749972223,JPEG,5286477,Lo Castillo,ground
696902a9ece43907fa70ac4c,/home/malezainia1/dev/INIA_DeepLearning_Ubuntu_mod_lleon/data/campo5_enero26/Lo Castillo/Celular/20260112_123235(0).jpg,20260112_123235(0).jpg,6.1678567,7.301716,-34.16389569972222,-70.68880749972223,JPEG,5430466,Lo Castillo,ground
696902a9ece43907fa70ac4d,/home/malezainia1/dev/INIA_DeepLearning_Ubuntu_mod_lleon/data/campo5_enero26/Lo Castillo/Celular/20260112_123235.jpg,20260112_123235.jpg,8.483072,6.5894837,-34.16389569972222,-70.68880749972223,JPEG,4801000,Lo Castillo,ground
696902a9ece43907fa70ac4e,/home/malezainia1/dev/INIA_DeepLearning_Ubuntu_mod_lleon/data/campo5_enero26/Lo Castillo/Celular/20260112_123236(0).jpg,20260112_123236(0).jpg,10.407077,6.5040393,-34.16389569972222,-70.68880749972223,JPEG,5074736,Lo Castillo,ground
696902a9ece43907fa70ac4f,/home/malezainia1/dev/INIA_DeepLearning_Ubuntu_mod_lleon/data/campo5_enero26/Lo Castillo/Celular/20260112_123236.jpg,20260112_123236.jpg,8.324386,6.474833,-34.16389569972222,-70.68880749972223,JPEG,5019061,Lo Castillo,ground
696902a9ece43907fa70ac50,/home/malezainia1/dev/INIA_DeepLearning_Ubuntu_mod_lleon/data/campo5_enero26/Lo Castillo/Celular/20260112_123241.jpg,20260112_123241.jpg,8.128826,6.3873596,-34.16389569972222,-70.68880749972223,JPEG,4710141,Lo Castillo,ground
696902a9ece43907fa70ac51,/home/malezainia1/dev/INIA_DeepLearning_Ubuntu_mod_lleon/data/campo5_enero26/Lo Castillo/Celular/20260112_123248.jpg,20260112_123248.jpg,4.440554,7.40036,-34.16389569972222,-70.68880749972223,JPEG,5233299,Lo Castillo,ground
696902a9ece43907fa70ac52,/home/malezainia1/dev/INIA_DeepLearning_Ubuntu_mod_lleon/data/campo5_enero26/Lo Castillo/Celular/20260112_123317.jpg,20260112_123317.jpg,8.762446,4.476245,-34.1643022,-70.6891928,JPEG,5304557,Lo Castillo,ground
696902a9ece43907fa70ac53,/home/malezainia1/dev/INIA_DeepLearning_Ubuntu_mod_lleon/data/campo5_enero26/Lo Castillo/Celular/20260112_123319.jpg,20260112_123319.jpg,8.698463,4.2871785,-34.1643022,-70.6891928,JPEG,5359666,Lo Castillo,ground
696902a9ece43907fa70ac54,/home/malezainia1/dev/INIA_DeepLearning_Ubuntu_mod_lleon/data/campo5_enero26/Lo Castillo/Celular/20260112_123320.jpg,20260112_123320.jpg,10.277221,5.937342,-34.1643022,-70.6891928,JPEG,5061002,Lo Castillo,ground
696902a9ece43907fa70ac55,/home/malezainia1/dev/INIA_DeepLearning_Ubuntu_mod_lleon/data/campo5_enero26/Lo Castillo/Celular/20260112_123321.jpg,20260112_123321.jpg,9.007331,4.5256643,-34.1643022,-70.6891928,JPEG,5883828,Lo Castillo,ground
696902a9ece43907fa70ac56,/home/malezainia1/dev/INIA_DeepLearning_Ubuntu_mod_lleon/data/campo5_enero26/Lo Castillo/Celular/20260112_123327.jpg,20260112_123327.jpg,6.1150885,6.643798,-34.1643022,-70.6891928,JPEG,5349611,Lo Castillo,ground
696902a9ece43907fa70ac57,/home/malezainia1/dev/INIA_DeepLearning_Ubuntu_mod_lleon/data/campo5_enero26/Lo Castillo/Celular/20260112_123345.jpg,20260112_123345.jpg,8.019518,5.921447,-34.1643022,-70.6891928,JPEG,5209435,Lo Castillo,ground
696902a9ece43907fa70ac58,/home/malezainia1/dev/INIA_DeepLearning_Ubuntu_mod_lleon/data/campo5_enero26/Lo Castillo/Celular/20260112_123352.jpg,20260112_123352.jpg,5.9267926,7.209177,-34.1643022,-70.6891928,JPEG,6097713,Lo Castillo,ground
696902a9ece43907fa70ac59,/home/malezainia1/dev/INIA_DeepLearning_Ubuntu_mod_lleon/data/campo5_enero26/Lo Castillo/Celular/20260112_123354.jpg,20260112_123354.jpg,8.616542,5.879952,-34.16466419972222,-70.68954479972223,JPEG,6008632,Lo Castillo,ground
696902a9ece43907fa70ac5a,/home/malezainia1/dev/INIA_DeepLearning_Ubuntu_mod_lleon/data/campo5_enero26/Lo Castillo/Celular/20260112_123404.jpg,20260112_123404.jpg,7.149038,6.9093347,-34.164675699722224,-70.6895496,JPEG,5794425,Lo Castillo,ground
696902a9ece43907fa70ac5b,/home/malezainia1/dev/INIA_DeepLearning_Ubuntu_mod_lleon/data/campo5_enero26/Lo Castillo/Celular/20260112_123409.jpg,20260112_123409.jpg,10.145772,6.138256,-34.164675699722224,-70.6895496,JPEG,5840890,Lo Castillo,ground
696902a9ece43907fa70ac5c,/home/malezainia1/dev/INIA_DeepLearning_Ubuntu_mod_lleon/data/campo5_enero26/Lo Castillo/Celular/20260112_123412.jpg,20260112_123412.jpg,9.013032,4.724058,-34.164675699722224,-70.6895496,JPEG,5738254,Lo Castillo,ground
696902a9ece43907fa70ac5d,/home/malezainia1/dev/INIA_DeepLearning_Ubuntu_mod_lleon/data/campo5_enero26/Lo Castillo/Celular/20260112_123414.jpg,20260112_123414.jpg,7.505533,6.784955,-34.164675699722224,-70.6895496,JPEG,5768894,Lo Castillo,ground
696902a9ece43907fa70ac5e,/home/malezainia1/dev/INIA_DeepLearning_Ubuntu_mod_lleon/data/campo5_enero26/Lo Castillo/Celular/20260112_123431.jpg,20260112_123431.jpg,10.533813,6.4153886,-34.164675699722224,-70.6895496,JPEG,5790759,Lo Castillo,ground
696902a9ece43907fa70ac5f,/home/malezainia1/dev/INIA_DeepLearning_Ubuntu_mod_lleon/data/campo5_enero26/Lo Castillo/Celular/20260112_123432.jpg,20260112_123432.jpg,6.5248833,8.686702,-34.164675699722224,-70.6895496,JPEG,5734580,Lo Castillo,ground
696902a9ece43907fa70ac60,/home/malezainia1/dev/INIA_DeepLearning_Ubuntu_mod_lleon/data/campo5_enero26/Lo Castillo/Celular/20260112_123433.jpg,20260112_123433.jpg,8.1840515,4.4507875,-34.164675699722224,-70.6895496,JPEG,5568794,Lo Castillo,ground
696902a9ece43907fa70ac61,/home/malezainia1/dev/INIA_DeepLearning_Ubuntu_mod_lleon/data/campo5_enero26/Lo Castillo/Celular/20260112_123437.jpg,20260112_123437.jpg,8.979222,4.6978903,-34.164675699722224,-70.6895496,JPEG,5274729,Lo Castillo,ground
696902a9ece43907fa70ac62,/home/malezainia1/dev/INIA_DeepLearning_Ubuntu_mod_lleon/data/campo5_enero26/Lo Castillo/Celular/20260112_123438.jpg,20260112_123438.jpg,8.292095,4.5653844,-34.164675699722224,-70.6895496,JPEG,5081022,Lo Castillo,ground
696902a9ece43907fa70ac63,/home/malezainia1/dev/INIA_DeepLearning_Ubuntu_mod_lleon/data/campo5_enero26/Lo Castillo/Celular/20260112_123439.jpg,20260112_123439.jpg,7.3022037,7.721066,-34.164675699722224,-70.6895496,JPEG,5657397,Lo Castillo,ground
696902a9ece43907fa70ac64,/home/malezainia1/dev/INIA_DeepLearning_Ubuntu_mod_lleon/data/campo5_enero26/Lo Castillo/Celular/20260112_123440.jpg,20260112_123440.jpg,8.877744,4.5296726,-34.164675699722224,-70.6895496,JPEG,6100004,Lo Castillo,ground
696902a9ece43907fa70ac65,/home/malezainia1/dev/INIA_DeepLearning_Ubuntu_mod_lleon/data/campo5_enero26/Lo Castillo/Celular/20260112_123441.jpg,20260112_123441.jpg,8.055888,4.388984,-34.164675699722224,-70.6895496,JPEG,6004435,Lo Castillo,ground
696902a9ece43907fa70ac66,/home/malezainia1/dev/INIA_DeepLearning_Ubuntu_mod_lleon/data/campo5_enero26/Lo Castillo/Celular/20260112_123442.jpg,20260112_123442.jpg,6.6032104,4.6791797,-34.164675699722224,-70.6895496,JPEG,5774415,Lo Castillo,ground
696902a9ece43907fa70ac67,/home/malezainia1/dev/INIA_DeepLearning_Ubuntu_mod_lleon/data/campo5_enero26/Lo Castillo/Celular/20260112_123443.jpg,20260112_123443.jpg,9.041467,4.5696507,-34.164675699722224,-70.6895496,JPEG,5579889,Lo Castillo,ground
696902a9ece43907fa70ac68,/home/malezainia1/dev/INIA_DeepLearning_Ubuntu_mod_lleon/data/campo5_enero26/Lo Castillo/Celular/20260112_123444.jpg,20260112_123444.jpg,8.630041,3.6811733,-34.164675699722224,-70.6895496,JPEG,4297690,Lo Castillo,ground
696902a9ece43907fa70ac69,/home/malezainia1/dev/INIA_DeepLearning_Ubuntu_mod_lleon/data/campo5_enero26/Lo Castillo/Celular/20260112_123445.jpg,20260112_123445.jpg,10.499631,6.677987,-34.164675699722224,-70.6895496,JPEG,6120926,Lo Castillo,ground
696902a9ece43907fa70ac6a,/home/malezainia1/dev/INIA_DeepLearning_Ubuntu_mod_lleon/data/campo5_enero26/Lo Castillo/Celular/20260112_123446.jpg,20260112_123446.jpg,9.092628,4.6753387,-34.164675699722224,-70.6895496,JPEG,4495103,Lo Castillo,ground
696902a9ece43907fa70ac6b,/home/malezainia1/dev/INIA_DeepLearning_Ubuntu_mod_lleon/data/campo5_enero26/Lo Castillo/Celular/20260112_123447.jpg,20260112_123447.jpg,9.560531,6.031036,-34.164675699722224,-70.6895496,JPEG,5644387,Lo Castillo,ground
696902a9ece43907fa70ac6c,/home/malezainia1/dev/INIA_DeepLearning_Ubuntu_mod_lleon/data/campo5_enero26/Lo Castillo/Celular/20260112_123449.jpg,20260112_123449.jpg,8.716313,4.09187,-34.164675699722224,-70.6895496,JPEG,5494250,Lo Castillo,ground
696902a9ece43907fa70ac6d,/home/malezainia1/dev/INIA_DeepLearning_Ubuntu_mod_lleon/data/campo5_enero26/Lo Castillo/Celular/20260112_123450.jpg,20260112_123450.jpg,8.376383,3.9868212,-34.164675699722224,-70.6895496,JPEG,5510727,Lo Castillo,ground
696902a9ece43907fa70ac6e,/home/malezainia1/dev/INIA_DeepLearning_Ubuntu_mod_lleon/data/campo5_enero26/Lo Castillo/Celular/20260112_123452.jpg,20260112_123452.jpg,8.239062,9.502993,-34.164675699722224,-70.6895496,JPEG,4507428,Lo Castillo,ground
696902a9ece43907fa70ac6f,/home/malezainia1/dev/INIA_DeepLearning_Ubuntu_mod_lleon/data/campo5_enero26/Lo Castillo/Celular/20260112_123453.jpg,20260112_123453.jpg,10.324958,6.215528,-34.164675699722224,-70.6895496,JPEG,5002400,Lo Castillo,ground
696902a9ece43907fa70ac70,/home/malezainia1/dev/INIA_DeepLearning_Ubuntu_mod_lleon/data/campo5_enero26/Lo Castillo/Celular/20260112_123455.jpg,20260112_123455.jpg,7.490988,4.760595,-34.1650792,-70.68995649972223,JPEG,5002831,Lo Castillo,ground
696902a9ece43907fa70ac71,/home/malezainia1/dev/INIA_DeepLearning_Ubuntu_mod_lleon/data/campo5_enero26/Lo Castillo/Celular/20260112_123457.jpg,20260112_123457.jpg,9.644412,5.3394394,-34.165084299722224,-70.68995449972222,JPEG,4930858,Lo Castillo,ground
696902a9ece43907fa70ac72,/home/malezainia1/dev/INIA_DeepLearning_Ubuntu_mod_lleon/data/campo5_enero26/Lo Castillo/Celular/20260112_123458.jpg,20260112_123458.jpg,8.719688,4.6599364,-34.165084299722224,-70.68995449972222,JPEG,5613536,Lo Castillo,ground
696902a9ece43907fa70ac73,/home/malezainia1/dev/INIA_DeepLearning_Ubuntu_mod_lleon/data/campo5_enero26/Lo Castillo/Celular/20260112_123459.jpg,20260112_123459.jpg,10.352545,6.3250046,-34.165084299722224,-70.68995449972222,JPEG,5241548,Lo Castillo,ground
696902a9ece43907fa70ac74,/home/malezainia1/dev/INIA_DeepLearning_Ubuntu_mod_lleon/data/campo5_enero26/Lo Castillo/Celular/20260112_123500(0).jpg,20260112_123500(0).jpg,9.0030575,4.722958,-34.165084299722224,-70.68995449972222,JPEG,5573820,Lo Castillo,ground
696902a9ece43907fa70ac75,/home/malezainia1/dev/INIA_DeepLearning_Ubuntu_mod_lleon/data/campo5_enero26/Lo Castillo/Celular/20260112_123500.jpg,20260112_123500.jpg,8.832363,4.6965156,-34.165084299722224,-70.68995449972222,JPEG,5530760,Lo Castillo,ground
696902a9ece43907fa70ac76,/home/malezainia1/dev/INIA_DeepLearning_Ubuntu_mod_lleon/data/campo5_enero26/Lo Castillo/Celular/20260112_123502.jpg,20260112_123502.jpg,7.392323,8.058726,-34.165084299722224,-70.68995449972222,JPEG,5289276,Lo Castillo,ground
696902a9ece43907fa70ac77,/home/malezainia1/dev/INIA_DeepLearning_Ubuntu_mod_lleon/data/campo5_enero26/Lo Castillo/Celular/20260112_123503.jpg,20260112_123503.jpg,8.423918,4.9133487,-34.165084299722224,-70.68995449972222,JPEG,5422109,Lo Castillo,ground
696902a9ece43907fa70ac78,/home/malezainia1/dev/INIA_DeepLearning_Ubuntu_mod_lleon/data/campo5_enero26/Lo Castillo/Celular/20260112_123504(0).jpg,20260112_123504(0).jpg,8.415953,5.3250437,-34.165084299722224,-70.68995449972222,JPEG,5368775,Lo Castillo,ground
696902a9ece43907fa70ac79,/home/malezainia1/dev/INIA_DeepLearning_Ubuntu_mod_lleon/data/campo5_enero26/Lo Castillo/Celular/20260112_123504.jpg,20260112_123504.jpg,9.206596,5.7047615,-34.165084299722224,-70.68995449972222,JPEG,5936511,Lo Castillo,ground
696902a9ece43907fa70ac7a,/home/malezainia1/dev/INIA_DeepLearning_Ubuntu_mod_lleon/data/campo5_enero26/Lo Castillo/Celular/20260112_123511.jpg,20260112_123511.jpg,8.665641,5.6641383,-34.165084299722224,-70.68995449972222,JPEG,5605405,Lo Castillo,ground
696902a9ece43907fa70ac7b,/home/malezainia1/dev/INIA_DeepLearning_Ubuntu_mod_lleon/data/campo5_enero26/Lo Castillo/Celular/20260112_123512.jpg,20260112_123512.jpg,6.356555,5.498467,-34.165084299722224,-70.68995449972222,JPEG,4658608,Lo Castillo,ground
696902a9ece43907fa70ac7c,/home/malezainia1/dev/INIA_DeepLearning_Ubuntu_mod_lleon/data/campo5_enero26/Lo Castillo/Celular/20260112_123513.jpg,20260112_123513.jpg,6.1094694,6.3345714,-34.165084299722224,-70.68995449972222,JPEG,5266437,Lo Castillo,ground
696902a9ece43907fa70ac7d,/home/malezainia1/dev/INIA_DeepLearning_Ubuntu_mod_lleon/data/campo5_enero26/Lo Castillo/Celular/20260112_123516.jpg,20260112_123516.jpg,6.736428,8.25817,-34.165084299722224,-70.68995449972222,JPEG,5966800,Lo Castillo,ground
696902a9ece43907fa70ac7e,/home/malezainia1/dev/INIA_DeepLearning_Ubuntu_mod_lleon/data/campo5_enero26/Lo Castillo/Celular/20260112_123525.jpg,20260112_123525.jpg,8.270698,3.642401,-34.165084299722224,-70.68995449972222,JPEG,4861296,Lo Castillo,ground
696902a9ece43907fa70ac7f,/home/malezainia1/dev/INIA_DeepLearning_Ubuntu_mod_lleon/data/campo5_enero26/Lo Castillo/Celular/20260112_123528.jpg,20260112_123528.jpg,6.4642506,7.5601525,-34.165084299722224,-70.68995449972222,JPEG,5983214,Lo Castillo,ground
696902a9ece43907fa70ac80,/home/malezainia1/dev/INIA_DeepLearning_Ubuntu_mod_lleon/data/campo5_enero26/Lo Castillo/Celular/20260112_123530.jpg,20260112_123530.jpg,6.737112,9.187089,-34.165084299722224,-70.68995449972222,JPEG,6021541,Lo Castillo,ground
696902a9ece43907fa70ac81,/home/malezainia1/dev/INIA_DeepLearning_Ubuntu_mod_lleon/data/campo5_enero26/Lo Castillo/Celular/20260112_123536.jpg,20260112_123536.jpg,8.621173,5.922786,-34.165084299722224,-70.68995449972222,JPEG,5628399,Lo Castillo,ground
696902a9ece43907fa70ac82,/home/malezainia1/dev/INIA_DeepLearning_Ubuntu_mod_lleon/data/campo5_enero26/Lo Castillo/Celular/20260112_123537.jpg,20260112_123537.jpg,6.3907537,7.299343,-34.165084299722224,-70.68995449972222,JPEG,5732162,Lo Castillo,ground
696902a9ece43907fa70ac83,/home/malezainia1/dev/INIA_DeepLearning_Ubuntu_mod_lleon/data/campo5_enero26/Lo Castillo/Celular/20260112_123539.jpg,20260112_123539.jpg,7.705135,8.513953,-34.165084299722224,-70.68995449972222,JPEG,4161399,Lo Castillo,ground
696902a9ece43907fa70ac84,/home/malezainia1/dev/INIA_DeepLearning_Ubuntu_mod_lleon/data/campo5_enero26/Lo Castillo/Celular/20260112_123542.jpg,20260112_123542.jpg,4.427753,7.2502975,-34.165084299722224,-70.68995449972222,JPEG,5585681,Lo Castillo,ground
696902a9ece43907fa70ac85,/home/malezainia1/dev/INIA_DeepLearning_Ubuntu_mod_lleon/data/campo5_enero26/Lo Castillo/Celular/20260112_123543.jpg,20260112_123543.jpg,9.676623,8.205647,-34.165084299722224,-70.68995449972222,JPEG,5703582,Lo Castillo,ground
696902a9ece43907fa70ac86,/home/malezainia1/dev/INIA_DeepLearning_Ubuntu_mod_lleon/data/campo5_enero26/Lo Castillo/Celular/20260112_123544.jpg,20260112_123544.jpg,7.270462,6.980506,-34.165084299722224,-70.68995449972222,JPEG,6120967,Lo Castillo,ground
696902a9ece43907fa70ac87,/home/malezainia1/dev/INIA_DeepLearning_Ubuntu_mod_lleon/data/campo5_enero26/Lo Castillo/Celular/20260112_123546.jpg,20260112_123546.jpg,6.229304,7.5529404,-34.165084299722224,-70.68995449972222,JPEG,5656965,Lo Castillo,ground
696902a9ece43907fa70ac88,/home/malezainia1/dev/INIA_DeepLearning_Ubuntu_mod_lleon/data/campo5_enero26/Lo Castillo/Celular/20260112_123547.jpg,20260112_123547.jpg,9.204438,7.6479974,-34.165084299722224,-70.68995449972222,JPEG,6120029,Lo Castillo,ground
696902a9ece43907fa70ac89,/home/malezainia1/dev/INIA_DeepLearning_Ubuntu_mod_lleon/data/campo5_enero26/Lo Castillo/Celular/20260112_123548.jpg,20260112_123548.jpg,5.6968617,7.5841126,-34.165084299722224,-70.68995449972222,JPEG,6034122,Lo Castillo,ground
696902a9ece43907fa70ac8a,/home/malezainia1/dev/INIA_DeepLearning_Ubuntu_mod_lleon/data/campo5_enero26/Lo Castillo/Celular/20260112_123549.jpg,20260112_123549.jpg,6.2431784,6.2762423,-34.165084299722224,-70.68995449972222,JPEG,6171045,Lo Castillo,ground
696902a9ece43907fa70ac8b,/home/malezainia1/dev/INIA_DeepLearning_Ubuntu_mod_lleon/data/campo5_enero26/Lo Castillo/Celular/20260112_123550.jpg,20260112_123550.jpg,7.259332,6.4687557,-34.165084299722224,-70.68995449972222,JPEG,4626703,Lo Castillo,ground
696902a9ece43907fa70ac8c,/home/malezainia1/dev/INIA_DeepLearning_Ubuntu_mod_lleon/data/campo5_enero26/Lo Castillo/Celular/20260112_123551.jpg,20260112_123551.jpg,10.209936,6.4097633,-34.165084299722224,-70.68995449972222,JPEG,5137156,Lo Castillo,ground
696902a9ece43907fa70ac8d,/home/malezainia1/dev/INIA_DeepLearning_Ubuntu_mod_lleon/data/campo5_enero26/Lo Castillo/Celular/20260112_123552.jpg,20260112_123552.jpg,8.611423,5.2119412,-34.165084299722224,-70.68995449972222,JPEG,5611933,Lo Castillo,ground
696902a9ece43907fa70ac8e,/home/malezainia1/dev/INIA_DeepLearning_Ubuntu_mod_lleon/data/campo5_enero26/Lo Castillo/Celular/20260112_123553.jpg,20260112_123553.jpg,8.185737,4.3725977,-34.1654616,-70.6902867,JPEG,5178610,Lo Castillo,ground
696902a9ece43907fa70ac8f,/home/malezainia1/dev/INIA_DeepLearning_Ubuntu_mod_lleon/data/campo5_enero26/Lo Castillo/Celular/20260112_123556.jpg,20260112_123556.jpg,8.011664,7.7104445,-34.16546689972222,-70.6903116,JPEG,5738846,Lo Castillo,ground
696902a9ece43907fa70ac90,/home/malezainia1/dev/INIA_DeepLearning_Ubuntu_mod_lleon/data/campo5_enero26/Lo Castillo/Celular/20260112_123557.jpg,20260112_123557.jpg,6.878339,8.519734,-34.16546689972222,-70.6903116,JPEG,5742401,Lo Castillo,ground
696902a9ece43907fa70ac91,/home/malezainia1/dev/INIA_DeepLearning_Ubuntu_mod_lleon/data/campo5_enero26/Lo Castillo/Celular/20260112_123559.jpg,20260112_123559.jpg,5.3320613,6.844401,-34.16546689972222,-70.6903116,JPEG,5841145,Lo Castillo,ground
696902a9ece43907fa70ac92,/home/malezainia1/dev/INIA_DeepLearning_Ubuntu_mod_lleon/data/campo5_enero26/Lo Castillo/Celular/20260112_123613.jpg,20260112_123613.jpg,6.286531,7.242251,-34.16546689972222,-70.6903116,JPEG,5674197,Lo Castillo,ground
696902a9ece43907fa70ac93,/home/malezainia1/dev/INIA_DeepLearning_Ubuntu_mod_lleon/data/campo5_enero26/Lo Castillo/Celular/20260112_123614.jpg,20260112_123614.jpg,6.303079,8.342847,-34.16546689972222,-70.6903116,JPEG,5788318,Lo Castillo,ground
696902a9ece43907fa70ac94,/home/malezainia1/dev/INIA_DeepLearning_Ubuntu_mod_lleon/data/campo5_enero26/Lo Castillo/Celular/20260112_123615.jpg,20260112_123615.jpg,6.8726854,7.176891,-34.16546689972222,-70.6903116,JPEG,5978040,Lo Castillo,ground
696902a9ece43907fa70ac95,/home/malezainia1/dev/INIA_DeepLearning_Ubuntu_mod_lleon/data/campo5_enero26/Lo Castillo/Celular/20260112_123618(0).jpg,20260112_123618(0).jpg,8.561083,5.1682467,-34.16546689972222,-70.6903116,JPEG,5965538,Lo Castillo,ground
696902a9ece43907fa70ac96,/home/malezainia1/dev/INIA_DeepLearning_Ubuntu_mod_lleon/data/campo5_enero26/Lo Castillo/Celular/20260112_123618.jpg,20260112_123618.jpg,10.088054,6.9688644,-34.16546689972222,-70.6903116,JPEG,5694325,Lo Castillo,ground
696902a9ece43907fa70ac97,/home/malezainia1/dev/INIA_DeepLearning_Ubuntu_mod_lleon/data/campo5_enero26/Lo Castillo/Celular/20260112_123619.jpg,20260112_123619.jpg,9.068862,4.7764893,-34.16546689972222,-70.6903116,JPEG,5666671,Lo Castillo,ground
696902a9ece43907fa70ac98,/home/malezainia1/dev/INIA_DeepLearning_Ubuntu_mod_lleon/data/campo5_enero26/Lo Castillo/Celular/20260112_123623.jpg,20260112_123623.jpg,7.844238,5.941163,-34.16546689972222,-70.6903116,JPEG,4459340,Lo Castillo,ground
696902a9ece43907fa70ac99,/home/malezainia1/dev/INIA_DeepLearning_Ubuntu_mod_lleon/data/campo5_enero26/Lo Castillo/Celular/20260112_123625.jpg,20260112_123625.jpg,8.974742,4.6331897,-34.16546689972222,-70.6903116,JPEG,5564792,Lo Castillo,ground
696902a9ece43907fa70ac9a,/home/malezainia1/dev/INIA_DeepLearning_Ubuntu_mod_lleon/data/campo5_enero26/Lo Castillo/Celular/20260112_123630.jpg,20260112_123630.jpg,8.708307,4.0315223,-34.16546689972222,-70.6903116,JPEG,5054453,Lo Castillo,ground
696902a9ece43907fa70ac9b,/home/malezainia1/dev/INIA_DeepLearning_Ubuntu_mod_lleon/data/campo5_enero26/Lo Castillo/Celular/20260112_123631(0).jpg,20260112_123631(0).jpg,8.441167,4.8044543,-34.16546689972222,-70.6903116,JPEG,5754868,Lo Castillo,ground
696902a9ece43907fa70ac9c,/home/malezainia1/dev/INIA_DeepLearning_Ubuntu_mod_lleon/data/campo5_enero26/Lo Castillo/Celular/20260112_123631.jpg,20260112_123631.jpg,8.404036,4.80506,-34.16546689972222,-70.6903116,JPEG,5807719,Lo Castillo,ground
696902a9ece43907fa70ac9d,/home/malezainia1/dev/INIA_DeepLearning_Ubuntu_mod_lleon/data/campo5_enero26/Lo Castillo/Celular/20260112_123633.jpg,20260112_123633.jpg,6.328382,8.179868,-34.16546689972222,-70.6903116,JPEG,6383414,Lo Castillo,ground
696902a9ece43907fa70ac9e,/home/malezainia1/dev/INIA_DeepLearning_Ubuntu_mod_lleon/data/campo5_enero26/Lo Castillo/Celular/20260112_123634(0).jpg,20260112_123634(0).jpg,6.2644124,8.636296,-34.16546689972222,-70.6903116,JPEG,6010537,Lo Castillo,ground
696902a9ece43907fa70ac9f,/home/malezainia1/dev/INIA_DeepLearning_Ubuntu_mod_lleon/data/campo5_enero26/Lo Castillo/Celular/20260112_123634.jpg,20260112_123634.jpg,8.820113,5.359137,-34.16546689972222,-70.6903116,JPEG,5767588,Lo Castillo,ground
696902a9ece43907fa70aca0,/home/malezainia1/dev/INIA_DeepLearning_Ubuntu_mod_lleon/data/campo5_enero26/Lo Castillo/Celular/20260112_123741.jpg,20260112_123741.jpg,8.259486,4.9606924,-34.165838199999996,-70.6907142,JPEG,5975245,Lo Castillo,ground
696902a9ece43907fa70aca1,/home/malezainia1/dev/INIA_DeepLearning_Ubuntu_mod_lleon/data/campo5_enero26/Lo Castillo/Celular/20260112_123744.jpg,20260112_123744.jpg,6.523251,8.330632,-34.165838199999996,-70.6907142,JPEG,5873890,Lo Castillo,ground
696902a9ece43907fa70aca2,/home/malezainia1/dev/INIA_DeepLearning_Ubuntu_mod_lleon/data/campo5_enero26/Lo Castillo/Celular/20260112_123746.jpg,20260112_123746.jpg,6.541548,8.213591,-34.165838199999996,-70.6907142,JPEG,5704359,Lo Castillo,ground
696902a9ece43907fa70aca3,/home/malezainia1/dev/INIA_DeepLearning_Ubuntu_mod_lleon/data/campo5_enero26/Lo Castillo/Celular/20260112_123747.jpg,20260112_123747.jpg,8.886891,6.485548,-34.1658922,-70.6910103,JPEG,5650024,Lo Castillo,ground
696902a9ece43907fa70aca4,/home/malezainia1/dev/INIA_DeepLearning_Ubuntu_mod_lleon/data/campo5_enero26/Lo Castillo/Celular/20260112_123748.jpg,20260112_123748.jpg,8.250088,5.9511538,-34.16588389972222,-70.6910014,JPEG,5567611,Lo Castillo,ground
696902a9ece43907fa70aca5,/home/malezainia1/dev/INIA_DeepLearning_Ubuntu_mod_lleon/data/campo5_enero26/Lo Castillo/Celular/20260112_123750.jpg,20260112_123750.jpg,6.1521997,9.038599,-34.16587839972222,-70.69099679972223,JPEG,5967029,Lo Castillo,ground
696902a9ece43907fa70aca6,/home/malezainia1/dev/INIA_DeepLearning_Ubuntu_mod_lleon/data/campo5_enero26/Lo Castillo/Celular/20260112_123752(0).jpg,20260112_123752(0).jpg,7.8966885,6.1118283,-34.16587839972222,-70.69099679972223,JPEG,4579045,Lo Castillo,ground
696902a9ece43907fa70aca7,/home/malezainia1/dev/INIA_DeepLearning_Ubuntu_mod_lleon/data/campo5_enero26/Lo Castillo/Celular/20260112_123752.jpg,20260112_123752.jpg,9.008918,6.8770494,-34.16587839972222,-70.69099679972223,JPEG,5805236,Lo Castillo,ground
696902a9ece43907fa70aca8,/home/malezainia1/dev/INIA_DeepLearning_Ubuntu_mod_lleon/data/campo5_enero26/Lo Castillo/Celular/20260112_123753.jpg,20260112_123753.jpg,8.350462,5.9500465,-34.16587839972222,-70.69099679972223,JPEG,6280180,Lo Castillo,ground
696902a9ece43907fa70aca9,/home/malezainia1/dev/INIA_DeepLearning_Ubuntu_mod_lleon/data/campo5_enero26/Lo Castillo/Celular/20260112_123755.jpg,20260112_123755.jpg,7.1351695,6.4355664,-34.16587839972222,-70.69099679972223,JPEG,5862089,Lo Castillo,ground
696902a9ece43907fa70acaa,/home/malezainia1/dev/INIA_DeepLearning_Ubuntu_mod_lleon/data/campo5_enero26/Lo Castillo/Celular/20260112_123756.jpg,20260112_123756.jpg,5.685561,8.329005,-34.16587839972222,-70.69099679972223,JPEG,5665810,Lo Castillo,ground
696902a9ece43907fa70acab,/home/malezainia1/dev/INIA_DeepLearning_Ubuntu_mod_lleon/data/campo5_enero26/Lo Castillo/Celular/20260112_123757.jpg,20260112_123757.jpg,6.98276,6.0156813,-34.16587839972222,-70.69099679972223,JPEG,4555906,Lo Castillo,ground
696902a9ece43907fa70acac,/home/malezainia1/dev/INIA_DeepLearning_Ubuntu_mod_lleon/data/campo5_enero26/Lo Castillo/Celular/20260112_123759.jpg,20260112_123759.jpg,7.914805,5.054647,-34.16587839972222,-70.69099679972223,JPEG,5943596,Lo Castillo,ground
696902a9ece43907fa70acad,/home/malezainia1/dev/INIA_DeepLearning_Ubuntu_mod_lleon/data/campo5_enero26/Lo Castillo/Celular/20260112_123826.jpg,20260112_123826.jpg,7.7893944,5.5682263,-34.16587839972222,-70.69099679972223,JPEG,6302811,Lo Castillo,ground
696902a9ece43907fa70acae,/home/malezainia1/dev/INIA_DeepLearning_Ubuntu_mod_lleon/data/campo5_enero26/Lo Castillo/Celular/20260112_123843.jpg,20260112_123843.jpg,7.0812798,9.869089,-34.165515299999996,-70.69062599972223,JPEG,5989030,Lo Castillo,ground
696902a9ece43907fa70acaf,/home/malezainia1/dev/INIA_DeepLearning_Ubuntu_mod_lleon/data/campo5_enero26/Lo Castillo/Celular/20260112_123902.jpg,20260112_123902.jpg,7.1411343,9.830233,-34.165515299999996,-70.69062599972223,JPEG,6033333,Lo Castillo,ground
696902a9ece43907fa70acb0,/home/malezainia1/dev/INIA_DeepLearning_Ubuntu_mod_lleon/data/campo5_enero26/Lo Castillo/Celular/20260112_123908.jpg,20260112_123908.jpg,7.630234,6.901072,-34.165515299999996,-70.69062599972223,JPEG,5812506,Lo Castillo,ground
696902a9ece43907fa70acb1,/home/malezainia1/dev/INIA_DeepLearning_Ubuntu_mod_lleon/data/campo5_enero26/Lo Castillo/Celular/20260112_123910.jpg,20260112_123910.jpg,7.7531075,8.505217,-34.165515299999996,-70.69062599972223,JPEG,5953622,Lo Castillo,ground
696902a9ece43907fa70acb2,/home/malezainia1/dev/INIA_DeepLearning_Ubuntu_mod_lleon/data/campo5_enero26/Lo Castillo/Celular/20260112_123911.jpg,20260112_123911.jpg,8.858179,8.963414,-34.165515299999996,-70.69062599972223,JPEG,5588727,Lo Castillo,ground
696902a9ece43907fa70acb3,/home/malezainia1/dev/INIA_DeepLearning_Ubuntu_mod_lleon/data/campo5_enero26/Lo Castillo/Celular/20260112_123912.jpg,20260112_123912.jpg,10.071508,6.912036,-34.165515299999996,-70.69062599972223,JPEG,5714778,Lo Castillo,ground
696902a9ece43907fa70acb4,/home/malezainia1/dev/INIA_DeepLearning_Ubuntu_mod_lleon/data/campo5_enero26/Lo Castillo/Celular/20260112_123914.jpg,20260112_123914.jpg,9.138925,4.7220664,-34.165515299999996,-70.69062599972223,JPEG,5425723,Lo Castillo,ground
696902a9ece43907fa70acb5,/home/malezainia1/dev/INIA_DeepLearning_Ubuntu_mod_lleon/data/campo5_enero26/Lo Castillo/Celular/20260112_123916.jpg,20260112_123916.jpg,9.996353,5.610906,-34.165515299999996,-70.69062599972223,JPEG,6492157,Lo Castillo,ground
696902a9ece43907fa70acb6,/home/malezainia1/dev/INIA_DeepLearning_Ubuntu_mod_lleon/data/campo5_enero26/Lo Castillo/Celular/20260112_123933.jpg,20260112_123933.jpg,7.745926,6.4428854,-34.1651077,-70.69024489972223,JPEG,6000610,Lo Castillo,ground
696902a9ece43907fa70acb7,/home/malezainia1/dev/INIA_DeepLearning_Ubuntu_mod_lleon/data/campo5_enero26/Lo Castillo/Celular/20260112_123936.jpg,20260112_123936.jpg,7.057694,6.640528,-34.1651077,-70.69024489972223,JPEG,6365094,Lo Castillo,ground
696902a9ece43907fa70acb8,/home/malezainia1/dev/INIA_DeepLearning_Ubuntu_mod_lleon/data/campo5_enero26/Lo Castillo/Celular/20260112_123937.jpg,20260112_123937.jpg,7.0046253,6.3680634,-34.1651077,-70.69024489972223,JPEG,5259164,Lo Castillo,ground
696902a9ece43907fa70acb9,/home/malezainia1/dev/INIA_DeepLearning_Ubuntu_mod_lleon/data/campo5_enero26/Lo Castillo/Celular/20260112_123938.jpg,20260112_123938.jpg,6.869347,4.258502,-34.1651077,-70.69024489972223,JPEG,5351236,Lo Castillo,ground
696902a9ece43907fa70acba,/home/malezainia1/dev/INIA_DeepLearning_Ubuntu_mod_lleon/data/campo5_enero26/Lo Castillo/Celular/20260112_123939.jpg,20260112_123939.jpg,6.412985,6.6401834,-34.1651077,-70.69024489972223,JPEG,5587989,Lo Castillo,ground
696902a9ece43907fa70acbb,/home/malezainia1/dev/INIA_DeepLearning_Ubuntu_mod_lleon/data/campo5_enero26/Lo Castillo/Celular/20260112_123940(0).jpg,20260112_123940(0).jpg,7.4776583,5.750453,-34.1651077,-70.69024489972223,JPEG,5380396,Lo Castillo,ground
696902a9ece43907fa70acbc,/home/malezainia1/dev/INIA_DeepLearning_Ubuntu_mod_lleon/data/campo5_enero26/Lo Castillo/Celular/20260112_123940.jpg,20260112_123940.jpg,8.365568,5.673562,-34.1651077,-70.69024489972223,JPEG,5640984,Lo Castillo,ground
696902a9ece43907fa70acbd,/home/malezainia1/dev/INIA_DeepLearning_Ubuntu_mod_lleon/data/campo5_enero26/Lo Castillo/Celular/20260112_123955.jpg,20260112_123955.jpg,7.1954594,6.081399,-34.1651077,-70.69024489972223,JPEG,5998849,Lo Castillo,ground
696902a9ece43907fa70acbe,/home/malezainia1/dev/INIA_DeepLearning_Ubuntu_mod_lleon/data/campo5_enero26/Lo Castillo/Celular/20260112_123956.jpg,20260112_123956.jpg,10.252174,5.885279,-34.1651077,-70.69024489972223,JPEG,6041601,Lo Castillo,ground
696902a9ece43907fa70acbf,/home/malezainia1/dev/INIA_DeepLearning_Ubuntu_mod_lleon/data/campo5_enero26/Lo Castillo/Celular/20260112_123959.jpg,20260112_123959.jpg,9.303127,7.7627463,-34.1651077,-70.69024489972223,JPEG,6301144,Lo Castillo,ground
696902a9ece43907fa70acc0,/home/malezainia1/dev/INIA_DeepLearning_Ubuntu_mod_lleon/data/campo5_enero26/Lo Castillo/Celular/20260112_124006.jpg,20260112_124006.jpg,6.8893957,5.5241303,-34.1651077,-70.69024489972223,JPEG,6016044,Lo Castillo,ground
696902a9ece43907fa70acc1,/home/malezainia1/dev/INIA_DeepLearning_Ubuntu_mod_lleon/data/campo5_enero26/Lo Castillo/Celular/20260112_124040.jpg,20260112_124040.jpg,7.4624867,5.588937,-34.16467899972222,-70.6898316,JPEG,5542223,Lo Castillo,ground
696902a9ece43907fa70acc2,/home/malezainia1/dev/INIA_DeepLearning_Ubuntu_mod_lleon/data/campo5_enero26/Lo Castillo/Celular/20260112_124048.jpg,20260112_124048.jpg,7.57746,5.2085295,-34.16467899972222,-70.6898316,JPEG,5742942,Lo Castillo,ground
696902a9ece43907fa70acc3,/home/malezainia1/dev/INIA_DeepLearning_Ubuntu_mod_lleon/data/campo5_enero26/Lo Castillo/Celular/20260112_124056.jpg,20260112_124056.jpg,5.7294016,7.6818676,-34.16467899972222,-70.6898316,JPEG,6265850,Lo Castillo,ground
696902a9ece43907fa70acc4,/home/malezainia1/dev/INIA_DeepLearning_Ubuntu_mod_lleon/data/campo5_enero26/Lo Castillo/Celular/20260112_124121.jpg,20260112_124121.jpg,9.016771,7.1048946,-34.164394799722224,-70.68955689972222,JPEG,5858795,Lo Castillo,ground
696902a9ece43907fa70acc5,/home/malezainia1/dev/INIA_DeepLearning_Ubuntu_mod_lleon/data/campo5_enero26/Lo Castillo/Celular/20260112_124122.jpg,20260112_124122.jpg,7.9628835,6.196649,-34.164394799722224,-70.68955689972222,JPEG,5759359,Lo Castillo,ground
696902a9ece43907fa70acc6,/home/malezainia1/dev/INIA_DeepLearning_Ubuntu_mod_lleon/data/campo5_enero26/Lo Castillo/Celular/20260112_124123(0).jpg,20260112_124123(0).jpg,9.375408,7.996822,-34.164394799722224,-70.68955689972222,JPEG,5661886,Lo Castillo,ground
696902a9ece43907fa70acc7,/home/malezainia1/dev/INIA_DeepLearning_Ubuntu_mod_lleon/data/campo5_enero26/Lo Castillo/Celular/20260112_124123.jpg,20260112_124123.jpg,7.3799095,7.6500006,-34.164394799722224,-70.68955689972222,JPEG,5754396,Lo Castillo,ground
696902a9ece43907fa70acc8,/home/malezainia1/dev/INIA_DeepLearning_Ubuntu_mod_lleon/data/campo5_enero26/Lo Castillo/Celular/20260112_124124.jpg,20260112_124124.jpg,8.798821,6.0804906,-34.164394799722224,-70.68955689972222,JPEG,5555293,Lo Castillo,ground
696902a9ece43907fa70acc9,/home/malezainia1/dev/INIA_DeepLearning_Ubuntu_mod_lleon/data/campo5_enero26/Lo Castillo/Celular/20260112_124125.jpg,20260112_124125.jpg,9.897267,7.336549,-34.164394799722224,-70.68955689972222,JPEG,5602477,Lo Castillo,ground
696902a9ece43907fa70acca,/home/malezainia1/dev/INIA_DeepLearning_Ubuntu_mod_lleon/data/campo5_enero26/Lo Castillo/Celular/20260112_124126.jpg,20260112_124126.jpg,5.0437737,7.7498274,-34.164394799722224,-70.68955689972222,JPEG,5707982,Lo Castillo,ground
696902a9ece43907fa70accb,/home/malezainia1/dev/INIA_DeepLearning_Ubuntu_mod_lleon/data/campo5_enero26/Lo Castillo/Celular/20260112_124127.jpg,20260112_124127.jpg,5.80539,7.6399837,-34.164394799722224,-70.68955689972222,JPEG,5628932,Lo Castillo,ground
696902a9ece43907fa70accc,/home/malezainia1/dev/INIA_DeepLearning_Ubuntu_mod_lleon/data/campo5_enero26/Lo Castillo/Celular/20260112_124128.jpg,20260112_124128.jpg,5.3272004,7.0345025,-34.164394799722224,-70.68955689972222,JPEG,5847345,Lo Castillo,ground
696902a9ece43907fa70accd,/home/malezainia1/dev/INIA_DeepLearning_Ubuntu_mod_lleon/data/campo5_enero26/Lo Castillo/Celular/20260112_124129.jpg,20260112_124129.jpg,7.10525,5.513962,-34.164394799722224,-70.68955689972222,JPEG,6283404,Lo Castillo,ground
696902a9ece43907fa70acce,/home/malezainia1/dev/INIA_DeepLearning_Ubuntu_mod_lleon/data/campo5_enero26/Lo Castillo/Celular/20260112_124130.jpg,20260112_124130.jpg,8.724362,6.2950425,-34.164394799722224,-70.68955689972222,JPEG,6189086,Lo Castillo,ground
696902a9ece43907fa70accf,/home/malezainia1/dev/INIA_DeepLearning_Ubuntu_mod_lleon/data/campo5_enero26/Lo Castillo/Celular/20260112_124131(0).jpg,20260112_124131(0).jpg,5.256309,7.330777,-34.164394799722224,-70.68955689972222,JPEG,5317384,Lo Castillo,ground
696902a9ece43907fa70acd0,/home/malezainia1/dev/INIA_DeepLearning_Ubuntu_mod_lleon/data/campo5_enero26/Lo Castillo/Celular/20260112_124131.jpg,20260112_124131.jpg,5.260219,7.59604,-34.164394799722224,-70.68955689972222,JPEG,5846058,Lo Castillo,ground
696902a9ece43907fa70acd1,/home/malezainia1/dev/INIA_DeepLearning_Ubuntu_mod_lleon/data/campo5_enero26/Lo Castillo/Celular/20260112_124133.jpg,20260112_124133.jpg,6.8028994,5.213682,-34.164394799722224,-70.68955689972222,JPEG,6161984,Lo Castillo,ground
696902a9ece43907fa70acd2,/home/malezainia1/dev/INIA_DeepLearning_Ubuntu_mod_lleon/data/campo5_enero26/Lo Castillo/Celular/20260112_124140.jpg,20260112_124140.jpg,6.732328,9.734277,-34.164394799722224,-70.68955689972222,JPEG,5865077,Lo Castillo,ground
696902a9ece43907fa70acd3,/home/malezainia1/dev/INIA_DeepLearning_Ubuntu_mod_lleon/data/campo5_enero26/Lo Castillo/Celular/20260112_124143.jpg,20260112_124143.jpg,10.065016,6.7201633,-34.164394799722224,-70.68955689972222,JPEG,6391669,Lo Castillo,ground
696902a9ece43907fa70acd4,/home/malezainia1/dev/INIA_DeepLearning_Ubuntu_mod_lleon/data/campo5_enero26/Lo Castillo/Celular/20260112_124146.jpg,20260112_124146.jpg,5.957595,5.9888763,-34.164394799722224,-70.68955689972222,JPEG,5646536,Lo Castillo,ground
696902a9ece43907fa70acd5,/home/malezainia1/dev/INIA_DeepLearning_Ubuntu_mod_lleon/data/campo5_enero26/Lo Castillo/Celular/20260112_124147.jpg,20260112_124147.jpg,5.93362,6.1217566,-34.164394799722224,-70.68955689972222,JPEG,5677263,Lo Castillo,ground
696902a9ece43907fa70acd6,/home/malezainia1/dev/INIA_DeepLearning_Ubuntu_mod_lleon/data/campo5_enero26/Lo Castillo/Celular/20260112_124150.jpg,20260112_124150.jpg,7.9757924,8.4946165,-34.164394799722224,-70.68955689972222,JPEG,6138192,Lo Castillo,ground
696902a9ece43907fa70acd7,/home/malezainia1/dev/INIA_DeepLearning_Ubuntu_mod_lleon/data/campo5_enero26/Lo Castillo/Celular/20260112_124153.jpg,20260112_124153.jpg,6.749765,9.848682,-34.164394799722224,-70.68955689972222,JPEG,6123414,Lo Castillo,ground
696902a9ece43907fa70acd8,/home/malezainia1/dev/INIA_DeepLearning_Ubuntu_mod_lleon/data/campo5_enero26/Lo Castillo/Celular/20260112_124156.jpg,20260112_124156.jpg,8.015961,8.622989,-34.164394799722224,-70.68955689972222,JPEG,6092335,Lo Castillo,ground
696902a9ece43907fa70acd9,/home/malezainia1/dev/INIA_DeepLearning_Ubuntu_mod_lleon/data/campo5_enero26/Lo Castillo/Celular/20260112_124158.jpg,20260112_124158.jpg,7.8858166,4.642754,-34.1639695,-70.68915239972223,JPEG,6079883,Lo Castillo,ground
696902a9ece43907fa70acda,/home/malezainia1/dev/INIA_DeepLearning_Ubuntu_mod_lleon/data/campo5_enero26/Lo Castillo/Celular/20260112_124204.jpg,20260112_124204.jpg,7.514019,4.319197,-34.163964,-70.68913759972223,JPEG,6050044,Lo Castillo,ground
696902a9ece43907fa70acdb,/home/malezainia1/dev/INIA_DeepLearning_Ubuntu_mod_lleon/data/campo5_enero26/Lo Castillo/Celular/20260112_124208.jpg,20260112_124208.jpg,7.2938805,5.7096,-34.163964,-70.68913759972223,JPEG,6363045,Lo Castillo,ground
696902a9ece43907fa70acdc,/home/malezainia1/dev/INIA_DeepLearning_Ubuntu_mod_lleon/data/campo5_enero26/Lo Castillo/Celular/20260112_124209.jpg,20260112_124209.jpg,10.310736,5.9501595,-34.163964,-70.68913759972223,JPEG,5923740,Lo Castillo,ground
696902a9ece43907fa70acdd,/home/malezainia1/dev/INIA_DeepLearning_Ubuntu_mod_lleon/data/campo5_enero26/Lo Castillo/Celular/20260112_124210(0).jpg,20260112_124210(0).jpg,10.449692,6.1734858,-34.163964,-70.68913759972223,JPEG,5778168,Lo Castillo,ground
696902a9ece43907fa70acde,/home/malezainia1/dev/INIA_DeepLearning_Ubuntu_mod_lleon/data/campo5_enero26/Lo Castillo/Celular/20260112_124210.jpg,20260112_124210.jpg,7.3806376,5.484122,-34.163964,-70.68913759972223,JPEG,5734727,Lo Castillo,ground
696902a9ece43907fa70acdf,/home/malezainia1/dev/INIA_DeepLearning_Ubuntu_mod_lleon/data/campo5_enero26/Lo Castillo/Celular/20260112_124211.jpg,20260112_124211.jpg,9.481054,6.654092,-34.163964,-70.68913759972223,JPEG,6147948,Lo Castillo,ground
696902a9ece43907fa70ace0,/home/malezainia1/dev/INIA_DeepLearning_Ubuntu_mod_lleon/data/campo5_enero26/Lo Castillo/Celular/20260112_124212.jpg,20260112_124212.jpg,7.4329953,5.252973,-34.163964,-70.68913759972223,JPEG,5832696,Lo Castillo,ground
696902a9ece43907fa70ace1,/home/malezainia1/dev/INIA_DeepLearning_Ubuntu_mod_lleon/data/campo5_enero26/Lo Castillo/Celular/20260112_124213(0).jpg,20260112_124213(0).jpg,7.4403243,4.174418,-34.163964,-70.68913759972223,JPEG,6061697,Lo Castillo,ground
696902a9ece43907fa70ace2,/home/malezainia1/dev/INIA_DeepLearning_Ubuntu_mod_lleon/data/campo5_enero26/Lo Castillo/Celular/20260112_124213.jpg,20260112_124213.jpg,8.597275,5.9554687,-34.163964,-70.68913759972223,JPEG,4779157,Lo Castillo,ground
696902a9ece43907fa70ace3,/home/malezainia1/dev/INIA_DeepLearning_Ubuntu_mod_lleon/data/campo5_enero26/Lo Castillo/Celular/20260112_124214.jpg,20260112_124214.jpg,6.1981497,8.240784,-34.163964,-70.68913759972223,JPEG,6081898,Lo Castillo,ground
696902a9ece43907fa70ace4,/home/malezainia1/dev/INIA_DeepLearning_Ubuntu_mod_lleon/data/campo5_enero26/Lo Castillo/Celular/20260112_124215.jpg,20260112_124215.jpg,7.0757127,3.9223478,-34.163964,-70.68913759972223,JPEG,5883491,Lo Castillo,ground
696902a9ece43907fa70ace5,/home/malezainia1/dev/INIA_DeepLearning_Ubuntu_mod_lleon/data/campo5_enero26/Lo Castillo/Celular/20260112_124219.jpg,20260112_124219.jpg,6.486295,8.887336,-34.163964,-70.68913759972223,JPEG,6024488,Lo Castillo,ground
696902a9ece43907fa70ace6,/home/malezainia1/dev/INIA_DeepLearning_Ubuntu_mod_lleon/data/campo5_enero26/Lo Castillo/Celular/20260112_124220.jpg,20260112_124220.jpg,7.957145,4.8067126,-34.163964,-70.68913759972223,JPEG,6236388,Lo Castillo,ground
696902a9ece43907fa70ace7,/home/malezainia1/dev/INIA_DeepLearning_Ubuntu_mod_lleon/data/campo5_enero26/Lo Castillo/Celular/20260112_124222.jpg,20260112_124222.jpg,9.303784,6.3564463,-34.163964,-70.68913759972223,JPEG,6024914,Lo Castillo,ground
696902a9ece43907fa70ace8,/home/malezainia1/dev/INIA_DeepLearning_Ubuntu_mod_lleon/data/campo5_enero26/Lo Castillo/Celular/20260112_124225.jpg,20260112_124225.jpg,10.503066,6.4080043,-34.163964,-70.68913759972223,JPEG,6298981,Lo Castillo,ground
696902a9ece43907fa70ace9,/home/malezainia1/dev/INIA_DeepLearning_Ubuntu_mod_lleon/data/campo5_enero26/Lo Castillo/Celular/20260112_124228.jpg,20260112_124228.jpg,7.0190473,5.8984685,-34.163964,-70.68913759972223,JPEG,5924552,Lo Castillo,ground
696902a9ece43907fa70acea,/home/malezainia1/dev/INIA_DeepLearning_Ubuntu_mod_lleon/data/campo5_enero26/Lo Castillo/Celular/20260112_124230.jpg,20260112_124230.jpg,10.139999,5.7928176,-34.163964,-70.68913759972223,JPEG,5941566,Lo Castillo,ground
696902a9ece43907fa70aceb,/home/malezainia1/dev/INIA_DeepLearning_Ubuntu_mod_lleon/data/campo5_enero26/Lo Castillo/Celular/20260112_124238.jpg,20260112_124238.jpg,8.329739,6.519128,-34.163964,-70.68913759972223,JPEG,5685719,Lo Castillo,ground
696902a9ece43907fa70acec,/home/malezainia1/dev/INIA_DeepLearning_Ubuntu_mod_lleon/data/campo5_enero26/Lo Castillo/Celular/20260112_124241.jpg,20260112_124241.jpg,7.859649,4.5471168,-34.163964,-70.68913759972223,JPEG,6126956,Lo Castillo,ground
696902a9ece43907fa70aced,/home/malezainia1/dev/INIA_DeepLearning_Ubuntu_mod_lleon/data/campo5_enero26/Lo Castillo/Celular/20260112_124247.jpg,20260112_124247.jpg,6.285415,7.8077493,-34.163964,-70.68913759972223,JPEG,6225741,Lo Castillo,ground
696902a9ece43907fa70acee,/home/malezainia1/dev/INIA_DeepLearning_Ubuntu_mod_lleon/data/campo5_enero26/Lo Castillo/Celular/20260112_124248(0).jpg,20260112_124248(0).jpg,8.375883,6.1211114,-34.163964,-70.68913759972223,JPEG,6165349,Lo Castillo,ground
696902a9ece43907fa70acef,/home/malezainia1/dev/INIA_DeepLearning_Ubuntu_mod_lleon/data/campo5_enero26/Lo Castillo/Celular/20260112_124248.jpg,20260112_124248.jpg,5.257671,7.7898083,-34.163964,-70.68913759972223,JPEG,5983313,Lo Castillo,ground
696902a9ece43907fa70acf0,/home/malezainia1/dev/INIA_DeepLearning_Ubuntu_mod_lleon/data/campo5_enero26/Lo Castillo/Celular/20260112_124251.jpg,20260112_124251.jpg,8.581387,5.1812115,-34.163964,-70.68913759972223,JPEG,5796329,Lo Castillo,ground
696902a9ece43907fa70acf1,/home/malezainia1/dev/INIA_DeepLearning_Ubuntu_mod_lleon/data/campo5_enero26/Lo Castillo/Celular/20260112_124254.jpg,20260112_124254.jpg,7.578799,5.3818464,-34.163964,-70.68913759972223,JPEG,6137543,Lo Castillo,ground
696902a9ece43907fa70acf2,/home/malezainia1/dev/INIA_DeepLearning_Ubuntu_mod_lleon/data/campo5_enero26/Lo Castillo/Celular/20260112_124258.jpg,20260112_124258.jpg,8.052938,5.1620092,-34.16350479972222,-70.6886975,JPEG,5897981,Lo Castillo,ground
696902a9ece43907fa70acf3,/home/malezainia1/dev/INIA_DeepLearning_Ubuntu_mod_lleon/data/campo5_enero26/Lo Castillo/Celular/20260112_124302.jpg,20260112_124302.jpg,7.990769,5.824007,-34.16350479972222,-70.6886975,JPEG,5925833,Lo Castillo,ground
696902a9ece43907fa70acf4,/home/malezainia1/dev/INIA_DeepLearning_Ubuntu_mod_lleon/data/campo5_enero26/Lo Castillo/Celular/20260112_124303.jpg,20260112_124303.jpg,8.928164,5.122858,-34.16350479972222,-70.6886975,JPEG,5702422,Lo Castillo,ground
696902a9ece43907fa70acf5,/home/malezainia1/dev/INIA_DeepLearning_Ubuntu_mod_lleon/data/campo5_enero26/Lo Castillo/Celular/20260112_124306(0).jpg,20260112_124306(0).jpg,6.3157377,8.634551,-34.16350479972222,-70.6886975,JPEG,6127126,Lo Castillo,ground
696902a9ece43907fa70acf6,/home/malezainia1/dev/INIA_DeepLearning_Ubuntu_mod_lleon/data/campo5_enero26/Lo Castillo/Celular/20260112_124306.jpg,20260112_124306.jpg,7.112028,4.037126,-34.16350479972222,-70.6886975,JPEG,6151571,Lo Castillo,ground
696902a9ece43907fa70acf7,/home/malezainia1/dev/INIA_DeepLearning_Ubuntu_mod_lleon/data/campo5_enero26/Lo Castillo/Celular/20260112_124309.jpg,20260112_124309.jpg,6.543171,5.9945664,-34.16350479972222,-70.6886975,JPEG,5788740,Lo Castillo,ground
696902a9ece43907fa70acf8,/home/malezainia1/dev/INIA_DeepLearning_Ubuntu_mod_lleon/data/campo5_enero26/Lo Castillo/Celular/20260112_124317.jpg,20260112_124317.jpg,5.531144,6.0242662,-34.16350479972222,-70.6886975,JPEG,5906882,Lo Castillo,ground
696902a9ece43907fa70acf9,/home/malezainia1/dev/INIA_DeepLearning_Ubuntu_mod_lleon/data/campo5_enero26/Lo Castillo/Celular/20260112_124318.jpg,20260112_124318.jpg,8.459833,5.8015027,-34.16350479972222,-70.6886975,JPEG,5593706,Lo Castillo,ground
696902a9ece43907fa70acfa,/home/malezainia1/dev/INIA_DeepLearning_Ubuntu_mod_lleon/data/campo5_enero26/Lo Castillo/Celular/20260112_124319.jpg,20260112_124319.jpg,6.844265,5.2547565,-34.16350479972222,-70.6886975,JPEG,5584482,Lo Castillo,ground
696902a9ece43907fa70acfb,/home/malezainia1/dev/INIA_DeepLearning_Ubuntu_mod_lleon/data/campo5_enero26/Lo Castillo/Celular/20260112_124320.jpg,20260112_124320.jpg,10.106233,5.6885443,-34.16350479972222,-70.6886975,JPEG,5921414,Lo Castillo,ground
696902a9ece43907fa70acfc,/home/malezainia1/dev/INIA_DeepLearning_Ubuntu_mod_lleon/data/campo5_enero26/Lo Castillo/Celular/20260112_124321.jpg,20260112_124321.jpg,6.1878395,8.766088,-34.16350479972222,-70.6886975,JPEG,5513305,Lo Castillo,ground
696902a9ece43907fa70acfd,/home/malezainia1/dev/INIA_DeepLearning_Ubuntu_mod_lleon/data/campo5_enero26/Lo Castillo/Celular/20260112_124323.jpg,20260112_124323.jpg,8.344021,5.1911383,-34.16350479972222,-70.6886975,JPEG,5540651,Lo Castillo,ground
696902a9ece43907fa70acfe,/home/malezainia1/dev/INIA_DeepLearning_Ubuntu_mod_lleon/data/campo5_enero26/Lo Castillo/Celular/20260112_124344.jpg,20260112_124344.jpg,9.246067,6.3155866,-34.16350479972222,-70.6886975,JPEG,5560428,Lo Castillo,ground
696902a9ece43907fa70acff,/home/malezainia1/dev/INIA_DeepLearning_Ubuntu_mod_lleon/data/campo5_enero26/Lo Castillo/Celular/20260112_124345.jpg,20260112_124345.jpg,5.497162,9.203803,-34.16350479972222,-70.6886975,JPEG,5822643,Lo Castillo,ground
696902a9ece43907fa70ad00,/home/malezainia1/dev/INIA_DeepLearning_Ubuntu_mod_lleon/data/campo5_enero26/Lo Castillo/Celular/20260112_124346.jpg,20260112_124346.jpg,7.9615746,4.2681274,-34.16350479972222,-70.6886975,JPEG,5401457,Lo Castillo,ground
696902a9ece43907fa70ad01,/home/malezainia1/dev/INIA_DeepLearning_Ubuntu_mod_lleon/data/campo5_enero26/Lo Castillo/Celular/20260112_124355.jpg,20260112_124355.jpg,7.5509853,5.60958,-34.1630684,-70.6882882,JPEG,5655931,Lo Castillo,ground
696902a9ece43907fa70ad02,/home/malezainia1/dev/INIA_DeepLearning_Ubuntu_mod_lleon/data/campo5_enero26/Lo Castillo/Celular/20260112_124357.jpg,20260112_124357.jpg,7.596513,7.1177707,-34.1630684,-70.6882882,JPEG,6327067,Lo Castillo,ground
696902a9ece43907fa70ad03,/home/malezainia1/dev/INIA_DeepLearning_Ubuntu_mod_lleon/data/campo5_enero26/Lo Castillo/Celular/20260112_124403.jpg,20260112_124403.jpg,5.92577,8.055756,-34.1630684,-70.6882882,JPEG,5807454,Lo Castillo,ground
696902a9ece43907fa70ad04,/home/malezainia1/dev/INIA_DeepLearning_Ubuntu_mod_lleon/data/campo5_enero26/Lo Castillo/Celular/20260112_124404.jpg,20260112_124404.jpg,9.337255,6.8554616,-34.1630684,-70.6882882,JPEG,6076166,Lo Castillo,ground
696902a9ece43907fa70ad05,/home/malezainia1/dev/INIA_DeepLearning_Ubuntu_mod_lleon/data/campo5_enero26/Lo Castillo/Celular/20260112_124406.jpg,20260112_124406.jpg,6.314468,9.764826,-34.1630684,-70.6882882,JPEG,5993444,Lo Castillo,ground
696902a9ece43907fa70ad06,/home/malezainia1/dev/INIA_DeepLearning_Ubuntu_mod_lleon/data/campo5_enero26/Lo Castillo/Celular/20260112_124407.jpg,20260112_124407.jpg,7.049084,3.9373102,-34.1630684,-70.6882882,JPEG,5783775,Lo Castillo,ground
696902a9ece43907fa70ad07,/home/malezainia1/dev/INIA_DeepLearning_Ubuntu_mod_lleon/data/campo5_enero26/Lo Castillo/Celular/20260112_124408.jpg,20260112_124408.jpg,8.892224,5.0905433,-34.1630684,-70.6882882,JPEG,5761401,Lo Castillo,ground
696902a9ece43907fa70ad08,/home/malezainia1/dev/INIA_DeepLearning_Ubuntu_mod_lleon/data/campo5_enero26/Lo Castillo/Celular/20260112_124409.jpg,20260112_124409.jpg,7.307555,3.9957762,-34.1630684,-70.6882882,JPEG,5988396,Lo Castillo,ground
696902a9ece43907fa70ad09,/home/malezainia1/dev/INIA_DeepLearning_Ubuntu_mod_lleon/data/campo5_enero26/Lo Castillo/Celular/20260112_124415.jpg,20260112_124415.jpg,7.8257275,4.787766,-34.1630684,-70.6882882,JPEG,6284247,Lo Castillo,ground
696902a9ece43907fa70ad0a,/home/malezainia1/dev/INIA_DeepLearning_Ubuntu_mod_lleon/data/campo5_enero26/Lo Castillo/Celular/20260112_124418.jpg,20260112_124418.jpg,7.1001706,3.8594108,-34.1630684,-70.6882882,JPEG,6064294,Lo Castillo,ground
696902a9ece43907fa70ad0b,/home/malezainia1/dev/INIA_DeepLearning_Ubuntu_mod_lleon/data/campo5_enero26/Lo Castillo/Celular/20260112_124420.jpg,20260112_124420.jpg,7.010131,4.2724667,-34.1630684,-70.6882882,JPEG,6415124,Lo Castillo,ground
696902a9ece43907fa70ad0c,/home/malezainia1/dev/INIA_DeepLearning_Ubuntu_mod_lleon/data/campo5_enero26/Lo Castillo/Celular/20260112_124424.jpg,20260112_124424.jpg,7.114664,3.8991823,-34.1630684,-70.6882882,JPEG,6079625,Lo Castillo,ground
696902a9ece43907fa70ad0d,/home/malezainia1/dev/INIA_DeepLearning_Ubuntu_mod_lleon/data/campo5_enero26/Lo Castillo/Celular/20260112_124425.jpg,20260112_124425.jpg,6.972029,5.4781513,-34.1630684,-70.6882882,JPEG,5907147,Lo Castillo,ground
696902a9ece43907fa70ad0e,/home/malezainia1/dev/INIA_DeepLearning_Ubuntu_mod_lleon/data/campo5_enero26/Lo Castillo/Celular/20260112_124441.jpg,20260112_124441.jpg,5.0808516,7.3602567,-34.162685599999996,-70.6879035,JPEG,5352927,Lo Castillo,ground
696902a9ece43907fa70ad0f,/home/malezainia1/dev/INIA_DeepLearning_Ubuntu_mod_lleon/data/campo5_enero26/Lo Castillo/Celular/20260112_124442.jpg,20260112_124442.jpg,6.5303593,7.928494,-34.162685599999996,-70.6879035,JPEG,6017279,Lo Castillo,ground
696902a9ece43907fa70ad10,/home/malezainia1/dev/INIA_DeepLearning_Ubuntu_mod_lleon/data/campo5_enero26/Lo Castillo/Celular/20260112_124446.jpg,20260112_124446.jpg,6.9555078,5.442437,-34.16263649972222,-70.68785889972223,JPEG,6148602,Lo Castillo,ground
696902a9ece43907fa70ad11,/home/malezainia1/dev/INIA_DeepLearning_Ubuntu_mod_lleon/data/campo5_enero26/Lo Castillo/Celular/20260112_124453.jpg,20260112_124453.jpg,6.3985243,8.374266,-34.16263649972222,-70.68785889972223,JPEG,6218810,Lo Castillo,ground
696902a9ece43907fa70ad12,/home/malezainia1/dev/INIA_DeepLearning_Ubuntu_mod_lleon/data/campo5_enero26/Lo Castillo/Celular/20260112_124455.jpg,20260112_124455.jpg,7.070958,3.8535683,-34.16263649972222,-70.68785889972223,JPEG,5987405,Lo Castillo,ground
696902a9ece43907fa70ad13,/home/malezainia1/dev/INIA_DeepLearning_Ubuntu_mod_lleon/data/campo5_enero26/Lo Castillo/Celular/20260112_124457.jpg,20260112_124457.jpg,7.1366863,3.910894,-34.16263649972222,-70.68785889972223,JPEG,6269403,Lo Castillo,ground
696902a9ece43907fa70ad14,/home/malezainia1/dev/INIA_DeepLearning_Ubuntu_mod_lleon/data/campo5_enero26/Lo Castillo/Celular/20260112_124458.jpg,20260112_124458.jpg,10.155948,5.7409945,-34.16263649972222,-70.68785889972223,JPEG,6354349,Lo Castillo,ground
696902a9ece43907fa70ad15,/home/malezainia1/dev/INIA_DeepLearning_Ubuntu_mod_lleon/data/campo5_enero26/Lo Castillo/Celular/20260112_124459.jpg,20260112_124459.jpg,7.100939,3.846222,-34.16263649972222,-70.68785889972223,JPEG,6123992,Lo Castillo,ground
696902a9ece43907fa70ad16,/home/malezainia1/dev/INIA_DeepLearning_Ubuntu_mod_lleon/data/campo5_enero26/Lo Castillo/Celular/20260112_124500.jpg,20260112_124500.jpg,7.1416445,3.8179224,-34.16263649972222,-70.68785889972223,JPEG,5553323,Lo Castillo,ground
696902a9ece43907fa70ad17,/home/malezainia1/dev/INIA_DeepLearning_Ubuntu_mod_lleon/data/campo5_enero26/Lo Castillo/Celular/20260112_124506.jpg,20260112_124506.jpg,8.010686,7.789346,-34.16263649972222,-70.68785889972223,JPEG,5979669,Lo Castillo,ground
696902a9ece43907fa70ad18,/home/malezainia1/dev/INIA_DeepLearning_Ubuntu_mod_lleon/data/campo5_enero26/Lo Castillo/Celular/20260112_124508.jpg,20260112_124508.jpg,7.1473913,3.9501088,-34.16263649972222,-70.68785889972223,JPEG,6237168,Lo Castillo,ground
696902a9ece43907fa70ad19,/home/malezainia1/dev/INIA_DeepLearning_Ubuntu_mod_lleon/data/campo5_enero26/Lo Castillo/Celular/20260112_124521.jpg,20260112_124521.jpg,7.6115336,5.6727557,-34.16263649972222,-70.68785889972223,JPEG,6496330,Lo Castillo,ground
696902a9ece43907fa70ad1a,/home/malezainia1/dev/INIA_DeepLearning_Ubuntu_mod_lleon/data/campo5_enero26/Lo Castillo/Celular/20260112_124524.jpg,20260112_124524.jpg,7.188239,4.067299,-34.16263649972222,-70.68785889972223,JPEG,6150305,Lo Castillo,ground
696902a9ece43907fa70ad1b,/home/malezainia1/dev/INIA_DeepLearning_Ubuntu_mod_lleon/data/campo5_enero26/Lo Castillo/Celular/20260112_124533.jpg,20260112_124533.jpg,7.289679,8.3510895,-34.16263649972222,-70.68785889972223,JPEG,6299279,Lo Castillo,ground
696902a9ece43907fa70ad1c,/home/malezainia1/dev/INIA_DeepLearning_Ubuntu_mod_lleon/data/campo5_enero26/Lo Castillo/Celular/20260112_124538.jpg,20260112_124538.jpg,8.891625,5.685075,-34.16220309972222,-70.68744809972223,JPEG,6115860,Lo Castillo,ground
696902a9ece43907fa70ad1d,/home/malezainia1/dev/INIA_DeepLearning_Ubuntu_mod_lleon/data/campo5_enero26/Lo Castillo/Celular/20260112_124540.jpg,20260112_124540.jpg,7.5885963,5.4106417,-34.1621978,-70.6874379,JPEG,6034495,Lo Castillo,ground
696902a9ece43907fa70ad1e,/home/malezainia1/dev/INIA_DeepLearning_Ubuntu_mod_lleon/data/campo5_enero26/Lo Castillo/Celular/20260112_124544.jpg,20260112_124544.jpg,9.4867525,7.6069365,-34.1621978,-70.6874379,JPEG,6199145,Lo Castillo,ground
696902a9ece43907fa70ad1f,/home/malezainia1/dev/INIA_DeepLearning_Ubuntu_mod_lleon/data/campo5_enero26/Lo Castillo/Celular/20260112_124613.jpg,20260112_124613.jpg,5.7939634,6.7976136,-34.162145699999996,-70.68739779972222,JPEG,5693460,Lo Castillo,ground
696902a9ece43907fa70ad20,/home/malezainia1/dev/INIA_DeepLearning_Ubuntu_mod_lleon/data/campo5_enero26/Lo Castillo/Celular/20260112_124625.jpg,20260112_124625.jpg,7.069743,6.639843,-34.16211059972222,-70.6873527,JPEG,6262346,Lo Castillo,ground
696902a9ece43907fa70ad21,/home/malezainia1/dev/INIA_DeepLearning_Ubuntu_mod_lleon/data/campo5_enero26/Lo Castillo/Celular/20260112_124626.jpg,20260112_124626.jpg,7.981477,8.266246,-34.16211059972222,-70.6873527,JPEG,5787521,Lo Castillo,ground
696902a9ece43907fa70ad22,/home/malezainia1/dev/INIA_DeepLearning_Ubuntu_mod_lleon/data/campo5_enero26/Lo Castillo/Celular/20260112_124629.jpg,20260112_124629.jpg,8.41191,7.243116,-34.16211059972222,-70.6873527,JPEG,6524671,Lo Castillo,ground
696902a9ece43907fa70ad23,/home/malezainia1/dev/INIA_DeepLearning_Ubuntu_mod_lleon/data/campo5_enero26/Lo Castillo/Celular/20260112_124630.jpg,20260112_124630.jpg,6.2835684,7.760781,-34.16211059972222,-70.6873527,JPEG,5755508,Lo Castillo,ground
696902a9ece43907fa70ad24,/home/malezainia1/dev/INIA_DeepLearning_Ubuntu_mod_lleon/data/campo5_enero26/Lo Castillo/Celular/20260112_124634.jpg,20260112_124634.jpg,7.7611313,5.6086717,-34.16211059972222,-70.6873527,JPEG,5533189,Lo Castillo,ground
696902a9ece43907fa70ad25,/home/malezainia1/dev/INIA_DeepLearning_Ubuntu_mod_lleon/data/campo5_enero26/Lo Castillo/Celular/20260112_124637.jpg,20260112_124637.jpg,7.0129275,8.414084,-34.16211059972222,-70.6873527,JPEG,5586324,Lo Castillo,ground
696902a9ece43907fa70ad26,/home/malezainia1/dev/INIA_DeepLearning_Ubuntu_mod_lleon/data/campo5_enero26/Lo Castillo/Celular/20260112_124645.jpg,20260112_124645.jpg,6.774138,5.3472958,-34.16211059972222,-70.6873527,JPEG,5734094,Lo Castillo,ground
696902a9ece43907fa70ad27,/home/malezainia1/dev/INIA_DeepLearning_Ubuntu_mod_lleon/data/campo5_enero26/Lo Castillo/Celular/20260112_124651.jpg,20260112_124651.jpg,5.7614264,7.015464,-34.16211059972222,-70.6873527,JPEG,4547269,Lo Castillo,ground
696902a9ece43907fa70ad28,/home/malezainia1/dev/INIA_DeepLearning_Ubuntu_mod_lleon/data/campo5_enero26/Lo Castillo/Celular/20260112_124652.jpg,20260112_124652.jpg,5.4080276,6.897523,-34.16211059972222,-70.6873527,JPEG,5116712,Lo Castillo,ground
696902a9ece43907fa70ad29,/home/malezainia1/dev/INIA_DeepLearning_Ubuntu_mod_lleon/data/campo5_enero26/Lo Castillo/Celular/20260112_124653.jpg,20260112_124653.jpg,5.839139,6.8288436,-34.16211059972222,-70.6873527,JPEG,5367926,Lo Castillo,ground
696902a9ece43907fa70ad2a,/home/malezainia1/dev/INIA_DeepLearning_Ubuntu_mod_lleon/data/campo5_enero26/Lo Castillo/Celular/20260112_124654.jpg,20260112_124654.jpg,7.397956,5.4395533,-34.16211059972222,-70.6873527,JPEG,5330335,Lo Castillo,ground
696902a9ece43907fa70ad2b,/home/malezainia1/dev/INIA_DeepLearning_Ubuntu_mod_lleon/data/campo5_enero26/Lo Castillo/Celular/20260112_124656.jpg,20260112_124656.jpg,5.010297,9.101068,-34.16211059972222,-70.6873527,JPEG,5556943,Lo Castillo,ground
696902a9ece43907fa70ad2c,/home/malezainia1/dev/INIA_DeepLearning_Ubuntu_mod_lleon/data/campo5_enero26/Lo Castillo/Celular/20260112_124658(0).jpg,20260112_124658(0).jpg,6.5260158,8.801575,-34.16211059972222,-70.6873527,JPEG,5590837,Lo Castillo,ground
696902a9ece43907fa70ad2d,/home/malezainia1/dev/INIA_DeepLearning_Ubuntu_mod_lleon/data/campo5_enero26/Lo Castillo/Celular/20260112_124658.jpg,20260112_124658.jpg,6.800641,4.275693,-34.16211059972222,-70.6873527,JPEG,5164738,Lo Castillo,ground
696902a9ece43907fa70ad2e,/home/malezainia1/dev/INIA_DeepLearning_Ubuntu_mod_lleon/data/campo5_enero26/Lo Castillo/Celular/20260112_124659.jpg,20260112_124659.jpg,9.345242,7.8575583,-34.16211059972222,-70.6873527,JPEG,5538299,Lo Castillo,ground
696902a9ece43907fa70ad2f,/home/malezainia1/dev/INIA_DeepLearning_Ubuntu_mod_lleon/data/campo5_enero26/Lo Castillo/Celular/20260112_124700.jpg,20260112_124700.jpg,8.01535,6.1575937,-34.16211059972222,-70.6873527,JPEG,5559034,Lo Castillo,ground
696902a9ece43907fa70ad30,/home/malezainia1/dev/INIA_DeepLearning_Ubuntu_mod_lleon/data/campo5_enero26/Lo Castillo/Celular/20260112_124702.jpg,20260112_124702.jpg,7.23868,5.6261215,-34.16211059972222,-70.6873527,JPEG,5719556,Lo Castillo,ground
696902a9ece43907fa70ad31,/home/malezainia1/dev/INIA_DeepLearning_Ubuntu_mod_lleon/data/campo5_enero26/Lo Castillo/Celular/20260112_124703(0).jpg,20260112_124703(0).jpg,8.169413,6.0116253,-34.16211059972222,-70.6873527,JPEG,5635128,Lo Castillo,ground
696902a9ece43907fa70ad32,/home/malezainia1/dev/INIA_DeepLearning_Ubuntu_mod_lleon/data/campo5_enero26/Lo Castillo/Celular/20260112_124703.jpg,20260112_124703.jpg,8.567428,6.028181,-34.16211059972222,-70.6873527,JPEG,5811195,Lo Castillo,ground
696902a9ece43907fa70ad33,/home/malezainia1/dev/INIA_DeepLearning_Ubuntu_mod_lleon/data/campo5_enero26/Lo Castillo/Celular/20260112_124704.jpg,20260112_124704.jpg,6.735487,7.8575134,-34.16211059972222,-70.6873527,JPEG,5686230,Lo Castillo,ground
696902a9ece43907fa70ad34,/home/malezainia1/dev/INIA_DeepLearning_Ubuntu_mod_lleon/data/campo5_enero26/Lo Castillo/Celular/20260112_124705.jpg,20260112_124705.jpg,8.6242,5.1988964,-34.16211059972222,-70.6873527,JPEG,5802645,Lo Castillo,ground
696902a9ece43907fa70ad35,/home/malezainia1/dev/INIA_DeepLearning_Ubuntu_mod_lleon/data/campo5_enero26/Lo Castillo/Celular/20260112_124706.jpg,20260112_124706.jpg,8.055407,7.698197,-34.16211059972222,-70.6873527,JPEG,5683326,Lo Castillo,ground
696902a9ece43907fa70ad36,/home/malezainia1/dev/INIA_DeepLearning_Ubuntu_mod_lleon/data/campo5_enero26/Lo Castillo/Celular/20260112_124707(0).jpg,20260112_124707(0).jpg,8.861107,5.6109433,-34.16211059972222,-70.6873527,JPEG,5908092,Lo Castillo,ground
696902a9ece43907fa70ad37,/home/malezainia1/dev/INIA_DeepLearning_Ubuntu_mod_lleon/data/campo5_enero26/Lo Castillo/Celular/20260112_124707.jpg,20260112_124707.jpg,7.343886,8.250859,-34.16211059972222,-70.6873527,JPEG,5946687,Lo Castillo,ground
696902a9ece43907fa70ad38,/home/malezainia1/dev/INIA_DeepLearning_Ubuntu_mod_lleon/data/campo5_enero26/Lo Castillo/Celular/20260112_124708.jpg,20260112_124708.jpg,8.52633,5.8490148,-34.16211059972222,-70.6873527,JPEG,5696472,Lo Castillo,ground
696902a9ece43907fa70ad39,/home/malezainia1/dev/INIA_DeepLearning_Ubuntu_mod_lleon/data/campo5_enero26/Lo Castillo/Celular/20260112_124709.jpg,20260112_124709.jpg,7.03908,9.687138,-34.16211059972222,-70.6873527,JPEG,6003484,Lo Castillo,ground
696902a9ece43907fa70ad3a,/home/malezainia1/dev/INIA_DeepLearning_Ubuntu_mod_lleon/data/campo5_enero26/Lo Castillo/Celular/20260112_124710.jpg,20260112_124710.jpg,6.5678983,4.5335555,-34.16211059972222,-70.6873527,JPEG,5936476,Lo Castillo,ground
696902a9ece43907fa70ad3b,/home/malezainia1/dev/INIA_DeepLearning_Ubuntu_mod_lleon/data/campo5_enero26/Lo Castillo/Celular/20260112_124714(0).jpg,20260112_124714(0).jpg,9.823925,7.750845,-34.16211059972222,-70.6873527,JPEG,5831153,Lo Castillo,ground
696902a9ece43907fa70ad3c,/home/malezainia1/dev/INIA_DeepLearning_Ubuntu_mod_lleon/data/campo5_enero26/Lo Castillo/Celular/20260112_124714.jpg,20260112_124714.jpg,6.612451,4.3529606,-34.16211059972222,-70.6873527,JPEG,5032748,Lo Castillo,ground
696902a9ece43907fa70ad3d,/home/malezainia1/dev/INIA_DeepLearning_Ubuntu_mod_lleon/data/campo5_enero26/Lo Castillo/Celular/20260112_124717.jpg,20260112_124717.jpg,8.344909,5.9982643,-34.161751099722224,-70.6869887,JPEG,5673243,Lo Castillo,ground
696902a9ece43907fa70ad3e,/home/malezainia1/dev/INIA_DeepLearning_Ubuntu_mod_lleon/data/campo5_enero26/Lo Castillo/Celular/20260112_124718.jpg,20260112_124718.jpg,6.6529784,6.0817637,-34.161751099722224,-70.6869887,JPEG,5625332,Lo Castillo,ground
696902a9ece43907fa70ad3f,/home/malezainia1/dev/INIA_DeepLearning_Ubuntu_mod_lleon/data/campo5_enero26/Lo Castillo/Celular/20260112_124719.jpg,20260112_124719.jpg,6.4517446,5.841589,-34.161743,-70.6869841,JPEG,6062777,Lo Castillo,ground
696902a9ece43907fa70ad40,/home/malezainia1/dev/INIA_DeepLearning_Ubuntu_mod_lleon/data/campo5_enero26/Lo Castillo/Celular/20260112_124720.jpg,20260112_124720.jpg,5.1220903,6.89727,-34.161743,-70.6869841,JPEG,5380532,Lo Castillo,ground
696902a9ece43907fa70ad41,/home/malezainia1/dev/INIA_DeepLearning_Ubuntu_mod_lleon/data/campo5_enero26/Lo Castillo/Celular/20260112_124723.jpg,20260112_124723.jpg,5.5600605,7.8808427,-34.161743,-70.6869841,JPEG,5667179,Lo Castillo,ground
696902a9ece43907fa70ad42,/home/malezainia1/dev/INIA_DeepLearning_Ubuntu_mod_lleon/data/campo5_enero26/Lo Castillo/Celular/20260112_124724.jpg,20260112_124724.jpg,5.7495556,7.20563,-34.161743,-70.6869841,JPEG,6203159,Lo Castillo,ground
696902a9ece43907fa70ad43,/home/malezainia1/dev/INIA_DeepLearning_Ubuntu_mod_lleon/data/campo5_enero26/Lo Castillo/Celular/20260112_124726.jpg,20260112_124726.jpg,8.508713,5.86745,-34.161743,-70.6869841,JPEG,5809828,Lo Castillo,ground
696902a9ece43907fa70ad44,/home/malezainia1/dev/INIA_DeepLearning_Ubuntu_mod_lleon/data/campo5_enero26/Lo Castillo/Celular/20260112_124727.jpg,20260112_124727.jpg,6.8403306,5.2138066,-34.161743,-70.6869841,JPEG,5320726,Lo Castillo,ground
696902a9ece43907fa70ad45,/home/malezainia1/dev/INIA_DeepLearning_Ubuntu_mod_lleon/data/campo5_enero26/Lo Castillo/Celular/20260112_124728.jpg,20260112_124728.jpg,6.580128,5.591134,-34.161743,-70.6869841,JPEG,5674028,Lo Castillo,ground
696902a9ece43907fa70ad46,/home/malezainia1/dev/INIA_DeepLearning_Ubuntu_mod_lleon/data/campo5_enero26/Lo Castillo/Celular/20260112_124733.jpg,20260112_124733.jpg,7.5313663,6.584556,-34.161743,-70.6869841,JPEG,5799369,Lo Castillo,ground
696902a9ece43907fa70ad47,/home/malezainia1/dev/INIA_DeepLearning_Ubuntu_mod_lleon/data/campo5_enero26/Lo Castillo/Celular/20260112_124735.jpg,20260112_124735.jpg,7.4944353,5.183976,-34.161743,-70.6869841,JPEG,5605682,Lo Castillo,ground
696902a9ece43907fa70ad48,/home/malezainia1/dev/INIA_DeepLearning_Ubuntu_mod_lleon/data/campo5_enero26/Lo Castillo/Celular/20260112_124736.jpg,20260112_124736.jpg,6.8201866,4.653936,-34.161743,-70.6869841,JPEG,5955131,Lo Castillo,ground
696902a9ece43907fa70ad49,/home/malezainia1/dev/INIA_DeepLearning_Ubuntu_mod_lleon/data/campo5_enero26/Lo Castillo/Celular/20260112_124739.jpg,20260112_124739.jpg,4.236787,6.509371,-34.161743,-70.6869841,JPEG,5660790,Lo Castillo,ground
696902a9ece43907fa70ad4a,/home/malezainia1/dev/INIA_DeepLearning_Ubuntu_mod_lleon/data/campo5_enero26/Lo Castillo/Celular/20260112_124742(0).jpg,20260112_124742(0).jpg,6.807125,5.637465,-34.161743,-70.6869841,JPEG,5585057,Lo Castillo,ground
696902a9ece43907fa70ad4b,/home/malezainia1/dev/INIA_DeepLearning_Ubuntu_mod_lleon/data/campo5_enero26/Lo Castillo/Celular/20260112_124742.jpg,20260112_124742.jpg,6.213782,7.580346,-34.161743,-70.6869841,JPEG,6122845,Lo Castillo,ground
696902a9ece43907fa70ad4c,/home/malezainia1/dev/INIA_DeepLearning_Ubuntu_mod_lleon/data/campo5_enero26/Lo Castillo/Celular/20260112_124744.jpg,20260112_124744.jpg,7.6211176,8.365224,-34.161743,-70.6869841,JPEG,5609578,Lo Castillo,ground
696902a9ece43907fa70ad4d,/home/malezainia1/dev/INIA_DeepLearning_Ubuntu_mod_lleon/data/campo5_enero26/Lo Castillo/Celular/20260112_124745(0).jpg,20260112_124745(0).jpg,7.1073937,5.672615,-34.161743,-70.6869841,JPEG,5863207,Lo Castillo,ground
696902a9ece43907fa70ad4e,/home/malezainia1/dev/INIA_DeepLearning_Ubuntu_mod_lleon/data/campo5_enero26/Lo Castillo/Celular/20260112_124745.jpg,20260112_124745.jpg,8.642314,6.1900973,-34.161743,-70.6869841,JPEG,4760092,Lo Castillo,ground
696902a9ece43907fa70ad4f,/home/malezainia1/dev/INIA_DeepLearning_Ubuntu_mod_lleon/data/campo5_enero26/Lo Castillo/Celular/20260112_124747.jpg,20260112_124747.jpg,8.803534,5.7494645,-34.161743,-70.6869841,JPEG,5812407,Lo Castillo,ground
696902a9ece43907fa70ad50,/home/malezainia1/dev/INIA_DeepLearning_Ubuntu_mod_lleon/data/campo5_enero26/Lo Castillo/Celular/20260112_124748.jpg,20260112_124748.jpg,6.928845,5.5515103,-34.161743,-70.6869841,JPEG,6130892,Lo Castillo,ground
696902a9ece43907fa70ad51,/home/malezainia1/dev/INIA_DeepLearning_Ubuntu_mod_lleon/data/campo5_enero26/Lo Castillo/Celular/20260112_124749.jpg,20260112_124749.jpg,6.3508067,5.796907,-34.161743,-70.6869841,JPEG,5713283,Lo Castillo,ground
696902a9ece43907fa70ad52,/home/malezainia1/dev/INIA_DeepLearning_Ubuntu_mod_lleon/data/campo5_enero26/Lo Castillo/Celular/20260112_124750(0).jpg,20260112_124750(0).jpg,5.0959496,7.52949,-34.161743,-70.6869841,JPEG,5281254,Lo Castillo,ground
696902a9ece43907fa70ad53,/home/malezainia1/dev/INIA_DeepLearning_Ubuntu_mod_lleon/data/campo5_enero26/Lo Castillo/Celular/20260112_124750.jpg,20260112_124750.jpg,9.106263,7.5640216,-34.161743,-70.6869841,JPEG,5984722,Lo Castillo,ground
696902a9ece43907fa70ad54,/home/malezainia1/dev/INIA_DeepLearning_Ubuntu_mod_lleon/data/campo5_enero26/Lo Castillo/Celular/20260112_124751.jpg,20260112_124751.jpg,10.224154,5.919961,-34.161743,-70.6869841,JPEG,6096775,Lo Castillo,ground
696902a9ece43907fa70ad55,/home/malezainia1/dev/INIA_DeepLearning_Ubuntu_mod_lleon/data/campo5_enero26/Lo Castillo/Celular/20260112_124753.jpg,20260112_124753.jpg,7.5346255,5.709884,-34.161743,-70.6869841,JPEG,5773529,Lo Castillo,ground
696902a9ece43907fa70ad56,/home/malezainia1/dev/INIA_DeepLearning_Ubuntu_mod_lleon/data/campo5_enero26/Lo Castillo/Celular/20260112_124755.jpg,20260112_124755.jpg,8.450463,5.7773805,-34.161743,-70.6869841,JPEG,5468179,Lo Castillo,ground
696902a9ece43907fa70ad57,/home/malezainia1/dev/INIA_DeepLearning_Ubuntu_mod_lleon/data/campo5_enero26/Lo Castillo/Celular/20260112_124756.jpg,20260112_124756.jpg,7.571985,5.6168146,-34.161743,-70.6869841,JPEG,6053220,Lo Castillo,ground
696902a9ece43907fa70ad58,/home/malezainia1/dev/INIA_DeepLearning_Ubuntu_mod_lleon/data/campo5_enero26/Lo Castillo/Celular/20260112_124758.jpg,20260112_124758.jpg,8.165406,5.8528776,-34.161743,-70.6869841,JPEG,3905747,Lo Castillo,ground
696902a9ece43907fa70ad59,/home/malezainia1/dev/INIA_DeepLearning_Ubuntu_mod_lleon/data/campo5_enero26/Lo Castillo/Celular/20260112_124759.jpg,20260112_124759.jpg,6.0516133,10.015647,-34.161743,-70.6869841,JPEG,5905812,Lo Castillo,ground
696902a9ece43907fa70ad5a,/home/malezainia1/dev/INIA_DeepLearning_Ubuntu_mod_lleon/data/campo5_enero26/Lo Castillo/Celular/20260112_124803(0).jpg,20260112_124803(0).jpg,7.301633,9.274024,-34.161743,-70.6869841,JPEG,6288985,Lo Castillo,ground
696902a9ece43907fa70ad5b,/home/malezainia1/dev/INIA_DeepLearning_Ubuntu_mod_lleon/data/campo5_enero26/Lo Castillo/Celular/20260112_124803.jpg,20260112_124803.jpg,8.507051,5.46583,-34.161743,-70.6869841,JPEG,5512787,Lo Castillo,ground
696902a9ece43907fa70ad5c,/home/malezainia1/dev/INIA_DeepLearning_Ubuntu_mod_lleon/data/campo5_enero26/Lo Castillo/Celular/20260112_124805.jpg,20260112_124805.jpg,6.5900517,6.4519114,-34.161743,-70.6869841,JPEG,5421918,Lo Castillo,ground
696902a9ece43907fa70ad5d,/home/malezainia1/dev/INIA_DeepLearning_Ubuntu_mod_lleon/data/campo5_enero26/Lo Castillo/Celular/20260112_124806.jpg,20260112_124806.jpg,8.164892,9.507201,-34.161743,-70.6869841,JPEG,5363862,Lo Castillo,ground
696902a9ece43907fa70ad5e,/home/malezainia1/dev/INIA_DeepLearning_Ubuntu_mod_lleon/data/campo5_enero26/Lo Castillo/Celular/20260112_124807.jpg,20260112_124807.jpg,6.0451026,9.749275,-34.161743,-70.6869841,JPEG,5944649,Lo Castillo,ground
696902a9ece43907fa70ad5f,/home/malezainia1/dev/INIA_DeepLearning_Ubuntu_mod_lleon/data/campo5_enero26/Lo Castillo/Celular/20260112_124809.jpg,20260112_124809.jpg,8.150191,9.583798,-34.161743,-70.6869841,JPEG,6082699,Lo Castillo,ground
696902a9ece43907fa70ad60,/home/malezainia1/dev/INIA_DeepLearning_Ubuntu_mod_lleon/data/campo5_enero26/Lo Castillo/Celular/20260112_124812(0).jpg,20260112_124812(0).jpg,7.7903595,9.793154,-34.161743,-70.6869841,JPEG,6018832,Lo Castillo,ground
696902a9ece43907fa70ad61,/home/malezainia1/dev/INIA_DeepLearning_Ubuntu_mod_lleon/data/campo5_enero26/Lo Castillo/Celular/20260112_124812.jpg,20260112_124812.jpg,5.344313,6.725168,-34.161743,-70.6869841,JPEG,6326011,Lo Castillo,ground
696902a9ece43907fa70ad62,/home/malezainia1/dev/INIA_DeepLearning_Ubuntu_mod_lleon/data/campo5_enero26/Lo Castillo/Celular/20260112_124829.jpg,20260112_124829.jpg,6.5562778,10.024992,-34.161318099999995,-70.68662,JPEG,6432418,Lo Castillo,ground
696902a9ece43907fa70ad63,/home/malezainia1/dev/INIA_DeepLearning_Ubuntu_mod_lleon/data/campo5_enero26/Lo Castillo/Celular/20260112_124830.jpg,20260112_124830.jpg,6.142727,10.045671,-34.161318099999995,-70.68662,JPEG,5255292,Lo Castillo,ground
696902a9ece43907fa70ad64,/home/malezainia1/dev/INIA_DeepLearning_Ubuntu_mod_lleon/data/campo5_enero26/Lo Castillo/Celular/20260112_124834.jpg,20260112_124834.jpg,6.1491013,9.57616,-34.161318099999995,-70.68662,JPEG,6269719,Lo Castillo,ground
696902a9ece43907fa70ad65,/home/malezainia1/dev/INIA_DeepLearning_Ubuntu_mod_lleon/data/campo5_enero26/Lo Castillo/Celular/20260112_124835.jpg,20260112_124835.jpg,5.938754,9.766503,-34.161318099999995,-70.68662,JPEG,6011015,Lo Castillo,ground
696902a9ece43907fa70ad66,/home/malezainia1/dev/INIA_DeepLearning_Ubuntu_mod_lleon/data/campo5_enero26/Lo Castillo/Celular/20260112_124836.jpg,20260112_124836.jpg,5.4266133,6.7342877,-34.161318099999995,-70.68662,JPEG,6056100,Lo Castillo,ground
696902a9ece43907fa70ad67,/home/malezainia1/dev/INIA_DeepLearning_Ubuntu_mod_lleon/data/campo5_enero26/Lo Castillo/Celular/20260112_124859.jpg,20260112_124859.jpg,6.0892615,10.001148,-34.161318099999995,-70.68662,JPEG,4962123,Lo Castillo,ground
696902a9ece43907fa70ad68,/home/malezainia1/dev/INIA_DeepLearning_Ubuntu_mod_lleon/data/campo5_enero26/Lo Castillo/Celular/20260112_124901.jpg,20260112_124901.jpg,6.1093497,8.865333,-34.161318099999995,-70.68662,JPEG,5753493,Lo Castillo,ground
696902a9ece43907fa70ad69,/home/malezainia1/dev/INIA_DeepLearning_Ubuntu_mod_lleon/data/campo5_enero26/Lo Castillo/Celular/20260112_124910.jpg,20260112_124910.jpg,7.5405674,8.767848,-34.16111039972222,-70.68656919972223,JPEG,6105945,Lo Castillo,ground
696902a9ece43907fa70ad6a,/home/malezainia1/dev/INIA_DeepLearning_Ubuntu_mod_lleon/data/campo5_enero26/Lo Castillo/Celular/20260112_124912.jpg,20260112_124912.jpg,6.456472,9.208054,-34.16111039972222,-70.68656919972223,JPEG,4898984,Lo Castillo,ground
696902a9ece43907fa70ad6b,/home/malezainia1/dev/INIA_DeepLearning_Ubuntu_mod_lleon/data/campo5_enero26/Lo Castillo/Celular/20260112_124938.jpg,20260112_124938.jpg,8.878932,8.914185,-34.16111039972222,-70.68656919972223,JPEG,5888449,Lo Castillo,ground
696902a9ece43907fa70ad6c,/home/malezainia1/dev/INIA_DeepLearning_Ubuntu_mod_lleon/data/campo5_enero26/Lo Castillo/Celular/20260112_124940.jpg,20260112_124940.jpg,7.462231,10.0780525,-34.16111039972222,-70.68656919972223,JPEG,5434142,Lo Castillo,ground
696902a9ece43907fa70ad6d,/home/malezainia1/dev/INIA_DeepLearning_Ubuntu_mod_lleon/data/campo5_enero26/Lo Castillo/Celular/20260112_124941.jpg,20260112_124941.jpg,7.964699,3.865765,-34.16111039972222,-70.68656919972223,JPEG,4214409,Lo Castillo,ground
696902a9ece43907fa70ad6e,/home/malezainia1/dev/INIA_DeepLearning_Ubuntu_mod_lleon/data/campo5_enero26/Lo Castillo/Celular/20260112_124943.jpg,20260112_124943.jpg,4.446252,4.9770327,-34.16111039972222,-70.68656919972223,JPEG,4081901,Lo Castillo,ground
696902a9ece43907fa70ad6f,/home/malezainia1/dev/INIA_DeepLearning_Ubuntu_mod_lleon/data/campo5_enero26/Lo Castillo/Celular/20260112_124944.jpg,20260112_124944.jpg,6.4486804,9.736826,-34.16111039972222,-70.68656919972223,JPEG,5894844,Lo Castillo,ground
696902a9ece43907fa70ad70,/home/malezainia1/dev/INIA_DeepLearning_Ubuntu_mod_lleon/data/campo5_enero26/Lo Castillo/Celular/20260112_124948(0).jpg,20260112_124948(0).jpg,8.432009,9.240199,-34.16111039972222,-70.68656919972223,JPEG,4854192,Lo Castillo,ground
696902a9ece43907fa70ad71,/home/malezainia1/dev/INIA_DeepLearning_Ubuntu_mod_lleon/data/campo5_enero26/Lo Castillo/Celular/20260112_124948.jpg,20260112_124948.jpg,8.029857,9.568248,-34.16111039972222,-70.68656919972223,JPEG,4579776,Lo Castillo,ground
696902a9ece43907fa70ad72,/home/malezainia1/dev/INIA_DeepLearning_Ubuntu_mod_lleon/data/campo5_enero26/Lo Castillo/Celular/20260112_124950.jpg,20260112_124950.jpg,6.3736377,7.7558856,-34.16111039972222,-70.68656919972223,JPEG,4671423,Lo Castillo,ground
696902a9ece43907fa70ad73,/home/malezainia1/dev/INIA_DeepLearning_Ubuntu_mod_lleon/data/campo5_enero26/Lo Castillo/Celular/20260112_124951.jpg,20260112_124951.jpg,2.0337927,4.6346636,-34.16111039972222,-70.68656919972223,JPEG,4486257,Lo Castillo,ground
696902a9ece43907fa70ad74,/home/malezainia1/dev/INIA_DeepLearning_Ubuntu_mod_lleon/data/campo5_enero26/Lo Castillo/Celular/20260112_124952.jpg,20260112_124952.jpg,6.12708,9.999508,-34.16111039972222,-70.68656919972223,JPEG,5868006,Lo Castillo,ground
696902a9ece43907fa70ad75,/home/malezainia1/dev/INIA_DeepLearning_Ubuntu_mod_lleon/data/campo5_enero26/Lo Castillo/Celular/20260112_124954.jpg,20260112_124954.jpg,6.1541824,10.003885,-34.16111039972222,-70.68656919972223,JPEG,5416728,Lo Castillo,ground
696902a9ece43907fa70ad76,/home/malezainia1/dev/INIA_DeepLearning_Ubuntu_mod_lleon/data/campo5_enero26/Lo Castillo/Celular/20260112_124959(0).jpg,20260112_124959(0).jpg,7.6681213,8.641907,-34.161515199722224,-70.68696459972223,JPEG,5579408,Lo Castillo,ground
696902a9ece43907fa70ad77,/home/malezainia1/dev/INIA_DeepLearning_Ubuntu_mod_lleon/data/campo5_enero26/Lo Castillo/Celular/20260112_124959.jpg,20260112_124959.jpg,6.0765786,7.131176,-34.161515199722224,-70.68696459972223,JPEG,5498556,Lo Castillo,ground
696902a9ece43907fa70ad78,/home/malezainia1/dev/INIA_DeepLearning_Ubuntu_mod_lleon/data/campo5_enero26/Lo Castillo/Celular/20260112_125006.jpg,20260112_125006.jpg,7.8889976,9.33971,-34.161515199722224,-70.68696459972223,JPEG,5161522,Lo Castillo,ground
696902a9ece43907fa70ad79,/home/malezainia1/dev/INIA_DeepLearning_Ubuntu_mod_lleon/data/campo5_enero26/Lo Castillo/Celular/20260112_125010.jpg,20260112_125010.jpg,2.5808096,4.9518623,-34.161515199722224,-70.68696459972223,JPEG,4536904,Lo Castillo,ground
696902a9ece43907fa70ad7a,/home/malezainia1/dev/INIA_DeepLearning_Ubuntu_mod_lleon/data/campo5_enero26/Lo Castillo/Celular/20260112_125011.jpg,20260112_125011.jpg,4.099839,7.2996464,-34.161515199722224,-70.68696459972223,JPEG,5409425,Lo Castillo,ground
696902a9ece43907fa70ad7b,/home/malezainia1/dev/INIA_DeepLearning_Ubuntu_mod_lleon/data/campo5_enero26/Lo Castillo/Celular/20260112_125012.jpg,20260112_125012.jpg,7.7135854,9.941064,-34.161515199722224,-70.68696459972223,JPEG,5926297,Lo Castillo,ground
696902a9ece43907fa70ad7c,/home/malezainia1/dev/INIA_DeepLearning_Ubuntu_mod_lleon/data/campo5_enero26/Lo Castillo/Celular/20260112_125014.jpg,20260112_125014.jpg,7.2100954,10.051849,-34.161515199722224,-70.68696459972223,JPEG,4924779,Lo Castillo,ground
696902a9ece43907fa70ad7d,/home/malezainia1/dev/INIA_DeepLearning_Ubuntu_mod_lleon/data/campo5_enero26/Lo Castillo/Celular/20260112_125015.jpg,20260112_125015.jpg,6.0213156,9.607735,-34.161515199722224,-70.68696459972223,JPEG,4618938,Lo Castillo,ground
696902a9ece43907fa70ad7e,/home/malezainia1/dev/INIA_DeepLearning_Ubuntu_mod_lleon/data/campo5_enero26/Lo Castillo/Celular/20260112_125023.jpg,20260112_125023.jpg,5.401765,8.503263,-34.161515199722224,-70.68696459972223,JPEG,4096687,Lo Castillo,ground
696902a9ece43907fa70ad7f,/home/malezainia1/dev/INIA_DeepLearning_Ubuntu_mod_lleon/data/campo5_enero26/Lo Castillo/Celular/20260112_125037.jpg,20260112_125037.jpg,4.7283545,8.249475,-34.161515199722224,-70.68696459972223,JPEG,5427066,Lo Castillo,ground
696902a9ece43907fa70ad80,/home/malezainia1/dev/INIA_DeepLearning_Ubuntu_mod_lleon/data/campo5_enero26/Lo Castillo/Celular/20260112_125039.jpg,20260112_125039.jpg,5.3194065,6.6513376,-34.161515199722224,-70.68696459972223,JPEG,4550038,Lo Castillo,ground
696902a9ece43907fa70ad81,/home/malezainia1/dev/INIA_DeepLearning_Ubuntu_mod_lleon/data/campo5_enero26/Lo Castillo/Celular/20260112_125040.jpg,20260112_125040.jpg,7.57029,8.7739,-34.161515199722224,-70.68696459972223,JPEG,4160607,Lo Castillo,ground
696902a9ece43907fa70ad82,/home/malezainia1/dev/INIA_DeepLearning_Ubuntu_mod_lleon/data/campo5_enero26/Lo Castillo/Celular/20260112_125042(0).jpg,20260112_125042(0).jpg,5.2682567,9.348944,-34.161515199722224,-70.68696459972223,JPEG,5428230,Lo Castillo,ground
696902a9ece43907fa70ad83,/home/malezainia1/dev/INIA_DeepLearning_Ubuntu_mod_lleon/data/campo5_enero26/Lo Castillo/Celular/20260112_125042.jpg,20260112_125042.jpg,5.375479,9.258088,-34.161515199722224,-70.68696459972223,JPEG,4793315,Lo Castillo,ground
696902a9ece43907fa70ad84,/home/malezainia1/dev/INIA_DeepLearning_Ubuntu_mod_lleon/data/campo5_enero26/Lo Castillo/Celular/20260112_125044.jpg,20260112_125044.jpg,5.3735027,9.112337,-34.161515199722224,-70.68696459972223,JPEG,5098290,Lo Castillo,ground
696902a9ece43907fa70ad85,/home/malezainia1/dev/INIA_DeepLearning_Ubuntu_mod_lleon/data/campo5_enero26/Lo Castillo/Celular/20260112_125045.jpg,20260112_125045.jpg,8.253852,9.43149,-34.161515199722224,-70.68696459972223,JPEG,4512776,Lo Castillo,ground
696902a9ece43907fa70ad86,/home/malezainia1/dev/INIA_DeepLearning_Ubuntu_mod_lleon/data/campo5_enero26/Lo Castillo/Celular/20260112_125046.jpg,20260112_125046.jpg,7.4674377,10.054092,-34.161515199722224,-70.68696459972223,JPEG,5284950,Lo Castillo,ground
696902a9ece43907fa70ad87,/home/malezainia1/dev/INIA_DeepLearning_Ubuntu_mod_lleon/data/campo5_enero26/Lo Castillo/Celular/20260112_125047.jpg,20260112_125047.jpg,2.9230285,5.04899,-34.161515199722224,-70.68696459972223,JPEG,4761274,Lo Castillo,ground
696902a9ece43907fa70ad88,/home/malezainia1/dev/INIA_DeepLearning_Ubuntu_mod_lleon/data/campo5_enero26/Lo Castillo/Celular/20260112_125048.jpg,20260112_125048.jpg,9.408177,7.045225,-34.161515199722224,-70.68696459972223,JPEG,5367066,Lo Castillo,ground
696902a9ece43907fa70ad89,/home/malezainia1/dev/INIA_DeepLearning_Ubuntu_mod_lleon/data/campo5_enero26/Lo Castillo/Celular/20260112_125049.jpg,20260112_125049.jpg,7.936261,8.806881,-34.161515199722224,-70.68696459972223,JPEG,4516310,Lo Castillo,ground
696902a9ece43907fa70ad8a,/home/malezainia1/dev/INIA_DeepLearning_Ubuntu_mod_lleon/data/campo5_enero26/Lo Castillo/Celular/20260112_125051.jpg,20260112_125051.jpg,3.8978941,7.2848744,-34.161515199722224,-70.68696459972223,JPEG,5332143,Lo Castillo,ground
696902a9ece43907fa70ad8b,/home/malezainia1/dev/INIA_DeepLearning_Ubuntu_mod_lleon/data/campo5_enero26/Lo Castillo/Celular/20260112_125114.jpg,20260112_125114.jpg,4.7234273,5.1536937,-34.16190579972222,-70.68734129972222,JPEG,3941066,Lo Castillo,ground
696902a9ece43907fa70ad8c,/home/malezainia1/dev/INIA_DeepLearning_Ubuntu_mod_lleon/data/campo5_enero26/Lo Castillo/Celular/20260112_125115.jpg,20260112_125115.jpg,4.0158086,6.4280486,-34.16190579972222,-70.68734129972222,JPEG,4905068,Lo Castillo,ground
696902a9ece43907fa70ad8d,/home/malezainia1/dev/INIA_DeepLearning_Ubuntu_mod_lleon/data/campo5_enero26/Lo Castillo/Celular/20260112_125117.jpg,20260112_125117.jpg,8.541838,3.597589,-34.16190579972222,-70.68734129972222,JPEG,4366089,Lo Castillo,ground
696902a9ece43907fa70ad8e,/home/malezainia1/dev/INIA_DeepLearning_Ubuntu_mod_lleon/data/campo5_enero26/Lo Castillo/Celular/20260112_125118.jpg,20260112_125118.jpg,8.745179,5.3633757,-34.16190579972222,-70.68734129972222,JPEG,5239999,Lo Castillo,ground
696902a9ece43907fa70ad8f,/home/malezainia1/dev/INIA_DeepLearning_Ubuntu_mod_lleon/data/campo5_enero26/Lo Castillo/Celular/20260112_125121(0).jpg,20260112_125121(0).jpg,7.4318237,9.195539,-34.16190579972222,-70.68734129972222,JPEG,5632559,Lo Castillo,ground
696902a9ece43907fa70ad90,/home/malezainia1/dev/INIA_DeepLearning_Ubuntu_mod_lleon/data/campo5_enero26/Lo Castillo/Celular/20260112_125121.jpg,20260112_125121.jpg,7.518488,9.174195,-34.16190579972222,-70.68734129972222,JPEG,5545045,Lo Castillo,ground
696902a9ece43907fa70ad91,/home/malezainia1/dev/INIA_DeepLearning_Ubuntu_mod_lleon/data/campo5_enero26/Lo Castillo/Celular/20260112_125122.jpg,20260112_125122.jpg,8.137791,9.36754,-34.16190579972222,-70.68734129972222,JPEG,5506829,Lo Castillo,ground
696902a9ece43907fa70ad92,/home/malezainia1/dev/INIA_DeepLearning_Ubuntu_mod_lleon/data/campo5_enero26/Lo Castillo/Celular/20260112_125123.jpg,20260112_125123.jpg,6.403855,9.492167,-34.16190579972222,-70.68734129972222,JPEG,5216476,Lo Castillo,ground
696902a9ece43907fa70ad93,/home/malezainia1/dev/INIA_DeepLearning_Ubuntu_mod_lleon/data/campo5_enero26/Lo Castillo/Celular/20260112_125124.jpg,20260112_125124.jpg,6.058356,9.66078,-34.16190579972222,-70.68734129972222,JPEG,5497016,Lo Castillo,ground
696902a9ece43907fa70ad94,/home/malezainia1/dev/INIA_DeepLearning_Ubuntu_mod_lleon/data/campo5_enero26/Lo Castillo/Celular/20260112_125126.jpg,20260112_125126.jpg,7.5289865,9.93543,-34.16190579972222,-70.68734129972222,JPEG,5514164,Lo Castillo,ground
696902a9ece43907fa70ad95,/home/malezainia1/dev/INIA_DeepLearning_Ubuntu_mod_lleon/data/campo5_enero26/Lo Castillo/Celular/20260112_125127(0).jpg,20260112_125127(0).jpg,6.342438,5.3693533,-34.16190579972222,-70.68734129972222,JPEG,4675821,Lo Castillo,ground
696902a9ece43907fa70ad96,/home/malezainia1/dev/INIA_DeepLearning_Ubuntu_mod_lleon/data/campo5_enero26/Lo Castillo/Celular/20260112_125127.jpg,20260112_125127.jpg,8.147291,5.872867,-34.16190579972222,-70.68734129972222,JPEG,4734650,Lo Castillo,ground
696902a9ece43907fa70ad97,/home/malezainia1/dev/INIA_DeepLearning_Ubuntu_mod_lleon/data/campo5_enero26/Lo Castillo/Celular/20260112_125128.jpg,20260112_125128.jpg,4.672015,5.285091,-34.16190579972222,-70.68734129972222,JPEG,4288436,Lo Castillo,ground
696902a9ece43907fa70ad98,/home/malezainia1/dev/INIA_DeepLearning_Ubuntu_mod_lleon/data/campo5_enero26/Lo Castillo/Celular/20260112_125129.jpg,20260112_125129.jpg,7.853635,9.252516,-34.16190579972222,-70.68734129972222,JPEG,5428084,Lo Castillo,ground
696902a9ece43907fa70ad99,/home/malezainia1/dev/INIA_DeepLearning_Ubuntu_mod_lleon/data/campo5_enero26/Lo Castillo/Celular/20260112_125130.jpg,20260112_125130.jpg,5.097682,9.1296425,-34.16190579972222,-70.68734129972222,JPEG,5462796,Lo Castillo,ground
696902a9ece43907fa70ad9a,/home/malezainia1/dev/INIA_DeepLearning_Ubuntu_mod_lleon/data/campo5_enero26/Lo Castillo/Celular/20260112_125131.jpg,20260112_125131.jpg,5.7107167,6.0897,-34.16190579972222,-70.68734129972222,JPEG,4642844,Lo Castillo,ground
696902a9ece43907fa70ad9b,/home/malezainia1/dev/INIA_DeepLearning_Ubuntu_mod_lleon/data/campo5_enero26/Lo Castillo/Celular/20260112_125132.jpg,20260112_125132.jpg,4.328081,5.3495607,-34.16190579972222,-70.68734129972222,JPEG,4867386,Lo Castillo,ground
696902a9ece43907fa70ad9c,/home/malezainia1/dev/INIA_DeepLearning_Ubuntu_mod_lleon/data/campo5_enero26/Lo Castillo/Celular/20260112_125133(0).jpg,20260112_125133(0).jpg,2.8299816,5.8106875,-34.16190579972222,-70.68734129972222,JPEG,5312979,Lo Castillo,ground
696902a9ece43907fa70ad9d,/home/malezainia1/dev/INIA_DeepLearning_Ubuntu_mod_lleon/data/campo5_enero26/Lo Castillo/Celular/20260112_125133.jpg,20260112_125133.jpg,8.861394,8.953554,-34.16190579972222,-70.68734129972222,JPEG,5256727,Lo Castillo,ground
696902a9ece43907fa70ad9e,/home/malezainia1/dev/INIA_DeepLearning_Ubuntu_mod_lleon/data/campo5_enero26/Lo Castillo/Celular/20260112_125135.jpg,20260112_125135.jpg,3.368207,4.8372016,-34.16190579972222,-70.68734129972222,JPEG,4518158,Lo Castillo,ground
696902a9ece43907fa70ad9f,/home/malezainia1/dev/INIA_DeepLearning_Ubuntu_mod_lleon/data/campo5_enero26/Lo Castillo/Celular/20260112_125136.jpg,20260112_125136.jpg,5.2363024,5.5871286,-34.16190579972222,-70.68734129972222,JPEG,4830146,Lo Castillo,ground
696902a9ece43907fa70ada0,/home/malezainia1/dev/INIA_DeepLearning_Ubuntu_mod_lleon/data/campo5_enero26/Lo Castillo/Celular/20260112_125137.jpg,20260112_125137.jpg,7.72658,9.953147,-34.16190579972222,-70.68734129972222,JPEG,5292497,Lo Castillo,ground
696902a9ece43907fa70ada1,/home/malezainia1/dev/INIA_DeepLearning_Ubuntu_mod_lleon/data/campo5_enero26/Lo Castillo/Celular/20260112_125138(0).jpg,20260112_125138(0).jpg,6.4518924,9.879182,-34.16190579972222,-70.68734129972222,JPEG,5109942,Lo Castillo,ground
696902a9ece43907fa70ada2,/home/malezainia1/dev/INIA_DeepLearning_Ubuntu_mod_lleon/data/campo5_enero26/Lo Castillo/Celular/20260112_125138.jpg,20260112_125138.jpg,5.6190925,9.274161,-34.16190579972222,-70.68734129972222,JPEG,5452963,Lo Castillo,ground
696902a9ece43907fa70ada3,/home/malezainia1/dev/INIA_DeepLearning_Ubuntu_mod_lleon/data/campo5_enero26/Lo Castillo/Celular/20260112_125140.jpg,20260112_125140.jpg,6.8155346,9.21751,-34.16190579972222,-70.68734129972222,JPEG,5399180,Lo Castillo,ground
696902a9ece43907fa70ada4,/home/malezainia1/dev/INIA_DeepLearning_Ubuntu_mod_lleon/data/campo5_enero26/Lo Castillo/Celular/20260112_125141.jpg,20260112_125141.jpg,2.2422328,6.725324,-34.16190579972222,-70.68734129972222,JPEG,5092347,Lo Castillo,ground
696902a9ece43907fa70ada5,/home/malezainia1/dev/INIA_DeepLearning_Ubuntu_mod_lleon/data/campo5_enero26/Lo Castillo/Celular/20260112_125143.jpg,20260112_125143.jpg,8.410837,9.094447,-34.16190579972222,-70.68734129972222,JPEG,5102594,Lo Castillo,ground
696902a9ece43907fa70ada6,/home/malezainia1/dev/INIA_DeepLearning_Ubuntu_mod_lleon/data/campo5_enero26/Lo Castillo/Celular/20260112_125145.jpg,20260112_125145.jpg,7.7543335,9.403199,-34.16190579972222,-70.68734129972222,JPEG,5746914,Lo Castillo,ground
696902a9ece43907fa70ada7,/home/malezainia1/dev/INIA_DeepLearning_Ubuntu_mod_lleon/data/campo5_enero26/Lo Castillo/Celular/20260112_125150.jpg,20260112_125150.jpg,6.7200255,4.357241,-34.16190579972222,-70.68734129972222,JPEG,4697735,Lo Castillo,ground
696902a9ece43907fa70ada8,/home/malezainia1/dev/INIA_DeepLearning_Ubuntu_mod_lleon/data/campo5_enero26/Lo Castillo/Celular/20260112_125151.jpg,20260112_125151.jpg,7.7857914,4.2850504,-34.16190579972222,-70.68734129972222,JPEG,4832296,Lo Castillo,ground
696902a9ece43907fa70ada9,/home/malezainia1/dev/INIA_DeepLearning_Ubuntu_mod_lleon/data/campo5_enero26/Lo Castillo/Celular/20260112_125154.jpg,20260112_125154.jpg,6.33151,9.625288,-34.162212499999995,-70.687633,JPEG,5439320,Lo Castillo,ground
696902a9ece43907fa70adaa,/home/malezainia1/dev/INIA_DeepLearning_Ubuntu_mod_lleon/data/campo5_enero26/Lo Castillo/Celular/20260112_125155.jpg,20260112_125155.jpg,5.8355465,5.20526,-34.16222139972222,-70.68764269972223,JPEG,3919041,Lo Castillo,ground
696902a9ece43907fa70adab,/home/malezainia1/dev/INIA_DeepLearning_Ubuntu_mod_lleon/data/campo5_enero26/Lo Castillo/Celular/20260112_125158.jpg,20260112_125158.jpg,6.2704124,9.498967,-34.16222139972222,-70.68764269972223,JPEG,4950094,Lo Castillo,ground
696902a9ece43907fa70adac,/home/malezainia1/dev/INIA_DeepLearning_Ubuntu_mod_lleon/data/campo5_enero26/Lo Castillo/Celular/20260112_125159.jpg,20260112_125159.jpg,4.016486,4.793434,-34.16222139972222,-70.68764269972223,JPEG,4533838,Lo Castillo,ground
696902a9ece43907fa70adad,/home/malezainia1/dev/INIA_DeepLearning_Ubuntu_mod_lleon/data/campo5_enero26/Lo Castillo/Celular/20260112_125201.jpg,20260112_125201.jpg,3.8913217,6.3660655,-34.16222139972222,-70.68764269972223,JPEG,5193093,Lo Castillo,ground
696902a9ece43907fa70adae,/home/malezainia1/dev/INIA_DeepLearning_Ubuntu_mod_lleon/data/campo5_enero26/Lo Castillo/Celular/20260112_125205.jpg,20260112_125205.jpg,5.4636083,6.504481,-34.16222139972222,-70.68764269972223,JPEG,6015605,Lo Castillo,ground
696902a9ece43907fa70adaf,/home/malezainia1/dev/INIA_DeepLearning_Ubuntu_mod_lleon/data/campo5_enero26/Lo Castillo/Celular/20260112_125207.jpg,20260112_125207.jpg,7.9138803,8.920386,-34.16222139972222,-70.68764269972223,JPEG,5131221,Lo Castillo,ground
696902a9ece43907fa70adb0,/home/malezainia1/dev/INIA_DeepLearning_Ubuntu_mod_lleon/data/campo5_enero26/Lo Castillo/Celular/20260112_125208.jpg,20260112_125208.jpg,4.9362254,8.700069,-34.16222139972222,-70.68764269972223,JPEG,5473811,Lo Castillo,ground
696902a9ece43907fa70adb1,/home/malezainia1/dev/INIA_DeepLearning_Ubuntu_mod_lleon/data/campo5_enero26/Lo Castillo/Celular/20260112_125210.jpg,20260112_125210.jpg,8.96246,4.8692293,-34.16222139972222,-70.68764269972223,JPEG,5552654,Lo Castillo,ground
696902a9ece43907fa70adb2,/home/malezainia1/dev/INIA_DeepLearning_Ubuntu_mod_lleon/data/campo5_enero26/Lo Castillo/Celular/20260112_125211.jpg,20260112_125211.jpg,7.576037,9.96591,-34.16222139972222,-70.68764269972223,JPEG,5540450,Lo Castillo,ground
696902a9ece43907fa70adb3,/home/malezainia1/dev/INIA_DeepLearning_Ubuntu_mod_lleon/data/campo5_enero26/Lo Castillo/Celular/20260112_125214(0).jpg,20260112_125214(0).jpg,8.3675585,9.410814,-34.16222139972222,-70.68764269972223,JPEG,5728240,Lo Castillo,ground
696902a9ece43907fa70adb4,/home/malezainia1/dev/INIA_DeepLearning_Ubuntu_mod_lleon/data/campo5_enero26/Lo Castillo/Celular/20260112_125214.jpg,20260112_125214.jpg,5.8403845,9.515254,-34.16222139972222,-70.68764269972223,JPEG,3910082,Lo Castillo,ground
696902a9ece43907fa70adb5,/home/malezainia1/dev/INIA_DeepLearning_Ubuntu_mod_lleon/data/campo5_enero26/Lo Castillo/Celular/20260112_125408.jpg,20260112_125408.jpg,7.5618424,9.944863,-34.1624319,-70.68783609972223,JPEG,5428734,Lo Castillo,ground
696902a9ece43907fa70adb6,/home/malezainia1/dev/INIA_DeepLearning_Ubuntu_mod_lleon/data/campo5_enero26/Lo Castillo/Celular/20260112_125410.jpg,20260112_125410.jpg,8.464084,3.677973,-34.1624319,-70.68783609972223,JPEG,3963571,Lo Castillo,ground
696902a9ece43907fa70adb7,/home/malezainia1/dev/INIA_DeepLearning_Ubuntu_mod_lleon/data/campo5_enero26/Lo Castillo/Celular/20260112_125415.jpg,20260112_125415.jpg,2.1721864,5.657162,-34.1624319,-70.68783609972223,JPEG,5498843,Lo Castillo,ground
696902a9ece43907fa70adb8,/home/malezainia1/dev/INIA_DeepLearning_Ubuntu_mod_lleon/data/campo5_enero26/Lo Castillo/Celular/20260112_125417.jpg,20260112_125417.jpg,8.897642,7.6043386,-34.1624319,-70.68783609972223,JPEG,5636692,Lo Castillo,ground
696902a9ece43907fa70adb9,/home/malezainia1/dev/INIA_DeepLearning_Ubuntu_mod_lleon/data/campo5_enero26/Lo Castillo/Celular/20260112_125418.jpg,20260112_125418.jpg,2.1566622,4.5366273,-34.1624319,-70.68783609972223,JPEG,5307429,Lo Castillo,ground
696902a9ece43907fa70adba,/home/malezainia1/dev/INIA_DeepLearning_Ubuntu_mod_lleon/data/campo5_enero26/Lo Castillo/Celular/20260112_125420.jpg,20260112_125420.jpg,6.9948344,9.856503,-34.1624319,-70.68783609972223,JPEG,5169480,Lo Castillo,ground
696902a9ece43907fa70adbb,/home/malezainia1/dev/INIA_DeepLearning_Ubuntu_mod_lleon/data/campo5_enero26/Lo Castillo/Celular/20260112_125423.jpg,20260112_125423.jpg,7.0123415,9.985534,-34.1624319,-70.68783609972223,JPEG,5081395,Lo Castillo,ground
696902a9ece43907fa70adbc,/home/malezainia1/dev/INIA_DeepLearning_Ubuntu_mod_lleon/data/campo5_enero26/Lo Castillo/Celular/20260112_125424.jpg,20260112_125424.jpg,6.8963118,9.928,-34.1624319,-70.68783609972223,JPEG,5609556,Lo Castillo,ground
696902a9ece43907fa70adbd,/home/malezainia1/dev/INIA_DeepLearning_Ubuntu_mod_lleon/data/campo5_enero26/Lo Castillo/Celular/20260112_125426.jpg,20260112_125426.jpg,7.326114,9.920777,-34.1624319,-70.68783609972223,JPEG,5270086,Lo Castillo,ground
696902a9ece43907fa70adbe,/home/malezainia1/dev/INIA_DeepLearning_Ubuntu_mod_lleon/data/campo5_enero26/Lo Castillo/Celular/20260112_125428(0).jpg,20260112_125428(0).jpg,7.807544,4.097518,-34.1624319,-70.68783609972223,JPEG,4416078,Lo Castillo,ground
696902a9ece43907fa70adbf,/home/malezainia1/dev/INIA_DeepLearning_Ubuntu_mod_lleon/data/campo5_enero26/Lo Castillo/Celular/20260112_125428.jpg,20260112_125428.jpg,5.978292,5.0670834,-34.1624319,-70.68783609972223,JPEG,4337189,Lo Castillo,ground
696902a9ece43907fa70adc0,/home/malezainia1/dev/INIA_DeepLearning_Ubuntu_mod_lleon/data/campo5_enero26/Lo Castillo/Celular/20260112_125429.jpg,20260112_125429.jpg,4.6155915,5.113061,-34.1624319,-70.68783609972223,JPEG,4121346,Lo Castillo,ground
696902a9ece43907fa70adc1,/home/malezainia1/dev/INIA_DeepLearning_Ubuntu_mod_lleon/data/campo5_enero26/Lo Castillo/Celular/20260112_125430.jpg,20260112_125430.jpg,8.026508,9.817797,-34.1624319,-70.68783609972223,JPEG,5752180,Lo Castillo,ground
696902a9ece43907fa70adc2,/home/malezainia1/dev/INIA_DeepLearning_Ubuntu_mod_lleon/data/campo5_enero26/Lo Castillo/Celular/20260112_125431.jpg,20260112_125431.jpg,4.6306047,5.140105,-34.1624319,-70.68783609972223,JPEG,4637118,Lo Castillo,ground
696902a9ece43907fa70adc3,/home/malezainia1/dev/INIA_DeepLearning_Ubuntu_mod_lleon/data/campo5_enero26/Lo Castillo/Celular/20260112_125432.jpg,20260112_125432.jpg,4.4800224,5.040473,-34.1624319,-70.68783609972223,JPEG,4508651,Lo Castillo,ground
696902a9ece43907fa70adc4,/home/malezainia1/dev/INIA_DeepLearning_Ubuntu_mod_lleon/data/campo5_enero26/Lo Castillo/Celular/20260112_125433.jpg,20260112_125433.jpg,6.026733,9.825709,-34.1624319,-70.68783609972223,JPEG,5403691,Lo Castillo,ground
696902a9ece43907fa70adc5,/home/malezainia1/dev/INIA_DeepLearning_Ubuntu_mod_lleon/data/campo5_enero26/Lo Castillo/Celular/20260112_125434.jpg,20260112_125434.jpg,7.3442774,7.8698997,-34.1624319,-70.68783609972223,JPEG,4850447,Lo Castillo,ground
696902a9ece43907fa70adc6,/home/malezainia1/dev/INIA_DeepLearning_Ubuntu_mod_lleon/data/campo5_enero26/Lo Castillo/Celular/20260112_125436.jpg,20260112_125436.jpg,6.95116,10.050079,-34.1624319,-70.68783609972223,JPEG,5675280,Lo Castillo,ground
696902a9ece43907fa70adc7,/home/malezainia1/dev/INIA_DeepLearning_Ubuntu_mod_lleon/data/campo5_enero26/Lo Castillo/Celular/20260112_125437.jpg,20260112_125437.jpg,6.017236,9.726918,-34.1624319,-70.68783609972223,JPEG,5399277,Lo Castillo,ground
696902a9ece43907fa70adc8,/home/malezainia1/dev/INIA_DeepLearning_Ubuntu_mod_lleon/data/campo5_enero26/Lo Castillo/Celular/20260112_125439.jpg,20260112_125439.jpg,6.111954,10.053998,-34.1624319,-70.68783609972223,JPEG,5637910,Lo Castillo,ground
696902a9ece43907fa70adc9,/home/malezainia1/dev/INIA_DeepLearning_Ubuntu_mod_lleon/data/campo5_enero26/Lo Castillo/Celular/20260112_125440.jpg,20260112_125440.jpg,7.4731636,10.045586,-34.1624319,-70.68783609972223,JPEG,3835814,Lo Castillo,ground
696902a9ece43907fa70adca,/home/malezainia1/dev/INIA_DeepLearning_Ubuntu_mod_lleon/data/campo5_enero26/Lo Castillo/Celular/20260112_125441.jpg,20260112_125441.jpg,7.506198,10.059807,-34.1624319,-70.68783609972223,JPEG,5345550,Lo Castillo,ground
696902a9ece43907fa70adcb,/home/malezainia1/dev/INIA_DeepLearning_Ubuntu_mod_lleon/data/campo5_enero26/Lo Castillo/Celular/20260112_125442.jpg,20260112_125442.jpg,7.324104,9.453286,-34.1624319,-70.68783609972223,JPEG,5718608,Lo Castillo,ground
696902a9ece43907fa70adcc,/home/malezainia1/dev/INIA_DeepLearning_Ubuntu_mod_lleon/data/campo5_enero26/Lo Castillo/Celular/20260112_125443.jpg,20260112_125443.jpg,5.1479115,5.5928493,-34.1624319,-70.68783609972223,JPEG,5283387,Lo Castillo,ground
696902a9ece43907fa70adcd,/home/malezainia1/dev/INIA_DeepLearning_Ubuntu_mod_lleon/data/campo5_enero26/Lo Castillo/Celular/20260112_125444(0).jpg,20260112_125444(0).jpg,7.594093,10.07129,-34.1624319,-70.68783609972223,JPEG,5819754,Lo Castillo,ground
696902a9ece43907fa70adce,/home/malezainia1/dev/INIA_DeepLearning_Ubuntu_mod_lleon/data/campo5_enero26/Lo Castillo/Celular/20260112_125444.jpg,20260112_125444.jpg,7.825047,9.8488455,-34.1624319,-70.68783609972223,JPEG,5017716,Lo Castillo,ground
696902a9ece43907fa70adcf,/home/malezainia1/dev/INIA_DeepLearning_Ubuntu_mod_lleon/data/campo5_enero26/Lo Castillo/Celular/20260112_125446.jpg,20260112_125446.jpg,6.1242948,10.054111,-34.1624319,-70.68783609972223,JPEG,4621580,Lo Castillo,ground
696902a9ece43907fa70add0,/home/malezainia1/dev/INIA_DeepLearning_Ubuntu_mod_lleon/data/campo5_enero26/Lo Castillo/Celular/20260112_125447.jpg,20260112_125447.jpg,6.0605702,10.033319,-34.1624319,-70.68783609972223,JPEG,4076278,Lo Castillo,ground
696902a9ece43907fa70add1,/home/malezainia1/dev/INIA_DeepLearning_Ubuntu_mod_lleon/data/campo5_enero26/Lo Castillo/Celular/20260112_125547(0).jpg,20260112_125547(0).jpg,7.789575,9.872932,-34.162853399999996,-70.68824229972222,JPEG,4292558,Lo Castillo,ground
696902a9ece43907fa70add2,/home/malezainia1/dev/INIA_DeepLearning_Ubuntu_mod_lleon/data/campo5_enero26/Lo Castillo/Celular/20260112_125547.jpg,20260112_125547.jpg,7.7933536,9.756008,-34.162853399999996,-70.68824229972222,JPEG,4294810,Lo Castillo,ground
696902a9ece43907fa70add3,/home/malezainia1/dev/INIA_DeepLearning_Ubuntu_mod_lleon/data/campo5_enero26/Lo Castillo/Celular/20260112_125548.jpg,20260112_125548.jpg,7.7512493,9.779941,-34.162853399999996,-70.68824229972222,JPEG,4313892,Lo Castillo,ground
696902a9ece43907fa70add4,/home/malezainia1/dev/INIA_DeepLearning_Ubuntu_mod_lleon/data/campo5_enero26/Lo Castillo/Celular/20260112_125549(0).jpg,20260112_125549(0).jpg,2.1489565,4.7537675,-34.162853399999996,-70.68824229972222,JPEG,4242183,Lo Castillo,ground
696902a9ece43907fa70add5,/home/malezainia1/dev/INIA_DeepLearning_Ubuntu_mod_lleon/data/campo5_enero26/Lo Castillo/Celular/20260112_125549.jpg,20260112_125549.jpg,7.386359,9.854496,-34.162853399999996,-70.68824229972222,JPEG,3803576,Lo Castillo,ground
696902a9ece43907fa70add6,/home/malezainia1/dev/INIA_DeepLearning_Ubuntu_mod_lleon/data/campo5_enero26/Lo Castillo/Celular/20260112_125550.jpg,20260112_125550.jpg,7.4205146,9.736974,-34.162853399999996,-70.68824229972222,JPEG,3688976,Lo Castillo,ground
696902a9ece43907fa70add7,/home/malezainia1/dev/INIA_DeepLearning_Ubuntu_mod_lleon/data/campo5_enero26/Lo Castillo/Celular/20260112_125554.jpg,20260112_125554.jpg,6.1434574,9.998326,-34.162853399999996,-70.68824229972222,JPEG,4393145,Lo Castillo,ground
696902a9ece43907fa70add8,/home/malezainia1/dev/INIA_DeepLearning_Ubuntu_mod_lleon/data/campo5_enero26/Lo Castillo/Celular/20260112_125555.jpg,20260112_125555.jpg,7.8747563,9.651444,-34.162853399999996,-70.68824229972222,JPEG,3988904,Lo Castillo,ground
696902a9ece43907fa70add9,/home/malezainia1/dev/INIA_DeepLearning_Ubuntu_mod_lleon/data/campo5_enero26/Lo Castillo/Celular/20260112_125601.jpg,20260112_125601.jpg,8.495992,5.2537766,-34.162853399999996,-70.68824229972222,JPEG,4311256,Lo Castillo,ground
696902a9ece43907fa70adda,/home/malezainia1/dev/INIA_DeepLearning_Ubuntu_mod_lleon/data/campo5_enero26/Lo Castillo/Celular/20260112_125602.jpg,20260112_125602.jpg,8.184604,4.993685,-34.162853399999996,-70.68824229972222,JPEG,5004406,Lo Castillo,ground
696902a9ece43907fa70addb,/home/malezainia1/dev/INIA_DeepLearning_Ubuntu_mod_lleon/data/campo5_enero26/Lo Castillo/Celular/20260112_125603.jpg,20260112_125603.jpg,8.552857,3.8929994,-34.162853399999996,-70.68824229972222,JPEG,5216959,Lo Castillo,ground
696902a9ece43907fa70addc,/home/malezainia1/dev/INIA_DeepLearning_Ubuntu_mod_lleon/data/campo5_enero26/Lo Castillo/Celular/20260112_125604.jpg,20260112_125604.jpg,7.6723742,8.132276,-34.162853399999996,-70.68824229972222,JPEG,4986628,Lo Castillo,ground
696902a9ece43907fa70addd,/home/malezainia1/dev/INIA_DeepLearning_Ubuntu_mod_lleon/data/campo5_enero26/Lo Castillo/Celular/20260112_125605.jpg,20260112_125605.jpg,9.104251,7.6451406,-34.162853399999996,-70.68824229972222,JPEG,3450164,Lo Castillo,ground
696902a9ece43907fa70adde,/home/malezainia1/dev/INIA_DeepLearning_Ubuntu_mod_lleon/data/campo5_enero26/Lo Castillo/Celular/20260112_125606.jpg,20260112_125606.jpg,8.595436,4.239915,-34.162853399999996,-70.68824229972222,JPEG,4608071,Lo Castillo,ground
696902a9ece43907fa70addf,/home/malezainia1/dev/INIA_DeepLearning_Ubuntu_mod_lleon/data/campo5_enero26/Lo Castillo/Celular/20260112_125607.jpg,20260112_125607.jpg,8.108434,7.6899242,-34.162853399999996,-70.68824229972222,JPEG,4669895,Lo Castillo,ground
696902a9ece43907fa70ade0,/home/malezainia1/dev/INIA_DeepLearning_Ubuntu_mod_lleon/data/campo5_enero26/Lo Castillo/Celular/20260112_125609.jpg,20260112_125609.jpg,7.29629,9.593497,-34.162853399999996,-70.68824229972222,JPEG,5904832,Lo Castillo,ground
696902a9ece43907fa70ade1,/home/malezainia1/dev/INIA_DeepLearning_Ubuntu_mod_lleon/data/campo5_enero26/Lo Castillo/Celular/20260112_125612.jpg,20260112_125612.jpg,6.690952,8.980256,-34.162853399999996,-70.68824229972222,JPEG,5492044,Lo Castillo,ground
696902a9ece43907fa70ade2,/home/malezainia1/dev/INIA_DeepLearning_Ubuntu_mod_lleon/data/campo5_enero26/Lo Castillo/Celular/20260112_125618(0).jpg,20260112_125618(0).jpg,6.437141,9.327653,-34.162853399999996,-70.68824229972222,JPEG,5588800,Lo Castillo,ground
696902a9ece43907fa70ade3,/home/malezainia1/dev/INIA_DeepLearning_Ubuntu_mod_lleon/data/campo5_enero26/Lo Castillo/Celular/20260112_125618.jpg,20260112_125618.jpg,5.9164653,6.294354,-34.162853399999996,-70.68824229972222,JPEG,5680589,Lo Castillo,ground
696902a9ece43907fa70ade4,/home/malezainia1/dev/INIA_DeepLearning_Ubuntu_mod_lleon/data/campo5_enero26/Lo Castillo/Celular/20260112_125620.jpg,20260112_125620.jpg,9.626437,6.0977755,-34.162853399999996,-70.68824229972222,JPEG,5341237,Lo Castillo,ground
696902a9ece43907fa70ade5,/home/malezainia1/dev/INIA_DeepLearning_Ubuntu_mod_lleon/data/campo5_enero26/Lo Castillo/Celular/20260112_125622.jpg,20260112_125622.jpg,6.996505,8.534674,-34.162853399999996,-70.68824229972222,JPEG,5263168,Lo Castillo,ground
696902a9ece43907fa70ade6,/home/malezainia1/dev/INIA_DeepLearning_Ubuntu_mod_lleon/data/campo5_enero26/Lo Castillo/Celular/20260112_125623.jpg,20260112_125623.jpg,6.9034123,9.689572,-34.162853399999996,-70.68824229972222,JPEG,5404531,Lo Castillo,ground
696902a9ece43907fa70ade7,/home/malezainia1/dev/INIA_DeepLearning_Ubuntu_mod_lleon/data/campo5_enero26/Lo Castillo/Celular/20260112_125624.jpg,20260112_125624.jpg,8.587314,4.173698,-34.162853399999996,-70.68824229972222,JPEG,5042231,Lo Castillo,ground
696902a9ece43907fa70ade8,/home/malezainia1/dev/INIA_DeepLearning_Ubuntu_mod_lleon/data/campo5_enero26/Lo Castillo/Celular/20260112_125627.jpg,20260112_125627.jpg,9.708871,6.69803,-34.162853399999996,-70.68824229972222,JPEG,5034612,Lo Castillo,ground
696902a9ece43907fa70ade9,/home/malezainia1/dev/INIA_DeepLearning_Ubuntu_mod_lleon/data/campo5_enero26/Lo Castillo/Celular/20260112_125628.jpg,20260112_125628.jpg,8.323463,3.5999372,-34.162853399999996,-70.68824229972222,JPEG,4733046,Lo Castillo,ground
696902a9ece43907fa70adea,/home/malezainia1/dev/INIA_DeepLearning_Ubuntu_mod_lleon/data/campo5_enero26/Lo Castillo/Celular/20260112_125631.jpg,20260112_125631.jpg,8.20749,3.6244159,-34.162853399999996,-70.68824229972222,JPEG,4415901,Lo Castillo,ground
696902a9ece43907fa70adeb,/home/malezainia1/dev/INIA_DeepLearning_Ubuntu_mod_lleon/data/campo5_enero26/Lo Castillo/Celular/20260112_125632.jpg,20260112_125632.jpg,8.514712,3.7402248,-34.162853399999996,-70.68824229972222,JPEG,4845740,Lo Castillo,ground
696902a9ece43907fa70adec,/home/malezainia1/dev/INIA_DeepLearning_Ubuntu_mod_lleon/data/campo5_enero26/Lo Castillo/Celular/20260112_125633.jpg,20260112_125633.jpg,6.344427,5.378508,-34.162853399999996,-70.68824229972222,JPEG,4383876,Lo Castillo,ground
696902a9ece43907fa70aded,/home/malezainia1/dev/INIA_DeepLearning_Ubuntu_mod_lleon/data/campo5_enero26/Lo Castillo/Celular/20260112_125634.jpg,20260112_125634.jpg,8.304532,3.5665984,-34.162853399999996,-70.68824229972222,JPEG,4322756,Lo Castillo,ground
696902a9ece43907fa70adee,/home/malezainia1/dev/INIA_DeepLearning_Ubuntu_mod_lleon/data/campo5_enero26/Lo Castillo/Celular/20260112_125636(0).jpg,20260112_125636(0).jpg,7.2039714,9.013842,-34.162853399999996,-70.68824229972222,JPEG,4869646,Lo Castillo,ground
696902a9ece43907fa70adef,/home/malezainia1/dev/INIA_DeepLearning_Ubuntu_mod_lleon/data/campo5_enero26/Lo Castillo/Celular/20260112_125636.jpg,20260112_125636.jpg,8.551904,3.5300894,-34.162853399999996,-70.68824229972222,JPEG,4833807,Lo Castillo,ground
696902a9ece43907fa70adf0,/home/malezainia1/dev/INIA_DeepLearning_Ubuntu_mod_lleon/data/campo5_enero26/Lo Castillo/Celular/20260112_125637.jpg,20260112_125637.jpg,8.2687025,3.539261,-34.162853399999996,-70.68824229972222,JPEG,4771931,Lo Castillo,ground
696902a9ece43907fa70adf1,/home/malezainia1/dev/INIA_DeepLearning_Ubuntu_mod_lleon/data/campo5_enero26/Lo Castillo/Celular/20260112_125638.jpg,20260112_125638.jpg,8.457274,3.9101753,-34.162853399999996,-70.68824229972222,JPEG,4307131,Lo Castillo,ground
696902a9ece43907fa70adf2,/home/malezainia1/dev/INIA_DeepLearning_Ubuntu_mod_lleon/data/campo5_enero26/Lo Castillo/Celular/20260112_125639.jpg,20260112_125639.jpg,8.245645,3.530903,-34.162853399999996,-70.68824229972222,JPEG,4769120,Lo Castillo,ground
696902a9ece43907fa70adf3,/home/malezainia1/dev/INIA_DeepLearning_Ubuntu_mod_lleon/data/campo5_enero26/Lo Castillo/Celular/20260112_125640.jpg,20260112_125640.jpg,5.0529876,5.776242,-34.16335029972222,-70.68864969972222,JPEG,4482667,Lo Castillo,ground
696902a9ece43907fa70adf4,/home/malezainia1/dev/INIA_DeepLearning_Ubuntu_mod_lleon/data/campo5_enero26/Lo Castillo/Celular/20260112_125641.jpg,20260112_125641.jpg,3.8940697,4.942807,-34.163345899999996,-70.68868659972223,JPEG,5777295,Lo Castillo,ground
696902a9ece43907fa70adf5,/home/malezainia1/dev/INIA_DeepLearning_Ubuntu_mod_lleon/data/campo5_enero26/Lo Castillo/Celular/20260112_125643.jpg,20260112_125643.jpg,7.3778443,8.735724,-34.163356,-70.6887138,JPEG,5491558,Lo Castillo,ground
696902a9ece43907fa70adf6,/home/malezainia1/dev/INIA_DeepLearning_Ubuntu_mod_lleon/data/campo5_enero26/Lo Castillo/Celular/20260112_125645.jpg,20260112_125645.jpg,5.604932,7.913961,-34.163356,-70.6887138,JPEG,3422199,Lo Castillo,ground
696902a9ece43907fa70adf7,/home/malezainia1/dev/INIA_DeepLearning_Ubuntu_mod_lleon/data/campo5_enero26/Lo Castillo/Celular/20260112_125648(0).jpg,20260112_125648(0).jpg,8.45861,4.3126764,-34.163356,-70.6887138,JPEG,5457662,Lo Castillo,ground
696902a9ece43907fa70adf8,/home/malezainia1/dev/INIA_DeepLearning_Ubuntu_mod_lleon/data/campo5_enero26/Lo Castillo/Celular/20260112_125648.jpg,20260112_125648.jpg,9.312875,7.136477,-34.163356,-70.6887138,JPEG,5565951,Lo Castillo,ground
696902a9ece43907fa70adf9,/home/malezainia1/dev/INIA_DeepLearning_Ubuntu_mod_lleon/data/campo5_enero26/Lo Castillo/Celular/20260112_125655.jpg,20260112_125655.jpg,8.543304,6.423731,-34.163356,-70.6887138,JPEG,4613185,Lo Castillo,ground
696902a9ece43907fa70adfa,/home/malezainia1/dev/INIA_DeepLearning_Ubuntu_mod_lleon/data/campo5_enero26/Lo Castillo/Celular/20260112_125657.jpg,20260112_125657.jpg,8.0675,7.7146463,-34.163356,-70.6887138,JPEG,5077368,Lo Castillo,ground
696902a9ece43907fa70adfb,/home/malezainia1/dev/INIA_DeepLearning_Ubuntu_mod_lleon/data/campo5_enero26/Lo Castillo/Celular/20260112_125659.jpg,20260112_125659.jpg,7.8499064,8.380232,-34.163356,-70.6887138,JPEG,5434035,Lo Castillo,ground
696902a9ece43907fa70adfc,/home/malezainia1/dev/INIA_DeepLearning_Ubuntu_mod_lleon/data/campo5_enero26/Lo Castillo/Celular/20260112_125701.jpg,20260112_125701.jpg,8.453141,3.600175,-34.163356,-70.6887138,JPEG,4713876,Lo Castillo,ground
696902a9ece43907fa70adfd,/home/malezainia1/dev/INIA_DeepLearning_Ubuntu_mod_lleon/data/campo5_enero26/Lo Castillo/Celular/20260112_125702.jpg,20260112_125702.jpg,8.017653,8.19308,-34.163356,-70.6887138,JPEG,4891094,Lo Castillo,ground
696902a9ece43907fa70adfe,/home/malezainia1/dev/INIA_DeepLearning_Ubuntu_mod_lleon/data/campo5_enero26/Lo Castillo/Celular/20260112_125706.jpg,20260112_125706.jpg,8.336907,3.5193322,-34.163356,-70.6887138,JPEG,4564863,Lo Castillo,ground
696902a9ece43907fa70adff,/home/malezainia1/dev/INIA_DeepLearning_Ubuntu_mod_lleon/data/campo5_enero26/Lo Castillo/Celular/20260112_125710.jpg,20260112_125710.jpg,9.136674,4.7735577,-34.163356,-70.6887138,JPEG,5132141,Lo Castillo,ground
696902a9ece43907fa70ae00,/home/malezainia1/dev/INIA_DeepLearning_Ubuntu_mod_lleon/data/campo5_enero26/Lo Castillo/Celular/20260112_125711.jpg,20260112_125711.jpg,8.292986,3.5371685,-34.163356,-70.6887138,JPEG,4562715,Lo Castillo,ground
696902a9ece43907fa70ae01,/home/malezainia1/dev/INIA_DeepLearning_Ubuntu_mod_lleon/data/campo5_enero26/Lo Castillo/Celular/20260112_125712.jpg,20260112_125712.jpg,9.210587,4.8749523,-34.163356,-70.6887138,JPEG,4027599,Lo Castillo,ground
696902a9ece43907fa70ae02,/home/malezainia1/dev/INIA_DeepLearning_Ubuntu_mod_lleon/data/campo5_enero26/Lo Castillo/Celular/20260112_125713.jpg,20260112_125713.jpg,6.387355,5.7095933,-34.163356,-70.6887138,JPEG,4294283,Lo Castillo,ground
696902a9ece43907fa70ae03,/home/malezainia1/dev/INIA_DeepLearning_Ubuntu_mod_lleon/data/campo5_enero26/Lo Castillo/Celular/20260112_125714.jpg,20260112_125714.jpg,10.038443,6.5422835,-34.163356,-70.6887138,JPEG,4821489,Lo Castillo,ground
696902a9ece43907fa70ae04,/home/malezainia1/dev/INIA_DeepLearning_Ubuntu_mod_lleon/data/campo5_enero26/Lo Castillo/Celular/20260112_125719(0).jpg,20260112_125719(0).jpg,4.742166,5.231785,-34.163356,-70.6887138,JPEG,5064778,Lo Castillo,ground
696902a9ece43907fa70ae05,/home/malezainia1/dev/INIA_DeepLearning_Ubuntu_mod_lleon/data/campo5_enero26/Lo Castillo/Celular/20260112_125719.jpg,20260112_125719.jpg,8.603826,3.7425768,-34.163356,-70.6887138,JPEG,4937299,Lo Castillo,ground
696902a9ece43907fa70ae06,/home/malezainia1/dev/INIA_DeepLearning_Ubuntu_mod_lleon/data/campo5_enero26/Lo Castillo/Celular/20260112_125720.jpg,20260112_125720.jpg,7.191271,8.466422,-34.163356,-70.6887138,JPEG,4919105,Lo Castillo,ground
696902a9ece43907fa70ae07,/home/malezainia1/dev/INIA_DeepLearning_Ubuntu_mod_lleon/data/campo5_enero26/Lo Castillo/Celular/20260112_125721.jpg,20260112_125721.jpg,8.76999,4.118521,-34.163356,-70.6887138,JPEG,5062250,Lo Castillo,ground
696902a9ece43907fa70ae08,/home/malezainia1/dev/INIA_DeepLearning_Ubuntu_mod_lleon/data/campo5_enero26/Lo Castillo/Celular/20260112_125730.jpg,20260112_125730.jpg,6.460997,8.413936,-34.163356,-70.6887138,JPEG,5543115,Lo Castillo,ground
696902a9ece43907fa70ae09,/home/malezainia1/dev/INIA_DeepLearning_Ubuntu_mod_lleon/data/campo5_enero26/Lo Castillo/Celular/20260112_125734.jpg,20260112_125734.jpg,7.9410934,4.326992,-34.1637787,-70.6891236,JPEG,5351460,Lo Castillo,ground
696902a9ece43907fa70ae0a,/home/malezainia1/dev/INIA_DeepLearning_Ubuntu_mod_lleon/data/campo5_enero26/Lo Castillo/Celular/20260112_125735.jpg,20260112_125735.jpg,8.279667,3.9724154,-34.1637787,-70.6891236,JPEG,4913074,Lo Castillo,ground
696902a9ece43907fa70ae0b,/home/malezainia1/dev/INIA_DeepLearning_Ubuntu_mod_lleon/data/campo5_enero26/Lo Castillo/Celular/20260112_125737.jpg,20260112_125737.jpg,6.7898006,9.778807,-34.1637787,-70.6891236,JPEG,5385834,Lo Castillo,ground
696902a9ece43907fa70ae0c,/home/malezainia1/dev/INIA_DeepLearning_Ubuntu_mod_lleon/data/campo5_enero26/Lo Castillo/Celular/20260112_125738.jpg,20260112_125738.jpg,8.675284,4.364203,-34.1637787,-70.6891236,JPEG,5234807,Lo Castillo,ground
696902a9ece43907fa70ae0d,/home/malezainia1/dev/INIA_DeepLearning_Ubuntu_mod_lleon/data/campo5_enero26/Lo Castillo/Celular/20260112_125741.jpg,20260112_125741.jpg,7.3085537,9.611724,-34.1637787,-70.6891236,JPEG,5777005,Lo Castillo,ground
696902a9ece43907fa70ae0e,/home/malezainia1/dev/INIA_DeepLearning_Ubuntu_mod_lleon/data/campo5_enero26/Lo Castillo/Celular/20260112_125743.jpg,20260112_125743.jpg,5.6558294,5.87824,-34.1637787,-70.6891236,JPEG,4678945,Lo Castillo,ground
696902a9ece43907fa70ae0f,/home/malezainia1/dev/INIA_DeepLearning_Ubuntu_mod_lleon/data/campo5_enero26/Lo Castillo/Celular/20260112_125744.jpg,20260112_125744.jpg,8.331909,3.759884,-34.1637787,-70.6891236,JPEG,4781388,Lo Castillo,ground
696902a9ece43907fa70ae10,/home/malezainia1/dev/INIA_DeepLearning_Ubuntu_mod_lleon/data/campo5_enero26/Lo Castillo/Celular/20260112_125747.jpg,20260112_125747.jpg,6.93625,8.761763,-34.1637787,-70.6891236,JPEG,5937091,Lo Castillo,ground
696902a9ece43907fa70ae11,/home/malezainia1/dev/INIA_DeepLearning_Ubuntu_mod_lleon/data/campo5_enero26/Lo Castillo/Celular/20260112_125749.jpg,20260112_125749.jpg,8.767423,4.3699517,-34.1637787,-70.6891236,JPEG,5587731,Lo Castillo,ground
696902a9ece43907fa70ae12,/home/malezainia1/dev/INIA_DeepLearning_Ubuntu_mod_lleon/data/campo5_enero26/Lo Castillo/Celular/20260112_125750.jpg,20260112_125750.jpg,10.44451,6.252979,-34.1637787,-70.6891236,JPEG,5339909,Lo Castillo,ground
696902a9ece43907fa70ae13,/home/malezainia1/dev/INIA_DeepLearning_Ubuntu_mod_lleon/data/campo5_enero26/Lo Castillo/Celular/20260112_125813.jpg,20260112_125813.jpg,5.5088,9.100922,-34.164063299999995,-70.68941519972222,JPEG,5222839,Lo Castillo,ground
696902a9ece43907fa70ae14,/home/malezainia1/dev/INIA_DeepLearning_Ubuntu_mod_lleon/data/campo5_enero26/Lo Castillo/Celular/20260112_125815.jpg,20260112_125815.jpg,8.517167,4.234206,-34.164063299999995,-70.68941519972222,JPEG,5429114,Lo Castillo,ground
696902a9ece43907fa70ae15,/home/malezainia1/dev/INIA_DeepLearning_Ubuntu_mod_lleon/data/campo5_enero26/Lo Castillo/Celular/20260112_125816.jpg,20260112_125816.jpg,10.499689,6.407876,-34.164063299999995,-70.68941519972222,JPEG,5443468,Lo Castillo,ground
696902a9ece43907fa70ae16,/home/malezainia1/dev/INIA_DeepLearning_Ubuntu_mod_lleon/data/campo5_enero26/Lo Castillo/Celular/20260112_125817(0).jpg,20260112_125817(0).jpg,5.9305224,7.241818,-34.164063299999995,-70.68941519972222,JPEG,4041072,Lo Castillo,ground
696902a9ece43907fa70ae17,/home/malezainia1/dev/INIA_DeepLearning_Ubuntu_mod_lleon/data/campo5_enero26/Lo Castillo/Celular/20260112_125817.jpg,20260112_125817.jpg,6.3511386,7.7822394,-34.164063299999995,-70.68941519972222,JPEG,4507779,Lo Castillo,ground
696902a9ece43907fa70ae18,/home/malezainia1/dev/INIA_DeepLearning_Ubuntu_mod_lleon/data/campo5_enero26/Lo Castillo/Celular/20260112_125819.jpg,20260112_125819.jpg,7.1793127,5.7134438,-34.164063299999995,-70.68941519972222,JPEG,5204043,Lo Castillo,ground
696902a9ece43907fa70ae19,/home/malezainia1/dev/INIA_DeepLearning_Ubuntu_mod_lleon/data/campo5_enero26/Lo Castillo/Celular/20260112_125845.jpg,20260112_125845.jpg,7.3555956,9.052737,-34.164063299999995,-70.68941519972222,JPEG,4738310,Lo Castillo,ground
696902a9ece43907fa70ae1a,/home/malezainia1/dev/INIA_DeepLearning_Ubuntu_mod_lleon/data/campo5_enero26/Lo Castillo/Celular/20260112_125848(0).jpg,20260112_125848(0).jpg,9.388295,7.4226613,-34.164063299999995,-70.68941519972222,JPEG,5369172,Lo Castillo,ground
696902a9ece43907fa70ae1b,/home/malezainia1/dev/INIA_DeepLearning_Ubuntu_mod_lleon/data/campo5_enero26/Lo Castillo/Celular/20260112_125848.jpg,20260112_125848.jpg,9.410216,8.296594,-34.164063299999995,-70.68941519972222,JPEG,5705228,Lo Castillo,ground
696902a9ece43907fa70ae1c,/home/malezainia1/dev/INIA_DeepLearning_Ubuntu_mod_lleon/data/campo5_enero26/Lo Castillo/Celular/20260112_125850.jpg,20260112_125850.jpg,6.255965,8.126478,-34.164063299999995,-70.68941519972222,JPEG,5695767,Lo Castillo,ground
696902a9ece43907fa70ae1d,/home/malezainia1/dev/INIA_DeepLearning_Ubuntu_mod_lleon/data/campo5_enero26/Lo Castillo/Celular/20260112_125851.jpg,20260112_125851.jpg,7.3973284,8.209126,-34.164063299999995,-70.68941519972222,JPEG,5306019,Lo Castillo,ground
696902a9ece43907fa70ae1e,/home/malezainia1/dev/INIA_DeepLearning_Ubuntu_mod_lleon/data/campo5_enero26/Lo Castillo/Celular/20260112_125853.jpg,20260112_125853.jpg,6.393398,4.653234,-34.164063299999995,-70.68941519972222,JPEG,5179687,Lo Castillo,ground
696902a9ece43907fa70ae1f,/home/malezainia1/dev/INIA_DeepLearning_Ubuntu_mod_lleon/data/campo5_enero26/Lo Castillo/Celular/20260112_125902.jpg,20260112_125902.jpg,9.250596,7.8020086,-34.164515099999996,-70.68985069972223,JPEG,5676067,Lo Castillo,ground
696902a9ece43907fa70ae20,/home/malezainia1/dev/INIA_DeepLearning_Ubuntu_mod_lleon/data/campo5_enero26/Lo Castillo/Celular/20260112_125903.jpg,20260112_125903.jpg,5.9345474,8.015161,-34.164515099999996,-70.68985069972223,JPEG,5927019,Lo Castillo,ground
696902a9ece43907fa70ae21,/home/malezainia1/dev/INIA_DeepLearning_Ubuntu_mod_lleon/data/campo5_enero26/Lo Castillo/Celular/20260112_125904.jpg,20260112_125904.jpg,10.3512535,6.004234,-34.164515099999996,-70.68985069972223,JPEG,4121747,Lo Castillo,ground
696902a9ece43907fa70ae22,/home/malezainia1/dev/INIA_DeepLearning_Ubuntu_mod_lleon/data/campo5_enero26/Lo Castillo/Celular/20260112_125905.jpg,20260112_125905.jpg,8.544407,3.736316,-34.164515099999996,-70.68985069972223,JPEG,4046821,Lo Castillo,ground
696902a9ece43907fa70ae23,/home/malezainia1/dev/INIA_DeepLearning_Ubuntu_mod_lleon/data/campo5_enero26/Lo Castillo/Celular/20260112_125906.jpg,20260112_125906.jpg,5.9821224,6.8651676,-34.164515099999996,-70.68985069972223,JPEG,5480372,Lo Castillo,ground
696902a9ece43907fa70ae24,/home/malezainia1/dev/INIA_DeepLearning_Ubuntu_mod_lleon/data/campo5_enero26/Lo Castillo/Celular/20260112_125917.jpg,20260112_125917.jpg,7.9329276,7.2606955,-34.164515099999996,-70.68985069972223,JPEG,6280535,Lo Castillo,ground
696902a9ece43907fa70ae25,/home/malezainia1/dev/INIA_DeepLearning_Ubuntu_mod_lleon/data/campo5_enero26/Lo Castillo/Celular/20260112_125920.jpg,20260112_125920.jpg,9.636824,7.3517303,-34.164515099999996,-70.68985069972223,JPEG,5558729,Lo Castillo,ground
696902a9ece43907fa70ae26,/home/malezainia1/dev/INIA_DeepLearning_Ubuntu_mod_lleon/data/campo5_enero26/Lo Castillo/Celular/20260112_125937.jpg,20260112_125937.jpg,8.8601055,4.561437,-34.164515099999996,-70.68985069972223,JPEG,5055821,Lo Castillo,ground
696902a9ece43907fa70ae27,/home/malezainia1/dev/INIA_DeepLearning_Ubuntu_mod_lleon/data/campo5_enero26/Lo Castillo/Celular/20260112_125951.jpg,20260112_125951.jpg,8.603275,4.2800283,-34.16499699972222,-70.69031069972223,JPEG,5554958,Lo Castillo,ground
696902a9ece43907fa70ae28,/home/malezainia1/dev/INIA_DeepLearning_Ubuntu_mod_lleon/data/campo5_enero26/Lo Castillo/Celular/20260112_130001.jpg,20260112_130001.jpg,7.3789463,5.667026,-34.165048999999996,-70.69036699972223,JPEG,5983114,Lo Castillo,ground
696902a9ece43907fa70ae29,/home/malezainia1/dev/INIA_DeepLearning_Ubuntu_mod_lleon/data/campo5_enero26/Lo Castillo/Celular/20260112_130004.jpg,20260112_130004.jpg,8.616294,6.316809,-34.165048999999996,-70.69036699972223,JPEG,5220816,Lo Castillo,ground
696902a9ece43907fa70ae2a,/home/malezainia1/dev/INIA_DeepLearning_Ubuntu_mod_lleon/data/campo5_enero26/Lo Castillo/Celular/20260112_130007.jpg,20260112_130007.jpg,3.0003746,6.040292,-34.165048999999996,-70.69036699972223,JPEG,5382489,Lo Castillo,ground
696902a9ece43907fa70ae2b,/home/malezainia1/dev/INIA_DeepLearning_Ubuntu_mod_lleon/data/campo5_enero26/Lo Castillo/Celular/20260112_130009.jpg,20260112_130009.jpg,8.434463,4.1629,-34.165048999999996,-70.69036699972223,JPEG,5334451,Lo Castillo,ground
696902a9ece43907fa70ae2c,/home/malezainia1/dev/INIA_DeepLearning_Ubuntu_mod_lleon/data/campo5_enero26/Lo Castillo/Celular/20260112_130013(0).jpg,20260112_130013(0).jpg,8.54982,3.5751297,-34.165048999999996,-70.69036699972223,JPEG,4992378,Lo Castillo,ground
696902a9ece43907fa70ae2d,/home/malezainia1/dev/INIA_DeepLearning_Ubuntu_mod_lleon/data/campo5_enero26/Lo Castillo/Celular/20260112_130013.jpg,20260112_130013.jpg,9.364825,5.2443824,-34.165048999999996,-70.69036699972223,JPEG,5221634,Lo Castillo,ground
696902a9ece43907fa70ae2e,/home/malezainia1/dev/INIA_DeepLearning_Ubuntu_mod_lleon/data/campo5_enero26/Lo Castillo/Celular/20260112_130015(0).jpg,20260112_130015(0).jpg,8.394355,3.5051012,-34.165048999999996,-70.69036699972223,JPEG,5419350,Lo Castillo,ground
696902a9ece43907fa70ae2f,/home/malezainia1/dev/INIA_DeepLearning_Ubuntu_mod_lleon/data/campo5_enero26/Lo Castillo/Celular/20260112_130015.jpg,20260112_130015.jpg,7.17281,8.448519,-34.165048999999996,-70.69036699972223,JPEG,5846403,Lo Castillo,ground
696902a9ece43907fa70ae30,/home/malezainia1/dev/INIA_DeepLearning_Ubuntu_mod_lleon/data/campo5_enero26/Lo Castillo/Celular/20260112_130121.jpg,20260112_130121.jpg,6.541572,4.5801225,-34.16550649972222,-70.69079639972223,JPEG,4725708,Lo Castillo,ground
696902a9ece43907fa70ae31,/home/malezainia1/dev/INIA_DeepLearning_Ubuntu_mod_lleon/data/campo5_enero26/Lo Castillo/Celular/20260112_130128.jpg,20260112_130128.jpg,7.7246413,8.411887,-34.16550649972222,-70.69079639972223,JPEG,6330825,Lo Castillo,ground
696902a9ece43907fa70ae32,/home/malezainia1/dev/INIA_DeepLearning_Ubuntu_mod_lleon/data/campo5_enero26/Lo Castillo/Celular/20260112_130132.jpg,20260112_130132.jpg,6.9404597,4.372295,-34.16550649972222,-70.69079639972223,JPEG,4856342,Lo Castillo,ground
696902a9ece43907fa70ae33,/home/malezainia1/dev/INIA_DeepLearning_Ubuntu_mod_lleon/data/campo5_enero26/Lo Castillo/Celular/20260112_130133.jpg,20260112_130133.jpg,8.283404,4.3061147,-34.16550649972222,-70.69079639972223,JPEG,5345431,Lo Castillo,ground
696902a9ece43907fa70ae34,/home/malezainia1/dev/INIA_DeepLearning_Ubuntu_mod_lleon/data/campo5_enero26/Lo Castillo/Celular/20260112_130231.jpg,20260112_130231.jpg,6.9298835,5.0567484,-34.16596299972222,-70.6912415,JPEG,6022032,Lo Castillo,ground
696902a9ece43907fa70ae35,/home/malezainia1/dev/INIA_DeepLearning_Ubuntu_mod_lleon/data/campo5_enero26/Lo Castillo/Celular/20260112_130235.jpg,20260112_130235.jpg,6.581057,6.400586,-34.16598679972222,-70.6913882,JPEG,6332343,Lo Castillo,ground
696902a9ece43907fa70ae36,/home/malezainia1/dev/INIA_DeepLearning_Ubuntu_mod_lleon/data/campo5_enero26/Lo Castillo/Celular/20260112_130236.jpg,20260112_130236.jpg,8.369827,6.679404,-34.16598679972222,-70.6913882,JPEG,6258737,Lo Castillo,ground
696902a9ece43907fa70ae37,/home/malezainia1/dev/INIA_DeepLearning_Ubuntu_mod_lleon/data/campo5_enero26/Lo Castillo/Celular/20260112_130238.jpg,20260112_130238.jpg,6.7487063,6.467926,-34.16598679972222,-70.6913882,JPEG,5833277,Lo Castillo,ground
696902a9ece43907fa70ae38,/home/malezainia1/dev/INIA_DeepLearning_Ubuntu_mod_lleon/data/campo5_enero26/Lo Castillo/Celular/20260112_130241.jpg,20260112_130241.jpg,6.3575444,9.940023,-34.16598679972222,-70.6913882,JPEG,5766108,Lo Castillo,ground
696902a9ece43907fa70ae39,/home/malezainia1/dev/INIA_DeepLearning_Ubuntu_mod_lleon/data/campo5_enero26/Lo Castillo/Celular/20260112_130243.jpg,20260112_130243.jpg,5.346951,7.0504837,-34.16598679972222,-70.6913882,JPEG,6207562,Lo Castillo,ground
696902a9ece43907fa70ae3a,/home/malezainia1/dev/INIA_DeepLearning_Ubuntu_mod_lleon/data/campo5_enero26/Lo Castillo/Celular/20260112_130244.jpg,20260112_130244.jpg,6.7178926,6.4991755,-34.16598679972222,-70.6913882,JPEG,6092504,Lo Castillo,ground
696902a9ece43907fa70ae3b,/home/malezainia1/dev/INIA_DeepLearning_Ubuntu_mod_lleon/data/campo5_enero26/Lo Castillo/Celular/20260112_130246.jpg,20260112_130246.jpg,6.6796966,8.814433,-34.16598679972222,-70.6913882,JPEG,6066332,Lo Castillo,ground
696902a9ece43907fa70ae3c,/home/malezainia1/dev/INIA_DeepLearning_Ubuntu_mod_lleon/data/campo5_enero26/Lo Castillo/Celular/20260112_130247.jpg,20260112_130247.jpg,5.683476,9.472243,-34.16598679972222,-70.6913882,JPEG,5773944,Lo Castillo,ground
696902a9ece43907fa70ae3d,/home/malezainia1/dev/INIA_DeepLearning_Ubuntu_mod_lleon/data/campo5_enero26/Lo Castillo/Celular/20260112_130248.jpg,20260112_130248.jpg,5.982655,9.72282,-34.16598679972222,-70.6913882,JPEG,5327946,Lo Castillo,ground
696902a9ece43907fa70ae3e,/home/malezainia1/dev/INIA_DeepLearning_Ubuntu_mod_lleon/data/campo5_enero26/Lo Castillo/Celular/20260112_130249.jpg,20260112_130249.jpg,3.9569554,6.416958,-34.16598679972222,-70.6913882,JPEG,5785097,Lo Castillo,ground
696902a9ece43907fa70ae3f,/home/malezainia1/dev/INIA_DeepLearning_Ubuntu_mod_lleon/data/campo5_enero26/Lo Castillo/Celular/20260112_130250.jpg,20260112_130250.jpg,6.071969,6.1863647,-34.16598679972222,-70.6913882,JPEG,5255530,Lo Castillo,ground
696902a9ece43907fa70ae40,/home/malezainia1/dev/INIA_DeepLearning_Ubuntu_mod_lleon/data/campo5_enero26/Lo Castillo/Celular/20260112_130252.jpg,20260112_130252.jpg,6.6641355,6.4705544,-34.16598679972222,-70.6913882,JPEG,6016662,Lo Castillo,ground
696902a9ece43907fa70ae41,/home/malezainia1/dev/INIA_DeepLearning_Ubuntu_mod_lleon/data/campo5_enero26/Lo Castillo/Celular/20260112_130253.jpg,20260112_130253.jpg,5.690839,6.5682783,-34.16598679972222,-70.6913882,JPEG,6020132,Lo Castillo,ground
696902a9ece43907fa70ae42,/home/malezainia1/dev/INIA_DeepLearning_Ubuntu_mod_lleon/data/campo5_enero26/Lo Castillo/Celular/20260112_130254.jpg,20260112_130254.jpg,3.2918932,6.585483,-34.16598679972222,-70.6913882,JPEG,5703094,Lo Castillo,ground
696902a9ece43907fa70ae43,/home/malezainia1/dev/INIA_DeepLearning_Ubuntu_mod_lleon/data/campo5_enero26/Lo Castillo/Celular/20260112_130255.jpg,20260112_130255.jpg,7.096417,4.139033,-34.16598679972222,-70.6913882,JPEG,5899462,Lo Castillo,ground
696902a9ece43907fa70ae44,/home/malezainia1/dev/INIA_DeepLearning_Ubuntu_mod_lleon/data/campo5_enero26/Lo Castillo/Celular/20260112_130259.jpg,20260112_130259.jpg,7.641319,8.951087,-34.16598679972222,-70.6913882,JPEG,4642441,Lo Castillo,ground
696902a9ece43907fa70ae45,/home/malezainia1/dev/INIA_DeepLearning_Ubuntu_mod_lleon/data/campo5_enero26/Lo Castillo/Celular/20260112_130300.jpg,20260112_130300.jpg,8.118541,5.551566,-34.16598679972222,-70.6913882,JPEG,5799800,Lo Castillo,ground
696902a9ece43907fa70ae46,/home/malezainia1/dev/INIA_DeepLearning_Ubuntu_mod_lleon/data/campo5_enero26/Lo Castillo/Celular/20260112_130301.jpg,20260112_130301.jpg,8.892786,6.705696,-34.16598679972222,-70.6913882,JPEG,5911084,Lo Castillo,ground
696902a9ece43907fa70ae47,/home/malezainia1/dev/INIA_DeepLearning_Ubuntu_mod_lleon/data/campo5_enero26/Lo Castillo/Celular/20260112_130303(0).jpg,20260112_130303(0).jpg,5.3629336,8.550561,-34.16598679972222,-70.6913882,JPEG,6310411,Lo Castillo,ground
696902a9ece43907fa70ae48,/home/malezainia1/dev/INIA_DeepLearning_Ubuntu_mod_lleon/data/campo5_enero26/Lo Castillo/Celular/20260112_130303.jpg,20260112_130303.jpg,7.05076,5.487936,-34.16598679972222,-70.6913882,JPEG,5827836,Lo Castillo,ground
696902a9ece43907fa70ae49,/home/malezainia1/dev/INIA_DeepLearning_Ubuntu_mod_lleon/data/campo5_enero26/Lo Castillo/Celular/20260112_130304.jpg,20260112_130304.jpg,10.287261,6.57443,-34.16598679972222,-70.6913882,JPEG,6329723,Lo Castillo,ground
696902a9ece43907fa70ae4a,/home/malezainia1/dev/INIA_DeepLearning_Ubuntu_mod_lleon/data/campo5_enero26/Lo Castillo/Celular/20260112_130305.jpg,20260112_130305.jpg,10.23635,6.6276665,-34.16598679972222,-70.6913882,JPEG,6336063,Lo Castillo,ground
696902a9ece43907fa70ae4b,/home/malezainia1/dev/INIA_DeepLearning_Ubuntu_mod_lleon/data/campo5_enero26/Lo Castillo/Celular/20260112_130309(0).jpg,20260112_130309(0).jpg,7.151839,5.5807204,-34.16598679972222,-70.6913882,JPEG,6120464,Lo Castillo,ground
696902a9ece43907fa70ae4c,/home/malezainia1/dev/INIA_DeepLearning_Ubuntu_mod_lleon/data/campo5_enero26/Lo Castillo/Celular/20260112_130309.jpg,20260112_130309.jpg,5.026606,7.5377903,-34.16598679972222,-70.6913882,JPEG,5598813,Lo Castillo,ground
696902a9ece43907fa70ae4d,/home/malezainia1/dev/INIA_DeepLearning_Ubuntu_mod_lleon/data/campo5_enero26/Lo Castillo/Celular/20260112_130310(0).jpg,20260112_130310(0).jpg,8.046512,6.0218534,-34.16598679972222,-70.6913882,JPEG,6248476,Lo Castillo,ground
696902a9ece43907fa70ae4e,/home/malezainia1/dev/INIA_DeepLearning_Ubuntu_mod_lleon/data/campo5_enero26/Lo Castillo/Celular/20260112_130310.jpg,20260112_130310.jpg,7.042782,5.698098,-34.16598679972222,-70.6913882,JPEG,6050422,Lo Castillo,ground
696902a9ece43907fa70ae4f,/home/malezainia1/dev/INIA_DeepLearning_Ubuntu_mod_lleon/data/campo5_enero26/Lo Castillo/Celular/20260112_130314(0).jpg,20260112_130314(0).jpg,9.41009,7.734504,-34.16598679972222,-70.6913882,JPEG,6370081,Lo Castillo,ground
696902a9ece43907fa70ae50,/home/malezainia1/dev/INIA_DeepLearning_Ubuntu_mod_lleon/data/campo5_enero26/Lo Castillo/Celular/20260112_130314.jpg,20260112_130314.jpg,8.627341,5.7470713,-34.16598679972222,-70.6913882,JPEG,5794446,Lo Castillo,ground
696902a9ece43907fa70ae51,/home/malezainia1/dev/INIA_DeepLearning_Ubuntu_mod_lleon/data/campo5_enero26/Lo Castillo/Celular/20260112_130324.jpg,20260112_130324.jpg,8.888906,7.044792,-34.16598679972222,-70.6913882,JPEG,6109864,Lo Castillo,ground
696902a9ece43907fa70ae52,/home/malezainia1/dev/INIA_DeepLearning_Ubuntu_mod_lleon/data/campo5_enero26/Lo Castillo/Celular/20260112_130353.jpg,20260112_130353.jpg,7.8671603,6.0298014,-34.1655084,-70.6909296,JPEG,6093879,Lo Castillo,ground
696902a9ece43907fa70ae53,/home/malezainia1/dev/INIA_DeepLearning_Ubuntu_mod_lleon/data/campo5_enero26/Lo Castillo/Celular/20260112_130354.jpg,20260112_130354.jpg,7.696863,6.248672,-34.1655084,-70.6909296,JPEG,6223656,Lo Castillo,ground
696902a9ece43907fa70ae54,/home/malezainia1/dev/INIA_DeepLearning_Ubuntu_mod_lleon/data/campo5_enero26/Lo Castillo/Celular/20260112_130355.jpg,20260112_130355.jpg,9.393858,6.8214073,-34.1655084,-70.6909296,JPEG,5944875,Lo Castillo,ground
696902a9ece43907fa70ae55,/home/malezainia1/dev/INIA_DeepLearning_Ubuntu_mod_lleon/data/campo5_enero26/Lo Castillo/Celular/20260112_130356(0).jpg,20260112_130356(0).jpg,5.802846,6.9106016,-34.1655084,-70.6909296,JPEG,5550162,Lo Castillo,ground
696902a9ece43907fa70ae56,/home/malezainia1/dev/INIA_DeepLearning_Ubuntu_mod_lleon/data/campo5_enero26/Lo Castillo/Celular/20260112_130356.jpg,20260112_130356.jpg,9.444257,6.255322,-34.1655084,-70.6909296,JPEG,4470158,Lo Castillo,ground
696902a9ece43907fa70ae57,/home/malezainia1/dev/INIA_DeepLearning_Ubuntu_mod_lleon/data/campo5_enero26/Lo Castillo/Celular/20260112_130359.jpg,20260112_130359.jpg,5.3682632,7.1295156,-34.1655084,-70.6909296,JPEG,6214152,Lo Castillo,ground
696902a9ece43907fa70ae58,/home/malezainia1/dev/INIA_DeepLearning_Ubuntu_mod_lleon/data/campo5_enero26/Lo Castillo/Celular/20260112_130400.jpg,20260112_130400.jpg,5.4717283,7.148125,-34.1655084,-70.6909296,JPEG,6028650,Lo Castillo,ground
696902a9ece43907fa70ae59,/home/malezainia1/dev/INIA_DeepLearning_Ubuntu_mod_lleon/data/campo5_enero26/Lo Castillo/Celular/20260112_130401.jpg,20260112_130401.jpg,7.760146,5.6537576,-34.1655084,-70.6909296,JPEG,6508977,Lo Castillo,ground
696902a9ece43907fa70ae5a,/home/malezainia1/dev/INIA_DeepLearning_Ubuntu_mod_lleon/data/campo5_enero26/Lo Castillo/Celular/20260112_130405.jpg,20260112_130405.jpg,7.8237443,5.9827447,-34.1655084,-70.6909296,JPEG,6156029,Lo Castillo,ground
696902a9ece43907fa70ae5b,/home/malezainia1/dev/INIA_DeepLearning_Ubuntu_mod_lleon/data/campo5_enero26/Lo Castillo/Celular/20260112_130418.jpg,20260112_130418.jpg,6.800633,4.1215363,-34.1655084,-70.6909296,JPEG,6551159,Lo Castillo,ground
696902a9ece43907fa70ae5c,/home/malezainia1/dev/INIA_DeepLearning_Ubuntu_mod_lleon/data/campo5_enero26/Lo Castillo/Celular/20260112_130419.jpg,20260112_130419.jpg,5.158718,6.94463,-34.1655084,-70.6909296,JPEG,6245767,Lo Castillo,ground
696902a9ece43907fa70ae5d,/home/malezainia1/dev/INIA_DeepLearning_Ubuntu_mod_lleon/data/campo5_enero26/Lo Castillo/Celular/20260112_130420(0).jpg,20260112_130420(0).jpg,8.027742,6.424494,-34.1655084,-70.6909296,JPEG,5667983,Lo Castillo,ground
696902a9ece43907fa70ae5e,/home/malezainia1/dev/INIA_DeepLearning_Ubuntu_mod_lleon/data/campo5_enero26/Lo Castillo/Celular/20260112_130420.jpg,20260112_130420.jpg,5.083112,7.560843,-34.1655084,-70.6909296,JPEG,4832616,Lo Castillo,ground
696902a9ece43907fa70ae5f,/home/malezainia1/dev/INIA_DeepLearning_Ubuntu_mod_lleon/data/campo5_enero26/Lo Castillo/Celular/20260112_130422(0).jpg,20260112_130422(0).jpg,7.0390983,4.7486296,-34.1655084,-70.6909296,JPEG,5878401,Lo Castillo,ground
696902a9ece43907fa70ae60,/home/malezainia1/dev/INIA_DeepLearning_Ubuntu_mod_lleon/data/campo5_enero26/Lo Castillo/Celular/20260112_130422.jpg,20260112_130422.jpg,7.4791737,6.47368,-34.1655084,-70.6909296,JPEG,5563224,Lo Castillo,ground
696902a9ece43907fa70ae61,/home/malezainia1/dev/INIA_DeepLearning_Ubuntu_mod_lleon/data/campo5_enero26/Lo Castillo/Celular/20260112_130423(0).jpg,20260112_130423(0).jpg,6.5960975,6.493612,-34.1655084,-70.6909296,JPEG,5959367,Lo Castillo,ground
696902a9ece43907fa70ae62,/home/malezainia1/dev/INIA_DeepLearning_Ubuntu_mod_lleon/data/campo5_enero26/Lo Castillo/Celular/20260112_130423.jpg,20260112_130423.jpg,7.982517,4.8105946,-34.1655084,-70.6909296,JPEG,5843399,Lo Castillo,ground
696902a9ece43907fa70ae63,/home/malezainia1/dev/INIA_DeepLearning_Ubuntu_mod_lleon/data/campo5_enero26/Lo Castillo/Celular/20260112_130424.jpg,20260112_130424.jpg,6.385477,6.671245,-34.1655084,-70.6909296,JPEG,6329298,Lo Castillo,ground
696902a9ece43907fa70ae64,/home/malezainia1/dev/INIA_DeepLearning_Ubuntu_mod_lleon/data/campo5_enero26/Lo Castillo/Celular/20260112_130435(0).jpg,20260112_130435(0).jpg,5.2169523,7.8087363,-34.1655084,-70.6909296,JPEG,5180566,Lo Castillo,ground
696902a9ece43907fa70ae65,/home/malezainia1/dev/INIA_DeepLearning_Ubuntu_mod_lleon/data/campo5_enero26/Lo Castillo/Celular/20260112_130435.jpg,20260112_130435.jpg,7.3634715,5.4495945,-34.1655084,-70.6909296,JPEG,5671536,Lo Castillo,ground
696902a9ece43907fa70ae66,/home/malezainia1/dev/INIA_DeepLearning_Ubuntu_mod_lleon/data/campo5_enero26/Lo Castillo/Celular/20260112_130437.jpg,20260112_130437.jpg,8.951589,5.050759,-34.1655084,-70.6909296,JPEG,6161928,Lo Castillo,ground
696902a9ece43907fa70ae67,/home/malezainia1/dev/INIA_DeepLearning_Ubuntu_mod_lleon/data/campo5_enero26/Lo Castillo/Celular/20260112_130440.jpg,20260112_130440.jpg,9.339021,7.958409,-34.1655084,-70.6909296,JPEG,6204438,Lo Castillo,ground
696902a9ece43907fa70ae68,/home/malezainia1/dev/INIA_DeepLearning_Ubuntu_mod_lleon/data/campo5_enero26/Lo Castillo/Celular/20260112_130441.jpg,20260112_130441.jpg,5.3495097,6.69343,-34.1655084,-70.6909296,JPEG,5638919,Lo Castillo,ground
696902a9ece43907fa70ae69,/home/malezainia1/dev/INIA_DeepLearning_Ubuntu_mod_lleon/data/campo5_enero26/Lo Castillo/Celular/20260112_130442.jpg,20260112_130442.jpg,7.255011,7.028017,-34.1655084,-70.6909296,JPEG,6144919,Lo Castillo,ground
696902a9ece43907fa70ae6a,/home/malezainia1/dev/INIA_DeepLearning_Ubuntu_mod_lleon/data/campo5_enero26/Lo Castillo/Celular/20260112_130443.jpg,20260112_130443.jpg,6.8231354,6.020795,-34.1655084,-70.6909296,JPEG,5761671,Lo Castillo,ground
696902a9ece43907fa70ae6b,/home/malezainia1/dev/INIA_DeepLearning_Ubuntu_mod_lleon/data/campo5_enero26/Lo Castillo/Celular/20260112_130444(0).jpg,20260112_130444(0).jpg,5.493076,6.4473653,-34.1655084,-70.6909296,JPEG,5921954,Lo Castillo,ground
696902a9ece43907fa70ae6c,/home/malezainia1/dev/INIA_DeepLearning_Ubuntu_mod_lleon/data/campo5_enero26/Lo Castillo/Celular/20260112_130444.jpg,20260112_130444.jpg,5.5317097,6.2258244,-34.1655084,-70.6909296,JPEG,6076398,Lo Castillo,ground
696902a9ece43907fa70ae6d,/home/malezainia1/dev/INIA_DeepLearning_Ubuntu_mod_lleon/data/campo5_enero26/Lo Castillo/Celular/20260112_130447.jpg,20260112_130447.jpg,6.616437,5.210546,-34.1655084,-70.6909296,JPEG,5505998,Lo Castillo,ground
696902a9ece43907fa70ae6e,/home/malezainia1/dev/INIA_DeepLearning_Ubuntu_mod_lleon/data/campo5_enero26/Lo Castillo/Celular/20260112_130449(0).jpg,20260112_130449(0).jpg,6.9973745,5.420727,-34.1650883,-70.69054669972222,JPEG,6284846,Lo Castillo,ground
696902a9ece43907fa70ae6f,/home/malezainia1/dev/INIA_DeepLearning_Ubuntu_mod_lleon/data/campo5_enero26/Lo Castillo/Celular/20260112_130449.jpg,20260112_130449.jpg,8.583607,5.3122225,-34.1650987,-70.69055059972223,JPEG,6052487,Lo Castillo,ground
696902a9ece43907fa70ae70,/home/malezainia1/dev/INIA_DeepLearning_Ubuntu_mod_lleon/data/campo5_enero26/Lo Castillo/Celular/20260112_130450.jpg,20260112_130450.jpg,10.319437,6.437417,-34.165079399999996,-70.6905359,JPEG,6168259,Lo Castillo,ground
696902a9ece43907fa70ae71,/home/malezainia1/dev/INIA_DeepLearning_Ubuntu_mod_lleon/data/campo5_enero26/Lo Castillo/Celular/20260112_130451.jpg,20260112_130451.jpg,6.931662,5.764213,-34.165079399999996,-70.6905359,JPEG,6354178,Lo Castillo,ground
696902a9ece43907fa70ae72,/home/malezainia1/dev/INIA_DeepLearning_Ubuntu_mod_lleon/data/campo5_enero26/Lo Castillo/Celular/20260112_130453.jpg,20260112_130453.jpg,8.193843,6.100605,-34.16507169972222,-70.6905255,JPEG,5878704,Lo Castillo,ground
696902a9ece43907fa70ae73,/home/malezainia1/dev/INIA_DeepLearning_Ubuntu_mod_lleon/data/campo5_enero26/Lo Castillo/Celular/20260112_130454.jpg,20260112_130454.jpg,7.0071836,5.515512,-34.16507169972222,-70.6905255,JPEG,6156334,Lo Castillo,ground
696902a9ece43907fa70ae74,/home/malezainia1/dev/INIA_DeepLearning_Ubuntu_mod_lleon/data/campo5_enero26/Lo Castillo/Celular/20260112_130455.jpg,20260112_130455.jpg,6.913147,5.8221364,-34.16507169972222,-70.6905255,JPEG,6187379,Lo Castillo,ground
696902a9ece43907fa70ae75,/home/malezainia1/dev/INIA_DeepLearning_Ubuntu_mod_lleon/data/campo5_enero26/Lo Castillo/Celular/20260112_130456.jpg,20260112_130456.jpg,5.2803454,7.261219,-34.16507169972222,-70.6905255,JPEG,6156692,Lo Castillo,ground
696902a9ece43907fa70ae76,/home/malezainia1/dev/INIA_DeepLearning_Ubuntu_mod_lleon/data/campo5_enero26/Lo Castillo/Celular/20260112_130457(0).jpg,20260112_130457(0).jpg,5.3542614,7.0714765,-34.16507169972222,-70.6905255,JPEG,5365309,Lo Castillo,ground
696902a9ece43907fa70ae77,/home/malezainia1/dev/INIA_DeepLearning_Ubuntu_mod_lleon/data/campo5_enero26/Lo Castillo/Celular/20260112_130457.jpg,20260112_130457.jpg,6.2129097,6.999592,-34.16507169972222,-70.6905255,JPEG,5209397,Lo Castillo,ground
696902a9ece43907fa70ae78,/home/malezainia1/dev/INIA_DeepLearning_Ubuntu_mod_lleon/data/campo5_enero26/Lo Castillo/Celular/20260112_130458.jpg,20260112_130458.jpg,6.3586736,7.2836127,-34.16507169972222,-70.6905255,JPEG,5933049,Lo Castillo,ground
696902a9ece43907fa70ae79,/home/malezainia1/dev/INIA_DeepLearning_Ubuntu_mod_lleon/data/campo5_enero26/Lo Castillo/Celular/20260112_130500.jpg,20260112_130500.jpg,7.99005,4.84439,-34.16507169972222,-70.6905255,JPEG,5757957,Lo Castillo,ground
696902a9ece43907fa70ae7a,/home/malezainia1/dev/INIA_DeepLearning_Ubuntu_mod_lleon/data/campo5_enero26/Lo Castillo/Celular/20260112_130501.jpg,20260112_130501.jpg,5.184926,7.5530853,-34.16507169972222,-70.6905255,JPEG,5623912,Lo Castillo,ground
696902a9ece43907fa70ae7b,/home/malezainia1/dev/INIA_DeepLearning_Ubuntu_mod_lleon/data/campo5_enero26/Lo Castillo/Celular/20260112_130502.jpg,20260112_130502.jpg,5.249933,7.7085404,-34.16507169972222,-70.6905255,JPEG,4692421,Lo Castillo,ground
696902a9ece43907fa70ae7c,/home/malezainia1/dev/INIA_DeepLearning_Ubuntu_mod_lleon/data/campo5_enero26/Lo Castillo/Celular/20260112_130507(0).jpg,20260112_130507(0).jpg,6.2420835,7.671858,-34.16507169972222,-70.6905255,JPEG,6025255,Lo Castillo,ground
696902a9ece43907fa70ae7d,/home/malezainia1/dev/INIA_DeepLearning_Ubuntu_mod_lleon/data/campo5_enero26/Lo Castillo/Celular/20260112_130507.jpg,20260112_130507.jpg,7.744616,6.1820326,-34.16507169972222,-70.6905255,JPEG,6222346,Lo Castillo,ground
696902a9ece43907fa70ae7e,/home/malezainia1/dev/INIA_DeepLearning_Ubuntu_mod_lleon/data/campo5_enero26/Lo Castillo/Celular/20260112_130511.jpg,20260112_130511.jpg,4.979786,8.064864,-34.16507169972222,-70.6905255,JPEG,5755076,Lo Castillo,ground
696902a9ece43907fa70ae7f,/home/malezainia1/dev/INIA_DeepLearning_Ubuntu_mod_lleon/data/campo5_enero26/Lo Castillo/Celular/20260112_130512.jpg,20260112_130512.jpg,8.034217,6.838451,-34.16507169972222,-70.6905255,JPEG,5510458,Lo Castillo,ground
696902a9ece43907fa70ae80,/home/malezainia1/dev/INIA_DeepLearning_Ubuntu_mod_lleon/data/campo5_enero26/Lo Castillo/Celular/20260112_130513(0).jpg,20260112_130513(0).jpg,10.148857,6.967825,-34.16507169972222,-70.6905255,JPEG,5882397,Lo Castillo,ground
696902a9ece43907fa70ae81,/home/malezainia1/dev/INIA_DeepLearning_Ubuntu_mod_lleon/data/campo5_enero26/Lo Castillo/Celular/20260112_130513.jpg,20260112_130513.jpg,5.0311537,8.038872,-34.16507169972222,-70.6905255,JPEG,5688992,Lo Castillo,ground
696902a9ece43907fa70ae82,/home/malezainia1/dev/INIA_DeepLearning_Ubuntu_mod_lleon/data/campo5_enero26/Lo Castillo/Celular/20260112_130514.jpg,20260112_130514.jpg,4.925631,8.411512,-34.16507169972222,-70.6905255,JPEG,5891294,Lo Castillo,ground
696902a9ece43907fa70ae83,/home/malezainia1/dev/INIA_DeepLearning_Ubuntu_mod_lleon/data/campo5_enero26/Lo Castillo/Celular/20260112_130515.jpg,20260112_130515.jpg,7.2601614,9.381439,-34.16507169972222,-70.6905255,JPEG,4442162,Lo Castillo,ground
696902a9ece43907fa70ae84,/home/malezainia1/dev/INIA_DeepLearning_Ubuntu_mod_lleon/data/campo5_enero26/Lo Castillo/Celular/20260112_130518(0).jpg,20260112_130518(0).jpg,7.063737,5.621124,-34.16507169972222,-70.6905255,JPEG,5770116,Lo Castillo,ground
696902a9ece43907fa70ae85,/home/malezainia1/dev/INIA_DeepLearning_Ubuntu_mod_lleon/data/campo5_enero26/Lo Castillo/Celular/20260112_130518.jpg,20260112_130518.jpg,6.747974,4.434679,-34.16507169972222,-70.6905255,JPEG,4466905,Lo Castillo,ground
696902a9ece43907fa70ae86,/home/malezainia1/dev/INIA_DeepLearning_Ubuntu_mod_lleon/data/campo5_enero26/Lo Castillo/Celular/20260112_130519.jpg,20260112_130519.jpg,4.5214844,7.2822356,-34.16507169972222,-70.6905255,JPEG,5644724,Lo Castillo,ground
696902a9ece43907fa70ae87,/home/malezainia1/dev/INIA_DeepLearning_Ubuntu_mod_lleon/data/campo5_enero26/Lo Castillo/Celular/20260112_130520.jpg,20260112_130520.jpg,6.985517,4.94842,-34.16507169972222,-70.6905255,JPEG,5615846,Lo Castillo,ground
696902a9ece43907fa70ae88,/home/malezainia1/dev/INIA_DeepLearning_Ubuntu_mod_lleon/data/campo5_enero26/Lo Castillo/Celular/20260112_130521.jpg,20260112_130521.jpg,5.7128596,7.3277345,-34.16507169972222,-70.6905255,JPEG,5606423,Lo Castillo,ground
696902a9ece43907fa70ae89,/home/malezainia1/dev/INIA_DeepLearning_Ubuntu_mod_lleon/data/campo5_enero26/Lo Castillo/Celular/20260112_130522.jpg,20260112_130522.jpg,4.460188,7.518634,-34.16507169972222,-70.6905255,JPEG,5061389,Lo Castillo,ground
696902a9ece43907fa70ae8a,/home/malezainia1/dev/INIA_DeepLearning_Ubuntu_mod_lleon/data/campo5_enero26/Lo Castillo/Celular/20260112_130524.jpg,20260112_130524.jpg,4.0079765,7.4068832,-34.16507169972222,-70.6905255,JPEG,5521417,Lo Castillo,ground
696902a9ece43907fa70ae8b,/home/malezainia1/dev/INIA_DeepLearning_Ubuntu_mod_lleon/data/campo5_enero26/Lo Castillo/Celular/20260112_130525.jpg,20260112_130525.jpg,5.318727,6.896877,-34.16507169972222,-70.6905255,JPEG,5675659,Lo Castillo,ground
696902a9ece43907fa70ae8c,/home/malezainia1/dev/INIA_DeepLearning_Ubuntu_mod_lleon/data/campo5_enero26/Lo Castillo/Celular/20260112_130526.jpg,20260112_130526.jpg,9.027902,5.1816044,-34.16507169972222,-70.6905255,JPEG,5636550,Lo Castillo,ground
696902a9ece43907fa70ae8d,/home/malezainia1/dev/INIA_DeepLearning_Ubuntu_mod_lleon/data/campo5_enero26/Lo Castillo/Celular/20260112_130527.jpg,20260112_130527.jpg,6.749299,6.5456085,-34.16507169972222,-70.6905255,JPEG,5615114,Lo Castillo,ground
696902a9ece43907fa70ae8e,/home/malezainia1/dev/INIA_DeepLearning_Ubuntu_mod_lleon/data/campo5_enero26/Lo Castillo/Celular/20260112_130529.jpg,20260112_130529.jpg,5.5916924,9.482324,-34.16507169972222,-70.6905255,JPEG,4246369,Lo Castillo,ground
696902a9ece43907fa70ae8f,/home/malezainia1/dev/INIA_DeepLearning_Ubuntu_mod_lleon/data/campo5_enero26/Lo Castillo/Celular/20260112_130531.jpg,20260112_130531.jpg,7.0736322,9.026357,-34.16507169972222,-70.6905255,JPEG,6125192,Lo Castillo,ground
696902a9ece43907fa70ae90,/home/malezainia1/dev/INIA_DeepLearning_Ubuntu_mod_lleon/data/campo5_enero26/Lo Castillo/Celular/20260112_130532.jpg,20260112_130532.jpg,9.266234,7.785763,-34.16507169972222,-70.6905255,JPEG,6142692,Lo Castillo,ground
696902a9ece43907fa70ae91,/home/malezainia1/dev/INIA_DeepLearning_Ubuntu_mod_lleon/data/campo5_enero26/Lo Castillo/Celular/20260112_130533.jpg,20260112_130533.jpg,6.4219255,6.0751643,-34.16507169972222,-70.6905255,JPEG,5651405,Lo Castillo,ground
696902a9ece43907fa70ae92,/home/malezainia1/dev/INIA_DeepLearning_Ubuntu_mod_lleon/data/campo5_enero26/Lo Castillo/Celular/20260112_130534.jpg,20260112_130534.jpg,6.6401253,7.3964753,-34.16507169972222,-70.6905255,JPEG,5916118,Lo Castillo,ground
696902a9ece43907fa70ae93,/home/malezainia1/dev/INIA_DeepLearning_Ubuntu_mod_lleon/data/campo5_enero26/Lo Castillo/Celular/20260112_130535.jpg,20260112_130535.jpg,6.301411,6.7706785,-34.16507169972222,-70.6905255,JPEG,5938936,Lo Castillo,ground
696902a9ece43907fa70ae94,/home/malezainia1/dev/INIA_DeepLearning_Ubuntu_mod_lleon/data/campo5_enero26/Lo Castillo/Celular/20260112_130536.jpg,20260112_130536.jpg,5.440746,6.72943,-34.16507169972222,-70.6905255,JPEG,5936277,Lo Castillo,ground
696902a9ece43907fa70ae95,/home/malezainia1/dev/INIA_DeepLearning_Ubuntu_mod_lleon/data/campo5_enero26/Lo Castillo/Celular/20260112_130537.jpg,20260112_130537.jpg,5.596063,7.199487,-34.16507169972222,-70.6905255,JPEG,6022763,Lo Castillo,ground
696902a9ece43907fa70ae96,/home/malezainia1/dev/INIA_DeepLearning_Ubuntu_mod_lleon/data/campo5_enero26/Lo Castillo/Celular/20260112_130538.jpg,20260112_130538.jpg,10.253193,6.265011,-34.164782699999996,-70.6902507,JPEG,5833475,Lo Castillo,ground
696902a9ece43907fa70ae97,/home/malezainia1/dev/INIA_DeepLearning_Ubuntu_mod_lleon/data/campo5_enero26/Lo Castillo/Celular/20260112_130539.jpg,20260112_130539.jpg,7.3382044,6.062312,-34.1647788,-70.69025659972223,JPEG,6184485,Lo Castillo,ground
696902a9ece43907fa70ae98,/home/malezainia1/dev/INIA_DeepLearning_Ubuntu_mod_lleon/data/campo5_enero26/Lo Castillo/Celular/20260112_130540.jpg,20260112_130540.jpg,4.993415,8.279015,-34.1647788,-70.69025659972223,JPEG,6357679,Lo Castillo,ground
696902a9ece43907fa70ae99,/home/malezainia1/dev/INIA_DeepLearning_Ubuntu_mod_lleon/data/campo5_enero26/Lo Castillo/Celular/20260112_130541.jpg,20260112_130541.jpg,5.587628,8.571471,-34.164780299722224,-70.6902534,JPEG,5947902,Lo Castillo,ground
696902a9ece43907fa70ae9a,/home/malezainia1/dev/INIA_DeepLearning_Ubuntu_mod_lleon/data/campo5_enero26/Lo Castillo/Celular/20260112_130542.jpg,20260112_130542.jpg,7.9692345,4.35728,-34.164780299722224,-70.6902534,JPEG,6157369,Lo Castillo,ground
696902a9ece43907fa70ae9b,/home/malezainia1/dev/INIA_DeepLearning_Ubuntu_mod_lleon/data/campo5_enero26/Lo Castillo/Celular/20260112_130543.jpg,20260112_130543.jpg,8.318622,7.3818145,-34.164780299722224,-70.6902534,JPEG,6243399,Lo Castillo,ground
696902a9ece43907fa70ae9c,/home/malezainia1/dev/INIA_DeepLearning_Ubuntu_mod_lleon/data/campo5_enero26/Lo Castillo/Celular/20260112_130545.jpg,20260112_130545.jpg,9.5312395,6.0266523,-34.164780299722224,-70.6902534,JPEG,5823021,Lo Castillo,ground
696902a9ece43907fa70ae9d,/home/malezainia1/dev/INIA_DeepLearning_Ubuntu_mod_lleon/data/campo5_enero26/Lo Castillo/Celular/20260112_130546.jpg,20260112_130546.jpg,6.011892,8.026015,-34.164780299722224,-70.6902534,JPEG,5903457,Lo Castillo,ground
696902a9ece43907fa70ae9e,/home/malezainia1/dev/INIA_DeepLearning_Ubuntu_mod_lleon/data/campo5_enero26/Lo Castillo/Celular/20260112_130556(0).jpg,20260112_130556(0).jpg,4.904776,8.457395,-34.164780299722224,-70.6902534,JPEG,5978353,Lo Castillo,ground
696902a9ece43907fa70ae9f,/home/malezainia1/dev/INIA_DeepLearning_Ubuntu_mod_lleon/data/campo5_enero26/Lo Castillo/Celular/20260112_130556.jpg,20260112_130556.jpg,6.117633,8.925945,-34.164780299722224,-70.6902534,JPEG,5616759,Lo Castillo,ground
696902a9ece43907fa70aea0,/home/malezainia1/dev/INIA_DeepLearning_Ubuntu_mod_lleon/data/campo5_enero26/Lo Castillo/Celular/20260112_130559.jpg,20260112_130559.jpg,10.415332,6.2093735,-34.16465389972222,-70.6901622,JPEG,5742294,Lo Castillo,ground
696902a9ece43907fa70aea1,/home/malezainia1/dev/INIA_DeepLearning_Ubuntu_mod_lleon/data/campo5_enero26/Lo Castillo/Celular/20260112_130606.jpg,20260112_130606.jpg,7.1292424,3.846803,-34.1646535,-70.69013789972223,JPEG,6066884,Lo Castillo,ground
696902a9ece43907fa70aea2,/home/malezainia1/dev/INIA_DeepLearning_Ubuntu_mod_lleon/data/campo5_enero26/Lo Castillo/Celular/20260112_130607.jpg,20260112_130607.jpg,9.20782,6.7097387,-34.1646535,-70.69013789972223,JPEG,5859339,Lo Castillo,ground
696902a9ece43907fa70aea3,/home/malezainia1/dev/INIA_DeepLearning_Ubuntu_mod_lleon/data/campo5_enero26/Lo Castillo/Celular/20260112_130631.jpg,20260112_130631.jpg,7.892026,5.597906,-34.1646535,-70.69013789972223,JPEG,5750746,Lo Castillo,ground
696902a9ece43907fa70aea4,/home/malezainia1/dev/INIA_DeepLearning_Ubuntu_mod_lleon/data/campo5_enero26/Lo Castillo/Celular/20260112_130634.jpg,20260112_130634.jpg,6.4967527,8.848057,-34.1646535,-70.69013789972223,JPEG,5780069,Lo Castillo,ground
696902a9ece43907fa70aea5,/home/malezainia1/dev/INIA_DeepLearning_Ubuntu_mod_lleon/data/campo5_enero26/Lo Castillo/Celular/20260112_130635.jpg,20260112_130635.jpg,10.030649,7.118782,-34.1646535,-70.69013789972223,JPEG,6271747,Lo Castillo,ground
696902a9ece43907fa70aea6,/home/malezainia1/dev/INIA_DeepLearning_Ubuntu_mod_lleon/data/campo5_enero26/Lo Castillo/Celular/20260112_130641(0).jpg,20260112_130641(0).jpg,6.8904676,8.277013,-34.1646535,-70.69013789972223,JPEG,6280301,Lo Castillo,ground
696902a9ece43907fa70aea7,/home/malezainia1/dev/INIA_DeepLearning_Ubuntu_mod_lleon/data/campo5_enero26/Lo Castillo/Celular/20260112_130641.jpg,20260112_130641.jpg,6.450833,8.681994,-34.1646535,-70.69013789972223,JPEG,6634790,Lo Castillo,ground
696902a9ece43907fa70aea8,/home/malezainia1/dev/INIA_DeepLearning_Ubuntu_mod_lleon/data/campo5_enero26/Lo Castillo/Celular/20260112_130728.jpg,20260112_130728.jpg,6.828716,5.2121735,-34.16422529972222,-70.6896981,JPEG,6185739,Lo Castillo,ground
696902a9ece43907fa70aea9,/home/malezainia1/dev/INIA_DeepLearning_Ubuntu_mod_lleon/data/campo5_enero26/Lo Castillo/Celular/20260112_130749(0).jpg,20260112_130749(0).jpg,6.4184346,6.7847815,-34.16422529972222,-70.6896981,JPEG,6065041,Lo Castillo,ground
696902a9ece43907fa70aeaa,/home/malezainia1/dev/INIA_DeepLearning_Ubuntu_mod_lleon/data/campo5_enero26/Lo Castillo/Celular/20260112_130749.jpg,20260112_130749.jpg,7.8117323,4.4934244,-34.16422529972222,-70.6896981,JPEG,5783130,Lo Castillo,ground
696902a9ece43907fa70aeab,/home/malezainia1/dev/INIA_DeepLearning_Ubuntu_mod_lleon/data/campo5_enero26/Lo Castillo/Celular/20260112_130751.jpg,20260112_130751.jpg,7.3899627,5.0673594,-34.16422529972222,-70.6896981,JPEG,6346092,Lo Castillo,ground
696902a9ece43907fa70aeac,/home/malezainia1/dev/INIA_DeepLearning_Ubuntu_mod_lleon/data/campo5_enero26/Lo Castillo/Celular/20260112_130752.jpg,20260112_130752.jpg,7.1061583,5.140566,-34.16422529972222,-70.6896981,JPEG,5946447,Lo Castillo,ground
696902a9ece43907fa70aead,/home/malezainia1/dev/INIA_DeepLearning_Ubuntu_mod_lleon/data/campo5_enero26/Lo Castillo/Celular/20260112_130753.jpg,20260112_130753.jpg,7.198749,9.143273,-34.16422529972222,-70.6896981,JPEG,5490407,Lo Castillo,ground
696902a9ece43907fa70aeae,/home/malezainia1/dev/INIA_DeepLearning_Ubuntu_mod_lleon/data/campo5_enero26/Lo Castillo/Celular/20260112_130754.jpg,20260112_130754.jpg,7.8271523,4.9210405,-34.16422529972222,-70.6896981,JPEG,6240054,Lo Castillo,ground
696902a9ece43907fa70aeaf,/home/malezainia1/dev/INIA_DeepLearning_Ubuntu_mod_lleon/data/campo5_enero26/Lo Castillo/Celular/20260112_130801.jpg,20260112_130801.jpg,7.5775876,5.1046886,-34.16422529972222,-70.6896981,JPEG,5531093,Lo Castillo,ground
696902a9ece43907fa70aeb0,/home/malezainia1/dev/INIA_DeepLearning_Ubuntu_mod_lleon/data/campo5_enero26/Lo Castillo/Celular/20260112_130815.jpg,20260112_130815.jpg,5.512864,6.113303,-34.16422529972222,-70.6896981,JPEG,5574513,Lo Castillo,ground
696902a9ece43907fa70aeb1,/home/malezainia1/dev/INIA_DeepLearning_Ubuntu_mod_lleon/data/campo5_enero26/Lo Castillo/Celular/20260112_130816.jpg,20260112_130816.jpg,6.63669,6.155597,-34.16422529972222,-70.6896981,JPEG,5775596,Lo Castillo,ground
696902a9ece43907fa70aeb2,/home/malezainia1/dev/INIA_DeepLearning_Ubuntu_mod_lleon/data/campo5_enero26/Lo Castillo/Celular/20260112_130817(0).jpg,20260112_130817(0).jpg,8.125931,5.8629847,-34.16422529972222,-70.6896981,JPEG,5500613,Lo Castillo,ground
696902a9ece43907fa70aeb3,/home/malezainia1/dev/INIA_DeepLearning_Ubuntu_mod_lleon/data/campo5_enero26/Lo Castillo/Celular/20260112_130817.jpg,20260112_130817.jpg,10.096838,7.0668225,-34.16422529972222,-70.6896981,JPEG,5864665,Lo Castillo,ground
696902a9ece43907fa70aeb4,/home/malezainia1/dev/INIA_DeepLearning_Ubuntu_mod_lleon/data/campo5_enero26/Lo Castillo/Celular/20260112_130818.jpg,20260112_130818.jpg,6.6505523,8.776078,-34.16422529972222,-70.6896981,JPEG,5591227,Lo Castillo,ground
696902a9ece43907fa70aeb5,/home/malezainia1/dev/INIA_DeepLearning_Ubuntu_mod_lleon/data/campo5_enero26/Lo Castillo/Celular/20260112_130819(0).jpg,20260112_130819(0).jpg,5.241638,7.4865174,-34.16422529972222,-70.6896981,JPEG,6288961,Lo Castillo,ground
696902a9ece43907fa70aeb6,/home/malezainia1/dev/INIA_DeepLearning_Ubuntu_mod_lleon/data/campo5_enero26/Lo Castillo/Celular/20260112_130819.jpg,20260112_130819.jpg,10.426111,6.207452,-34.16422529972222,-70.6896981,JPEG,5757433,Lo Castillo,ground
696902a9ece43907fa70aeb7,/home/malezainia1/dev/INIA_DeepLearning_Ubuntu_mod_lleon/data/campo5_enero26/Lo Castillo/Celular/20260112_130820.jpg,20260112_130820.jpg,7.86467,6.9693766,-34.16422529972222,-70.6896981,JPEG,6137515,Lo Castillo,ground
696902a9ece43907fa70aeb8,/home/malezainia1/dev/INIA_DeepLearning_Ubuntu_mod_lleon/data/campo5_enero26/Lo Castillo/Celular/20260112_130822.jpg,20260112_130822.jpg,8.416019,5.7985306,-34.16422529972222,-70.6896981,JPEG,5390922,Lo Castillo,ground
696902a9ece43907fa70aeb9,/home/malezainia1/dev/INIA_DeepLearning_Ubuntu_mod_lleon/data/campo5_enero26/Lo Castillo/Celular/20260112_130823(0).jpg,20260112_130823(0).jpg,6.4343634,4.879677,-34.16422529972222,-70.6896981,JPEG,5594830,Lo Castillo,ground
696902a9ece43907fa70aeba,/home/malezainia1/dev/INIA_DeepLearning_Ubuntu_mod_lleon/data/campo5_enero26/Lo Castillo/Celular/20260112_130823.jpg,20260112_130823.jpg,6.9645133,4.6168146,-34.16422529972222,-70.6896981,JPEG,5722337,Lo Castillo,ground
696902a9ece43907fa70aebb,/home/malezainia1/dev/INIA_DeepLearning_Ubuntu_mod_lleon/data/campo5_enero26/Lo Castillo/Celular/20260112_130826.jpg,20260112_130826.jpg,8.324032,5.739792,-34.16422529972222,-70.6896981,JPEG,6495194,Lo Castillo,ground
696902a9ece43907fa70aebc,/home/malezainia1/dev/INIA_DeepLearning_Ubuntu_mod_lleon/data/campo5_enero26/Lo Castillo/Celular/20260112_130827.jpg,20260112_130827.jpg,5.748611,8.977679,-34.16378089972222,-70.6892739,JPEG,5539197,Lo Castillo,ground
696902a9ece43907fa70aebd,/home/malezainia1/dev/INIA_DeepLearning_Ubuntu_mod_lleon/data/campo5_enero26/Lo Castillo/Celular/20260112_130842.jpg,20260112_130842.jpg,10.35828,6.0179296,-34.16375949972222,-70.68924029972223,JPEG,5651670,Lo Castillo,ground
696902a9ece43907fa70aebe,/home/malezainia1/dev/INIA_DeepLearning_Ubuntu_mod_lleon/data/campo5_enero26/Lo Castillo/Celular/20260112_130847.jpg,20260112_130847.jpg,8.419618,9.336734,-34.16375949972222,-70.68924029972223,JPEG,5724484,Lo Castillo,ground
696902a9ece43907fa70aebf,/home/malezainia1/dev/INIA_DeepLearning_Ubuntu_mod_lleon/data/campo5_enero26/Lo Castillo/Celular/20260112_130849.jpg,20260112_130849.jpg,8.159126,5.2994566,-34.16375949972222,-70.68924029972223,JPEG,5490474,Lo Castillo,ground
696902a9ece43907fa70aec0,/home/malezainia1/dev/INIA_DeepLearning_Ubuntu_mod_lleon/data/campo5_enero26/Lo Castillo/Celular/20260112_130850.jpg,20260112_130850.jpg,8.423291,5.705552,-34.16375949972222,-70.68924029972223,JPEG,5672728,Lo Castillo,ground
696902a9ece43907fa70aec1,/home/malezainia1/dev/INIA_DeepLearning_Ubuntu_mod_lleon/data/campo5_enero26/Lo Castillo/Celular/20260112_130858.jpg,20260112_130858.jpg,8.748024,6.0376863,-34.16375949972222,-70.68924029972223,JPEG,6016703,Lo Castillo,ground
696902a9ece43907fa70aec2,/home/malezainia1/dev/INIA_DeepLearning_Ubuntu_mod_lleon/data/campo5_enero26/Lo Castillo/Celular/20260112_130904(0).jpg,20260112_130904(0).jpg,7.842985,4.6692615,-34.16375949972222,-70.68924029972223,JPEG,5883889,Lo Castillo,ground
696902a9ece43907fa70aec3,/home/malezainia1/dev/INIA_DeepLearning_Ubuntu_mod_lleon/data/campo5_enero26/Lo Castillo/Celular/20260112_130904.jpg,20260112_130904.jpg,8.379221,5.8909273,-34.16375949972222,-70.68924029972223,JPEG,5892002,Lo Castillo,ground
696902a9ece43907fa70aec4,/home/malezainia1/dev/INIA_DeepLearning_Ubuntu_mod_lleon/data/campo5_enero26/Lo Castillo/Celular/20260112_130905.jpg,20260112_130905.jpg,7.185154,5.5728025,-34.16375949972222,-70.68924029972223,JPEG,6046579,Lo Castillo,ground
696902a9ece43907fa70aec5,/home/malezainia1/dev/INIA_DeepLearning_Ubuntu_mod_lleon/data/campo5_enero26/Lo Castillo/Celular/20260112_130906.jpg,20260112_130906.jpg,6.941838,10.044206,-34.16375949972222,-70.68924029972223,JPEG,5818236,Lo Castillo,ground
696902a9ece43907fa70aec6,/home/malezainia1/dev/INIA_DeepLearning_Ubuntu_mod_lleon/data/campo5_enero26/Lo Castillo/Celular/20260112_130910(0).jpg,20260112_130910(0).jpg,8.067337,5.486,-34.16375949972222,-70.68924029972223,JPEG,5484199,Lo Castillo,ground
696902a9ece43907fa70aec7,/home/malezainia1/dev/INIA_DeepLearning_Ubuntu_mod_lleon/data/campo5_enero26/Lo Castillo/Celular/20260112_130910.jpg,20260112_130910.jpg,9.7792635,6.065049,-34.16375949972222,-70.68924029972223,JPEG,6034496,Lo Castillo,ground
696902a9ece43907fa70aec8,/home/malezainia1/dev/INIA_DeepLearning_Ubuntu_mod_lleon/data/campo5_enero26/Lo Castillo/Celular/20260112_130911.jpg,20260112_130911.jpg,6.3666587,5.8444314,-34.16375949972222,-70.68924029972223,JPEG,5790865,Lo Castillo,ground
696902a9ece43907fa70aec9,/home/malezainia1/dev/INIA_DeepLearning_Ubuntu_mod_lleon/data/campo5_enero26/Lo Castillo/Celular/20260112_130912.jpg,20260112_130912.jpg,5.898342,8.104906,-34.16375949972222,-70.68924029972223,JPEG,5668396,Lo Castillo,ground
696902a9ece43907fa70aeca,/home/malezainia1/dev/INIA_DeepLearning_Ubuntu_mod_lleon/data/campo5_enero26/Lo Castillo/Celular/20260112_130913.jpg,20260112_130913.jpg,5.5195456,6.6902843,-34.16375949972222,-70.68924029972223,JPEG,5582946,Lo Castillo,ground
696902a9ece43907fa70aecb,/home/malezainia1/dev/INIA_DeepLearning_Ubuntu_mod_lleon/data/campo5_enero26/Lo Castillo/Celular/20260112_130914.jpg,20260112_130914.jpg,7.6595945,6.379128,-34.16375949972222,-70.68924029972223,JPEG,5651476,Lo Castillo,ground
696902a9ece43907fa70aecc,/home/malezainia1/dev/INIA_DeepLearning_Ubuntu_mod_lleon/data/campo5_enero26/Lo Castillo/Celular/20260112_130915.jpg,20260112_130915.jpg,8.720157,6.0419583,-34.16375949972222,-70.68924029972223,JPEG,5517982,Lo Castillo,ground
696902a9ece43907fa70aecd,/home/malezainia1/dev/INIA_DeepLearning_Ubuntu_mod_lleon/data/campo5_enero26/Lo Castillo/Celular/20260112_130923.jpg,20260112_130923.jpg,8.299363,6.3157716,-34.163382999999996,-70.68888139972222,JPEG,5023537,Lo Castillo,ground
696902a9ece43907fa70aece,/home/malezainia1/dev/INIA_DeepLearning_Ubuntu_mod_lleon/data/campo5_enero26/Lo Castillo/Celular/20260112_130924.jpg,20260112_130924.jpg,6.7233443,4.9183636,-34.163382999999996,-70.68888139972222,JPEG,5767545,Lo Castillo,ground
696902a9ece43907fa70aecf,/home/malezainia1/dev/INIA_DeepLearning_Ubuntu_mod_lleon/data/campo5_enero26/Lo Castillo/Celular/20260112_130926.jpg,20260112_130926.jpg,8.326445,5.256597,-34.163382999999996,-70.68888139972222,JPEG,5681786,Lo Castillo,ground
696902a9ece43907fa70aed0,/home/malezainia1/dev/INIA_DeepLearning_Ubuntu_mod_lleon/data/campo5_enero26/Lo Castillo/Celular/20260112_130928(0).jpg,20260112_130928(0).jpg,8.893468,7.209757,-34.163382999999996,-70.68888139972222,JPEG,6011329,Lo Castillo,ground
696902a9ece43907fa70aed1,/home/malezainia1/dev/INIA_DeepLearning_Ubuntu_mod_lleon/data/campo5_enero26/Lo Castillo/Celular/20260112_130928.jpg,20260112_130928.jpg,8.770752,7.457636,-34.163382999999996,-70.68888139972222,JPEG,5883608,Lo Castillo,ground
696902a9ece43907fa70aed2,/home/malezainia1/dev/INIA_DeepLearning_Ubuntu_mod_lleon/data/campo5_enero26/Lo Castillo/Celular/20260112_130929.jpg,20260112_130929.jpg,9.938387,7.0014834,-34.163382999999996,-70.68888139972222,JPEG,5306709,Lo Castillo,ground
696902a9ece43907fa70aed3,/home/malezainia1/dev/INIA_DeepLearning_Ubuntu_mod_lleon/data/campo5_enero26/Lo Castillo/Celular/20260112_130932.jpg,20260112_130932.jpg,9.177488,6.2951508,-34.163382999999996,-70.68888139972222,JPEG,5694294,Lo Castillo,ground
696902a9ece43907fa70aed4,/home/malezainia1/dev/INIA_DeepLearning_Ubuntu_mod_lleon/data/campo5_enero26/Lo Castillo/Celular/20260112_130933.jpg,20260112_130933.jpg,9.013818,4.5533724,-34.163382999999996,-70.68888139972222,JPEG,5603735,Lo Castillo,ground
696902a9ece43907fa70aed5,/home/malezainia1/dev/INIA_DeepLearning_Ubuntu_mod_lleon/data/campo5_enero26/Lo Castillo/Celular/20260112_130935.jpg,20260112_130935.jpg,6.508163,5.943593,-34.163382999999996,-70.68888139972222,JPEG,5772477,Lo Castillo,ground
696902a9ece43907fa70aed6,/home/malezainia1/dev/INIA_DeepLearning_Ubuntu_mod_lleon/data/campo5_enero26/Lo Castillo/Celular/20260112_130936(0).jpg,20260112_130936(0).jpg,6.550676,9.145892,-34.163382999999996,-70.68888139972222,JPEG,6284255,Lo Castillo,ground
696902a9ece43907fa70aed7,/home/malezainia1/dev/INIA_DeepLearning_Ubuntu_mod_lleon/data/campo5_enero26/Lo Castillo/Celular/20260112_130936.jpg,20260112_130936.jpg,8.309923,8.718806,-34.163382999999996,-70.68888139972222,JPEG,5326361,Lo Castillo,ground
696902a9ece43907fa70aed8,/home/malezainia1/dev/INIA_DeepLearning_Ubuntu_mod_lleon/data/campo5_enero26/Lo Castillo/Celular/20260112_130937.jpg,20260112_130937.jpg,8.980839,8.111936,-34.163382999999996,-70.68888139972222,JPEG,6081295,Lo Castillo,ground
696902a9ece43907fa70aed9,/home/malezainia1/dev/INIA_DeepLearning_Ubuntu_mod_lleon/data/campo5_enero26/Lo Castillo/Celular/20260112_130938.jpg,20260112_130938.jpg,9.348154,7.651851,-34.163382999999996,-70.68888139972222,JPEG,6403588,Lo Castillo,ground
696902a9ece43907fa70aeda,/home/malezainia1/dev/INIA_DeepLearning_Ubuntu_mod_lleon/data/campo5_enero26/Lo Castillo/Celular/20260112_130939.jpg,20260112_130939.jpg,8.251145,5.165854,-34.163382999999996,-70.68888139972222,JPEG,5461399,Lo Castillo,ground
696902a9ece43907fa70aedb,/home/malezainia1/dev/INIA_DeepLearning_Ubuntu_mod_lleon/data/campo5_enero26/Lo Castillo/Celular/20260112_130940.jpg,20260112_130940.jpg,6.400297,8.015262,-34.163382999999996,-70.68888139972222,JPEG,6053443,Lo Castillo,ground
696902a9ece43907fa70aedc,/home/malezainia1/dev/INIA_DeepLearning_Ubuntu_mod_lleon/data/campo5_enero26/Lo Castillo/Celular/20260112_130941.jpg,20260112_130941.jpg,7.305116,3.9740489,-34.163382999999996,-70.68888139972222,JPEG,5806719,Lo Castillo,ground
696902a9ece43907fa70aedd,/home/malezainia1/dev/INIA_DeepLearning_Ubuntu_mod_lleon/data/campo5_enero26/Lo Castillo/Celular/20260112_130944.jpg,20260112_130944.jpg,8.390794,4.810063,-34.163382999999996,-70.68888139972222,JPEG,5591474,Lo Castillo,ground
696902a9ece43907fa70aede,/home/malezainia1/dev/INIA_DeepLearning_Ubuntu_mod_lleon/data/campo5_enero26/Lo Castillo/Celular/20260112_130945(0).jpg,20260112_130945(0).jpg,9.653973,7.458621,-34.163382999999996,-70.68888139972222,JPEG,6067723,Lo Castillo,ground
696902a9ece43907fa70aedf,/home/malezainia1/dev/INIA_DeepLearning_Ubuntu_mod_lleon/data/campo5_enero26/Lo Castillo/Celular/20260112_130945.jpg,20260112_130945.jpg,10.471365,6.399497,-34.163382999999996,-70.68888139972222,JPEG,5878426,Lo Castillo,ground
696902a9ece43907fa70aee0,/home/malezainia1/dev/INIA_DeepLearning_Ubuntu_mod_lleon/data/campo5_enero26/Lo Castillo/Celular/20260112_130946.jpg,20260112_130946.jpg,8.013915,5.1985645,-34.163382999999996,-70.68888139972222,JPEG,4782418,Lo Castillo,ground
696902a9ece43907fa70aee1,/home/malezainia1/dev/INIA_DeepLearning_Ubuntu_mod_lleon/data/campo5_enero26/Lo Castillo/Celular/20260112_130947.jpg,20260112_130947.jpg,9.978212,6.602573,-34.163382999999996,-70.68888139972222,JPEG,5634391,Lo Castillo,ground
696902a9ece43907fa70aee2,/home/malezainia1/dev/INIA_DeepLearning_Ubuntu_mod_lleon/data/campo5_enero26/Lo Castillo/Celular/20260112_141311.jpg,20260112_141311.jpg,6.441204,4.6334124,-34.160581,-70.6872969,JPEG,5007620,Lo Castillo,ground
696902a9ece43907fa70aee3,/home/malezainia1/dev/INIA_DeepLearning_Ubuntu_mod_lleon/data/campo5_enero26/Lo Castillo/Celular/20260112_141313.jpg,20260112_141313.jpg,8.641961,6.4391575,-34.160581,-70.6872969,JPEG,5649225,Lo Castillo,ground
696902a9ece43907fa70aee4,/home/malezainia1/dev/INIA_DeepLearning_Ubuntu_mod_lleon/data/campo5_enero26/Lo Castillo/Celular/20260112_141315.jpg,20260112_141315.jpg,5.308233,6.848162,-34.160581,-70.6872969,JPEG,5778490,Lo Castillo,ground
696902a9ece43907fa70aee5,/home/malezainia1/dev/INIA_DeepLearning_Ubuntu_mod_lleon/data/campo5_enero26/Lo Castillo/Celular/20260112_141316.jpg,20260112_141316.jpg,8.242114,5.3394055,-34.160581,-70.6872969,JPEG,5176270,Lo Castillo,ground
696902a9ece43907fa70aee6,/home/malezainia1/dev/INIA_DeepLearning_Ubuntu_mod_lleon/data/campo5_enero26/Lo Castillo/Celular/20260112_141318.jpg,20260112_141318.jpg,7.8557305,5.6311936,-34.160581,-70.6872969,JPEG,5374063,Lo Castillo,ground
696902a9ece43907fa70aee7,/home/malezainia1/dev/INIA_DeepLearning_Ubuntu_mod_lleon/data/campo5_enero26/Lo Castillo/Celular/20260112_141319.jpg,20260112_141319.jpg,8.327664,6.520917,-34.160581,-70.6872969,JPEG,5006284,Lo Castillo,ground
696902a9ece43907fa70aee8,/home/malezainia1/dev/INIA_DeepLearning_Ubuntu_mod_lleon/data/campo5_enero26/Lo Castillo/Celular/20260112_141321.jpg,20260112_141321.jpg,6.147357,8.814488,-34.160581,-70.6872969,JPEG,5350662,Lo Castillo,ground
696902a9ece43907fa70aee9,/home/malezainia1/dev/INIA_DeepLearning_Ubuntu_mod_lleon/data/campo5_enero26/Lo Castillo/Celular/20260112_141323.jpg,20260112_141323.jpg,8.015674,5.213242,-34.160581,-70.6872969,JPEG,4931078,Lo Castillo,ground
696902a9ece43907fa70aeea,/home/malezainia1/dev/INIA_DeepLearning_Ubuntu_mod_lleon/data/campo5_enero26/Lo Castillo/Celular/20260112_141324.jpg,20260112_141324.jpg,5.4367394,6.232756,-34.160581,-70.6872969,JPEG,5109575,Lo Castillo,ground
696902a9ece43907fa70aeeb,/home/malezainia1/dev/INIA_DeepLearning_Ubuntu_mod_lleon/data/campo5_enero26/Lo Castillo/Celular/20260112_141325.jpg,20260112_141325.jpg,8.094196,6.8420606,-34.160581,-70.6872969,JPEG,5385743,Lo Castillo,ground
696902a9ece43907fa70aeec,/home/malezainia1/dev/INIA_DeepLearning_Ubuntu_mod_lleon/data/campo5_enero26/Lo Castillo/Celular/20260112_141327.jpg,20260112_141327.jpg,5.423001,6.095538,-34.160581,-70.6872969,JPEG,5130207,Lo Castillo,ground
696902a9ece43907fa70aeed,/home/malezainia1/dev/INIA_DeepLearning_Ubuntu_mod_lleon/data/campo5_enero26/Lo Castillo/Celular/20260112_141330.jpg,20260112_141330.jpg,6.2479696,9.530352,-34.160581,-70.6872969,JPEG,5380058,Lo Castillo,ground
696902a9ece43907fa70aeee,/home/malezainia1/dev/INIA_DeepLearning_Ubuntu_mod_lleon/data/campo5_enero26/Lo Castillo/Celular/20260112_141331.jpg,20260112_141331.jpg,10.423457,6.2916064,-34.160581,-70.6872969,JPEG,4718861,Lo Castillo,ground
696902a9ece43907fa70aeef,/home/malezainia1/dev/INIA_DeepLearning_Ubuntu_mod_lleon/data/campo5_enero26/Lo Castillo/Celular/20260112_141332.jpg,20260112_141332.jpg,4.3973823,7.312558,-34.160581,-70.6872969,JPEG,4264300,Lo Castillo,ground
696902a9ece43907fa70aef0,/home/malezainia1/dev/INIA_DeepLearning_Ubuntu_mod_lleon/data/campo5_enero26/Lo Castillo/Celular/20260112_141333.jpg,20260112_141333.jpg,8.49833,6.283665,-34.160581,-70.6872969,JPEG,5088924,Lo Castillo,ground
696902a9ece43907fa70aef1,/home/malezainia1/dev/INIA_DeepLearning_Ubuntu_mod_lleon/data/campo5_enero26/Lo Castillo/Celular/20260112_141334.jpg,20260112_141334.jpg,8.356561,5.5491595,-34.160581,-70.6872969,JPEG,5025111,Lo Castillo,ground
696902a9ece43907fa70aef2,/home/malezainia1/dev/INIA_DeepLearning_Ubuntu_mod_lleon/data/campo5_enero26/Lo Castillo/Celular/20260112_141341.jpg,20260112_141341.jpg,6.3759713,7.6517534,-34.160581,-70.6872969,JPEG,5105675,Lo Castillo,ground
696902a9ece43907fa70aef3,/home/malezainia1/dev/INIA_DeepLearning_Ubuntu_mod_lleon/data/campo5_enero26/Lo Castillo/Celular/20260112_141345.jpg,20260112_141345.jpg,6.542197,8.834835,-34.160581,-70.6872969,JPEG,5295843,Lo Castillo,ground
696902a9ece43907fa70aef4,/home/malezainia1/dev/INIA_DeepLearning_Ubuntu_mod_lleon/data/campo5_enero26/Lo Castillo/Celular/20260112_141347(0).jpg,20260112_141347(0).jpg,6.8081875,4.802265,-34.160581,-70.6872969,JPEG,5031770,Lo Castillo,ground
696902a9ece43907fa70aef5,/home/malezainia1/dev/INIA_DeepLearning_Ubuntu_mod_lleon/data/campo5_enero26/Lo Castillo/Celular/20260112_141347.jpg,20260112_141347.jpg,6.3610682,4.749954,-34.160581,-70.6872969,JPEG,4941538,Lo Castillo,ground
696902a9ece43907fa70aef6,/home/malezainia1/dev/INIA_DeepLearning_Ubuntu_mod_lleon/data/campo5_enero26/Lo Castillo/Celular/20260112_141348.jpg,20260112_141348.jpg,5.9820576,8.983652,-34.160581,-70.6872969,JPEG,5804576,Lo Castillo,ground
696902a9ece43907fa70aef7,/home/malezainia1/dev/INIA_DeepLearning_Ubuntu_mod_lleon/data/campo5_enero26/Lo Castillo/Celular/20260112_141353.jpg,20260112_141353.jpg,9.312757,4.988469,-34.160581,-70.6872969,JPEG,4950831,Lo Castillo,ground
696902a9ece43907fa70aef8,/home/malezainia1/dev/INIA_DeepLearning_Ubuntu_mod_lleon/data/campo5_enero26/Lo Castillo/Celular/20260112_141355.jpg,20260112_141355.jpg,7.81872,6.4702086,-34.160581,-70.6872969,JPEG,5192315,Lo Castillo,ground
696902a9ece43907fa70aef9,/home/malezainia1/dev/INIA_DeepLearning_Ubuntu_mod_lleon/data/campo5_enero26/Lo Castillo/Celular/20260112_141358.jpg,20260112_141358.jpg,8.241691,5.3812714,-34.160581,-70.6872969,JPEG,4935427,Lo Castillo,ground
696902a9ece43907fa70aefa,/home/malezainia1/dev/INIA_DeepLearning_Ubuntu_mod_lleon/data/campo5_enero26/Lo Castillo/Celular/20260112_141400.jpg,20260112_141400.jpg,5.4370575,7.0823956,-34.160581,-70.6872969,JPEG,5579637,Lo Castillo,ground
696902a9ece43907fa70aefb,/home/malezainia1/dev/INIA_DeepLearning_Ubuntu_mod_lleon/data/campo5_enero26/Lo Castillo/Celular/20260112_141401.jpg,20260112_141401.jpg,6.4232807,4.853905,-34.160581,-70.6872969,JPEG,5000853,Lo Castillo,ground
696902a9ece43907fa70aefc,/home/malezainia1/dev/INIA_DeepLearning_Ubuntu_mod_lleon/data/campo5_enero26/Lo Castillo/Celular/20260112_141408.jpg,20260112_141408.jpg,4.9035316,8.554615,-34.16092489972222,-70.68761609972222,JPEG,5141535,Lo Castillo,ground
696902a9ece43907fa70aefd,/home/malezainia1/dev/INIA_DeepLearning_Ubuntu_mod_lleon/data/campo5_enero26/Lo Castillo/Celular/20260112_141410(0).jpg,20260112_141410(0).jpg,6.285345,5.2017355,-34.16092489972222,-70.68761609972222,JPEG,5391602,Lo Castillo,ground
696902a9ece43907fa70aefe,/home/malezainia1/dev/INIA_DeepLearning_Ubuntu_mod_lleon/data/campo5_enero26/Lo Castillo/Celular/20260112_141410.jpg,20260112_141410.jpg,7.951034,6.0163302,-34.16092489972222,-70.68761609972222,JPEG,4912594,Lo Castillo,ground
696902a9ece43907fa70aeff,/home/malezainia1/dev/INIA_DeepLearning_Ubuntu_mod_lleon/data/campo5_enero26/Lo Castillo/Celular/20260112_141411.jpg,20260112_141411.jpg,8.877291,4.9724736,-34.16092489972222,-70.68761609972222,JPEG,5499569,Lo Castillo,ground
696902a9ece43907fa70af00,/home/malezainia1/dev/INIA_DeepLearning_Ubuntu_mod_lleon/data/campo5_enero26/Lo Castillo/Celular/20260112_141412.jpg,20260112_141412.jpg,7.9113517,5.888154,-34.16092489972222,-70.68761609972222,JPEG,4405205,Lo Castillo,ground
696902a9ece43907fa70af01,/home/malezainia1/dev/INIA_DeepLearning_Ubuntu_mod_lleon/data/campo5_enero26/Lo Castillo/Celular/20260112_141413(0).jpg,20260112_141413(0).jpg,5.4217405,7.6957893,-34.16092489972222,-70.68761609972222,JPEG,5670974,Lo Castillo,ground
696902a9ece43907fa70af02,/home/malezainia1/dev/INIA_DeepLearning_Ubuntu_mod_lleon/data/campo5_enero26/Lo Castillo/Celular/20260112_141413.jpg,20260112_141413.jpg,7.931934,8.129838,-34.16092489972222,-70.68761609972222,JPEG,4998974,Lo Castillo,ground
696902a9ece43907fa70af03,/home/malezainia1/dev/INIA_DeepLearning_Ubuntu_mod_lleon/data/campo5_enero26/Lo Castillo/Celular/20260112_141416.jpg,20260112_141416.jpg,9.675768,8.308597,-34.16092489972222,-70.68761609972222,JPEG,5361099,Lo Castillo,ground
696902a9ece43907fa70af04,/home/malezainia1/dev/INIA_DeepLearning_Ubuntu_mod_lleon/data/campo5_enero26/Lo Castillo/Celular/20260112_141425.jpg,20260112_141425.jpg,7.518307,6.4799128,-34.16092489972222,-70.68761609972222,JPEG,5378202,Lo Castillo,ground
696902a9ece43907fa70af05,/home/malezainia1/dev/INIA_DeepLearning_Ubuntu_mod_lleon/data/campo5_enero26/Lo Castillo/Celular/20260112_141426.jpg,20260112_141426.jpg,7.586023,6.5938196,-34.16092489972222,-70.68761609972222,JPEG,5651960,Lo Castillo,ground
696902a9ece43907fa70af06,/home/malezainia1/dev/INIA_DeepLearning_Ubuntu_mod_lleon/data/campo5_enero26/Lo Castillo/Celular/20260112_141428.jpg,20260112_141428.jpg,5.7090445,7.590679,-34.16092489972222,-70.68761609972222,JPEG,5161282,Lo Castillo,ground
696902a9ece43907fa70af07,/home/malezainia1/dev/INIA_DeepLearning_Ubuntu_mod_lleon/data/campo5_enero26/Lo Castillo/Celular/20260112_141433.jpg,20260112_141433.jpg,6.5232563,8.150499,-34.16092489972222,-70.68761609972222,JPEG,5499253,Lo Castillo,ground
696902a9ece43907fa70af08,/home/malezainia1/dev/INIA_DeepLearning_Ubuntu_mod_lleon/data/campo5_enero26/Lo Castillo/Celular/20260112_141434.jpg,20260112_141434.jpg,8.396375,6.593953,-34.16092489972222,-70.68761609972222,JPEG,4651353,Lo Castillo,ground
696902a9ece43907fa70af09,/home/malezainia1/dev/INIA_DeepLearning_Ubuntu_mod_lleon/data/campo5_enero26/Lo Castillo/Celular/20260112_141435.jpg,20260112_141435.jpg,6.493211,7.9060745,-34.16092489972222,-70.68761609972222,JPEG,4869661,Lo Castillo,ground
696902a9ece43907fa70af0a,/home/malezainia1/dev/INIA_DeepLearning_Ubuntu_mod_lleon/data/campo5_enero26/Lo Castillo/Celular/20260112_141441(0).jpg,20260112_141441(0).jpg,6.3151374,6.9761868,-34.16092489972222,-70.68761609972222,JPEG,5216969,Lo Castillo,ground
696902a9ece43907fa70af0b,/home/malezainia1/dev/INIA_DeepLearning_Ubuntu_mod_lleon/data/campo5_enero26/Lo Castillo/Celular/20260112_141441.jpg,20260112_141441.jpg,10.367288,6.0080047,-34.16092489972222,-70.68761609972222,JPEG,5000086,Lo Castillo,ground
696902a9ece43907fa70af0c,/home/malezainia1/dev/INIA_DeepLearning_Ubuntu_mod_lleon/data/campo5_enero26/Lo Castillo/Celular/20260112_141442.jpg,20260112_141442.jpg,7.29368,6.307019,-34.16092489972222,-70.68761609972222,JPEG,5064035,Lo Castillo,ground
696902a9ece43907fa70af0d,/home/malezainia1/dev/INIA_DeepLearning_Ubuntu_mod_lleon/data/campo5_enero26/Lo Castillo/Celular/20260112_141443.jpg,20260112_141443.jpg,6.412119,7.072711,-34.16092489972222,-70.68761609972222,JPEG,5421100,Lo Castillo,ground
696902a9ece43907fa70af0e,/home/malezainia1/dev/INIA_DeepLearning_Ubuntu_mod_lleon/data/campo5_enero26/Lo Castillo/Celular/20260112_141445.jpg,20260112_141445.jpg,10.19237,6.380447,-34.16092489972222,-70.68761609972222,JPEG,5292621,Lo Castillo,ground
696902a9ece43907fa70af0f,/home/malezainia1/dev/INIA_DeepLearning_Ubuntu_mod_lleon/data/campo5_enero26/Lo Castillo/Celular/20260112_141446.jpg,20260112_141446.jpg,8.307229,5.835391,-34.16092489972222,-70.68761609972222,JPEG,5459607,Lo Castillo,ground
696902a9ece43907fa70af10,/home/malezainia1/dev/INIA_DeepLearning_Ubuntu_mod_lleon/data/campo5_enero26/Lo Castillo/Celular/20260112_141447.jpg,20260112_141447.jpg,6.3226047,5.2690034,-34.16092489972222,-70.68761609972222,JPEG,5545570,Lo Castillo,ground
696902a9ece43907fa70af11,/home/malezainia1/dev/INIA_DeepLearning_Ubuntu_mod_lleon/data/campo5_enero26/Lo Castillo/Celular/20260112_141448.jpg,20260112_141448.jpg,7.137817,5.1780715,-34.16092489972222,-70.68761609972222,JPEG,5379350,Lo Castillo,ground
696902a9ece43907fa70af12,/home/malezainia1/dev/INIA_DeepLearning_Ubuntu_mod_lleon/data/campo5_enero26/Lo Castillo/Celular/20260112_141449.jpg,20260112_141449.jpg,5.1301756,7.36099,-34.16092489972222,-70.68761609972222,JPEG,5486175,Lo Castillo,ground
696902a9ece43907fa70af13,/home/malezainia1/dev/INIA_DeepLearning_Ubuntu_mod_lleon/data/campo5_enero26/Lo Castillo/Celular/20260112_141450.jpg,20260112_141450.jpg,7.2432075,7.9841413,-34.16092489972222,-70.68761609972222,JPEG,5302899,Lo Castillo,ground
696902a9ece43907fa70af14,/home/malezainia1/dev/INIA_DeepLearning_Ubuntu_mod_lleon/data/campo5_enero26/Lo Castillo/Celular/20260112_141451.jpg,20260112_141451.jpg,8.139912,7.4888024,-34.16092489972222,-70.68761609972222,JPEG,4922881,Lo Castillo,ground
696902a9ece43907fa70af15,/home/malezainia1/dev/INIA_DeepLearning_Ubuntu_mod_lleon/data/campo5_enero26/Lo Castillo/Celular/20260112_141453.jpg,20260112_141453.jpg,5.241454,8.667682,-34.16092489972222,-70.68761609972222,JPEG,5592882,Lo Castillo,ground
696902a9ece43907fa70af16,/home/malezainia1/dev/INIA_DeepLearning_Ubuntu_mod_lleon/data/campo5_enero26/Lo Castillo/Celular/20260112_141457.jpg,20260112_141457.jpg,7.8206115,7.545162,-34.161234799999995,-70.6879193,JPEG,5152099,Lo Castillo,ground
696902a9ece43907fa70af17,/home/malezainia1/dev/INIA_DeepLearning_Ubuntu_mod_lleon/data/campo5_enero26/Lo Castillo/Celular/20260112_141459.jpg,20260112_141459.jpg,9.003307,7.76115,-34.16125319972222,-70.6879274,JPEG,5148580,Lo Castillo,ground
696902a9ece43907fa70af18,/home/malezainia1/dev/INIA_DeepLearning_Ubuntu_mod_lleon/data/campo5_enero26/Lo Castillo/Celular/20260112_141500.jpg,20260112_141500.jpg,9.856193,7.918703,-34.16125319972222,-70.6879274,JPEG,5348160,Lo Castillo,ground
696902a9ece43907fa70af19,/home/malezainia1/dev/INIA_DeepLearning_Ubuntu_mod_lleon/data/campo5_enero26/Lo Castillo/Celular/20260112_141503.jpg,20260112_141503.jpg,6.174188,8.15983,-34.16125319972222,-70.6879274,JPEG,4677848,Lo Castillo,ground
696902a9ece43907fa70af1a,/home/malezainia1/dev/INIA_DeepLearning_Ubuntu_mod_lleon/data/campo5_enero26/Lo Castillo/Celular/20260112_141512.jpg,20260112_141512.jpg,5.1575446,8.141988,-34.16125319972222,-70.6879274,JPEG,4729835,Lo Castillo,ground
696902a9ece43907fa70af1b,/home/malezainia1/dev/INIA_DeepLearning_Ubuntu_mod_lleon/data/campo5_enero26/Lo Castillo/Celular/20260112_141515.jpg,20260112_141515.jpg,6.144659,6.0941043,-34.16125319972222,-70.6879274,JPEG,5333195,Lo Castillo,ground
696902a9ece43907fa70af1c,/home/malezainia1/dev/INIA_DeepLearning_Ubuntu_mod_lleon/data/campo5_enero26/Lo Castillo/Celular/20260112_141516.jpg,20260112_141516.jpg,4.2883973,7.4384403,-34.16125319972222,-70.6879274,JPEG,4692215,Lo Castillo,ground
696902a9ece43907fa70af1d,/home/malezainia1/dev/INIA_DeepLearning_Ubuntu_mod_lleon/data/campo5_enero26/Lo Castillo/Celular/20260112_141518.jpg,20260112_141518.jpg,7.4906545,7.3674426,-34.16125319972222,-70.6879274,JPEG,5333236,Lo Castillo,ground
696902a9ece43907fa70af1e,/home/malezainia1/dev/INIA_DeepLearning_Ubuntu_mod_lleon/data/campo5_enero26/Lo Castillo/Celular/20260112_141528.jpg,20260112_141528.jpg,7.3826237,9.350511,-34.16125319972222,-70.6879274,JPEG,4998003,Lo Castillo,ground
696902a9ece43907fa70af1f,/home/malezainia1/dev/INIA_DeepLearning_Ubuntu_mod_lleon/data/campo5_enero26/Lo Castillo/Celular/20260112_141530.jpg,20260112_141530.jpg,5.5735292,6.4318857,-34.16125319972222,-70.6879274,JPEG,4676690,Lo Castillo,ground
696902a9ece43907fa70af20,/home/malezainia1/dev/INIA_DeepLearning_Ubuntu_mod_lleon/data/campo5_enero26/Lo Castillo/Celular/20260112_141532.jpg,20260112_141532.jpg,6.706002,9.27845,-34.16125319972222,-70.6879274,JPEG,5679636,Lo Castillo,ground
696902a9ece43907fa70af21,/home/malezainia1/dev/INIA_DeepLearning_Ubuntu_mod_lleon/data/campo5_enero26/Lo Castillo/Celular/20260112_141533.jpg,20260112_141533.jpg,7.5446916,5.988235,-34.16125319972222,-70.6879274,JPEG,5433877,Lo Castillo,ground
696902a9ece43907fa70af22,/home/malezainia1/dev/INIA_DeepLearning_Ubuntu_mod_lleon/data/campo5_enero26/Lo Castillo/Celular/20260112_141534.jpg,20260112_141534.jpg,5.361734,6.2085023,-34.16125319972222,-70.6879274,JPEG,5283360,Lo Castillo,ground
696902a9ece43907fa70af23,/home/malezainia1/dev/INIA_DeepLearning_Ubuntu_mod_lleon/data/campo5_enero26/Lo Castillo/Celular/20260112_141544.jpg,20260112_141544.jpg,5.189342,9.110783,-34.16125319972222,-70.6879274,JPEG,5664918,Lo Castillo,ground
696902a9ece43907fa70af24,/home/malezainia1/dev/INIA_DeepLearning_Ubuntu_mod_lleon/data/campo5_enero26/Lo Castillo/Celular/20260112_141546.jpg,20260112_141546.jpg,5.0480595,7.9970074,-34.16125319972222,-70.6879274,JPEG,5630480,Lo Castillo,ground
696902a9ece43907fa70af25,/home/malezainia1/dev/INIA_DeepLearning_Ubuntu_mod_lleon/data/campo5_enero26/Lo Castillo/Celular/20260112_141547.jpg,20260112_141547.jpg,10.544981,6.4041576,-34.16125319972222,-70.6879274,JPEG,5183629,Lo Castillo,ground
696902a9ece43907fa70af26,/home/malezainia1/dev/INIA_DeepLearning_Ubuntu_mod_lleon/data/campo5_enero26/Lo Castillo/Celular/20260112_141548.jpg,20260112_141548.jpg,7.5861597,4.477479,-34.16125319972222,-70.6879274,JPEG,5089802,Lo Castillo,ground
696902a9ece43907fa70af27,/home/malezainia1/dev/INIA_DeepLearning_Ubuntu_mod_lleon/data/campo5_enero26/Lo Castillo/Celular/20260112_141549.jpg,20260112_141549.jpg,5.4776483,6.5652213,-34.16125319972222,-70.6879274,JPEG,4952945,Lo Castillo,ground
696902a9ece43907fa70af28,/home/malezainia1/dev/INIA_DeepLearning_Ubuntu_mod_lleon/data/campo5_enero26/Lo Castillo/Celular/20260112_141550.jpg,20260112_141550.jpg,6.9275384,5.1803336,-34.16125319972222,-70.6879274,JPEG,5159645,Lo Castillo,ground
696902a9ece43907fa70af29,/home/malezainia1/dev/INIA_DeepLearning_Ubuntu_mod_lleon/data/campo5_enero26/Lo Castillo/Celular/20260112_141555.jpg,20260112_141555.jpg,5.997362,5.9906673,-34.16158889972222,-70.6882542,JPEG,5277939,Lo Castillo,ground
696902a9ece43907fa70af2a,/home/malezainia1/dev/INIA_DeepLearning_Ubuntu_mod_lleon/data/campo5_enero26/Lo Castillo/Celular/20260112_141557.jpg,20260112_141557.jpg,6.806698,6.3786664,-34.16158889972222,-70.6882542,JPEG,5558168,Lo Castillo,ground
696902a9ece43907fa70af2b,/home/malezainia1/dev/INIA_DeepLearning_Ubuntu_mod_lleon/data/campo5_enero26/Lo Castillo/Celular/20260112_141558.jpg,20260112_141558.jpg,6.3947887,4.703816,-34.16158889972222,-70.6882542,JPEG,5038309,Lo Castillo,ground
696902a9ece43907fa70af2c,/home/malezainia1/dev/INIA_DeepLearning_Ubuntu_mod_lleon/data/campo5_enero26/Lo Castillo/Celular/20260112_141600.jpg,20260112_141600.jpg,6.3339148,6.3193684,-34.16158889972222,-70.6882542,JPEG,5172919,Lo Castillo,ground
696902a9ece43907fa70af2d,/home/malezainia1/dev/INIA_DeepLearning_Ubuntu_mod_lleon/data/campo5_enero26/Lo Castillo/Celular/20260112_141601.jpg,20260112_141601.jpg,8.188545,7.9449973,-34.16158889972222,-70.6882542,JPEG,6023994,Lo Castillo,ground
696902a9ece43907fa70af2e,/home/malezainia1/dev/INIA_DeepLearning_Ubuntu_mod_lleon/data/campo5_enero26/Lo Castillo/Celular/20260112_141602.jpg,20260112_141602.jpg,7.2301555,7.7999425,-34.16158889972222,-70.6882542,JPEG,5404288,Lo Castillo,ground
696902a9ece43907fa70af2f,/home/malezainia1/dev/INIA_DeepLearning_Ubuntu_mod_lleon/data/campo5_enero26/Lo Castillo/Celular/20260112_141606(0).jpg,20260112_141606(0).jpg,6.3568444,5.2982945,-34.16158889972222,-70.6882542,JPEG,5095564,Lo Castillo,ground
696902a9ece43907fa70af30,/home/malezainia1/dev/INIA_DeepLearning_Ubuntu_mod_lleon/data/campo5_enero26/Lo Castillo/Celular/20260112_141606.jpg,20260112_141606.jpg,6.666781,4.287142,-34.16158889972222,-70.6882542,JPEG,4955112,Lo Castillo,ground
696902a9ece43907fa70af31,/home/malezainia1/dev/INIA_DeepLearning_Ubuntu_mod_lleon/data/campo5_enero26/Lo Castillo/Celular/20260112_141607.jpg,20260112_141607.jpg,6.3554044,7.206744,-34.16158889972222,-70.6882542,JPEG,5335850,Lo Castillo,ground
696902a9ece43907fa70af32,/home/malezainia1/dev/INIA_DeepLearning_Ubuntu_mod_lleon/data/campo5_enero26/Lo Castillo/Celular/20260112_141609.jpg,20260112_141609.jpg,10.056271,5.653614,-34.16158889972222,-70.6882542,JPEG,5451279,Lo Castillo,ground
696902a9ece43907fa70af33,/home/malezainia1/dev/INIA_DeepLearning_Ubuntu_mod_lleon/data/campo5_enero26/Lo Castillo/Celular/20260112_141610(0).jpg,20260112_141610(0).jpg,9.097297,6.7734528,-34.16158889972222,-70.6882542,JPEG,4543626,Lo Castillo,ground
696902a9ece43907fa70af34,/home/malezainia1/dev/INIA_DeepLearning_Ubuntu_mod_lleon/data/campo5_enero26/Lo Castillo/Celular/20260112_141610.jpg,20260112_141610.jpg,6.121814,6.067786,-34.16158889972222,-70.6882542,JPEG,5233754,Lo Castillo,ground
696902a9ece43907fa70af35,/home/malezainia1/dev/INIA_DeepLearning_Ubuntu_mod_lleon/data/campo5_enero26/Lo Castillo/Celular/20260112_141611.jpg,20260112_141611.jpg,9.454563,5.2313056,-34.16158889972222,-70.6882542,JPEG,5320173,Lo Castillo,ground
696902a9ece43907fa70af36,/home/malezainia1/dev/INIA_DeepLearning_Ubuntu_mod_lleon/data/campo5_enero26/Lo Castillo/Celular/20260112_141612.jpg,20260112_141612.jpg,6.4498334,4.676025,-34.16158889972222,-70.6882542,JPEG,5116905,Lo Castillo,ground
696902a9ece43907fa70af37,/home/malezainia1/dev/INIA_DeepLearning_Ubuntu_mod_lleon/data/campo5_enero26/Lo Castillo/Celular/20260112_141614.jpg,20260112_141614.jpg,6.810015,4.1034374,-34.16158889972222,-70.6882542,JPEG,4973168,Lo Castillo,ground
696902a9ece43907fa70af38,/home/malezainia1/dev/INIA_DeepLearning_Ubuntu_mod_lleon/data/campo5_enero26/Lo Castillo/Celular/20260112_141615.jpg,20260112_141615.jpg,6.016725,7.1903753,-34.16158889972222,-70.6882542,JPEG,5782805,Lo Castillo,ground
696902a9ece43907fa70af39,/home/malezainia1/dev/INIA_DeepLearning_Ubuntu_mod_lleon/data/campo5_enero26/Lo Castillo/Celular/20260112_141617.jpg,20260112_141617.jpg,6.8833857,7.201462,-34.16158889972222,-70.6882542,JPEG,5025221,Lo Castillo,ground
696902a9ece43907fa70af3a,/home/malezainia1/dev/INIA_DeepLearning_Ubuntu_mod_lleon/data/campo5_enero26/Lo Castillo/Celular/20260112_141619(0).jpg,20260112_141619(0).jpg,8.044695,4.5002494,-34.16158889972222,-70.6882542,JPEG,4732151,Lo Castillo,ground
696902a9ece43907fa70af3b,/home/malezainia1/dev/INIA_DeepLearning_Ubuntu_mod_lleon/data/campo5_enero26/Lo Castillo/Celular/20260112_141619.jpg,20260112_141619.jpg,6.324091,5.0108104,-34.16158889972222,-70.6882542,JPEG,4557841,Lo Castillo,ground
696902a9ece43907fa70af3c,/home/malezainia1/dev/INIA_DeepLearning_Ubuntu_mod_lleon/data/campo5_enero26/Lo Castillo/Celular/20260112_141620.jpg,20260112_141620.jpg,8.019716,4.878575,-34.16158889972222,-70.6882542,JPEG,5452332,Lo Castillo,ground
696902a9ece43907fa70af3d,/home/malezainia1/dev/INIA_DeepLearning_Ubuntu_mod_lleon/data/campo5_enero26/Lo Castillo/Celular/20260112_141621.jpg,20260112_141621.jpg,7.078127,3.8601785,-34.16158889972222,-70.6882542,JPEG,4693958,Lo Castillo,ground
696902a9ece43907fa70af3e,/home/malezainia1/dev/INIA_DeepLearning_Ubuntu_mod_lleon/data/campo5_enero26/Lo Castillo/Celular/20260112_141622(0).jpg,20260112_141622(0).jpg,7.9030604,6.5994654,-34.16158889972222,-70.6882542,JPEG,5250840,Lo Castillo,ground
696902a9ece43907fa70af3f,/home/malezainia1/dev/INIA_DeepLearning_Ubuntu_mod_lleon/data/campo5_enero26/Lo Castillo/Celular/20260112_141622.jpg,20260112_141622.jpg,7.8218675,6.556701,-34.16158889972222,-70.6882542,JPEG,5351162,Lo Castillo,ground
696902a9ece43907fa70af40,/home/malezainia1/dev/INIA_DeepLearning_Ubuntu_mod_lleon/data/campo5_enero26/Lo Castillo/Celular/20260112_141626.jpg,20260112_141626.jpg,5.543124,7.874122,-34.16158889972222,-70.6882542,JPEG,5482784,Lo Castillo,ground
696902a9ece43907fa70af41,/home/malezainia1/dev/INIA_DeepLearning_Ubuntu_mod_lleon/data/campo5_enero26/Lo Castillo/Celular/20260112_141627(0).jpg,20260112_141627(0).jpg,7.530388,5.8358183,-34.16158889972222,-70.6882542,JPEG,4363394,Lo Castillo,ground
696902a9ece43907fa70af42,/home/malezainia1/dev/INIA_DeepLearning_Ubuntu_mod_lleon/data/campo5_enero26/Lo Castillo/Celular/20260112_141627.jpg,20260112_141627.jpg,6.654957,4.3610578,-34.16158889972222,-70.6882542,JPEG,4783528,Lo Castillo,ground
696902a9ece43907fa70af43,/home/malezainia1/dev/INIA_DeepLearning_Ubuntu_mod_lleon/data/campo5_enero26/Lo Castillo/Celular/20260112_141630.jpg,20260112_141630.jpg,6.4432178,4.68248,-34.16158889972222,-70.6882542,JPEG,5269785,Lo Castillo,ground
696902a9ece43907fa70af44,/home/malezainia1/dev/INIA_DeepLearning_Ubuntu_mod_lleon/data/campo5_enero26/Lo Castillo/Celular/20260112_141634.jpg,20260112_141634.jpg,5.995856,7.4039793,-34.16158889972222,-70.6882542,JPEG,5447220,Lo Castillo,ground
696902a9ece43907fa70af45,/home/malezainia1/dev/INIA_DeepLearning_Ubuntu_mod_lleon/data/campo5_enero26/Lo Castillo/Celular/20260112_141637.jpg,20260112_141637.jpg,6.2780247,5.1373158,-34.16158889972222,-70.6882542,JPEG,5277659,Lo Castillo,ground
696902a9ece43907fa70af46,/home/malezainia1/dev/INIA_DeepLearning_Ubuntu_mod_lleon/data/campo5_enero26/Lo Castillo/Celular/20260112_141651.jpg,20260112_141651.jpg,4.620664,7.5924516,-34.161954099999996,-70.68860429972223,JPEG,5362369,Lo Castillo,ground
696902a9ece43907fa70af47,/home/malezainia1/dev/INIA_DeepLearning_Ubuntu_mod_lleon/data/campo5_enero26/Lo Castillo/Celular/20260112_141654.jpg,20260112_141654.jpg,7.503294,6.1410375,-34.161954099999996,-70.68860429972223,JPEG,5114639,Lo Castillo,ground
696902a9ece43907fa70af48,/home/malezainia1/dev/INIA_DeepLearning_Ubuntu_mod_lleon/data/campo5_enero26/Lo Castillo/Celular/20260112_141707.jpg,20260112_141707.jpg,8.589867,5.9578686,-34.161954099999996,-70.68860429972223,JPEG,5630834,Lo Castillo,ground
696902a9ece43907fa70af49,/home/malezainia1/dev/INIA_DeepLearning_Ubuntu_mod_lleon/data/campo5_enero26/Lo Castillo/Celular/20260112_141722.jpg,20260112_141722.jpg,7.555103,7.9776025,-34.161954099999996,-70.68860429972223,JPEG,4851770,Lo Castillo,ground
696902a9ece43907fa70af4a,/home/malezainia1/dev/INIA_DeepLearning_Ubuntu_mod_lleon/data/campo5_enero26/Lo Castillo/Celular/20260112_141811.jpg,20260112_141811.jpg,6.3996787,6.824938,-34.1623054,-70.68894439972223,JPEG,5053162,Lo Castillo,ground
696902a9ece43907fa70af4b,/home/malezainia1/dev/INIA_DeepLearning_Ubuntu_mod_lleon/data/campo5_enero26/Lo Castillo/Celular/20260112_141826.jpg,20260112_141826.jpg,8.8704605,7.1034904,-34.1623054,-70.68894439972223,JPEG,5449788,Lo Castillo,ground
696902a9ece43907fa70af4c,/home/malezainia1/dev/INIA_DeepLearning_Ubuntu_mod_lleon/data/campo5_enero26/Lo Castillo/Celular/20260112_141832.jpg,20260112_141832.jpg,5.1402445,8.203381,-34.1623054,-70.68894439972223,JPEG,5658633,Lo Castillo,ground
696902a9ece43907fa70af4d,/home/malezainia1/dev/INIA_DeepLearning_Ubuntu_mod_lleon/data/campo5_enero26/Lo Castillo/Celular/20260112_141847.jpg,20260112_141847.jpg,6.0134163,9.039127,-34.16181579972222,-70.68864779972223,JPEG,5521204,Lo Castillo,ground
696902a9ece43907fa70af4e,/home/malezainia1/dev/INIA_DeepLearning_Ubuntu_mod_lleon/data/campo5_enero26/Lo Castillo/Celular/20260112_141848.jpg,20260112_141848.jpg,5.2607145,8.785448,-34.16181579972222,-70.68864779972223,JPEG,4325442,Lo Castillo,ground
696902a9ece43907fa70af4f,/home/malezainia1/dev/INIA_DeepLearning_Ubuntu_mod_lleon/data/campo5_enero26/Lo Castillo/Celular/20260112_141850.jpg,20260112_141850.jpg,5.902103,9.399893,-34.16181579972222,-70.68864779972223,JPEG,4409665,Lo Castillo,ground
696902a9ece43907fa70af50,/home/malezainia1/dev/INIA_DeepLearning_Ubuntu_mod_lleon/data/campo5_enero26/Lo Castillo/Celular/20260112_141851.jpg,20260112_141851.jpg,8.091296,6.6973834,-34.16181579972222,-70.68864779972223,JPEG,4880967,Lo Castillo,ground
696902a9ece43907fa70af51,/home/malezainia1/dev/INIA_DeepLearning_Ubuntu_mod_lleon/data/campo5_enero26/Lo Castillo/Celular/20260112_141856.jpg,20260112_141856.jpg,8.962848,7.805533,-34.16181579972222,-70.68864779972223,JPEG,5825095,Lo Castillo,ground
696902a9ece43907fa70af52,/home/malezainia1/dev/INIA_DeepLearning_Ubuntu_mod_lleon/data/campo5_enero26/Lo Castillo/Celular/20260112_141905.jpg,20260112_141905.jpg,7.8829384,4.665662,-34.1616342,-70.68846539972223,JPEG,5171061,Lo Castillo,ground
696902a9ece43907fa70af53,/home/malezainia1/dev/INIA_DeepLearning_Ubuntu_mod_lleon/data/campo5_enero26/Lo Castillo/Celular/20260112_141906.jpg,20260112_141906.jpg,6.8912005,4.8055606,-34.1616153,-70.6884569,JPEG,5871909,Lo Castillo,ground
696902a9ece43907fa70af54,/home/malezainia1/dev/INIA_DeepLearning_Ubuntu_mod_lleon/data/campo5_enero26/Lo Castillo/Celular/20260112_141910.jpg,20260112_141910.jpg,8.625,8.042306,-34.1616153,-70.6884569,JPEG,5976572,Lo Castillo,ground
696902a9ece43907fa70af55,/home/malezainia1/dev/INIA_DeepLearning_Ubuntu_mod_lleon/data/campo5_enero26/Lo Castillo/Celular/20260112_141915.jpg,20260112_141915.jpg,4.3032126,7.1407084,-34.1616153,-70.6884569,JPEG,5402150,Lo Castillo,ground
696902a9ece43907fa70af56,/home/malezainia1/dev/INIA_DeepLearning_Ubuntu_mod_lleon/data/campo5_enero26/Lo Castillo/Celular/20260112_141917.jpg,20260112_141917.jpg,8.441212,9.134579,-34.1616153,-70.6884569,JPEG,5205172,Lo Castillo,ground
696902a9ece43907fa70af57,/home/malezainia1/dev/INIA_DeepLearning_Ubuntu_mod_lleon/data/campo5_enero26/Lo Castillo/Celular/20260112_141918(0).jpg,20260112_141918(0).jpg,8.065087,8.965341,-34.1616153,-70.6884569,JPEG,5559058,Lo Castillo,ground
696902a9ece43907fa70af58,/home/malezainia1/dev/INIA_DeepLearning_Ubuntu_mod_lleon/data/campo5_enero26/Lo Castillo/Celular/20260112_141918.jpg,20260112_141918.jpg,9.728279,8.271645,-34.1616153,-70.6884569,JPEG,5654121,Lo Castillo,ground
696902a9ece43907fa70af59,/home/malezainia1/dev/INIA_DeepLearning_Ubuntu_mod_lleon/data/campo5_enero26/Lo Castillo/Celular/20260112_141920.jpg,20260112_141920.jpg,7.553777,9.750528,-34.1616153,-70.6884569,JPEG,4950812,Lo Castillo,ground
696902a9ece43907fa70af5a,/home/malezainia1/dev/INIA_DeepLearning_Ubuntu_mod_lleon/data/campo5_enero26/Lo Castillo/Celular/20260112_141921.jpg,20260112_141921.jpg,7.514612,6.2656035,-34.1616153,-70.6884569,JPEG,5946909,Lo Castillo,ground
696902a9ece43907fa70af5b,/home/malezainia1/dev/INIA_DeepLearning_Ubuntu_mod_lleon/data/campo5_enero26/Lo Castillo/Celular/20260112_141923.jpg,20260112_141923.jpg,6.1562886,9.129373,-34.1616153,-70.6884569,JPEG,5227014,Lo Castillo,ground
696902a9ece43907fa70af5c,/home/malezainia1/dev/INIA_DeepLearning_Ubuntu_mod_lleon/data/campo5_enero26/Lo Castillo/Celular/20260112_141928.jpg,20260112_141928.jpg,8.484923,8.286111,-34.1616153,-70.6884569,JPEG,5744970,Lo Castillo,ground
696902a9ece43907fa70af5d,/home/malezainia1/dev/INIA_DeepLearning_Ubuntu_mod_lleon/data/campo5_enero26/Lo Castillo/Celular/20260112_141930.jpg,20260112_141930.jpg,9.078016,7.102644,-34.1616153,-70.6884569,JPEG,6050159,Lo Castillo,ground
696902a9ece43907fa70af5e,/home/malezainia1/dev/INIA_DeepLearning_Ubuntu_mod_lleon/data/campo5_enero26/Lo Castillo/Celular/20260112_141931.jpg,20260112_141931.jpg,8.321536,8.684293,-34.1616153,-70.6884569,JPEG,5580861,Lo Castillo,ground
696902a9ece43907fa70af5f,/home/malezainia1/dev/INIA_DeepLearning_Ubuntu_mod_lleon/data/campo5_enero26/Lo Castillo/Celular/20260112_141932.jpg,20260112_141932.jpg,9.03146,7.047208,-34.1616153,-70.6884569,JPEG,6100321,Lo Castillo,ground
696902a9ece43907fa70af60,/home/malezainia1/dev/INIA_DeepLearning_Ubuntu_mod_lleon/data/campo5_enero26/Lo Castillo/Celular/20260112_141933(0).jpg,20260112_141933(0).jpg,9.445172,6.5107846,-34.1616153,-70.6884569,JPEG,5971296,Lo Castillo,ground
696902a9ece43907fa70af61,/home/malezainia1/dev/INIA_DeepLearning_Ubuntu_mod_lleon/data/campo5_enero26/Lo Castillo/Celular/20260112_141933.jpg,20260112_141933.jpg,10.290458,6.6214747,-34.1616153,-70.6884569,JPEG,6057080,Lo Castillo,ground
696902a9ece43907fa70af62,/home/malezainia1/dev/INIA_DeepLearning_Ubuntu_mod_lleon/data/campo5_enero26/Lo Castillo/Celular/20260112_141934.jpg,20260112_141934.jpg,9.630631,6.991489,-34.1616153,-70.6884569,JPEG,5863783,Lo Castillo,ground
696902a9ece43907fa70af63,/home/malezainia1/dev/INIA_DeepLearning_Ubuntu_mod_lleon/data/campo5_enero26/Lo Castillo/Celular/20260112_141935.jpg,20260112_141935.jpg,8.477446,7.9380054,-34.1616153,-70.6884569,JPEG,5793558,Lo Castillo,ground
696902a9ece43907fa70af64,/home/malezainia1/dev/INIA_DeepLearning_Ubuntu_mod_lleon/data/campo5_enero26/Lo Castillo/Celular/20260112_141936(0).jpg,20260112_141936(0).jpg,8.716152,7.2728786,-34.1616153,-70.6884569,JPEG,5933072,Lo Castillo,ground
696902a9ece43907fa70af65,/home/malezainia1/dev/INIA_DeepLearning_Ubuntu_mod_lleon/data/campo5_enero26/Lo Castillo/Celular/20260112_141936.jpg,20260112_141936.jpg,6.052375,9.072038,-34.1616153,-70.6884569,JPEG,5922730,Lo Castillo,ground
696902a9ece43907fa70af66,/home/malezainia1/dev/INIA_DeepLearning_Ubuntu_mod_lleon/data/campo5_enero26/Lo Castillo/Celular/20260112_141937.jpg,20260112_141937.jpg,8.953518,7.044343,-34.1616153,-70.6884569,JPEG,5869522,Lo Castillo,ground
696902a9ece43907fa70af67,/home/malezainia1/dev/INIA_DeepLearning_Ubuntu_mod_lleon/data/campo5_enero26/Lo Castillo/Celular/20260112_141939.jpg,20260112_141939.jpg,5.767847,8.736048,-34.1616153,-70.6884569,JPEG,5272309,Lo Castillo,ground
696902a9ece43907fa70af68,/home/malezainia1/dev/INIA_DeepLearning_Ubuntu_mod_lleon/data/campo5_enero26/Lo Castillo/Celular/20260112_141940.jpg,20260112_141940.jpg,9.251421,6.9860377,-34.1616153,-70.6884569,JPEG,5539043,Lo Castillo,ground
696902a9ece43907fa70af69,/home/malezainia1/dev/INIA_DeepLearning_Ubuntu_mod_lleon/data/campo5_enero26/Lo Castillo/Celular/20260112_141942.jpg,20260112_141942.jpg,6.1993446,9.809493,-34.1616153,-70.6884569,JPEG,5885137,Lo Castillo,ground
696902a9ece43907fa70af6a,/home/malezainia1/dev/INIA_DeepLearning_Ubuntu_mod_lleon/data/campo5_enero26/Lo Castillo/Celular/20260112_141943.jpg,20260112_141943.jpg,10.500312,6.3326535,-34.1616153,-70.6884569,JPEG,4888743,Lo Castillo,ground
696902a9ece43907fa70af6b,/home/malezainia1/dev/INIA_DeepLearning_Ubuntu_mod_lleon/data/campo5_enero26/Lo Castillo/Celular/20260112_141944.jpg,20260112_141944.jpg,9.06767,7.095145,-34.1616153,-70.6884569,JPEG,4933072,Lo Castillo,ground
696902a9ece43907fa70af6c,/home/malezainia1/dev/INIA_DeepLearning_Ubuntu_mod_lleon/data/campo5_enero26/Lo Castillo/Celular/20260112_141946.jpg,20260112_141946.jpg,6.2452545,7.0962477,-34.1616153,-70.6884569,JPEG,5331887,Lo Castillo,ground
696902a9ece43907fa70af6d,/home/malezainia1/dev/INIA_DeepLearning_Ubuntu_mod_lleon/data/campo5_enero26/Lo Castillo/Celular/20260112_141948.jpg,20260112_141948.jpg,7.8758316,9.338016,-34.1616153,-70.6884569,JPEG,6006587,Lo Castillo,ground
696902a9ece43907fa70af6e,/home/malezainia1/dev/INIA_DeepLearning_Ubuntu_mod_lleon/data/campo5_enero26/Lo Castillo/Celular/20260112_141951.jpg,20260112_141951.jpg,8.921466,6.4528456,-34.1616153,-70.6884569,JPEG,5716638,Lo Castillo,ground
696902a9ece43907fa70af6f,/home/malezainia1/dev/INIA_DeepLearning_Ubuntu_mod_lleon/data/campo5_enero26/Lo Castillo/Celular/20260112_141954(0).jpg,20260112_141954(0).jpg,9.444501,7.1695304,-34.1616153,-70.6884569,JPEG,5742228,Lo Castillo,ground
696902a9ece43907fa70af70,/home/malezainia1/dev/INIA_DeepLearning_Ubuntu_mod_lleon/data/campo5_enero26/Lo Castillo/Celular/20260112_141954.jpg,20260112_141954.jpg,5.4421544,8.264986,-34.1616153,-70.6884569,JPEG,5498098,Lo Castillo,ground
696902a9ece43907fa70af71,/home/malezainia1/dev/INIA_DeepLearning_Ubuntu_mod_lleon/data/campo5_enero26/Lo Castillo/Celular/20260112_141955.jpg,20260112_141955.jpg,6.2237406,8.737608,-34.1616153,-70.6884569,JPEG,5635604,Lo Castillo,ground
696902a9ece43907fa70af72,/home/malezainia1/dev/INIA_DeepLearning_Ubuntu_mod_lleon/data/campo5_enero26/Lo Castillo/Celular/20260112_141956.jpg,20260112_141956.jpg,5.674728,8.254945,-34.1616153,-70.6884569,JPEG,5154964,Lo Castillo,ground
696902a9ece43907fa70af73,/home/malezainia1/dev/INIA_DeepLearning_Ubuntu_mod_lleon/data/campo5_enero26/Lo Castillo/Celular/20260112_141957.jpg,20260112_141957.jpg,5.932045,8.119804,-34.1616153,-70.6884569,JPEG,5606695,Lo Castillo,ground
696902a9ece43907fa70af74,/home/malezainia1/dev/INIA_DeepLearning_Ubuntu_mod_lleon/data/campo5_enero26/Lo Castillo/Celular/20260112_141958.jpg,20260112_141958.jpg,7.677308,9.270915,-34.1616153,-70.6884569,JPEG,5485196,Lo Castillo,ground
696902a9ece43907fa70af75,/home/malezainia1/dev/INIA_DeepLearning_Ubuntu_mod_lleon/data/campo5_enero26/Lo Castillo/Celular/20260112_142004.jpg,20260112_142004.jpg,5.635804,6.430359,-34.16127139972222,-70.68807359972223,JPEG,5712992,Lo Castillo,ground
696902a9ece43907fa70af76,/home/malezainia1/dev/INIA_DeepLearning_Ubuntu_mod_lleon/data/campo5_enero26/Lo Castillo/Celular/20260112_142005.jpg,20260112_142005.jpg,5.6928086,6.1315084,-34.16127139972222,-70.68807359972223,JPEG,5767705,Lo Castillo,ground
696902a9ece43907fa70af77,/home/malezainia1/dev/INIA_DeepLearning_Ubuntu_mod_lleon/data/campo5_enero26/Lo Castillo/Celular/20260112_142006.jpg,20260112_142006.jpg,6.2159276,8.971998,-34.1612644,-70.6880718,JPEG,5660795,Lo Castillo,ground
696902a9ece43907fa70af78,/home/malezainia1/dev/INIA_DeepLearning_Ubuntu_mod_lleon/data/campo5_enero26/Lo Castillo/Celular/20260112_142007(0).jpg,20260112_142007(0).jpg,5.718077,8.643494,-34.16125399972222,-70.6880711,JPEG,5541604,Lo Castillo,ground
696902a9ece43907fa70af79,/home/malezainia1/dev/INIA_DeepLearning_Ubuntu_mod_lleon/data/campo5_enero26/Lo Castillo/Celular/20260112_142007.jpg,20260112_142007.jpg,5.4777656,8.7022705,-34.16125399972222,-70.6880711,JPEG,5282924,Lo Castillo,ground
696902a9ece43907fa70af7a,/home/malezainia1/dev/INIA_DeepLearning_Ubuntu_mod_lleon/data/campo5_enero26/Lo Castillo/Celular/20260112_142008(0).jpg,20260112_142008(0).jpg,6.090229,8.735034,-34.16125399972222,-70.6880711,JPEG,5688967,Lo Castillo,ground
696902a9ece43907fa70af7b,/home/malezainia1/dev/INIA_DeepLearning_Ubuntu_mod_lleon/data/campo5_enero26/Lo Castillo/Celular/20260112_142008.jpg,20260112_142008.jpg,6.2164326,9.122646,-34.16125399972222,-70.6880711,JPEG,5387233,Lo Castillo,ground
696902a9ece43907fa70af7c,/home/malezainia1/dev/INIA_DeepLearning_Ubuntu_mod_lleon/data/campo5_enero26/Lo Castillo/Celular/20260112_142009.jpg,20260112_142009.jpg,8.306591,7.383427,-34.16125399972222,-70.6880711,JPEG,5424551,Lo Castillo,ground
696902a9ece43907fa70af7d,/home/malezainia1/dev/INIA_DeepLearning_Ubuntu_mod_lleon/data/campo5_enero26/Lo Castillo/Celular/20260112_142011.jpg,20260112_142011.jpg,5.3213534,8.8280945,-34.16125399972222,-70.6880711,JPEG,5574027,Lo Castillo,ground
696902a9ece43907fa70af7e,/home/malezainia1/dev/INIA_DeepLearning_Ubuntu_mod_lleon/data/campo5_enero26/Lo Castillo/Celular/20260112_142012(0).jpg,20260112_142012(0).jpg,10.078104,6.880459,-34.16125399972222,-70.6880711,JPEG,5457210,Lo Castillo,ground
696902a9ece43907fa70af7f,/home/malezainia1/dev/INIA_DeepLearning_Ubuntu_mod_lleon/data/campo5_enero26/Lo Castillo/Celular/20260112_142012.jpg,20260112_142012.jpg,6.488706,9.325595,-34.16125399972222,-70.6880711,JPEG,5607225,Lo Castillo,ground
696902a9ece43907fa70af80,/home/malezainia1/dev/INIA_DeepLearning_Ubuntu_mod_lleon/data/campo5_enero26/Lo Castillo/Celular/20260112_142014.jpg,20260112_142014.jpg,5.8439045,8.859453,-34.16125399972222,-70.6880711,JPEG,5209279,Lo Castillo,ground
696902a9ece43907fa70af81,/home/malezainia1/dev/INIA_DeepLearning_Ubuntu_mod_lleon/data/campo5_enero26/Lo Castillo/Celular/20260112_142018.jpg,20260112_142018.jpg,6.322062,9.994605,-34.16125399972222,-70.6880711,JPEG,4995610,Lo Castillo,ground
696902a9ece43907fa70af82,/home/malezainia1/dev/INIA_DeepLearning_Ubuntu_mod_lleon/data/campo5_enero26/Lo Castillo/Celular/20260112_142029.jpg,20260112_142029.jpg,7.702974,9.02452,-34.16125399972222,-70.6880711,JPEG,6005776,Lo Castillo,ground
696902a9ece43907fa70af83,/home/malezainia1/dev/INIA_DeepLearning_Ubuntu_mod_lleon/data/campo5_enero26/Lo Castillo/Celular/20260112_142030.jpg,20260112_142030.jpg,5.8860435,8.905118,-34.16125399972222,-70.6880711,JPEG,5350353,Lo Castillo,ground
696902a9ece43907fa70af84,/home/malezainia1/dev/INIA_DeepLearning_Ubuntu_mod_lleon/data/campo5_enero26/Lo Castillo/Celular/20260112_142033.jpg,20260112_142033.jpg,8.464065,7.5304766,-34.16125399972222,-70.6880711,JPEG,5598109,Lo Castillo,ground
696902a9ece43907fa70af85,/home/malezainia1/dev/INIA_DeepLearning_Ubuntu_mod_lleon/data/campo5_enero26/Lo Castillo/Celular/20260112_142034.jpg,20260112_142034.jpg,6.4329953,9.105802,-34.16125399972222,-70.6880711,JPEG,5945705,Lo Castillo,ground
696902a9ece43907fa70af86,/home/malezainia1/dev/INIA_DeepLearning_Ubuntu_mod_lleon/data/campo5_enero26/Lo Castillo/Celular/20260112_142035.jpg,20260112_142035.jpg,9.65463,6.9206815,-34.16125399972222,-70.6880711,JPEG,5513873,Lo Castillo,ground
696902a9ece43907fa70af87,/home/malezainia1/dev/INIA_DeepLearning_Ubuntu_mod_lleon/data/campo5_enero26/Lo Castillo/Celular/20260112_142036(0).jpg,20260112_142036(0).jpg,5.973496,7.0961256,-34.16125399972222,-70.6880711,JPEG,5788187,Lo Castillo,ground
696902a9ece43907fa70af88,/home/malezainia1/dev/INIA_DeepLearning_Ubuntu_mod_lleon/data/campo5_enero26/Lo Castillo/Celular/20260112_142036.jpg,20260112_142036.jpg,8.687472,7.759568,-34.16125399972222,-70.6880711,JPEG,5946855,Lo Castillo,ground
696902a9ece43907fa70af89,/home/malezainia1/dev/INIA_DeepLearning_Ubuntu_mod_lleon/data/campo5_enero26/Lo Castillo/Celular/20260112_142037.jpg,20260112_142037.jpg,6.5442653,8.868529,-34.16125399972222,-70.6880711,JPEG,5804919,Lo Castillo,ground
696902a9ece43907fa70af8a,/home/malezainia1/dev/INIA_DeepLearning_Ubuntu_mod_lleon/data/campo5_enero26/Lo Castillo/Celular/20260112_142038.jpg,20260112_142038.jpg,6.4571815,9.398732,-34.16125399972222,-70.6880711,JPEG,5492839,Lo Castillo,ground
696902a9ece43907fa70af8b,/home/malezainia1/dev/INIA_DeepLearning_Ubuntu_mod_lleon/data/campo5_enero26/Lo Castillo/Celular/20260112_142039(0).jpg,20260112_142039(0).jpg,8.9485,8.709057,-34.16125399972222,-70.6880711,JPEG,5965735,Lo Castillo,ground
696902a9ece43907fa70af8c,/home/malezainia1/dev/INIA_DeepLearning_Ubuntu_mod_lleon/data/campo5_enero26/Lo Castillo/Celular/20260112_142039.jpg,20260112_142039.jpg,6.7263618,8.72324,-34.16125399972222,-70.6880711,JPEG,4636506,Lo Castillo,ground
696902a9ece43907fa70af8d,/home/malezainia1/dev/INIA_DeepLearning_Ubuntu_mod_lleon/data/campo5_enero26/Lo Castillo/Celular/20260112_142040.jpg,20260112_142040.jpg,7.2377024,9.855934,-34.16125399972222,-70.6880711,JPEG,5602370,Lo Castillo,ground
696902a9ece43907fa70af8e,/home/malezainia1/dev/INIA_DeepLearning_Ubuntu_mod_lleon/data/campo5_enero26/Lo Castillo/Celular/20260112_142041.jpg,20260112_142041.jpg,6.077883,8.79073,-34.16125399972222,-70.6880711,JPEG,4911414,Lo Castillo,ground
696902a9ece43907fa70af8f,/home/malezainia1/dev/INIA_DeepLearning_Ubuntu_mod_lleon/data/campo5_enero26/Lo Castillo/Celular/20260112_142042.jpg,20260112_142042.jpg,6.702047,9.743137,-34.16125399972222,-70.6880711,JPEG,5749453,Lo Castillo,ground
696902a9ece43907fa70af90,/home/malezainia1/dev/INIA_DeepLearning_Ubuntu_mod_lleon/data/campo5_enero26/Lo Castillo/Celular/20260112_142043.jpg,20260112_142043.jpg,9.224344,8.490085,-34.16125399972222,-70.6880711,JPEG,5957377,Lo Castillo,ground
696902a9ece43907fa70af91,/home/malezainia1/dev/INIA_DeepLearning_Ubuntu_mod_lleon/data/campo5_enero26/Lo Castillo/Celular/20260112_142045.jpg,20260112_142045.jpg,9.262117,8.560472,-34.16125399972222,-70.6880711,JPEG,5756359,Lo Castillo,ground
696902a9ece43907fa70af92,/home/malezainia1/dev/INIA_DeepLearning_Ubuntu_mod_lleon/data/campo5_enero26/Lo Castillo/Celular/20260112_142046.jpg,20260112_142046.jpg,9.282649,8.607991,-34.16125399972222,-70.6880711,JPEG,6052606,Lo Castillo,ground
696902a9ece43907fa70af93,/home/malezainia1/dev/INIA_DeepLearning_Ubuntu_mod_lleon/data/campo5_enero26/Lo Castillo/Celular/20260112_142052.jpg,20260112_142052.jpg,7.069372,7.736106,-34.16125399972222,-70.6880711,JPEG,5759689,Lo Castillo,ground
696902a9ece43907fa70af94,/home/malezainia1/dev/INIA_DeepLearning_Ubuntu_mod_lleon/data/campo5_enero26/Lo Castillo/Celular/20260112_142053.jpg,20260112_142053.jpg,8.910011,7.0944595,-34.16125399972222,-70.6880711,JPEG,6093853,Lo Castillo,ground
696902a9ece43907fa70af95,/home/malezainia1/dev/INIA_DeepLearning_Ubuntu_mod_lleon/data/campo5_enero26/Lo Castillo/Celular/20260112_142059.jpg,20260112_142059.jpg,7.398213,9.610269,-34.16091089972222,-70.68772319972223,JPEG,4821831,Lo Castillo,ground
696902a9ece43907fa70af96,/home/malezainia1/dev/INIA_DeepLearning_Ubuntu_mod_lleon/data/campo5_enero26/Lo Castillo/Celular/20260112_142100.jpg,20260112_142100.jpg,5.9796963,8.662672,-34.16089519972222,-70.68771959972223,JPEG,5809262,Lo Castillo,ground
696902a9ece43907fa70af97,/home/malezainia1/dev/INIA_DeepLearning_Ubuntu_mod_lleon/data/campo5_enero26/Lo Castillo/Celular/20260112_142101.jpg,20260112_142101.jpg,5.9043555,8.694907,-34.16089519972222,-70.68771959972223,JPEG,5664952,Lo Castillo,ground
696902a9ece43907fa70af98,/home/malezainia1/dev/INIA_DeepLearning_Ubuntu_mod_lleon/data/campo5_enero26/Lo Castillo/Celular/20260112_142102.jpg,20260112_142102.jpg,8.66445,6.7112393,-34.16089519972222,-70.68771959972223,JPEG,4620068,Lo Castillo,ground
696902a9ece43907fa70af99,/home/malezainia1/dev/INIA_DeepLearning_Ubuntu_mod_lleon/data/campo5_enero26/Lo Castillo/Celular/20260112_142106(0).jpg,20260112_142106(0).jpg,9.728052,7.7602787,-34.16089519972222,-70.68771959972223,JPEG,6163356,Lo Castillo,ground
696902a9ece43907fa70af9a,/home/malezainia1/dev/INIA_DeepLearning_Ubuntu_mod_lleon/data/campo5_enero26/Lo Castillo/Celular/20260112_142106.jpg,20260112_142106.jpg,9.083614,8.558984,-34.16089519972222,-70.68771959972223,JPEG,4798995,Lo Castillo,ground
696902a9ece43907fa70af9b,/home/malezainia1/dev/INIA_DeepLearning_Ubuntu_mod_lleon/data/campo5_enero26/Lo Castillo/Celular/20260112_142107.jpg,20260112_142107.jpg,10.478285,6.530249,-34.16089519972222,-70.68771959972223,JPEG,6192049,Lo Castillo,ground
696902a9ece43907fa70af9c,/home/malezainia1/dev/INIA_DeepLearning_Ubuntu_mod_lleon/data/campo5_enero26/Lo Castillo/Celular/20260112_142108(0).jpg,20260112_142108(0).jpg,8.889649,8.081031,-34.16089519972222,-70.68771959972223,JPEG,6287021,Lo Castillo,ground
696902a9ece43907fa70af9d,/home/malezainia1/dev/INIA_DeepLearning_Ubuntu_mod_lleon/data/campo5_enero26/Lo Castillo/Celular/20260112_142108.jpg,20260112_142108.jpg,9.8333435,7.890445,-34.16089519972222,-70.68771959972223,JPEG,6296512,Lo Castillo,ground
696902a9ece43907fa70af9e,/home/malezainia1/dev/INIA_DeepLearning_Ubuntu_mod_lleon/data/campo5_enero26/Lo Castillo/Celular/20260112_142110.jpg,20260112_142110.jpg,9.847673,7.827451,-34.16089519972222,-70.68771959972223,JPEG,5643055,Lo Castillo,ground
696902a9ece43907fa70af9f,/home/malezainia1/dev/INIA_DeepLearning_Ubuntu_mod_lleon/data/campo5_enero26/Lo Castillo/Celular/20260112_142112.jpg,20260112_142112.jpg,7.186409,9.736186,-34.16089519972222,-70.68771959972223,JPEG,5962368,Lo Castillo,ground
696902a9ece43907fa70afa0,/home/malezainia1/dev/INIA_DeepLearning_Ubuntu_mod_lleon/data/campo5_enero26/Lo Castillo/Celular/20260112_142113.jpg,20260112_142113.jpg,9.77742,8.127832,-34.16089519972222,-70.68771959972223,JPEG,5924113,Lo Castillo,ground
696902a9ece43907fa70afa1,/home/malezainia1/dev/INIA_DeepLearning_Ubuntu_mod_lleon/data/campo5_enero26/Lo Castillo/Celular/20260112_142134.jpg,20260112_142134.jpg,8.983209,8.81217,-34.16089519972222,-70.68771959972223,JPEG,4354614,Lo Castillo,ground
696902a9ece43907fa70afa2,/home/malezainia1/dev/INIA_DeepLearning_Ubuntu_mod_lleon/data/campo5_enero26/Lo Castillo/Celular/20260112_142137.jpg,20260112_142137.jpg,6.787623,9.525791,-34.16089519972222,-70.68771959972223,JPEG,5784754,Lo Castillo,ground
696902a9ece43907fa70afa3,/home/malezainia1/dev/INIA_DeepLearning_Ubuntu_mod_lleon/data/campo5_enero26/Lo Castillo/Celular/20260112_142142.jpg,20260112_142142.jpg,6.7329693,9.780221,-34.16089519972222,-70.68771959972223,JPEG,5915752,Lo Castillo,ground
696902a9ece43907fa70afa4,/home/malezainia1/dev/INIA_DeepLearning_Ubuntu_mod_lleon/data/campo5_enero26/Lo Castillo/Celular/20260112_142143.jpg,20260112_142143.jpg,7.6439605,9.494751,-34.16089519972222,-70.68771959972223,JPEG,5182808,Lo Castillo,ground
696902a9ece43907fa70afa5,/home/malezainia1/dev/INIA_DeepLearning_Ubuntu_mod_lleon/data/campo5_enero26/Lo Castillo/Celular/20260112_142144(0).jpg,20260112_142144(0).jpg,6.500497,9.473618,-34.16089519972222,-70.68771959972223,JPEG,5838976,Lo Castillo,ground
696902a9ece43907fa70afa6,/home/malezainia1/dev/INIA_DeepLearning_Ubuntu_mod_lleon/data/campo5_enero26/Lo Castillo/Celular/20260112_142144.jpg,20260112_142144.jpg,8.970208,8.695218,-34.16089519972222,-70.68771959972223,JPEG,5948284,Lo Castillo,ground
696902a9ece43907fa70afa7,/home/malezainia1/dev/INIA_DeepLearning_Ubuntu_mod_lleon/data/campo5_enero26/Lo Castillo/Celular/20260112_142145.jpg,20260112_142145.jpg,8.831218,7.5909443,-34.16089519972222,-70.68771959972223,JPEG,5758062,Lo Castillo,ground
696902a9ece43907fa70afa8,/home/malezainia1/dev/INIA_DeepLearning_Ubuntu_mod_lleon/data/campo5_enero26/Lo Castillo/Celular/20260112_142147.jpg,20260112_142147.jpg,9.525359,8.380197,-34.16089519972222,-70.68771959972223,JPEG,5929600,Lo Castillo,ground
696902a9ece43907fa70afa9,/home/malezainia1/dev/INIA_DeepLearning_Ubuntu_mod_lleon/data/campo5_enero26/Lo Castillo/Celular/20260112_142149.jpg,20260112_142149.jpg,8.32295,9.359556,-34.16089519972222,-70.68771959972223,JPEG,5600508,Lo Castillo,ground
696902a9ece43907fa70afaa,/home/malezainia1/dev/INIA_DeepLearning_Ubuntu_mod_lleon/data/campo5_enero26/Lo Castillo/Celular/20260112_142153(0).jpg,20260112_142153(0).jpg,7.120998,9.768982,-34.16049209972222,-70.6873752,JPEG,6292767,Lo Castillo,ground
696902a9ece43907fa70afab,/home/malezainia1/dev/INIA_DeepLearning_Ubuntu_mod_lleon/data/campo5_enero26/Lo Castillo/Celular/20260112_142153.jpg,20260112_142153.jpg,9.672566,8.255872,-34.1605075,-70.68737129972223,JPEG,6136049,Lo Castillo,ground
696902a9ece43907fa70afac,/home/malezainia1/dev/INIA_DeepLearning_Ubuntu_mod_lleon/data/campo5_enero26/Lo Castillo/Celular/20260112_142155(0).jpg,20260112_142155(0).jpg,7.3845487,9.716249,-34.16049209972222,-70.6873752,JPEG,5905868,Lo Castillo,ground
696902a9ece43907fa70afad,/home/malezainia1/dev/INIA_DeepLearning_Ubuntu_mod_lleon/data/campo5_enero26/Lo Castillo/Celular/20260112_142155.jpg,20260112_142155.jpg,8.894852,8.794554,-34.16049209972222,-70.6873752,JPEG,4230547,Lo Castillo,ground
696902a9ece43907fa70afae,/home/malezainia1/dev/INIA_DeepLearning_Ubuntu_mod_lleon/data/campo5_enero26/Lo Castillo/Celular/20260112_142241.jpg,20260112_142241.jpg,6.4753013,9.908168,-34.16049209972222,-70.6873752,JPEG,5884855,Lo Castillo,ground
696902a9ece43907fa70afaf,/home/malezainia1/dev/INIA_DeepLearning_Ubuntu_mod_lleon/data/campo5_enero26/Lo Castillo/Celular/20260112_142252.jpg,20260112_142252.jpg,7.8207774,9.546753,-34.16015459972222,-70.68724129972223,JPEG,5175876,Lo Castillo,ground
696902a9ece43907fa70afb0,/home/malezainia1/dev/INIA_DeepLearning_Ubuntu_mod_lleon/data/campo5_enero26/Lo Castillo/Celular/20260112_142254.jpg,20260112_142254.jpg,8.840326,7.8037024,-34.16015459972222,-70.68724129972223,JPEG,5111818,Lo Castillo,ground
696902a9ece43907fa70afb1,/home/malezainia1/dev/INIA_DeepLearning_Ubuntu_mod_lleon/data/campo5_enero26/Lo Castillo/Celular/20260112_142257.jpg,20260112_142257.jpg,5.1992025,8.421248,-34.16015459972222,-70.68724129972223,JPEG,5816370,Lo Castillo,ground
696902a9ece43907fa70afb2,/home/malezainia1/dev/INIA_DeepLearning_Ubuntu_mod_lleon/data/campo5_enero26/Lo Castillo/Celular/20260112_142259(0).jpg,20260112_142259(0).jpg,5.8929796,9.120205,-34.16015459972222,-70.68724129972223,JPEG,6058720,Lo Castillo,ground
696902a9ece43907fa70afb3,/home/malezainia1/dev/INIA_DeepLearning_Ubuntu_mod_lleon/data/campo5_enero26/Lo Castillo/Celular/20260112_142259.jpg,20260112_142259.jpg,5.9868646,9.240613,-34.16015459972222,-70.68724129972223,JPEG,4589716,Lo Castillo,ground
696902a9ece43907fa70afb4,/home/malezainia1/dev/INIA_DeepLearning_Ubuntu_mod_lleon/data/campo5_enero26/Lo Castillo/Celular/20260112_142301.jpg,20260112_142301.jpg,8.391288,7.1735168,-34.16015459972222,-70.68724129972223,JPEG,5583651,Lo Castillo,ground
696902a9ece43907fa70afb5,/home/malezainia1/dev/INIA_DeepLearning_Ubuntu_mod_lleon/data/campo5_enero26/Lo Castillo/Celular/20260112_142310.jpg,20260112_142310.jpg,7.355106,9.635707,-34.16015459972222,-70.68724129972223,JPEG,5583122,Lo Castillo,ground
696902a9ece43907fa70afb6,/home/malezainia1/dev/INIA_DeepLearning_Ubuntu_mod_lleon/data/campo5_enero26/Lo Castillo/Celular/20260112_142312.jpg,20260112_142312.jpg,10.084331,7.0326543,-34.16015459972222,-70.68724129972223,JPEG,5801305,Lo Castillo,ground
696902a9ece43907fa70afb7,/home/malezainia1/dev/INIA_DeepLearning_Ubuntu_mod_lleon/data/campo5_enero26/Lo Castillo/Celular/20260112_142314.jpg,20260112_142314.jpg,6.340688,8.336704,-34.16015459972222,-70.68724129972223,JPEG,5808239,Lo Castillo,ground
696902a9ece43907fa70afb8,/home/malezainia1/dev/INIA_DeepLearning_Ubuntu_mod_lleon/data/campo5_enero26/Lo Castillo/Celular/20260112_142315.jpg,20260112_142315.jpg,8.947437,8.31081,-34.16015459972222,-70.68724129972223,JPEG,5816215,Lo Castillo,ground
696902a9ece43907fa70afb9,/home/malezainia1/dev/INIA_DeepLearning_Ubuntu_mod_lleon/data/campo5_enero26/Lo Castillo/Celular/20260112_142317.jpg,20260112_142317.jpg,6.044706,9.089975,-34.16015459972222,-70.68724129972223,JPEG,5335924,Lo Castillo,ground
696902a9ece43907fa70afba,/home/malezainia1/dev/INIA_DeepLearning_Ubuntu_mod_lleon/data/campo5_enero26/Lo Castillo/Celular/20260112_142318.jpg,20260112_142318.jpg,8.28666,8.071175,-34.16015459972222,-70.68724129972223,JPEG,5655800,Lo Castillo,ground
696902a9ece43907fa70afbb,/home/malezainia1/dev/INIA_DeepLearning_Ubuntu_mod_lleon/data/campo5_enero26/Lo Castillo/Celular/20260112_142319.jpg,20260112_142319.jpg,6.6818895,8.07539,-34.16015459972222,-70.68724129972223,JPEG,5280922,Lo Castillo,ground
696902a9ece43907fa70afbc,/home/malezainia1/dev/INIA_DeepLearning_Ubuntu_mod_lleon/data/campo5_enero26/Lo Castillo/Celular/20260112_142320.jpg,20260112_142320.jpg,9.671128,7.3924894,-34.16015459972222,-70.68724129972223,JPEG,5881674,Lo Castillo,ground
696902a9ece43907fa70afbd,/home/malezainia1/dev/INIA_DeepLearning_Ubuntu_mod_lleon/data/campo5_enero26/Lo Castillo/Celular/20260112_142321.jpg,20260112_142321.jpg,8.275825,7.4467144,-34.16015459972222,-70.68724129972223,JPEG,5531433,Lo Castillo,ground
696902a9ece43907fa70afbe,/home/malezainia1/dev/INIA_DeepLearning_Ubuntu_mod_lleon/data/campo5_enero26/Lo Castillo/Celular/20260112_142322.jpg,20260112_142322.jpg,9.5894,7.873491,-34.16015459972222,-70.68724129972223,JPEG,5775847,Lo Castillo,ground
696902a9ece43907fa70afbf,/home/malezainia1/dev/INIA_DeepLearning_Ubuntu_mod_lleon/data/campo5_enero26/Lo Castillo/Celular/20260112_142323.jpg,20260112_142323.jpg,6.4567475,8.1881695,-34.16015459972222,-70.68724129972223,JPEG,5954849,Lo Castillo,ground
696902a9ece43907fa70afc0,/home/malezainia1/dev/INIA_DeepLearning_Ubuntu_mod_lleon/data/campo5_enero26/Lo Castillo/Celular/20260112_142324.jpg,20260112_142324.jpg,8.610132,7.3806024,-34.16015459972222,-70.68724129972223,JPEG,5748404,Lo Castillo,ground
696902a9ece43907fa70afc1,/home/malezainia1/dev/INIA_DeepLearning_Ubuntu_mod_lleon/data/campo5_enero26/Lo Castillo/Celular/20260112_142325.jpg,20260112_142325.jpg,6.436166,8.203177,-34.16015459972222,-70.68724129972223,JPEG,5657841,Lo Castillo,ground
696902a9ece43907fa70afc2,/home/malezainia1/dev/INIA_DeepLearning_Ubuntu_mod_lleon/data/campo5_enero26/Lo Castillo/Celular/20260112_142326.jpg,20260112_142326.jpg,6.004109,8.118881,-34.16015459972222,-70.68724129972223,JPEG,5271444,Lo Castillo,ground
696902a9ece43907fa70afc3,/home/malezainia1/dev/INIA_DeepLearning_Ubuntu_mod_lleon/data/campo5_enero26/Lo Castillo/Celular/20260112_142327.jpg,20260112_142327.jpg,6.6595106,8.120884,-34.16015459972222,-70.68724129972223,JPEG,5708851,Lo Castillo,ground
696902a9ece43907fa70afc4,/home/malezainia1/dev/INIA_DeepLearning_Ubuntu_mod_lleon/data/campo5_enero26/Lo Castillo/Celular/20260112_142328(0).jpg,20260112_142328(0).jpg,8.280877,7.8694334,-34.16015459972222,-70.68724129972223,JPEG,5542036,Lo Castillo,ground
696902a9ece43907fa70afc5,/home/malezainia1/dev/INIA_DeepLearning_Ubuntu_mod_lleon/data/campo5_enero26/Lo Castillo/Celular/20260112_142328.jpg,20260112_142328.jpg,6.832461,7.896603,-34.16015459972222,-70.68724129972223,JPEG,5656996,Lo Castillo,ground
696902a9ece43907fa70afc6,/home/malezainia1/dev/INIA_DeepLearning_Ubuntu_mod_lleon/data/campo5_enero26/Lo Castillo/Celular/20260112_142329.jpg,20260112_142329.jpg,6.0779185,9.729601,-34.16015459972222,-70.68724129972223,JPEG,4540840,Lo Castillo,ground
696902a9ece43907fa70afc7,/home/malezainia1/dev/INIA_DeepLearning_Ubuntu_mod_lleon/data/campo5_enero26/Lo Castillo/Celular/20260112_142331.jpg,20260112_142331.jpg,6.7649813,8.028563,-34.16015459972222,-70.68724129972223,JPEG,5621163,Lo Castillo,ground
696902a9ece43907fa70afc8,/home/malezainia1/dev/INIA_DeepLearning_Ubuntu_mod_lleon/data/campo5_enero26/Lo Castillo/Celular/20260112_142333.jpg,20260112_142333.jpg,9.747899,7.261847,-34.16015459972222,-70.68724129972223,JPEG,5664974,Lo Castillo,ground
696902a9ece43907fa70afc9,/home/malezainia1/dev/INIA_DeepLearning_Ubuntu_mod_lleon/data/campo5_enero26/Lo Castillo/Celular/20260112_142335.jpg,20260112_142335.jpg,7.0013986,8.280927,-34.16015459972222,-70.68724129972223,JPEG,5066028,Lo Castillo,ground
696902a9ece43907fa70afca,/home/malezainia1/dev/INIA_DeepLearning_Ubuntu_mod_lleon/data/campo5_enero26/Lo Castillo/Celular/20260112_142336(0).jpg,20260112_142336(0).jpg,10.405021,7.107573,-34.16015459972222,-70.68724129972223,JPEG,5650475,Lo Castillo,ground
696902a9ece43907fa70afcb,/home/malezainia1/dev/INIA_DeepLearning_Ubuntu_mod_lleon/data/campo5_enero26/Lo Castillo/Celular/20260112_142336.jpg,20260112_142336.jpg,9.883725,6.8426,-34.16015459972222,-70.68724129972223,JPEG,5199706,Lo Castillo,ground
696902a9ece43907fa70afcc,/home/malezainia1/dev/INIA_DeepLearning_Ubuntu_mod_lleon/data/campo5_enero26/Lo Castillo/Celular/20260112_142337.jpg,20260112_142337.jpg,7.902199,7.167632,-34.16015459972222,-70.68724129972223,JPEG,5522856,Lo Castillo,ground
696902a9ece43907fa70afcd,/home/malezainia1/dev/INIA_DeepLearning_Ubuntu_mod_lleon/data/campo5_enero26/Lo Castillo/Celular/20260112_142339.jpg,20260112_142339.jpg,4.997483,8.787622,-34.16015459972222,-70.68724129972223,JPEG,5141046,Lo Castillo,ground
696902a9ece43907fa70afce,/home/malezainia1/dev/INIA_DeepLearning_Ubuntu_mod_lleon/data/campo5_enero26/Lo Castillo/Celular/20260112_142340.jpg,20260112_142340.jpg,5.4279904,7.861644,-34.16015459972222,-70.68724129972223,JPEG,5094086,Lo Castillo,ground
696902a9ece43907fa70afcf,/home/malezainia1/dev/INIA_DeepLearning_Ubuntu_mod_lleon/data/campo5_enero26/Lo Castillo/Celular/20260112_142341.jpg,20260112_142341.jpg,8.1187525,5.242241,-34.16015459972222,-70.68724129972223,JPEG,5186251,Lo Castillo,ground
696902a9ece43907fa70afd0,/home/malezainia1/dev/INIA_DeepLearning_Ubuntu_mod_lleon/data/campo5_enero26/Lo Castillo/Celular/20260112_142342(0).jpg,20260112_142342(0).jpg,5.687604,8.440062,-34.16015459972222,-70.68724129972223,JPEG,5156605,Lo Castillo,ground
696902a9ece43907fa70afd1,/home/malezainia1/dev/INIA_DeepLearning_Ubuntu_mod_lleon/data/campo5_enero26/Lo Castillo/Celular/20260112_142342.jpg,20260112_142342.jpg,4.9882584,8.753549,-34.16015459972222,-70.68724129972223,JPEG,5526868,Lo Castillo,ground
696902a9ece43907fa70afd2,/home/malezainia1/dev/INIA_DeepLearning_Ubuntu_mod_lleon/data/campo5_enero26/Lo Castillo/Celular/20260112_142343.jpg,20260112_142343.jpg,5.070169,8.737681,-34.16015459972222,-70.68724129972223,JPEG,5044459,Lo Castillo,ground
696902a9ece43907fa70afd3,/home/malezainia1/dev/INIA_DeepLearning_Ubuntu_mod_lleon/data/campo5_enero26/Lo Castillo/Celular/20260112_142344(0).jpg,20260112_142344(0).jpg,9.866298,7.3473516,-34.16051869972222,-70.6875643,JPEG,5026352,Lo Castillo,ground
696902a9ece43907fa70afd4,/home/malezainia1/dev/INIA_DeepLearning_Ubuntu_mod_lleon/data/campo5_enero26/Lo Castillo/Celular/20260112_142344.jpg,20260112_142344.jpg,4.9858527,7.816082,-34.16051869972222,-70.6875643,JPEG,5081821,Lo Castillo,ground
696902a9ece43907fa70afd5,/home/malezainia1/dev/INIA_DeepLearning_Ubuntu_mod_lleon/data/campo5_enero26/Lo Castillo/Celular/20260112_142346(0).jpg,20260112_142346(0).jpg,7.2266083,8.450962,-34.16052109972222,-70.6875679,JPEG,5490522,Lo Castillo,ground
696902a9ece43907fa70afd6,/home/malezainia1/dev/INIA_DeepLearning_Ubuntu_mod_lleon/data/campo5_enero26/Lo Castillo/Celular/20260112_142346.jpg,20260112_142346.jpg,8.159378,5.244094,-34.1605147,-70.68757089972223,JPEG,4777028,Lo Castillo,ground
696902a9ece43907fa70afd7,/home/malezainia1/dev/INIA_DeepLearning_Ubuntu_mod_lleon/data/campo5_enero26/Lo Castillo/Celular/20260112_142348(0).jpg,20260112_142348(0).jpg,8.947475,7.730155,-34.16052109972222,-70.6875679,JPEG,5588352,Lo Castillo,ground
696902a9ece43907fa70afd8,/home/malezainia1/dev/INIA_DeepLearning_Ubuntu_mod_lleon/data/campo5_enero26/Lo Castillo/Celular/20260112_142348.jpg,20260112_142348.jpg,5.175024,8.897209,-34.16052109972222,-70.6875679,JPEG,4429194,Lo Castillo,ground
696902a9ece43907fa70afd9,/home/malezainia1/dev/INIA_DeepLearning_Ubuntu_mod_lleon/data/campo5_enero26/Lo Castillo/Celular/20260112_142349.jpg,20260112_142349.jpg,6.468089,8.044722,-34.16052109972222,-70.6875679,JPEG,5479604,Lo Castillo,ground
696902a9ece43907fa70afda,/home/malezainia1/dev/INIA_DeepLearning_Ubuntu_mod_lleon/data/campo5_enero26/Lo Castillo/Celular/20260112_142350.jpg,20260112_142350.jpg,5.7830276,8.55123,-34.16052109972222,-70.6875679,JPEG,5369832,Lo Castillo,ground
696902a9ece43907fa70afdb,/home/malezainia1/dev/INIA_DeepLearning_Ubuntu_mod_lleon/data/campo5_enero26/Lo Castillo/Celular/20260112_142352.jpg,20260112_142352.jpg,9.805571,7.337741,-34.16052109972222,-70.6875679,JPEG,5462147,Lo Castillo,ground
696902a9ece43907fa70afdc,/home/malezainia1/dev/INIA_DeepLearning_Ubuntu_mod_lleon/data/campo5_enero26/Lo Castillo/Celular/20260112_142353.jpg,20260112_142353.jpg,9.9504175,7.3645945,-34.16052109972222,-70.6875679,JPEG,5640890,Lo Castillo,ground
696902a9ece43907fa70afdd,/home/malezainia1/dev/INIA_DeepLearning_Ubuntu_mod_lleon/data/campo5_enero26/Lo Castillo/Celular/20260112_142355.jpg,20260112_142355.jpg,5.480019,9.065351,-34.16052109972222,-70.6875679,JPEG,4993043,Lo Castillo,ground
696902a9ece43907fa70afde,/home/malezainia1/dev/INIA_DeepLearning_Ubuntu_mod_lleon/data/campo5_enero26/Lo Castillo/Celular/20260112_142356.jpg,20260112_142356.jpg,8.4501095,4.90321,-34.16052109972222,-70.6875679,JPEG,5425722,Lo Castillo,ground
696902a9ece43907fa70afdf,/home/malezainia1/dev/INIA_DeepLearning_Ubuntu_mod_lleon/data/campo5_enero26/Lo Castillo/Celular/20260112_142357.jpg,20260112_142357.jpg,5.371229,8.485659,-34.16052109972222,-70.6875679,JPEG,5852967,Lo Castillo,ground
696902a9ece43907fa70afe0,/home/malezainia1/dev/INIA_DeepLearning_Ubuntu_mod_lleon/data/campo5_enero26/Lo Castillo/Celular/20260112_142359.jpg,20260112_142359.jpg,5.076259,8.029025,-34.16052109972222,-70.6875679,JPEG,4919648,Lo Castillo,ground
696902a9ece43907fa70afe1,/home/malezainia1/dev/INIA_DeepLearning_Ubuntu_mod_lleon/data/campo5_enero26/Lo Castillo/Celular/20260112_142401.jpg,20260112_142401.jpg,6.263907,7.730131,-34.16052109972222,-70.6875679,JPEG,5830744,Lo Castillo,ground
696902a9ece43907fa70afe2,/home/malezainia1/dev/INIA_DeepLearning_Ubuntu_mod_lleon/data/campo5_enero26/Lo Castillo/Celular/20260112_142402.jpg,20260112_142402.jpg,5.803168,8.619496,-34.16052109972222,-70.6875679,JPEG,5455584,Lo Castillo,ground
696902a9ece43907fa70afe3,/home/malezainia1/dev/INIA_DeepLearning_Ubuntu_mod_lleon/data/campo5_enero26/Lo Castillo/Celular/20260112_142403.jpg,20260112_142403.jpg,9.014813,7.8758907,-34.16052109972222,-70.6875679,JPEG,5315243,Lo Castillo,ground
696902a9ece43907fa70afe4,/home/malezainia1/dev/INIA_DeepLearning_Ubuntu_mod_lleon/data/campo5_enero26/Lo Castillo/Celular/20260112_142405.jpg,20260112_142405.jpg,5.922441,9.112878,-34.16052109972222,-70.6875679,JPEG,5205096,Lo Castillo,ground
696902a9ece43907fa70afe5,/home/malezainia1/dev/INIA_DeepLearning_Ubuntu_mod_lleon/data/campo5_enero26/Lo Castillo/Celular/20260112_142406.jpg,20260112_142406.jpg,8.405769,8.139748,-34.16052109972222,-70.6875679,JPEG,5841978,Lo Castillo,ground
696902a9ece43907fa70afe6,/home/malezainia1/dev/INIA_DeepLearning_Ubuntu_mod_lleon/data/campo5_enero26/Lo Castillo/Celular/20260112_142408.jpg,20260112_142408.jpg,7.646266,9.632263,-34.16052109972222,-70.6875679,JPEG,5802098,Lo Castillo,ground
696902a9ece43907fa70afe7,/home/malezainia1/dev/INIA_DeepLearning_Ubuntu_mod_lleon/data/campo5_enero26/Lo Castillo/Celular/20260112_142409.jpg,20260112_142409.jpg,8.457324,9.303567,-34.16052109972222,-70.6875679,JPEG,5316068,Lo Castillo,ground
696902a9ece43907fa70afe8,/home/malezainia1/dev/INIA_DeepLearning_Ubuntu_mod_lleon/data/campo5_enero26/Lo Castillo/Celular/20260112_142410.jpg,20260112_142410.jpg,9.1642,8.493831,-34.16052109972222,-70.6875679,JPEG,5425346,Lo Castillo,ground
696902a9ece43907fa70afe9,/home/malezainia1/dev/INIA_DeepLearning_Ubuntu_mod_lleon/data/campo5_enero26/Lo Castillo/Celular/20260112_142411.jpg,20260112_142411.jpg,5.7530017,9.434891,-34.16052109972222,-70.6875679,JPEG,4517158,Lo Castillo,ground
696902a9ece43907fa70afea,/home/malezainia1/dev/INIA_DeepLearning_Ubuntu_mod_lleon/data/campo5_enero26/Lo Castillo/Celular/20260112_142412.jpg,20260112_142412.jpg,8.143295,9.6511,-34.16052109972222,-70.6875679,JPEG,5206798,Lo Castillo,ground
696902a9ece43907fa70afeb,/home/malezainia1/dev/INIA_DeepLearning_Ubuntu_mod_lleon/data/campo5_enero26/Lo Castillo/Celular/20260112_142415.jpg,20260112_142415.jpg,9.368435,8.561497,-34.16052109972222,-70.6875679,JPEG,5575315,Lo Castillo,ground
696902a9ece43907fa70afec,/home/malezainia1/dev/INIA_DeepLearning_Ubuntu_mod_lleon/data/campo5_enero26/Lo Castillo/Celular/20260112_142417.jpg,20260112_142417.jpg,8.640631,9.045516,-34.16052109972222,-70.6875679,JPEG,5484289,Lo Castillo,ground
696902a9ece43907fa70afed,/home/malezainia1/dev/INIA_DeepLearning_Ubuntu_mod_lleon/data/campo5_enero26/Lo Castillo/Celular/20260112_142418.jpg,20260112_142418.jpg,8.143482,9.61011,-34.16052109972222,-70.6875679,JPEG,5731699,Lo Castillo,ground
696902a9ece43907fa70afee,/home/malezainia1/dev/INIA_DeepLearning_Ubuntu_mod_lleon/data/campo5_enero26/Lo Castillo/Celular/20260112_142419.jpg,20260112_142419.jpg,6.3094244,7.6230183,-34.16052109972222,-70.6875679,JPEG,5667721,Lo Castillo,ground
696902a9ece43907fa70afef,/home/malezainia1/dev/INIA_DeepLearning_Ubuntu_mod_lleon/data/campo5_enero26/Lo Castillo/Celular/20260112_142420.jpg,20260112_142420.jpg,7.6267395,6.7129545,-34.16052109972222,-70.6875679,JPEG,4989123,Lo Castillo,ground
696902a9ece43907fa70aff0,/home/malezainia1/dev/INIA_DeepLearning_Ubuntu_mod_lleon/data/campo5_enero26/Lo Castillo/Celular/20260112_142421.jpg,20260112_142421.jpg,5.8982124,9.133661,-34.16052109972222,-70.6875679,JPEG,5382879,Lo Castillo,ground
696902a9ece43907fa70aff1,/home/malezainia1/dev/INIA_DeepLearning_Ubuntu_mod_lleon/data/campo5_enero26/Lo Castillo/Celular/20260112_142422(0).jpg,20260112_142422(0).jpg,9.453083,8.499099,-34.16052109972222,-70.6875679,JPEG,5561099,Lo Castillo,ground
696902a9ece43907fa70aff2,/home/malezainia1/dev/INIA_DeepLearning_Ubuntu_mod_lleon/data/campo5_enero26/Lo Castillo/Celular/20260112_142422.jpg,20260112_142422.jpg,4.962237,8.817906,-34.16052109972222,-70.6875679,JPEG,5804743,Lo Castillo,ground
696902a9ece43907fa70aff3,/home/malezainia1/dev/INIA_DeepLearning_Ubuntu_mod_lleon/data/campo5_enero26/Lo Castillo/Celular/20260112_142423.jpg,20260112_142423.jpg,8.161741,9.497779,-34.16052109972222,-70.6875679,JPEG,5401738,Lo Castillo,ground
696902a9ece43907fa70aff4,/home/malezainia1/dev/INIA_DeepLearning_Ubuntu_mod_lleon/data/campo5_enero26/Lo Castillo/Celular/20260112_142424.jpg,20260112_142424.jpg,7.632105,6.866728,-34.16052109972222,-70.6875679,JPEG,5441187,Lo Castillo,ground
696902a9ece43907fa70aff5,/home/malezainia1/dev/INIA_DeepLearning_Ubuntu_mod_lleon/data/campo5_enero26/Lo Castillo/Celular/20260112_142427(0).jpg,20260112_142427(0).jpg,6.56129,7.693509,-34.16052109972222,-70.6875679,JPEG,5737581,Lo Castillo,ground
696902a9ece43907fa70aff6,/home/malezainia1/dev/INIA_DeepLearning_Ubuntu_mod_lleon/data/campo5_enero26/Lo Castillo/Celular/20260112_142427.jpg,20260112_142427.jpg,6.049838,8.054357,-34.16052109972222,-70.6875679,JPEG,5018661,Lo Castillo,ground
696902a9ece43907fa70aff7,/home/malezainia1/dev/INIA_DeepLearning_Ubuntu_mod_lleon/data/campo5_enero26/Lo Castillo/Celular/20260112_142429.jpg,20260112_142429.jpg,8.026814,6.6251473,-34.16052109972222,-70.6875679,JPEG,4693686,Lo Castillo,ground
696902a9ece43907fa70aff8,/home/malezainia1/dev/INIA_DeepLearning_Ubuntu_mod_lleon/data/campo5_enero26/Lo Castillo/Celular/20260112_142431.jpg,20260112_142431.jpg,5.115699,7.6728797,-34.16052109972222,-70.6875679,JPEG,4978345,Lo Castillo,ground
696902a9ece43907fa70aff9,/home/malezainia1/dev/INIA_DeepLearning_Ubuntu_mod_lleon/data/campo5_enero26/Lo Castillo/Celular/20260112_142432.jpg,20260112_142432.jpg,6.264602,7.1261163,-34.16052109972222,-70.6875679,JPEG,5230521,Lo Castillo,ground
696902a9ece43907fa70affa,/home/malezainia1/dev/INIA_DeepLearning_Ubuntu_mod_lleon/data/campo5_enero26/Lo Castillo/Celular/20260112_142433.jpg,20260112_142433.jpg,5.865087,8.62839,-34.16052109972222,-70.6875679,JPEG,5641851,Lo Castillo,ground
696902a9ece43907fa70affb,/home/malezainia1/dev/INIA_DeepLearning_Ubuntu_mod_lleon/data/campo5_enero26/Lo Castillo/Celular/20260112_142448(0).jpg,20260112_142448(0).jpg,9.125168,7.2754927,-34.160831,-70.687888,JPEG,6126804,Lo Castillo,ground
696902a9ece43907fa70affc,/home/malezainia1/dev/INIA_DeepLearning_Ubuntu_mod_lleon/data/campo5_enero26/Lo Castillo/Celular/20260112_142448.jpg,20260112_142448.jpg,9.095908,7.4991035,-34.160831,-70.687888,JPEG,5488593,Lo Castillo,ground
696902a9ece43907fa70affd,/home/malezainia1/dev/INIA_DeepLearning_Ubuntu_mod_lleon/data/campo5_enero26/Lo Castillo/Celular/20260112_142449.jpg,20260112_142449.jpg,9.516859,6.9055142,-34.160831,-70.687888,JPEG,6046299,Lo Castillo,ground
696902a9ece43907fa70affe,/home/malezainia1/dev/INIA_DeepLearning_Ubuntu_mod_lleon/data/campo5_enero26/Lo Castillo/Celular/20260112_142452(0).jpg,20260112_142452(0).jpg,7.590595,8.271127,-34.160831,-70.687888,JPEG,5630413,Lo Castillo,ground
696902a9ece43907fa70afff,/home/malezainia1/dev/INIA_DeepLearning_Ubuntu_mod_lleon/data/campo5_enero26/Lo Castillo/Celular/20260112_142452.jpg,20260112_142452.jpg,4.8746476,9.020168,-34.160831,-70.687888,JPEG,5619846,Lo Castillo,ground
696902a9ece43907fa70b000,/home/malezainia1/dev/INIA_DeepLearning_Ubuntu_mod_lleon/data/campo5_enero26/Lo Castillo/Celular/20260112_142454.jpg,20260112_142454.jpg,9.666748,7.228804,-34.160831,-70.687888,JPEG,5362422,Lo Castillo,ground
696902a9ece43907fa70b001,/home/malezainia1/dev/INIA_DeepLearning_Ubuntu_mod_lleon/data/campo5_enero26/Lo Castillo/Celular/20260112_142455.jpg,20260112_142455.jpg,8.610148,7.7902436,-34.160831,-70.687888,JPEG,5478087,Lo Castillo,ground
696902a9ece43907fa70b002,/home/malezainia1/dev/INIA_DeepLearning_Ubuntu_mod_lleon/data/campo5_enero26/Lo Castillo/Celular/20260112_142456.jpg,20260112_142456.jpg,9.610159,7.4000435,-34.160831,-70.687888,JPEG,5410558,Lo Castillo,ground
696902a9ece43907fa70b003,/home/malezainia1/dev/INIA_DeepLearning_Ubuntu_mod_lleon/data/campo5_enero26/Lo Castillo/Celular/20260112_142457.jpg,20260112_142457.jpg,6.4641676,7.216447,-34.160831,-70.687888,JPEG,5976912,Lo Castillo,ground
696902a9ece43907fa70b004,/home/malezainia1/dev/INIA_DeepLearning_Ubuntu_mod_lleon/data/campo5_enero26/Lo Castillo/Celular/20260112_142459(0).jpg,20260112_142459(0).jpg,4.995906,7.6624117,-34.160831,-70.687888,JPEG,5947952,Lo Castillo,ground
696902a9ece43907fa70b005,/home/malezainia1/dev/INIA_DeepLearning_Ubuntu_mod_lleon/data/campo5_enero26/Lo Castillo/Celular/20260112_142459.jpg,20260112_142459.jpg,4.9064293,7.543276,-34.160831,-70.687888,JPEG,5712565,Lo Castillo,ground
696902a9ece43907fa70b006,/home/malezainia1/dev/INIA_DeepLearning_Ubuntu_mod_lleon/data/campo5_enero26/Lo Castillo/Celular/20260112_142500.jpg,20260112_142500.jpg,10.517237,6.451455,-34.160831,-70.687888,JPEG,6026758,Lo Castillo,ground
696902a9ece43907fa70b007,/home/malezainia1/dev/INIA_DeepLearning_Ubuntu_mod_lleon/data/campo5_enero26/Lo Castillo/Celular/20260112_142501.jpg,20260112_142501.jpg,7.6019225,7.038688,-34.160831,-70.687888,JPEG,6096787,Lo Castillo,ground
696902a9ece43907fa70b008,/home/malezainia1/dev/INIA_DeepLearning_Ubuntu_mod_lleon/data/campo5_enero26/Lo Castillo/Celular/20260112_142503.jpg,20260112_142503.jpg,7.6416154,7.0135083,-34.160831,-70.687888,JPEG,4624658,Lo Castillo,ground
696902a9ece43907fa70b009,/home/malezainia1/dev/INIA_DeepLearning_Ubuntu_mod_lleon/data/campo5_enero26/Lo Castillo/Celular/20260112_142504.jpg,20260112_142504.jpg,9.108537,7.6018977,-34.160831,-70.687888,JPEG,5512372,Lo Castillo,ground
696902a9ece43907fa70b00a,/home/malezainia1/dev/INIA_DeepLearning_Ubuntu_mod_lleon/data/campo5_enero26/Lo Castillo/Celular/20260112_142505.jpg,20260112_142505.jpg,9.570286,7.353665,-34.160831,-70.687888,JPEG,5537294,Lo Castillo,ground
696902a9ece43907fa70b00b,/home/malezainia1/dev/INIA_DeepLearning_Ubuntu_mod_lleon/data/campo5_enero26/Lo Castillo/Celular/20260112_142506.jpg,20260112_142506.jpg,9.26486,7.2543793,-34.160831,-70.687888,JPEG,5737519,Lo Castillo,ground
696902a9ece43907fa70b00c,/home/malezainia1/dev/INIA_DeepLearning_Ubuntu_mod_lleon/data/campo5_enero26/Lo Castillo/Celular/20260112_142507.jpg,20260112_142507.jpg,10.075406,7.0119934,-34.160831,-70.687888,JPEG,5961936,Lo Castillo,ground
696902a9ece43907fa70b00d,/home/malezainia1/dev/INIA_DeepLearning_Ubuntu_mod_lleon/data/campo5_enero26/Lo Castillo/Celular/20260112_142510.jpg,20260112_142510.jpg,9.969357,6.995302,-34.160831,-70.687888,JPEG,4958951,Lo Castillo,ground
696902a9ece43907fa70b00e,/home/malezainia1/dev/INIA_DeepLearning_Ubuntu_mod_lleon/data/campo5_enero26/Lo Castillo/Celular/20260112_142511(0).jpg,20260112_142511(0).jpg,9.894664,7.4290113,-34.160831,-70.687888,JPEG,5586259,Lo Castillo,ground
696902a9ece43907fa70b00f,/home/malezainia1/dev/INIA_DeepLearning_Ubuntu_mod_lleon/data/campo5_enero26/Lo Castillo/Celular/20260112_142511.jpg,20260112_142511.jpg,5.2478547,7.7831125,-34.160831,-70.687888,JPEG,5493619,Lo Castillo,ground
696902a9ece43907fa70b010,/home/malezainia1/dev/INIA_DeepLearning_Ubuntu_mod_lleon/data/campo5_enero26/Lo Castillo/Celular/20260112_142512(0).jpg,20260112_142512(0).jpg,10.081659,7.216917,-34.160831,-70.687888,JPEG,5548157,Lo Castillo,ground
696902a9ece43907fa70b011,/home/malezainia1/dev/INIA_DeepLearning_Ubuntu_mod_lleon/data/campo5_enero26/Lo Castillo/Celular/20260112_142512.jpg,20260112_142512.jpg,9.723055,7.3154116,-34.160831,-70.687888,JPEG,5766046,Lo Castillo,ground
696902a9ece43907fa70b012,/home/malezainia1/dev/INIA_DeepLearning_Ubuntu_mod_lleon/data/campo5_enero26/Lo Castillo/Celular/20260112_142513.jpg,20260112_142513.jpg,5.3070245,7.8181615,-34.160831,-70.687888,JPEG,5662242,Lo Castillo,ground
696902a9ece43907fa70b013,/home/malezainia1/dev/INIA_DeepLearning_Ubuntu_mod_lleon/data/campo5_enero26/Lo Castillo/Celular/20260112_142514.jpg,20260112_142514.jpg,9.483952,7.2484875,-34.160831,-70.687888,JPEG,5213495,Lo Castillo,ground
696902a9ece43907fa70b014,/home/malezainia1/dev/INIA_DeepLearning_Ubuntu_mod_lleon/data/campo5_enero26/Lo Castillo/Celular/20260112_142515.jpg,20260112_142515.jpg,9.557344,7.60312,-34.160831,-70.687888,JPEG,5840102,Lo Castillo,ground
696902a9ece43907fa70b015,/home/malezainia1/dev/INIA_DeepLearning_Ubuntu_mod_lleon/data/campo5_enero26/Lo Castillo/Celular/20260112_142516.jpg,20260112_142516.jpg,8.421765,5.9212823,-34.160831,-70.687888,JPEG,5319152,Lo Castillo,ground
696902a9ece43907fa70b016,/home/malezainia1/dev/INIA_DeepLearning_Ubuntu_mod_lleon/data/campo5_enero26/Lo Castillo/Celular/20260112_142517(0).jpg,20260112_142517(0).jpg,9.636065,7.3730545,-34.160831,-70.687888,JPEG,5740350,Lo Castillo,ground
696902a9ece43907fa70b017,/home/malezainia1/dev/INIA_DeepLearning_Ubuntu_mod_lleon/data/campo5_enero26/Lo Castillo/Celular/20260112_142517(1).jpg,20260112_142517(1).jpg,5.376247,7.7242565,-34.160831,-70.687888,JPEG,5810232,Lo Castillo,ground
696902a9ece43907fa70b018,/home/malezainia1/dev/INIA_DeepLearning_Ubuntu_mod_lleon/data/campo5_enero26/Lo Castillo/Celular/20260112_142517.jpg,20260112_142517.jpg,9.366832,7.283184,-34.160831,-70.687888,JPEG,5803919,Lo Castillo,ground
696902a9ece43907fa70b019,/home/malezainia1/dev/INIA_DeepLearning_Ubuntu_mod_lleon/data/campo5_enero26/Lo Castillo/Celular/20260112_142518.jpg,20260112_142518.jpg,8.842422,7.109026,-34.160831,-70.687888,JPEG,5827387,Lo Castillo,ground
696902a9ece43907fa70b01a,/home/malezainia1/dev/INIA_DeepLearning_Ubuntu_mod_lleon/data/campo5_enero26/Lo Castillo/Celular/20260112_142520.jpg,20260112_142520.jpg,8.553489,7.7429643,-34.160831,-70.687888,JPEG,5149222,Lo Castillo,ground
696902a9ece43907fa70b01b,/home/malezainia1/dev/INIA_DeepLearning_Ubuntu_mod_lleon/data/campo5_enero26/Lo Castillo/Celular/20260112_142524.jpg,20260112_142524.jpg,7.222984,5.3982034,-34.160831,-70.687888,JPEG,4745203,Lo Castillo,ground
696902a9ece43907fa70b01c,/home/malezainia1/dev/INIA_DeepLearning_Ubuntu_mod_lleon/data/campo5_enero26/Lo Castillo/Celular/20260112_142525.jpg,20260112_142525.jpg,10.434505,6.885814,-34.160831,-70.687888,JPEG,5686094,Lo Castillo,ground
696902a9ece43907fa70b01d,/home/malezainia1/dev/INIA_DeepLearning_Ubuntu_mod_lleon/data/campo5_enero26/Lo Castillo/Celular/20260112_142526.jpg,20260112_142526.jpg,9.88512,7.4105005,-34.160831,-70.687888,JPEG,5604986,Lo Castillo,ground
696902a9ece43907fa70b01e,/home/malezainia1/dev/INIA_DeepLearning_Ubuntu_mod_lleon/data/campo5_enero26/Lo Castillo/Celular/20260112_142528.jpg,20260112_142528.jpg,6.738844,7.3239903,-34.160831,-70.687888,JPEG,5339638,Lo Castillo,ground
696902a9ece43907fa70b01f,/home/malezainia1/dev/INIA_DeepLearning_Ubuntu_mod_lleon/data/campo5_enero26/Lo Castillo/Celular/20260112_142529.jpg,20260112_142529.jpg,6.9956884,9.174951,-34.160831,-70.687888,JPEG,5258919,Lo Castillo,ground
696902a9ece43907fa70b020,/home/malezainia1/dev/INIA_DeepLearning_Ubuntu_mod_lleon/data/campo5_enero26/Lo Castillo/Celular/20260112_142533.jpg,20260112_142533.jpg,6.097066,8.114208,-34.160831,-70.687888,JPEG,5308240,Lo Castillo,ground
696902a9ece43907fa70b021,/home/malezainia1/dev/INIA_DeepLearning_Ubuntu_mod_lleon/data/campo5_enero26/Lo Castillo/Celular/20260112_142534.jpg,20260112_142534.jpg,5.579474,7.4079328,-34.160831,-70.687888,JPEG,5146439,Lo Castillo,ground
696902a9ece43907fa70b022,/home/malezainia1/dev/INIA_DeepLearning_Ubuntu_mod_lleon/data/campo5_enero26/Lo Castillo/Celular/20260112_142536.jpg,20260112_142536.jpg,6.309201,6.971554,-34.160831,-70.687888,JPEG,5446788,Lo Castillo,ground
696902a9ece43907fa70b023,/home/malezainia1/dev/INIA_DeepLearning_Ubuntu_mod_lleon/data/campo5_enero26/Lo Castillo/Celular/20260112_142537.jpg,20260112_142537.jpg,5.0047755,7.8956466,-34.160831,-70.687888,JPEG,5328285,Lo Castillo,ground
696902a9ece43907fa70b024,/home/malezainia1/dev/INIA_DeepLearning_Ubuntu_mod_lleon/data/campo5_enero26/Lo Castillo/Celular/20260112_142540(0).jpg,20260112_142540(0).jpg,5.990882,8.51801,-34.160831,-70.687888,JPEG,5670958,Lo Castillo,ground
696902a9ece43907fa70b025,/home/malezainia1/dev/INIA_DeepLearning_Ubuntu_mod_lleon/data/campo5_enero26/Lo Castillo/Celular/20260112_142540.jpg,20260112_142540.jpg,6.017052,8.213558,-34.160831,-70.687888,JPEG,4967262,Lo Castillo,ground
696902a9ece43907fa70b026,/home/malezainia1/dev/INIA_DeepLearning_Ubuntu_mod_lleon/data/campo5_enero26/Lo Castillo/Celular/20260112_142551.jpg,20260112_142551.jpg,5.8853645,8.188223,-34.1612085,-70.6882267,JPEG,5427202,Lo Castillo,ground
696902a9ece43907fa70b027,/home/malezainia1/dev/INIA_DeepLearning_Ubuntu_mod_lleon/data/campo5_enero26/Lo Castillo/Celular/20260112_142552.jpg,20260112_142552.jpg,9.682698,8.113854,-34.1612085,-70.6882267,JPEG,5583502,Lo Castillo,ground
696902a9ece43907fa70b028,/home/malezainia1/dev/INIA_DeepLearning_Ubuntu_mod_lleon/data/campo5_enero26/Lo Castillo/Celular/20260112_142553.jpg,20260112_142553.jpg,5.7844114,7.78102,-34.1612085,-70.6882267,JPEG,5283377,Lo Castillo,ground
696902a9ece43907fa70b029,/home/malezainia1/dev/INIA_DeepLearning_Ubuntu_mod_lleon/data/campo5_enero26/Lo Castillo/Celular/20260112_142555.jpg,20260112_142555.jpg,9.714556,7.336412,-34.1612085,-70.6882267,JPEG,5331434,Lo Castillo,ground
696902a9ece43907fa70b02a,/home/malezainia1/dev/INIA_DeepLearning_Ubuntu_mod_lleon/data/campo5_enero26/Lo Castillo/Celular/20260112_142556.jpg,20260112_142556.jpg,5.6986537,7.563097,-34.1612085,-70.6882267,JPEG,5858930,Lo Castillo,ground
696902a9ece43907fa70b02b,/home/malezainia1/dev/INIA_DeepLearning_Ubuntu_mod_lleon/data/campo5_enero26/Lo Castillo/Celular/20260112_142557(0).jpg,20260112_142557(0).jpg,8.246611,6.628156,-34.1612085,-70.6882267,JPEG,4344885,Lo Castillo,ground
696902a9ece43907fa70b02c,/home/malezainia1/dev/INIA_DeepLearning_Ubuntu_mod_lleon/data/campo5_enero26/Lo Castillo/Celular/20260112_142557.jpg,20260112_142557.jpg,6.490315,9.390406,-34.1612085,-70.6882267,JPEG,4443108,Lo Castillo,ground
696902a9ece43907fa70b02d,/home/malezainia1/dev/INIA_DeepLearning_Ubuntu_mod_lleon/data/campo5_enero26/Lo Castillo/Celular/20260112_142600.jpg,20260112_142600.jpg,5.7782135,8.470133,-34.1612085,-70.6882267,JPEG,4635070,Lo Castillo,ground
696902a9ece43907fa70b02e,/home/malezainia1/dev/INIA_DeepLearning_Ubuntu_mod_lleon/data/campo5_enero26/Lo Castillo/Celular/20260112_142601.jpg,20260112_142601.jpg,5.8071156,8.268016,-34.1612085,-70.6882267,JPEG,5800210,Lo Castillo,ground
696902a9ece43907fa70b02f,/home/malezainia1/dev/INIA_DeepLearning_Ubuntu_mod_lleon/data/campo5_enero26/Lo Castillo/Celular/20260112_142602.jpg,20260112_142602.jpg,8.054618,9.374583,-34.1612085,-70.6882267,JPEG,5387563,Lo Castillo,ground
696902a9ece43907fa70b030,/home/malezainia1/dev/INIA_DeepLearning_Ubuntu_mod_lleon/data/campo5_enero26/Lo Castillo/Celular/20260112_142603.jpg,20260112_142603.jpg,5.3500543,7.797855,-34.1612085,-70.6882267,JPEG,5551321,Lo Castillo,ground
696902a9ece43907fa70b031,/home/malezainia1/dev/INIA_DeepLearning_Ubuntu_mod_lleon/data/campo5_enero26/Lo Castillo/Celular/20260112_142604.jpg,20260112_142604.jpg,5.7196503,8.246975,-34.1612085,-70.6882267,JPEG,5824353,Lo Castillo,ground
696902a9ece43907fa70b032,/home/malezainia1/dev/INIA_DeepLearning_Ubuntu_mod_lleon/data/campo5_enero26/Lo Castillo/Celular/20260112_142605.jpg,20260112_142605.jpg,8.386552,7.1487026,-34.1612085,-70.6882267,JPEG,4781370,Lo Castillo,ground
696902a9ece43907fa70b033,/home/malezainia1/dev/INIA_DeepLearning_Ubuntu_mod_lleon/data/campo5_enero26/Lo Castillo/Celular/20260112_142608(0).jpg,20260112_142608(0).jpg,6.782596,7.166585,-34.1612085,-70.6882267,JPEG,5719967,Lo Castillo,ground
696902a9ece43907fa70b034,/home/malezainia1/dev/INIA_DeepLearning_Ubuntu_mod_lleon/data/campo5_enero26/Lo Castillo/Celular/20260112_142608.jpg,20260112_142608.jpg,7.022776,8.387725,-34.1612085,-70.6882267,JPEG,5527645,Lo Castillo,ground
696902a9ece43907fa70b035,/home/malezainia1/dev/INIA_DeepLearning_Ubuntu_mod_lleon/data/campo5_enero26/Lo Castillo/Celular/20260112_142609.jpg,20260112_142609.jpg,5.1215425,8.127556,-34.1612085,-70.6882267,JPEG,5793398,Lo Castillo,ground
696902a9ece43907fa70b036,/home/malezainia1/dev/INIA_DeepLearning_Ubuntu_mod_lleon/data/campo5_enero26/Lo Castillo/Celular/20260112_142610.jpg,20260112_142610.jpg,5.72734,7.704747,-34.1612085,-70.6882267,JPEG,5415714,Lo Castillo,ground
696902a9ece43907fa70b037,/home/malezainia1/dev/INIA_DeepLearning_Ubuntu_mod_lleon/data/campo5_enero26/Lo Castillo/Celular/20260112_142618.jpg,20260112_142618.jpg,8.326424,7.251809,-34.1612085,-70.6882267,JPEG,5944615,Lo Castillo,ground
696902a9ece43907fa70b038,/home/malezainia1/dev/INIA_DeepLearning_Ubuntu_mod_lleon/data/campo5_enero26/Lo Castillo/Celular/20260112_142621.jpg,20260112_142621.jpg,5.891822,8.871132,-34.1612085,-70.6882267,JPEG,5070291,Lo Castillo,ground
696902a9ece43907fa70b039,/home/malezainia1/dev/INIA_DeepLearning_Ubuntu_mod_lleon/data/campo5_enero26/Lo Castillo/Celular/20260112_142622.jpg,20260112_142622.jpg,5.9357553,9.322631,-34.1612085,-70.6882267,JPEG,6002699,Lo Castillo,ground
696902a9ece43907fa70b03a,/home/malezainia1/dev/INIA_DeepLearning_Ubuntu_mod_lleon/data/campo5_enero26/Lo Castillo/Celular/20260112_142624.jpg,20260112_142624.jpg,6.879184,7.626739,-34.1612085,-70.6882267,JPEG,5536727,Lo Castillo,ground
696902a9ece43907fa70b03b,/home/malezainia1/dev/INIA_DeepLearning_Ubuntu_mod_lleon/data/campo5_enero26/Lo Castillo/Celular/20260112_142625.jpg,20260112_142625.jpg,6.5432544,7.9884887,-34.1612085,-70.6882267,JPEG,5994870,Lo Castillo,ground
696902a9ece43907fa70b03c,/home/malezainia1/dev/INIA_DeepLearning_Ubuntu_mod_lleon/data/campo5_enero26/Lo Castillo/Celular/20260112_142626.jpg,20260112_142626.jpg,6.047303,8.369718,-34.1612085,-70.6882267,JPEG,6071905,Lo Castillo,ground
696902a9ece43907fa70b03d,/home/malezainia1/dev/INIA_DeepLearning_Ubuntu_mod_lleon/data/campo5_enero26/Lo Castillo/Celular/20260112_142627.jpg,20260112_142627.jpg,5.89134,8.212919,-34.1612085,-70.6882267,JPEG,6014598,Lo Castillo,ground
696902a9ece43907fa70b03e,/home/malezainia1/dev/INIA_DeepLearning_Ubuntu_mod_lleon/data/campo5_enero26/Lo Castillo/Celular/20260112_142628.jpg,20260112_142628.jpg,6.9039726,6.86633,-34.1612085,-70.6882267,JPEG,5379935,Lo Castillo,ground
696902a9ece43907fa70b03f,/home/malezainia1/dev/INIA_DeepLearning_Ubuntu_mod_lleon/data/campo5_enero26/Lo Castillo/Celular/20260112_142630.jpg,20260112_142630.jpg,5.790737,9.295427,-34.1612085,-70.6882267,JPEG,5457627,Lo Castillo,ground
696902a9ece43907fa70b040,/home/malezainia1/dev/INIA_DeepLearning_Ubuntu_mod_lleon/data/campo5_enero26/Lo Castillo/Celular/20260112_142636.jpg,20260112_142636.jpg,5.9928145,9.176378,-34.1612085,-70.6882267,JPEG,5810081,Lo Castillo,ground
696902a9ece43907fa70b041,/home/malezainia1/dev/INIA_DeepLearning_Ubuntu_mod_lleon/data/campo5_enero26/Lo Castillo/Celular/20260112_142638.jpg,20260112_142638.jpg,5.192958,8.132057,-34.1615199,-70.68852239972223,JPEG,5720263,Lo Castillo,ground
696902a9ece43907fa70b042,/home/malezainia1/dev/INIA_DeepLearning_Ubuntu_mod_lleon/data/campo5_enero26/Lo Castillo/Celular/20260112_142640.jpg,20260112_142640.jpg,8.336078,7.5993447,-34.16153109972222,-70.68856209972222,JPEG,5684200,Lo Castillo,ground
696902a9ece43907fa70b043,/home/malezainia1/dev/INIA_DeepLearning_Ubuntu_mod_lleon/data/campo5_enero26/Lo Castillo/Celular/20260112_142641.jpg,20260112_142641.jpg,9.930006,7.393151,-34.16152999972222,-70.68856359972223,JPEG,5221386,Lo Castillo,ground
696902a9ece43907fa70b044,/home/malezainia1/dev/INIA_DeepLearning_Ubuntu_mod_lleon/data/campo5_enero26/Lo Castillo/Celular/20260112_142643(0).jpg,20260112_142643(0).jpg,8.569981,7.2964406,-34.16152999972222,-70.68856359972223,JPEG,5561837,Lo Castillo,ground
696902a9ece43907fa70b045,/home/malezainia1/dev/INIA_DeepLearning_Ubuntu_mod_lleon/data/campo5_enero26/Lo Castillo/Celular/20260112_142643.jpg,20260112_142643.jpg,6.100113,7.760537,-34.16152999972222,-70.68856359972223,JPEG,5322084,Lo Castillo,ground
696902a9ece43907fa70b046,/home/malezainia1/dev/INIA_DeepLearning_Ubuntu_mod_lleon/data/campo5_enero26/Lo Castillo/Celular/20260112_142644.jpg,20260112_142644.jpg,6.7747283,7.261792,-34.16152999972222,-70.68856359972223,JPEG,6242622,Lo Castillo,ground
696902a9ece43907fa70b047,/home/malezainia1/dev/INIA_DeepLearning_Ubuntu_mod_lleon/data/campo5_enero26/Lo Castillo/Celular/20260112_142645.jpg,20260112_142645.jpg,9.780776,7.3783274,-34.16152999972222,-70.68856359972223,JPEG,6325159,Lo Castillo,ground
696902a9ece43907fa70b048,/home/malezainia1/dev/INIA_DeepLearning_Ubuntu_mod_lleon/data/campo5_enero26/Lo Castillo/Celular/20260112_142646.jpg,20260112_142646.jpg,5.98903,8.111705,-34.16152999972222,-70.68856359972223,JPEG,4442066,Lo Castillo,ground
696902a9ece43907fa70b049,/home/malezainia1/dev/INIA_DeepLearning_Ubuntu_mod_lleon/data/campo5_enero26/Lo Castillo/Celular/20260112_142651.jpg,20260112_142651.jpg,8.139302,9.265007,-34.16152999972222,-70.68856359972223,JPEG,5694466,Lo Castillo,ground
696902a9ece43907fa70b04a,/home/malezainia1/dev/INIA_DeepLearning_Ubuntu_mod_lleon/data/campo5_enero26/Lo Castillo/Celular/20260112_142652(0).jpg,20260112_142652(0).jpg,8.055758,6.84381,-34.16152999972222,-70.68856359972223,JPEG,5764191,Lo Castillo,ground
696902a9ece43907fa70b04b,/home/malezainia1/dev/INIA_DeepLearning_Ubuntu_mod_lleon/data/campo5_enero26/Lo Castillo/Celular/20260112_142652.jpg,20260112_142652.jpg,5.91789,8.681864,-34.16152999972222,-70.68856359972223,JPEG,5655330,Lo Castillo,ground
696902a9ece43907fa70b04c,/home/malezainia1/dev/INIA_DeepLearning_Ubuntu_mod_lleon/data/campo5_enero26/Lo Castillo/Celular/20260112_142653.jpg,20260112_142653.jpg,6.087415,9.070066,-34.16152999972222,-70.68856359972223,JPEG,5112793,Lo Castillo,ground
696902a9ece43907fa70b04d,/home/malezainia1/dev/INIA_DeepLearning_Ubuntu_mod_lleon/data/campo5_enero26/Lo Castillo/Celular/20260112_142659.jpg,20260112_142659.jpg,6.221311,8.263471,-34.16152999972222,-70.68856359972223,JPEG,4807715,Lo Castillo,ground
696902a9ece43907fa70b04e,/home/malezainia1/dev/INIA_DeepLearning_Ubuntu_mod_lleon/data/campo5_enero26/Lo Castillo/Celular/20260112_142703.jpg,20260112_142703.jpg,8.538554,7.9933515,-34.16152999972222,-70.68856359972223,JPEG,5657919,Lo Castillo,ground
696902a9ece43907fa70b04f,/home/malezainia1/dev/INIA_DeepLearning_Ubuntu_mod_lleon/data/campo5_enero26/Lo Castillo/Celular/20260112_142706.jpg,20260112_142706.jpg,5.953219,7.851718,-34.16152999972222,-70.68856359972223,JPEG,5743420,Lo Castillo,ground
696902a9ece43907fa70b050,/home/malezainia1/dev/INIA_DeepLearning_Ubuntu_mod_lleon/data/campo5_enero26/Lo Castillo/Celular/20260112_142707.jpg,20260112_142707.jpg,6.777583,6.9369907,-34.16152999972222,-70.68856359972223,JPEG,5594556,Lo Castillo,ground
696902a9ece43907fa70b051,/home/malezainia1/dev/INIA_DeepLearning_Ubuntu_mod_lleon/data/campo5_enero26/Lo Castillo/Celular/20260112_142714(0).jpg,20260112_142714(0).jpg,6.9446144,5.804658,-34.16152999972222,-70.68856359972223,JPEG,5213497,Lo Castillo,ground
696902a9ece43907fa70b052,/home/malezainia1/dev/INIA_DeepLearning_Ubuntu_mod_lleon/data/campo5_enero26/Lo Castillo/Celular/20260112_142714.jpg,20260112_142714.jpg,8.248952,5.175592,-34.16152999972222,-70.68856359972223,JPEG,5501009,Lo Castillo,ground
696902a9ece43907fa70b053,/home/malezainia1/dev/INIA_DeepLearning_Ubuntu_mod_lleon/data/campo5_enero26/Lo Castillo/Celular/20260112_142722.jpg,20260112_142722.jpg,6.593121,8.590517,-34.16152999972222,-70.68856359972223,JPEG,5874655,Lo Castillo,ground
696902a9ece43907fa70b054,/home/malezainia1/dev/INIA_DeepLearning_Ubuntu_mod_lleon/data/campo5_enero26/Lo Castillo/Celular/20260112_142727.jpg,20260112_142727.jpg,5.768427,7.6405063,-34.161791799999996,-70.68880369972223,JPEG,5663327,Lo Castillo,ground
696902a9ece43907fa70b055,/home/malezainia1/dev/INIA_DeepLearning_Ubuntu_mod_lleon/data/campo5_enero26/Lo Castillo/Celular/20260112_143114.jpg,20260112_143114.jpg,7.527982,5.1349783,-34.16060399972222,-70.68798669972223,JPEG,4318524,Lo Castillo,ground
696902a9ece43907fa70b056,/home/malezainia1/dev/INIA_DeepLearning_Ubuntu_mod_lleon/data/campo5_enero26/Lo Castillo/Celular/20260112_143116.jpg,20260112_143116.jpg,6.358997,9.857278,-34.16060399972222,-70.68798669972223,JPEG,4498529,Lo Castillo,ground
696902a9ece43907fa70b057,/home/malezainia1/dev/INIA_DeepLearning_Ubuntu_mod_lleon/data/campo5_enero26/Lo Castillo/Celular/20260112_143125.jpg,20260112_143125.jpg,7.866525,9.236959,-34.16060399972222,-70.68798669972223,JPEG,4764214,Lo Castillo,ground
696902a9ece43907fa70b058,/home/malezainia1/dev/INIA_DeepLearning_Ubuntu_mod_lleon/data/campo5_enero26/Lo Castillo/Celular/20260112_143127.jpg,20260112_143127.jpg,8.170289,9.236689,-34.16060399972222,-70.68798669972223,JPEG,5883272,Lo Castillo,ground
696902a9ece43907fa70b059,/home/malezainia1/dev/INIA_DeepLearning_Ubuntu_mod_lleon/data/campo5_enero26/Lo Castillo/Celular/20260112_143131.jpg,20260112_143131.jpg,8.5102415,7.19837,-34.16060399972222,-70.68798669972223,JPEG,5594309,Lo Castillo,ground
696902a9ece43907fa70b05a,/home/malezainia1/dev/INIA_DeepLearning_Ubuntu_mod_lleon/data/campo5_enero26/Lo Castillo/Celular/20260112_143132.jpg,20260112_143132.jpg,5.911166,9.180337,-34.16060399972222,-70.68798669972223,JPEG,5481296,Lo Castillo,ground
696902a9ece43907fa70b05b,/home/malezainia1/dev/INIA_DeepLearning_Ubuntu_mod_lleon/data/campo5_enero26/Lo Castillo/Celular/20260112_143135.jpg,20260112_143135.jpg,8.363821,8.956797,-34.16060399972222,-70.68798669972223,JPEG,5710736,Lo Castillo,ground
696902a9ece43907fa70b05c,/home/malezainia1/dev/INIA_DeepLearning_Ubuntu_mod_lleon/data/campo5_enero26/Lo Castillo/Celular/20260112_143139.jpg,20260112_143139.jpg,6.9830503,9.587862,-34.16060399972222,-70.68798669972223,JPEG,4701799,Lo Castillo,ground
696902a9ece43907fa70b05d,/home/malezainia1/dev/INIA_DeepLearning_Ubuntu_mod_lleon/data/campo5_enero26/Lo Castillo/Celular/20260112_143142.jpg,20260112_143142.jpg,5.049479,8.497198,-34.16060399972222,-70.68798669972223,JPEG,5397561,Lo Castillo,ground
696902a9ece43907fa70b05e,/home/malezainia1/dev/INIA_DeepLearning_Ubuntu_mod_lleon/data/campo5_enero26/Lo Castillo/Celular/20260112_143143.jpg,20260112_143143.jpg,5.91728,7.845797,-34.16060399972222,-70.68798669972223,JPEG,4949152,Lo Castillo,ground
696902a9ece43907fa70b05f,/home/malezainia1/dev/INIA_DeepLearning_Ubuntu_mod_lleon/data/campo5_enero26/Lo Castillo/Celular/20260112_143144.jpg,20260112_143144.jpg,8.390311,8.87871,-34.16060399972222,-70.68798669972223,JPEG,5094292,Lo Castillo,ground
696902a9ece43907fa70b060,/home/malezainia1/dev/INIA_DeepLearning_Ubuntu_mod_lleon/data/campo5_enero26/Lo Castillo/Celular/20260112_143151.jpg,20260112_143151.jpg,5.802387,8.801904,-34.16060399972222,-70.68798669972223,JPEG,5488793,Lo Castillo,ground
696902a9ece43907fa70b061,/home/malezainia1/dev/INIA_DeepLearning_Ubuntu_mod_lleon/data/campo5_enero26/Lo Castillo/Celular/20260112_143153.jpg,20260112_143153.jpg,8.788265,7.9509845,-34.16060399972222,-70.68798669972223,JPEG,5820270,Lo Castillo,ground
696902a9ece43907fa70b062,/home/malezainia1/dev/INIA_DeepLearning_Ubuntu_mod_lleon/data/campo5_enero26/Lo Castillo/Celular/20260112_143157.jpg,20260112_143157.jpg,7.4042377,9.707856,-34.16060399972222,-70.68798669972223,JPEG,5762836,Lo Castillo,ground
696902a9ece43907fa70b063,/home/malezainia1/dev/INIA_DeepLearning_Ubuntu_mod_lleon/data/campo5_enero26/Lo Castillo/Celular/20260112_143159.jpg,20260112_143159.jpg,7.5168796,7.078186,-34.16060399972222,-70.68798669972223,JPEG,6372581,Lo Castillo,ground
696902a9ece43907fa70b064,/home/malezainia1/dev/INIA_DeepLearning_Ubuntu_mod_lleon/data/campo5_enero26/Lo Castillo/Celular/20260112_143201(0).jpg,20260112_143201(0).jpg,9.060162,7.933987,-34.16060399972222,-70.68798669972223,JPEG,4730202,Lo Castillo,ground
696902a9ece43907fa70b065,/home/malezainia1/dev/INIA_DeepLearning_Ubuntu_mod_lleon/data/campo5_enero26/Lo Castillo/Celular/20260112_143201.jpg,20260112_143201.jpg,8.519346,8.654393,-34.16060399972222,-70.68798669972223,JPEG,4380633,Lo Castillo,ground
696902a9ece43907fa70b066,/home/malezainia1/dev/INIA_DeepLearning_Ubuntu_mod_lleon/data/campo5_enero26/Lo Castillo/Celular/20260112_143202.jpg,20260112_143202.jpg,7.3131804,9.668154,-34.16060399972222,-70.68798669972223,JPEG,5493649,Lo Castillo,ground
696902a9ece43907fa70b067,/home/malezainia1/dev/INIA_DeepLearning_Ubuntu_mod_lleon/data/campo5_enero26/Lo Castillo/Celular/20260112_143204.jpg,20260112_143204.jpg,8.601109,6.4891157,-34.16060399972222,-70.68798669972223,JPEG,4760830,Lo Castillo,ground
696902a9ece43907fa70b068,/home/malezainia1/dev/INIA_DeepLearning_Ubuntu_mod_lleon/data/campo5_enero26/Lo Castillo/Celular/20260112_143205.jpg,20260112_143205.jpg,8.848787,7.0833507,-34.16060399972222,-70.68798669972223,JPEG,5467067,Lo Castillo,ground
696902a9ece43907fa70b069,/home/malezainia1/dev/INIA_DeepLearning_Ubuntu_mod_lleon/data/campo5_enero26/Lo Castillo/Celular/20260112_143206(0).jpg,20260112_143206(0).jpg,8.844891,7.887648,-34.16060399972222,-70.68798669972223,JPEG,5774661,Lo Castillo,ground
696902a9ece43907fa70b06a,/home/malezainia1/dev/INIA_DeepLearning_Ubuntu_mod_lleon/data/campo5_enero26/Lo Castillo/Celular/20260112_143206.jpg,20260112_143206.jpg,8.89012,7.1811376,-34.16060399972222,-70.68798669972223,JPEG,5613972,Lo Castillo,ground
696902a9ece43907fa70b06b,/home/malezainia1/dev/INIA_DeepLearning_Ubuntu_mod_lleon/data/campo5_enero26/Lo Castillo/Celular/20260112_143207.jpg,20260112_143207.jpg,6.6485333,8.219024,-34.16060399972222,-70.68798669972223,JPEG,5878320,Lo Castillo,ground
696902a9ece43907fa70b06c,/home/malezainia1/dev/INIA_DeepLearning_Ubuntu_mod_lleon/data/campo5_enero26/Lo Castillo/Celular/20260112_143208(0).jpg,20260112_143208(0).jpg,8.9424515,7.7453775,-34.16015509972222,-70.68754479972223,JPEG,5590303,Lo Castillo,ground
696902a9ece43907fa70b06d,/home/malezainia1/dev/INIA_DeepLearning_Ubuntu_mod_lleon/data/campo5_enero26/Lo Castillo/Celular/20260112_143208.jpg,20260112_143208.jpg,8.333315,8.655015,-34.160159899722224,-70.68756419972223,JPEG,5559418,Lo Castillo,ground
696902a9ece43907fa70b06e,/home/malezainia1/dev/INIA_DeepLearning_Ubuntu_mod_lleon/data/campo5_enero26/Lo Castillo/Celular/20260112_143210.jpg,20260112_143210.jpg,8.952464,7.8224792,-34.16015159972222,-70.68754069972222,JPEG,5458728,Lo Castillo,ground
696902a9ece43907fa70b06f,/home/malezainia1/dev/INIA_DeepLearning_Ubuntu_mod_lleon/data/campo5_enero26/Lo Castillo/Celular/20260112_143212.jpg,20260112_143212.jpg,6.5944366,9.465295,-34.1601439,-70.6875313,JPEG,5223655,Lo Castillo,ground
696902a9ece43907fa70b070,/home/malezainia1/dev/INIA_DeepLearning_Ubuntu_mod_lleon/data/campo5_enero26/Lo Castillo/Celular/20260112_143213.jpg,20260112_143213.jpg,5.891993,8.969438,-34.1601439,-70.6875313,JPEG,5569369,Lo Castillo,ground
696902a9ece43907fa70b071,/home/malezainia1/dev/INIA_DeepLearning_Ubuntu_mod_lleon/data/campo5_enero26/Lo Castillo/Celular/20260112_143215.jpg,20260112_143215.jpg,5.3395224,8.760032,-34.1601439,-70.6875313,JPEG,5563974,Lo Castillo,ground
696902a9ece43907fa70b072,/home/malezainia1/dev/INIA_DeepLearning_Ubuntu_mod_lleon/data/campo5_enero26/Lo Castillo/Celular/20260112_143219.jpg,20260112_143219.jpg,9.9527,7.7472744,-34.1601439,-70.6875313,JPEG,5623948,Lo Castillo,ground
696902a9ece43907fa70b073,/home/malezainia1/dev/INIA_DeepLearning_Ubuntu_mod_lleon/data/campo5_enero26/Lo Castillo/Celular/20260112_143225.jpg,20260112_143225.jpg,5.63518,8.978172,-34.1601439,-70.6875313,JPEG,4561414,Lo Castillo,ground
696902a9ece43907fa70b074,/home/malezainia1/dev/INIA_DeepLearning_Ubuntu_mod_lleon/data/campo5_enero26/Lo Castillo/Celular/20260112_143226.jpg,20260112_143226.jpg,5.0169997,8.681309,-34.1601439,-70.6875313,JPEG,5873983,Lo Castillo,ground
696902a9ece43907fa70b075,/home/malezainia1/dev/INIA_DeepLearning_Ubuntu_mod_lleon/data/campo5_enero26/Lo Castillo/Celular/20260112_143231.jpg,20260112_143231.jpg,5.7863784,9.228177,-34.1601439,-70.6875313,JPEG,5445779,Lo Castillo,ground
696902a9ece43907fa70b076,/home/malezainia1/dev/INIA_DeepLearning_Ubuntu_mod_lleon/data/campo5_enero26/Lo Castillo/Celular/20260112_143234.jpg,20260112_143234.jpg,8.094336,7.2023993,-34.1601439,-70.6875313,JPEG,5482242,Lo Castillo,ground
696902a9ece43907fa70b077,/home/malezainia1/dev/INIA_DeepLearning_Ubuntu_mod_lleon/data/campo5_enero26/Lo Castillo/Celular/IMG_2865.HEIC,IMG_2865.HEIC,8.310883,4.0210714,-34.161316666666664,-70.68628611111112,HEIC,4775813,Lo Castillo,ground
696902a9ece43907fa70b078,/home/malezainia1/dev/INIA_DeepLearning_Ubuntu_mod_lleon/data/campo5_enero26/Lo Castillo/Celular/IMG_2866.HEIC,IMG_2866.HEIC,1.9762905,4.732897,-34.16139166666667,-70.68634166666666,HEIC,5433431,Lo Castillo,ground
696902a9ece43907fa70b079,/home/malezainia1/dev/INIA_DeepLearning_Ubuntu_mod_lleon/data/campo5_enero26/Lo Castillo/Celular/IMG_2867.HEIC,IMG_2867.HEIC,2.715635,5.4117203,-34.161341666666665,-70.68634722222222,HEIC,4894876,Lo Castillo,ground
696902a9ece43907fa70b07a,/home/malezainia1/dev/INIA_DeepLearning_Ubuntu_mod_lleon/data/campo5_enero26/Lo Castillo/Celular/IMG_2868.HEIC,IMG_2868.HEIC,2.2159076,5.9319544,-34.16135833333333,-70.68637222222223,HEIC,4565026,Lo Castillo,ground
696902a9ece43907fa70b07b,/home/malezainia1/dev/INIA_DeepLearning_Ubuntu_mod_lleon/data/campo5_enero26/Lo Castillo/Celular/IMG_2869.HEIC,IMG_2869.HEIC,2.0639534,5.94024,-34.16130555555556,-70.68634166666666,HEIC,4779250,Lo Castillo,ground
696902a9ece43907fa70b07c,/home/malezainia1/dev/INIA_DeepLearning_Ubuntu_mod_lleon/data/campo5_enero26/Lo Castillo/Celular/IMG_2870.HEIC,IMG_2870.HEIC,2.6797476,5.655934,-34.16151388888889,-70.68655277777778,HEIC,5284153,Lo Castillo,ground
696902a9ece43907fa70b07d,/home/malezainia1/dev/INIA_DeepLearning_Ubuntu_mod_lleon/data/campo5_enero26/Lo Castillo/Celular/IMG_2871.HEIC,IMG_2871.HEIC,1.5281217,5.894446,-34.16151388888889,-70.68656111111112,HEIC,5377561,Lo Castillo,ground
696902a9ece43907fa70b07e,/home/malezainia1/dev/INIA_DeepLearning_Ubuntu_mod_lleon/data/campo5_enero26/Lo Castillo/Celular/IMG_2872.HEIC,IMG_2872.HEIC,2.0492435,6.4789753,-34.161480555555556,-70.68654722222223,HEIC,5024467,Lo Castillo,ground
696902a9ece43907fa70b07f,/home/malezainia1/dev/INIA_DeepLearning_Ubuntu_mod_lleon/data/campo5_enero26/Lo Castillo/Celular/IMG_2873.HEIC,IMG_2873.HEIC,2.2182293,4.799602,-34.16149166666666,-70.68654722222223,HEIC,5151586,Lo Castillo,ground
696902a9ece43907fa70b080,/home/malezainia1/dev/INIA_DeepLearning_Ubuntu_mod_lleon/data/campo5_enero26/Lo Castillo/Celular/IMG_2874.HEIC,IMG_2874.HEIC,2.3852084,6.0563264,-34.16151111111111,-70.68655277777778,HEIC,4951061,Lo Castillo,ground
696902a9ece43907fa70b081,/home/malezainia1/dev/INIA_DeepLearning_Ubuntu_mod_lleon/data/campo5_enero26/Lo Castillo/Celular/IMG_2875.HEIC,IMG_2875.HEIC,2.295684,6.0566506,-34.16153333333333,-70.68654722222223,HEIC,4798883,Lo Castillo,ground
696902a9ece43907fa70b082,/home/malezainia1/dev/INIA_DeepLearning_Ubuntu_mod_lleon/data/campo5_enero26/Lo Castillo/Celular/IMG_2876.HEIC,IMG_2876.HEIC,1.4743247,5.7815943,-34.16149444444444,-70.68664444444445,HEIC,5797637,Lo Castillo,ground
696902a9ece43907fa70b083,/home/malezainia1/dev/INIA_DeepLearning_Ubuntu_mod_lleon/data/campo5_enero26/Lo Castillo/Celular/IMG_2877.HEIC,IMG_2877.HEIC,2.2226439,6.444235,-34.16150277777778,-70.68666111111112,HEIC,5283282,Lo Castillo,ground
696902a9ece43907fa70b084,/home/malezainia1/dev/INIA_DeepLearning_Ubuntu_mod_lleon/data/campo5_enero26/Lo Castillo/Celular/IMG_2878.HEIC,IMG_2878.HEIC,2.1585288,6.246965,-34.16155,-70.68669166666668,HEIC,5035389,Lo Castillo,ground
696902a9ece43907fa70b085,/home/malezainia1/dev/INIA_DeepLearning_Ubuntu_mod_lleon/data/campo5_enero26/Lo Castillo/Celular/IMG_2879.HEIC,IMG_2879.HEIC,2.08835,4.7117677,-34.16156111111111,-70.68669166666668,HEIC,5139811,Lo Castillo,ground
696902a9ece43907fa70b086,/home/malezainia1/dev/INIA_DeepLearning_Ubuntu_mod_lleon/data/campo5_enero26/Lo Castillo/Celular/IMG_2880.HEIC,IMG_2880.HEIC,1.5666628,6.803868,-34.16155555555555,-70.68671388888889,HEIC,4812022,Lo Castillo,ground
696902a9ece43907fa70b087,/home/malezainia1/dev/INIA_DeepLearning_Ubuntu_mod_lleon/data/campo5_enero26/Lo Castillo/Celular/IMG_2881.HEIC,IMG_2881.HEIC,2.0546927,4.5620813,-34.16156111111111,-70.68673055555556,HEIC,4922662,Lo Castillo,ground
696902a9ece43907fa70b088,/home/malezainia1/dev/INIA_DeepLearning_Ubuntu_mod_lleon/data/campo5_enero26/Lo Castillo/Celular/IMG_2882.HEIC,IMG_2882.HEIC,1.9357852,4.65764,-34.161563888888885,-70.68673611111112,HEIC,4892973,Lo Castillo,ground
696902a9ece43907fa70b089,/home/malezainia1/dev/INIA_DeepLearning_Ubuntu_mod_lleon/data/campo5_enero26/Lo Castillo/Celular/IMG_2883.HEIC,IMG_2883.HEIC,2.6716478,6.3425164,-34.16157222222222,-70.68673055555556,HEIC,5334029,Lo Castillo,ground
696902a9ece43907fa70b08a,/home/malezainia1/dev/INIA_DeepLearning_Ubuntu_mod_lleon/data/campo5_enero26/Lo Castillo/Celular/IMG_2884.HEIC,IMG_2884.HEIC,2.303089,6.056152,-34.16157777777778,-70.68673611111112,HEIC,5194077,Lo Castillo,ground
696902a9ece43907fa70b08b,/home/malezainia1/dev/INIA_DeepLearning_Ubuntu_mod_lleon/data/campo5_enero26/Lo Castillo/Celular/IMG_2885.HEIC,IMG_2885.HEIC,2.1072478,5.4895477,-34.16159444444444,-70.68675277777778,HEIC,5124099,Lo Castillo,ground
696902a9ece43907fa70b08c,/home/malezainia1/dev/INIA_DeepLearning_Ubuntu_mod_lleon/data/campo5_enero26/Lo Castillo/Celular/IMG_2886.HEIC,IMG_2886.HEIC,1.8831381,5.958999,-34.16162222222222,-70.68676111111111,HEIC,4977155,Lo Castillo,ground
696902a9ece43907fa70b08d,/home/malezainia1/dev/INIA_DeepLearning_Ubuntu_mod_lleon/data/campo5_enero26/Lo Castillo/Celular/IMG_2887.HEIC,IMG_2887.HEIC,2.2802331,4.774073,-34.161633333333334,-70.68678333333334,HEIC,4825447,Lo Castillo,ground
696902a9ece43907fa70b08e,/home/malezainia1/dev/INIA_DeepLearning_Ubuntu_mod_lleon/data/campo5_enero26/Lo Castillo/Celular/IMG_2888.HEIC,IMG_2888.HEIC,3.623171,4.5783806,-34.161627777777774,-70.686775,HEIC,4536297,Lo Castillo,ground
696902a9ece43907fa70b08f,/home/malezainia1/dev/INIA_DeepLearning_Ubuntu_mod_lleon/data/campo5_enero26/Lo Castillo/Celular/IMG_2889.HEIC,IMG_2889.HEIC,2.1183124,4.9464426,-34.16163611111111,-70.68680555555557,HEIC,4530204,Lo Castillo,ground
696902a9ece43907fa70b090,/home/malezainia1/dev/INIA_DeepLearning_Ubuntu_mod_lleon/data/campo5_enero26/Lo Castillo/Celular/IMG_2890.HEIC,IMG_2890.HEIC,7.239506,9.1575575,-34.161655555555555,-70.68682222222223,HEIC,4936376,Lo Castillo,ground
696902a9ece43907fa70b091,/home/malezainia1/dev/INIA_DeepLearning_Ubuntu_mod_lleon/data/campo5_enero26/Lo Castillo/Celular/IMG_2891.HEIC,IMG_2891.HEIC,2.12271,5.0233903,-34.16166944444444,-70.68683611111112,HEIC,5005214,Lo Castillo,ground
696902a9ece43907fa70b092,/home/malezainia1/dev/INIA_DeepLearning_Ubuntu_mod_lleon/data/campo5_enero26/Lo Castillo/Celular/IMG_2892.HEIC,IMG_2892.HEIC,2.1318755,5.942157,-34.161677777777776,-70.68684444444445,HEIC,4941487,Lo Castillo,ground
696902a9ece43907fa70b093,/home/malezainia1/dev/INIA_DeepLearning_Ubuntu_mod_lleon/data/campo5_enero26/Lo Castillo/Celular/IMG_2893.HEIC,IMG_2893.HEIC,2.1365614,6.182897,-34.16168888888889,-70.68684444444445,HEIC,5031651,Lo Castillo,ground
696902a9ece43907fa70b094,/home/malezainia1/dev/INIA_DeepLearning_Ubuntu_mod_lleon/data/campo5_enero26/Lo Castillo/Celular/IMG_2894.HEIC,IMG_2894.HEIC,1.8283975,5.156953,-34.16169722222222,-70.68684444444445,HEIC,5159088,Lo Castillo,ground
696902a9ece43907fa70b095,/home/malezainia1/dev/INIA_DeepLearning_Ubuntu_mod_lleon/data/campo5_enero26/Lo Castillo/Celular/IMG_2895.HEIC,IMG_2895.HEIC,2.9394503,5.6437325,-34.161719444444444,-70.68686666666667,HEIC,5178168,Lo Castillo,ground
696902a9ece43907fa70b096,/home/malezainia1/dev/INIA_DeepLearning_Ubuntu_mod_lleon/data/campo5_enero26/Lo Castillo/Celular/IMG_2896.HEIC,IMG_2896.HEIC,1.7241669,6.1426044,-34.16174722222222,-70.686875,HEIC,5401848,Lo Castillo,ground
696902a9ece43907fa70b097,/home/malezainia1/dev/INIA_DeepLearning_Ubuntu_mod_lleon/data/campo5_enero26/Lo Castillo/Celular/IMG_2897.HEIC,IMG_2897.HEIC,2.306508,6.0215836,-34.16174722222222,-70.686875,HEIC,4776097,Lo Castillo,ground
696902a9ece43907fa70b098,/home/malezainia1/dev/INIA_DeepLearning_Ubuntu_mod_lleon/data/campo5_enero26/Lo Castillo/Celular/IMG_2898.HEIC,IMG_2898.HEIC,1.72735,6.048844,-34.161791666666666,-70.68689722222223,HEIC,5116160,Lo Castillo,ground
696902a9ece43907fa70b099,/home/malezainia1/dev/INIA_DeepLearning_Ubuntu_mod_lleon/data/campo5_enero26/Lo Castillo/Celular/IMG_2899.HEIC,IMG_2899.HEIC,1.4929843,6.007905,-34.161811111111106,-70.68693611111111,HEIC,4932809,Lo Castillo,ground
696902a9ece43907fa70b09a,/home/malezainia1/dev/INIA_DeepLearning_Ubuntu_mod_lleon/data/campo5_enero26/Lo Castillo/Celular/IMG_2900.HEIC,IMG_2900.HEIC,1.9282743,5.8072295,-34.16181666666667,-70.68693611111111,HEIC,4656206,Lo Castillo,ground
696902a9ece43907fa70b09b,/home/malezainia1/dev/INIA_DeepLearning_Ubuntu_mod_lleon/data/campo5_enero26/Lo Castillo/Celular/IMG_2901.HEIC,IMG_2901.HEIC,8.032792,4.4862328,-34.16186944444444,-70.68700277777778,HEIC,4643568,Lo Castillo,ground
696902a9ece43907fa70b09c,/home/malezainia1/dev/INIA_DeepLearning_Ubuntu_mod_lleon/data/campo5_enero26/Lo Castillo/Celular/IMG_2902.HEIC,IMG_2902.HEIC,1.9578134,4.9530997,-34.16186388888889,-70.68701111111112,HEIC,4900972,Lo Castillo,ground
696902a9ece43907fa70b09d,/home/malezainia1/dev/INIA_DeepLearning_Ubuntu_mod_lleon/data/campo5_enero26/Lo Castillo/Celular/IMG_2903.HEIC,IMG_2903.HEIC,1.997867,4.703464,-34.16188333333333,-70.68703333333333,HEIC,4871278,Lo Castillo,ground
696902a9ece43907fa70b09e,/home/malezainia1/dev/INIA_DeepLearning_Ubuntu_mod_lleon/data/campo5_enero26/Lo Castillo/Celular/IMG_2904.HEIC,IMG_2904.HEIC,1.3119187,5.960424,-34.16190833333333,-70.68705833333334,HEIC,5262670,Lo Castillo,ground
696902a9ece43907fa70b09f,/home/malezainia1/dev/INIA_DeepLearning_Ubuntu_mod_lleon/data/campo5_enero26/Lo Castillo/Celular/IMG_2905.HEIC,IMG_2905.HEIC,1.3166494,6.00977,-34.161902777777776,-70.68704166666667,HEIC,5472917,Lo Castillo,ground
696902a9ece43907fa70b0a0,/home/malezainia1/dev/INIA_DeepLearning_Ubuntu_mod_lleon/data/campo5_enero26/Lo Castillo/Celular/IMG_2906.HEIC,IMG_2906.HEIC,2.050469,5.8582625,-34.161899999999996,-70.68702777777779,HEIC,4867701,Lo Castillo,ground
696902a9ece43907fa70b0a1,/home/malezainia1/dev/INIA_DeepLearning_Ubuntu_mod_lleon/data/campo5_enero26/Lo Castillo/Celular/IMG_2907.HEIC,IMG_2907.HEIC,2.1590917,4.9350533,-34.16198055555555,-70.6870888888889,HEIC,4848092,Lo Castillo,ground
696902a9ece43907fa70b0a2,/home/malezainia1/dev/INIA_DeepLearning_Ubuntu_mod_lleon/data/campo5_enero26/Lo Castillo/Celular/IMG_2908.HEIC,IMG_2908.HEIC,2.0835845,4.681698,-34.161994444444446,-70.68712500000001,HEIC,4811750,Lo Castillo,ground
696902a9ece43907fa70b0a3,/home/malezainia1/dev/INIA_DeepLearning_Ubuntu_mod_lleon/data/campo5_enero26/Lo Castillo/Celular/IMG_2909.HEIC,IMG_2909.HEIC,1.6633245,6.2980146,-34.16206666666667,-70.68715555555556,HEIC,5807523,Lo Castillo,ground
696902a9ece43907fa70b0a4,/home/malezainia1/dev/INIA_DeepLearning_Ubuntu_mod_lleon/data/campo5_enero26/Lo Castillo/Celular/IMG_2910.HEIC,IMG_2910.HEIC,2.1164625,5.299499,-34.162194444444445,-70.68727777777778,HEIC,5393608,Lo Castillo,ground
696902a9ece43907fa70b0a5,/home/malezainia1/dev/INIA_DeepLearning_Ubuntu_mod_lleon/data/campo5_enero26/Lo Castillo/Celular/IMG_2911.HEIC,IMG_2911.HEIC,3.300195,4.836778,-34.16222777777778,-70.68730833333333,HEIC,4827877,Lo Castillo,ground
696902a9ece43907fa70b0a6,/home/malezainia1/dev/INIA_DeepLearning_Ubuntu_mod_lleon/data/campo5_enero26/Lo Castillo/Celular/IMG_2912.HEIC,IMG_2912.HEIC,2.82001,4.889551,-34.16224722222222,-70.68734722222223,HEIC,5112258,Lo Castillo,ground
696902a9ece43907fa70b0a7,/home/malezainia1/dev/INIA_DeepLearning_Ubuntu_mod_lleon/data/campo5_enero26/Lo Castillo/Celular/IMG_2913.HEIC,IMG_2913.HEIC,1.6299622,6.4390855,-34.162258333333334,-70.6873638888889,HEIC,4738624,Lo Castillo,ground
696902a9ece43907fa70b0a8,/home/malezainia1/dev/INIA_DeepLearning_Ubuntu_mod_lleon/data/campo5_enero26/Lo Castillo/Celular/IMG_2914.HEIC,IMG_2914.HEIC,1.7664298,6.2039714,-34.16228611111111,-70.68738611111111,HEIC,5410360,Lo Castillo,ground
696902a9ece43907fa70b0a9,/home/malezainia1/dev/INIA_DeepLearning_Ubuntu_mod_lleon/data/campo5_enero26/Lo Castillo/Celular/IMG_2915.HEIC,IMG_2915.HEIC,3.7175732,4.769516,-34.162388888888884,-70.68749166666667,HEIC,4884724,Lo Castillo,ground
696902a9ece43907fa70b0aa,/home/malezainia1/dev/INIA_DeepLearning_Ubuntu_mod_lleon/data/campo5_enero26/Lo Castillo/Celular/IMG_2916.HEIC,IMG_2916.HEIC,2.6478481,5.3355083,-34.162419444444446,-70.68753055555555,HEIC,5728426,Lo Castillo,ground
696902a9ece43907fa70b0ab,/home/malezainia1/dev/INIA_DeepLearning_Ubuntu_mod_lleon/data/campo5_enero26/Lo Castillo/Celular/IMG_2917.HEIC,IMG_2917.HEIC,2.815286,5.3358636,-34.16243333333333,-70.68754444444444,HEIC,5797086,Lo Castillo,ground
696902a9ece43907fa70b0ac,/home/malezainia1/dev/INIA_DeepLearning_Ubuntu_mod_lleon/data/campo5_enero26/Lo Castillo/Celular/IMG_2918.HEIC,IMG_2918.HEIC,1.805594,5.671388,-34.16245555555555,-70.68758333333334,HEIC,5283688,Lo Castillo,ground
696902a9ece43907fa70b0ad,/home/malezainia1/dev/INIA_DeepLearning_Ubuntu_mod_lleon/data/campo5_enero26/Lo Castillo/Celular/IMG_2919.HEIC,IMG_2919.HEIC,1.5958627,5.1795397,-34.16245555555555,-70.68758333333334,HEIC,5433357,Lo Castillo,ground
696902a9ece43907fa70b0ae,/home/malezainia1/dev/INIA_DeepLearning_Ubuntu_mod_lleon/data/campo5_enero26/Lo Castillo/Celular/IMG_2920.HEIC,IMG_2920.HEIC,0.9199063,6.5402174,-34.16246388888889,-70.68758333333334,HEIC,5307728,Lo Castillo,ground
696902a9ece43907fa70b0af,/home/malezainia1/dev/INIA_DeepLearning_Ubuntu_mod_lleon/data/campo5_enero26/Lo Castillo/Celular/IMG_2921.HEIC,IMG_2921.HEIC,2.1406796,4.6417146,-34.16248611111111,-70.68758333333334,HEIC,5041950,Lo Castillo,ground
696902a9ece43907fa70b0b0,/home/malezainia1/dev/INIA_DeepLearning_Ubuntu_mod_lleon/data/campo5_enero26/Lo Castillo/Celular/IMG_2922.HEIC,IMG_2922.HEIC,1.7167169,6.7256374,-34.162524999999995,-70.68760555555556,HEIC,4903288,Lo Castillo,ground
696902a9ece43907fa70b0b1,/home/malezainia1/dev/INIA_DeepLearning_Ubuntu_mod_lleon/data/campo5_enero26/Lo Castillo/Celular/IMG_2923.HEIC,IMG_2923.HEIC,1.8986738,4.667291,-34.16253611111111,-70.68762222222223,HEIC,5546441,Lo Castillo,ground
696902a9ece43907fa70b0b2,/home/malezainia1/dev/INIA_DeepLearning_Ubuntu_mod_lleon/data/campo5_enero26/Lo Castillo/Celular/IMG_2924.HEIC,IMG_2924.HEIC,1.9349011,6.0910378,-34.162575,-70.687675,HEIC,5723801,Lo Castillo,ground
696902a9ece43907fa70b0b3,/home/malezainia1/dev/INIA_DeepLearning_Ubuntu_mod_lleon/data/campo5_enero26/Lo Castillo/Celular/IMG_2925.HEIC,IMG_2925.HEIC,1.8865595,4.709082,-34.16257777777778,-70.68768333333334,HEIC,5442061,Lo Castillo,ground
696902a9ece43907fa70b0b4,/home/malezainia1/dev/INIA_DeepLearning_Ubuntu_mod_lleon/data/campo5_enero26/Lo Castillo/Celular/IMG_2926.HEIC,IMG_2926.HEIC,1.5503837,5.3440757,-34.16258333333333,-70.68769722222223,HEIC,5548131,Lo Castillo,ground
696902a9ece43907fa70b0b5,/home/malezainia1/dev/INIA_DeepLearning_Ubuntu_mod_lleon/data/campo5_enero26/Lo Castillo/Celular/IMG_2927.HEIC,IMG_2927.HEIC,3.9825263,5.3085594,-34.16265,-70.68772777777778,HEIC,4648701,Lo Castillo,ground
696902a9ece43907fa70b0b6,/home/malezainia1/dev/INIA_DeepLearning_Ubuntu_mod_lleon/data/campo5_enero26/Lo Castillo/Celular/IMG_2928.HEIC,IMG_2928.HEIC,1.4381468,6.502559,-34.162663888888886,-70.68773611111112,HEIC,4537234,Lo Castillo,ground
696902a9ece43907fa70b0b7,/home/malezainia1/dev/INIA_DeepLearning_Ubuntu_mod_lleon/data/campo5_enero26/Lo Castillo/Celular/IMG_2929.HEIC,IMG_2929.HEIC,2.0817375,4.6370215,-34.16269722222222,-70.68775833333333,HEIC,5514595,Lo Castillo,ground
696902a9ece43907fa70b0b8,/home/malezainia1/dev/INIA_DeepLearning_Ubuntu_mod_lleon/data/campo5_enero26/Lo Castillo/Celular/IMG_2930.HEIC,IMG_2930.HEIC,1.08354,6.2375197,-34.16274166666666,-70.68781944444444,HEIC,5602035,Lo Castillo,ground
696902a9ece43907fa70b0b9,/home/malezainia1/dev/INIA_DeepLearning_Ubuntu_mod_lleon/data/campo5_enero26/Lo Castillo/Celular/IMG_2931.HEIC,IMG_2931.HEIC,1.4813231,5.3326616,-34.16273611111111,-70.68781944444444,HEIC,5377627,Lo Castillo,ground
696902a9ece43907fa70b0ba,/home/malezainia1/dev/INIA_DeepLearning_Ubuntu_mod_lleon/data/campo5_enero26/Lo Castillo/Celular/IMG_2932.HEIC,IMG_2932.HEIC,2.7908802,5.5238504,-34.16277222222222,-70.68788055555557,HEIC,5030245,Lo Castillo,ground
696902a9ece43907fa70b0bb,/home/malezainia1/dev/INIA_DeepLearning_Ubuntu_mod_lleon/data/campo5_enero26/Lo Castillo/Celular/IMG_2933.HEIC,IMG_2933.HEIC,2.2481654,6.1012588,-34.162819444444445,-70.68793611111111,HEIC,5018345,Lo Castillo,ground
696902a9ece43907fa70b0bc,/home/malezainia1/dev/INIA_DeepLearning_Ubuntu_mod_lleon/data/campo5_enero26/Lo Castillo/Celular/IMG_2934.HEIC,IMG_2934.HEIC,2.0293427,4.6726995,-34.162844444444445,-70.68795833333334,HEIC,5063738,Lo Castillo,ground
696902a9ece43907fa70b0bd,/home/malezainia1/dev/INIA_DeepLearning_Ubuntu_mod_lleon/data/campo5_enero26/Lo Castillo/Celular/IMG_2935.HEIC,IMG_2935.HEIC,1.4874854,5.0813174,-34.16293611111111,-70.68800277777778,HEIC,5390771,Lo Castillo,ground
696902a9ece43907fa70b0be,/home/malezainia1/dev/INIA_DeepLearning_Ubuntu_mod_lleon/data/campo5_enero26/Lo Castillo/Celular/IMG_2936.HEIC,IMG_2936.HEIC,1.7391014,6.3401766,-34.16294444444444,-70.68801111111111,HEIC,4663623,Lo Castillo,ground
696902a9ece43907fa70b0bf,/home/malezainia1/dev/INIA_DeepLearning_Ubuntu_mod_lleon/data/campo5_enero26/Lo Castillo/Celular/IMG_2937.HEIC,IMG_2937.HEIC,1.7737732,4.9897103,-34.162952777777775,-70.68802777777778,HEIC,4616537,Lo Castillo,ground
696902a9ece43907fa70b0c0,/home/malezainia1/dev/INIA_DeepLearning_Ubuntu_mod_lleon/data/campo5_enero26/Lo Castillo/Celular/IMG_2938.HEIC,IMG_2938.HEIC,1.551637,5.678712,-34.16296388888889,-70.68805833333333,HEIC,5394400,Lo Castillo,ground
696902a9ece43907fa70b0c1,/home/malezainia1/dev/INIA_DeepLearning_Ubuntu_mod_lleon/data/campo5_enero26/Lo Castillo/Celular/IMG_2939.HEIC,IMG_2939.HEIC,1.2141072,6.52177,-34.16300833333333,-70.68808611111112,HEIC,5020042,Lo Castillo,ground
696902a9ece43907fa70b0c2,/home/malezainia1/dev/INIA_DeepLearning_Ubuntu_mod_lleon/data/campo5_enero26/Lo Castillo/Celular/IMG_2940.HEIC,IMG_2940.HEIC,3.747096,4.7314353,-34.16305277777778,-70.68813333333334,HEIC,5186223,Lo Castillo,ground
696902a9ece43907fa70b0c3,/home/malezainia1/dev/INIA_DeepLearning_Ubuntu_mod_lleon/data/campo5_enero26/Lo Castillo/Celular/IMG_2941.HEIC,IMG_2941.HEIC,2.8828619,5.158879,-34.16309722222222,-70.68818611111111,HEIC,4741871,Lo Castillo,ground
696902a9ece43907fa70b0c4,/home/malezainia1/dev/INIA_DeepLearning_Ubuntu_mod_lleon/data/campo5_enero26/Lo Castillo/Celular/IMG_2942.HEIC,IMG_2942.HEIC,1.9698224,6.343305,-34.163174999999995,-70.68823888888889,HEIC,4824089,Lo Castillo,ground
696902a9ece43907fa70b0c5,/home/malezainia1/dev/INIA_DeepLearning_Ubuntu_mod_lleon/data/campo5_enero26/Lo Castillo/Celular/IMG_2943.HEIC,IMG_2943.HEIC,1.9893974,4.6781197,-34.16321666666666,-70.68829444444445,HEIC,4787161,Lo Castillo,ground
696902a9ece43907fa70b0c6,/home/malezainia1/dev/INIA_DeepLearning_Ubuntu_mod_lleon/data/campo5_enero26/Lo Castillo/Celular/IMG_2944.HEIC,IMG_2944.HEIC,7.54564,9.808911,-34.16322777777778,-70.6883,HEIC,5079141,Lo Castillo,ground
696902a9ece43907fa70b0c7,/home/malezainia1/dev/INIA_DeepLearning_Ubuntu_mod_lleon/data/campo5_enero26/Lo Castillo/Celular/IMG_2945.HEIC,IMG_2945.HEIC,3.5441332,5.691053,-34.16327222222222,-70.6883388888889,HEIC,5268328,Lo Castillo,ground
696902a9ece43907fa70b0c8,/home/malezainia1/dev/INIA_DeepLearning_Ubuntu_mod_lleon/data/campo5_enero26/Lo Castillo/Celular/IMG_2946.HEIC,IMG_2946.HEIC,1.6830175,6.1282244,-34.163291666666666,-70.68833055555555,HEIC,5594713,Lo Castillo,ground
696902a9ece43907fa70b0c9,/home/malezainia1/dev/INIA_DeepLearning_Ubuntu_mod_lleon/data/campo5_enero26/Lo Castillo/Celular/IMG_2947.HEIC,IMG_2947.HEIC,2.0827692,5.931173,-34.1633,-70.68834722222222,HEIC,5516674,Lo Castillo,ground
696902a9ece43907fa70b0ca,/home/malezainia1/dev/INIA_DeepLearning_Ubuntu_mod_lleon/data/campo5_enero26/Lo Castillo/Celular/IMG_2948.HEIC,IMG_2948.HEIC,1.5079504,6.2292547,-34.16336388888889,-70.6884,HEIC,5329579,Lo Castillo,ground
696902a9ece43907fa70b0cb,/home/malezainia1/dev/INIA_DeepLearning_Ubuntu_mod_lleon/data/campo5_enero26/Lo Castillo/Celular/IMG_2949.HEIC,IMG_2949.HEIC,2.02118,6.3707743,-34.163375,-70.68840833333334,HEIC,5540992,Lo Castillo,ground
696902a9ece43907fa70b0cc,/home/malezainia1/dev/INIA_DeepLearning_Ubuntu_mod_lleon/data/campo5_enero26/Lo Castillo/Celular/IMG_2950.HEIC,IMG_2950.HEIC,1.5942773,6.165487,-34.163441666666664,-70.68848333333334,HEIC,5146229,Lo Castillo,ground
696902a9ece43907fa70b0cd,/home/malezainia1/dev/INIA_DeepLearning_Ubuntu_mod_lleon/data/campo5_enero26/Lo Castillo/Celular/IMG_2951.HEIC,IMG_2951.HEIC,1.6949372,5.662661,-34.163399999999996,-70.68846944444445,HEIC,4867646,Lo Castillo,ground
696902a9ece43907fa70b0ce,/home/malezainia1/dev/INIA_DeepLearning_Ubuntu_mod_lleon/data/campo5_enero26/Lo Castillo/Celular/IMG_2952.HEIC,IMG_2952.HEIC,2.396162,5.6149554,-34.163402777777776,-70.68849166666666,HEIC,4691733,Lo Castillo,ground
696902a9ece43907fa70b0cf,/home/malezainia1/dev/INIA_DeepLearning_Ubuntu_mod_lleon/data/campo5_enero26/Lo Castillo/Celular/IMG_2953.HEIC,IMG_2953.HEIC,1.6411197,5.097163,-34.163399999999996,-70.68848333333334,HEIC,5451626,Lo Castillo,ground
696902a9ece43907fa70b0d0,/home/malezainia1/dev/INIA_DeepLearning_Ubuntu_mod_lleon/data/campo5_enero26/Lo Castillo/Celular/IMG_2954.HEIC,IMG_2954.HEIC,0.98227364,6.4049315,-34.163447222222224,-70.68850833333333,HEIC,5207583,Lo Castillo,ground
696902a9ece43907fa70b0d1,/home/malezainia1/dev/INIA_DeepLearning_Ubuntu_mod_lleon/data/campo5_enero26/Lo Castillo/Celular/IMG_2955.HEIC,IMG_2955.HEIC,1.0220015,7.0769367,-34.16345555555555,-70.68850833333333,HEIC,5509176,Lo Castillo,ground
696902a9ece43907fa70b0d2,/home/malezainia1/dev/INIA_DeepLearning_Ubuntu_mod_lleon/data/campo5_enero26/Lo Castillo/Celular/IMG_2956.HEIC,IMG_2956.HEIC,3.09309,5.038018,-34.16346111111111,-70.68851388888889,HEIC,4717210,Lo Castillo,ground
696902a9ece43907fa70b0d3,/home/malezainia1/dev/INIA_DeepLearning_Ubuntu_mod_lleon/data/campo5_enero26/Lo Castillo/Celular/IMG_2957.HEIC,IMG_2957.HEIC,1.5725392,6.3379107,-34.16349722222222,-70.68856944444445,HEIC,4984477,Lo Castillo,ground
696902a9ece43907fa70b0d4,/home/malezainia1/dev/INIA_DeepLearning_Ubuntu_mod_lleon/data/campo5_enero26/Lo Castillo/Celular/IMG_2958.HEIC,IMG_2958.HEIC,1.764836,6.3339534,-34.163516666666666,-70.68858333333334,HEIC,4932981,Lo Castillo,ground
696902a9ece43907fa70b0d5,/home/malezainia1/dev/INIA_DeepLearning_Ubuntu_mod_lleon/data/campo5_enero26/Lo Castillo/Celular/IMG_2959.HEIC,IMG_2959.HEIC,1.6663189,5.8046503,-34.163525,-70.68859166666667,HEIC,5519663,Lo Castillo,ground
696902a9ece43907fa70b0d6,/home/malezainia1/dev/INIA_DeepLearning_Ubuntu_mod_lleon/data/campo5_enero26/Lo Castillo/Celular/IMG_2960.HEIC,IMG_2960.HEIC,1.1626353,5.8038034,-34.163575,-70.6886138888889,HEIC,5428838,Lo Castillo,ground
696902a9ece43907fa70b0d7,/home/malezainia1/dev/INIA_DeepLearning_Ubuntu_mod_lleon/data/campo5_enero26/Lo Castillo/Celular/IMG_2961.HEIC,IMG_2961.HEIC,1.2975197,7.003737,-34.16361111111111,-70.68865833333334,HEIC,5030989,Lo Castillo,ground
696902a9ece43907fa70b0d8,/home/malezainia1/dev/INIA_DeepLearning_Ubuntu_mod_lleon/data/campo5_enero26/Lo Castillo/Celular/IMG_2962.HEIC,IMG_2962.HEIC,2.4619217,6.1352987,-34.16361111111111,-70.68865833333334,HEIC,5074861,Lo Castillo,ground
696902a9ece43907fa70b0d9,/home/malezainia1/dev/INIA_DeepLearning_Ubuntu_mod_lleon/data/campo5_enero26/Lo Castillo/Celular/IMG_2963.HEIC,IMG_2963.HEIC,2.2349963,5.5116334,-34.16361944444444,-70.68868888888889,HEIC,5658503,Lo Castillo,ground
696902a9ece43907fa70b0da,/home/malezainia1/dev/INIA_DeepLearning_Ubuntu_mod_lleon/data/campo5_enero26/Lo Castillo/Celular/IMG_2964.HEIC,IMG_2964.HEIC,1.3295001,5.4130316,-34.16361944444444,-70.688675,HEIC,5009305,Lo Castillo,ground
696902a9ece43907fa70b0db,/home/malezainia1/dev/INIA_DeepLearning_Ubuntu_mod_lleon/data/campo5_enero26/Lo Castillo/Celular/IMG_2965.HEIC,IMG_2965.HEIC,2.0415323,6.485968,-34.16363055555556,-70.6887138888889,HEIC,5210378,Lo Castillo,ground
696902a9ece43907fa70b0dc,/home/malezainia1/dev/INIA_DeepLearning_Ubuntu_mod_lleon/data/campo5_enero26/Lo Castillo/Celular/IMG_2966.HEIC,IMG_2966.HEIC,2.052142,6.455656,-34.163627777777776,-70.6887138888889,HEIC,5027450,Lo Castillo,ground
696902a9ece43907fa70b0dd,/home/malezainia1/dev/INIA_DeepLearning_Ubuntu_mod_lleon/data/campo5_enero26/Lo Castillo/Celular/IMG_2967.HEIC,IMG_2967.HEIC,2.1095166,5.3346896,-34.163647222222224,-70.68871944444444,HEIC,5605844,Lo Castillo,ground
696902a9ece43907fa70b0de,/home/malezainia1/dev/INIA_DeepLearning_Ubuntu_mod_lleon/data/campo5_enero26/Lo Castillo/Celular/IMG_2968.HEIC,IMG_2968.HEIC,2.539107,6.448921,-34.16368055555555,-70.68874444444445,HEIC,5287972,Lo Castillo,ground
696902a9ece43907fa70b0df,/home/malezainia1/dev/INIA_DeepLearning_Ubuntu_mod_lleon/data/campo5_enero26/Lo Castillo/Celular/IMG_2969.HEIC,IMG_2969.HEIC,1.2794313,5.2881227,-34.16376388888889,-70.68881944444445,HEIC,5553114,Lo Castillo,ground
696902a9ece43907fa70b0e0,/home/malezainia1/dev/INIA_DeepLearning_Ubuntu_mod_lleon/data/campo5_enero26/Lo Castillo/Celular/IMG_2970.HEIC,IMG_2970.HEIC,2.0713458,4.6333303,-34.163802777777775,-70.68882777777777,HEIC,5316395,Lo Castillo,ground
696902a9ece43907fa70b0e1,/home/malezainia1/dev/INIA_DeepLearning_Ubuntu_mod_lleon/data/campo5_enero26/Lo Castillo/Celular/IMG_2971.HEIC,IMG_2971.HEIC,2.3327873,5.9884524,-34.163805555555555,-70.68883611111112,HEIC,5245302,Lo Castillo,ground
696902a9ece43907fa70b0e2,/home/malezainia1/dev/INIA_DeepLearning_Ubuntu_mod_lleon/data/campo5_enero26/Lo Castillo/Celular/IMG_2972.HEIC,IMG_2972.HEIC,2.6546156,5.1659346,-34.16381111111111,-70.68884166666668,HEIC,5449633,Lo Castillo,ground
696902a9ece43907fa70b0e3,/home/malezainia1/dev/INIA_DeepLearning_Ubuntu_mod_lleon/data/campo5_enero26/Lo Castillo/Celular/IMG_2973.HEIC,IMG_2973.HEIC,1.6880621,5.442856,-34.16382222222222,-70.68885833333334,HEIC,5337645,Lo Castillo,ground
696902a9ece43907fa70b0e4,/home/malezainia1/dev/INIA_DeepLearning_Ubuntu_mod_lleon/data/campo5_enero26/Lo Castillo/Celular/IMG_2974.HEIC,IMG_2974.HEIC,1.9966948,5.4460864,-34.163830555555556,-70.68885833333334,HEIC,4897755,Lo Castillo,ground
696902a9ece43907fa70b0e5,/home/malezainia1/dev/INIA_DeepLearning_Ubuntu_mod_lleon/data/campo5_enero26/Lo Castillo/Celular/IMG_2975.HEIC,IMG_2975.HEIC,5.4310555,9.26342,-34.16384166666666,-70.68886666666667,HEIC,5059426,Lo Castillo,ground
696902a9ece43907fa70b0e6,/home/malezainia1/dev/INIA_DeepLearning_Ubuntu_mod_lleon/data/campo5_enero26/Lo Castillo/Celular/IMG_2976.HEIC,IMG_2976.HEIC,2.4137769,5.943583,-34.16385277777778,-70.68888055555556,HEIC,5147389,Lo Castillo,ground
696902a9ece43907fa70b0e7,/home/malezainia1/dev/INIA_DeepLearning_Ubuntu_mod_lleon/data/campo5_enero26/Lo Castillo/Celular/IMG_2977.HEIC,IMG_2977.HEIC,1.4962833,6.661348,-34.16385277777778,-70.6888888888889,HEIC,5235333,Lo Castillo,ground
696902a9ece43907fa70b0e8,/home/malezainia1/dev/INIA_DeepLearning_Ubuntu_mod_lleon/data/campo5_enero26/Lo Castillo/Celular/IMG_2978.HEIC,IMG_2978.HEIC,2.0218372,6.4494896,-34.16386111111111,-70.68889722222222,HEIC,5183946,Lo Castillo,ground
696902a9ece43907fa70b0e9,/home/malezainia1/dev/INIA_DeepLearning_Ubuntu_mod_lleon/data/campo5_enero26/Lo Castillo/Celular/IMG_2979.HEIC,IMG_2979.HEIC,2.0459008,6.511398,-34.163891666666665,-70.68892777777778,HEIC,5317661,Lo Castillo,ground
696902a9ece43907fa70b0ea,/home/malezainia1/dev/INIA_DeepLearning_Ubuntu_mod_lleon/data/campo5_enero26/Lo Castillo/Celular/IMG_2980.HEIC,IMG_2980.HEIC,6.4272695,8.588981,-34.163941666666666,-70.68898888888889,HEIC,5229718,Lo Castillo,ground
696902a9ece43907fa70b0eb,/home/malezainia1/dev/INIA_DeepLearning_Ubuntu_mod_lleon/data/campo5_enero26/Lo Castillo/Celular/IMG_2981.HEIC,IMG_2981.HEIC,2.2934752,6.151067,-34.163941666666666,-70.68899444444445,HEIC,5142332,Lo Castillo,ground
696902a9ece43907fa70b0ec,/home/malezainia1/dev/INIA_DeepLearning_Ubuntu_mod_lleon/data/campo5_enero26/Lo Castillo/Celular/IMG_2982.HEIC,IMG_2982.HEIC,2.7111397,6.3270226,-34.163944444444446,-70.68899444444445,HEIC,5106548,Lo Castillo,ground
696902a9ece43907fa70b0ed,/home/malezainia1/dev/INIA_DeepLearning_Ubuntu_mod_lleon/data/campo5_enero26/Lo Castillo/Celular/IMG_2983.HEIC,IMG_2983.HEIC,2.9486623,5.854259,-34.16395555555555,-70.68899444444445,HEIC,5315661,Lo Castillo,ground
696902a9ece43907fa70b0ee,/home/malezainia1/dev/INIA_DeepLearning_Ubuntu_mod_lleon/data/campo5_enero26/Lo Castillo/Celular/IMG_2984.HEIC,IMG_2984.HEIC,1.1205847,6.7747006,-34.16397222222222,-70.68901111111111,HEIC,5061094,Lo Castillo,ground
696902a9ece43907fa70b0ef,/home/malezainia1/dev/INIA_DeepLearning_Ubuntu_mod_lleon/data/campo5_enero26/Lo Castillo/Celular/IMG_2985.HEIC,IMG_2985.HEIC,1.6384014,5.1878715,-34.16643888888889,-70.69100277777778,HEIC,5595007,Lo Castillo,ground
696902a9ece43907fa70b0f0,/home/malezainia1/dev/INIA_DeepLearning_Ubuntu_mod_lleon/data/campo5_enero26/Lo Castillo/Celular/IMG_2986.HEIC,IMG_2986.HEIC,1.8882754,6.085377,-34.16461944444444,-70.689025,HEIC,5359373,Lo Castillo,ground
696902a9ece43907fa70b0f1,/home/malezainia1/dev/INIA_DeepLearning_Ubuntu_mod_lleon/data/campo5_enero26/Lo Castillo/Celular/IMG_2987.HEIC,IMG_2987.HEIC,1.3290882,6.2136264,-34.16441388888889,-70.68904166666667,HEIC,5320016,Lo Castillo,ground
696902a9ece43907fa70b0f2,/home/malezainia1/dev/INIA_DeepLearning_Ubuntu_mod_lleon/data/campo5_enero26/Lo Castillo/Celular/IMG_2988.HEIC,IMG_2988.HEIC,1.7278739,6.040523,-34.164075,-70.68904166666667,HEIC,4780700,Lo Castillo,ground
696902a9ece43907fa70b0f3,/home/malezainia1/dev/INIA_DeepLearning_Ubuntu_mod_lleon/data/campo5_enero26/Lo Castillo/Celular/IMG_2990.HEIC,IMG_2990.HEIC,3.4240901,4.6513124,-34.16099444444444,-70.68656111111112,HEIC,5661038,Lo Castillo,ground
696902a9ece43907fa70b0f4,/home/malezainia1/dev/INIA_DeepLearning_Ubuntu_mod_lleon/data/campo5_enero26/Lo Castillo/Celular/IMG_2991.HEIC,IMG_2991.HEIC,2.0714757,6.520728,-34.16106666666666,-70.68656111111112,HEIC,4871471,Lo Castillo,ground
696902a9ece43907fa70b0f5,/home/malezainia1/dev/INIA_DeepLearning_Ubuntu_mod_lleon/data/campo5_enero26/Lo Castillo/Celular/IMG_2992.HEIC,IMG_2992.HEIC,1.9019849,6.2290297,-34.16108055555556,-70.68658333333333,HEIC,5518276,Lo Castillo,ground
696902a9ece43907fa70b0f6,/home/malezainia1/dev/INIA_DeepLearning_Ubuntu_mod_lleon/data/campo5_enero26/Lo Castillo/Celular/IMG_2993.HEIC,IMG_2993.HEIC,1.7866529,6.6794314,-34.16115833333333,-70.68664444444445,HEIC,5821463,Lo Castillo,ground
696902a9ece43907fa70b0f7,/home/malezainia1/dev/INIA_DeepLearning_Ubuntu_mod_lleon/data/campo5_enero26/Lo Castillo/Celular/IMG_2994.HEIC,IMG_2994.HEIC,3.5025072,4.6940284,-34.16116666666667,-70.68665277777778,HEIC,5473396,Lo Castillo,ground
696902a9ece43907fa70b0f8,/home/malezainia1/dev/INIA_DeepLearning_Ubuntu_mod_lleon/data/campo5_enero26/Lo Castillo/Celular/IMG_2995.HEIC,IMG_2995.HEIC,3.0256512,5.0329027,-34.16118611111111,-70.68666111111112,HEIC,5842507,Lo Castillo,ground
696902a9ece43907fa70b0f9,/home/malezainia1/dev/INIA_DeepLearning_Ubuntu_mod_lleon/data/campo5_enero26/Lo Castillo/Celular/IMG_2996.HEIC,IMG_2996.HEIC,2.959838,4.918974,-34.161205555555554,-70.68666111111112,HEIC,5595299,Lo Castillo,ground
696902a9ece43907fa70b0fa,/home/malezainia1/dev/INIA_DeepLearning_Ubuntu_mod_lleon/data/campo5_enero26/Lo Castillo/Celular/IMG_2997.HEIC,IMG_2997.HEIC,3.4828722,4.811828,-34.16138055555555,-70.68678333333334,HEIC,5762007,Lo Castillo,ground
696902a9ece43907fa70b0fb,/home/malezainia1/dev/INIA_DeepLearning_Ubuntu_mod_lleon/data/campo5_enero26/Lo Castillo/Celular/IMG_2998.HEIC,IMG_2998.HEIC,3.7836685,5.636941,-34.16146111111111,-70.68683611111112,HEIC,5411353,Lo Castillo,ground
696902a9ece43907fa70b0fc,/home/malezainia1/dev/INIA_DeepLearning_Ubuntu_mod_lleon/data/campo5_enero26/Lo Castillo/Celular/IMG_2999.HEIC,IMG_2999.HEIC,2.4481735,4.9880176,-34.16148888888889,-70.68685833333333,HEIC,6020304,Lo Castillo,ground
696902a9ece43907fa70b0fd,/home/malezainia1/dev/INIA_DeepLearning_Ubuntu_mod_lleon/data/campo5_enero26/Lo Castillo/Celular/IMG_3001.HEIC,IMG_3001.HEIC,3.4962087,4.713421,-34.16149166666666,-70.68688333333334,HEIC,5865530,Lo Castillo,ground
696902a9ece43907fa70b0fe,/home/malezainia1/dev/INIA_DeepLearning_Ubuntu_mod_lleon/data/campo5_enero26/Lo Castillo/Celular/IMG_3002.HEIC,IMG_3002.HEIC,3.1808722,4.7640767,-34.161525,-70.68689722222223,HEIC,6040006,Lo Castillo,ground
696902a9ece43907fa70b0ff,/home/malezainia1/dev/INIA_DeepLearning_Ubuntu_mod_lleon/data/campo5_enero26/Lo Castillo/Celular/IMG_3003.HEIC,IMG_3003.HEIC,3.4822848,4.8719006,-34.161608333333334,-70.68695000000001,HEIC,5279510,Lo Castillo,ground
696902a9ece43907fa70b100,/home/malezainia1/dev/INIA_DeepLearning_Ubuntu_mod_lleon/data/campo5_enero26/Lo Castillo/Celular/IMG_3004.HEIC,IMG_3004.HEIC,2.48882,4.9203334,-34.16170833333333,-70.68707222222223,HEIC,5808675,Lo Castillo,ground
696902a9ece43907fa70b101,/home/malezainia1/dev/INIA_DeepLearning_Ubuntu_mod_lleon/data/campo5_enero26/Lo Castillo/Celular/IMG_3005.HEIC,IMG_3005.HEIC,3.6835306,4.8043118,-34.16175,-70.68712500000001,HEIC,5714261,Lo Castillo,ground
696902a9ece43907fa70b102,/home/malezainia1/dev/INIA_DeepLearning_Ubuntu_mod_lleon/data/campo5_enero26/Lo Castillo/Celular/IMG_3006.HEIC,IMG_3006.HEIC,3.2076561,4.6962137,-34.16178055555555,-70.68718055555556,HEIC,4831363,Lo Castillo,ground
696902a9ece43907fa70b103,/home/malezainia1/dev/INIA_DeepLearning_Ubuntu_mod_lleon/data/campo5_enero26/Lo Castillo/Celular/IMG_3007.HEIC,IMG_3007.HEIC,2.436616,4.6469502,-34.16175555555555,-70.68717222222223,HEIC,5474323,Lo Castillo,ground
696902a9ece43907fa70b104,/home/malezainia1/dev/INIA_DeepLearning_Ubuntu_mod_lleon/data/campo5_enero26/Lo Castillo/Celular/IMG_3008.HEIC,IMG_3008.HEIC,1.9806961,6.579081,-34.16191388888889,-70.68731666666667,HEIC,5147500,Lo Castillo,ground
696902a9ece43907fa70b105,/home/malezainia1/dev/INIA_DeepLearning_Ubuntu_mod_lleon/data/campo5_enero26/Lo Castillo/Celular/IMG_3009.HEIC,IMG_3009.HEIC,2.424805,5.040829,-34.16191944444444,-70.68730833333333,HEIC,5010088,Lo Castillo,ground
696902a9ece43907fa70b106,/home/malezainia1/dev/INIA_DeepLearning_Ubuntu_mod_lleon/data/campo5_enero26/Lo Castillo/Celular/IMG_3010.HEIC,IMG_3010.HEIC,7.2173386,4.999645,-34.16191944444444,-70.68730833333333,HEIC,5257881,Lo Castillo,ground
696902a9ece43907fa70b107,/home/malezainia1/dev/INIA_DeepLearning_Ubuntu_mod_lleon/data/campo5_enero26/Lo Castillo/Celular/IMG_3011.HEIC,IMG_3011.HEIC,2.3192656,5.9658685,-34.16197222222222,-70.68737777777778,HEIC,5715806,Lo Castillo,ground
696902a9ece43907fa70b108,/home/malezainia1/dev/INIA_DeepLearning_Ubuntu_mod_lleon/data/campo5_enero26/Lo Castillo/Celular/IMG_3012.HEIC,IMG_3012.HEIC,2.859887,4.8189287,-34.161994444444446,-70.68737777777778,HEIC,5443489,Lo Castillo,ground
696902a9ece43907fa70b109,/home/malezainia1/dev/INIA_DeepLearning_Ubuntu_mod_lleon/data/campo5_enero26/Lo Castillo/Celular/IMG_3013.HEIC,IMG_3013.HEIC,1.466822,5.3955116,-34.16206388888889,-70.68751388888889,HEIC,5975034,Lo Castillo,ground
696902a9ece43907fa70b10a,/home/malezainia1/dev/INIA_DeepLearning_Ubuntu_mod_lleon/data/campo5_enero26/Lo Castillo/Celular/IMG_3014.HEIC,IMG_3014.HEIC,2.2326229,5.2380595,-34.162075,-70.68753055555555,HEIC,5379067,Lo Castillo,ground
696902a9ece43907fa70b10b,/home/malezainia1/dev/INIA_DeepLearning_Ubuntu_mod_lleon/data/campo5_enero26/Lo Castillo/Celular/IMG_3015.HEIC,IMG_3015.HEIC,1.8564019,5.2084923,-34.16211388888889,-70.68753055555555,HEIC,5829501,Lo Castillo,ground
696902a9ece43907fa70b10c,/home/malezainia1/dev/INIA_DeepLearning_Ubuntu_mod_lleon/data/campo5_enero26/Lo Castillo/Celular/IMG_3016.HEIC,IMG_3016.HEIC,3.2815063,4.705923,-34.16215,-70.68758333333334,HEIC,5579225,Lo Castillo,ground
696902a9ece43907fa70b10d,/home/malezainia1/dev/INIA_DeepLearning_Ubuntu_mod_lleon/data/campo5_enero26/Lo Castillo/Celular/IMG_3017.HEIC,IMG_3017.HEIC,1.2845182,5.4482903,-34.16220833333333,-70.68768333333334,HEIC,6255369,Lo Castillo,ground
696902a9ece43907fa70b10e,/home/malezainia1/dev/INIA_DeepLearning_Ubuntu_mod_lleon/data/campo5_enero26/Lo Castillo/Celular/IMG_3018.HEIC,IMG_3018.HEIC,3.0752265,4.7685466,-34.162225,-70.68770555555555,HEIC,5712754,Lo Castillo,ground
696902a9ece43907fa70b10f,/home/malezainia1/dev/INIA_DeepLearning_Ubuntu_mod_lleon/data/campo5_enero26/Lo Castillo/Celular/IMG_3019.HEIC,IMG_3019.HEIC,2.114776,5.12304,-34.162425,-70.68786666666666,HEIC,5622359,Lo Castillo,ground
696902a9ece43907fa70b110,/home/malezainia1/dev/INIA_DeepLearning_Ubuntu_mod_lleon/data/campo5_enero26/Lo Castillo/Celular/IMG_3020.HEIC,IMG_3020.HEIC,2.5586095,5.0843096,-34.16245277777777,-70.68788055555557,HEIC,5592950,Lo Castillo,ground
696902a9ece43907fa70b111,/home/malezainia1/dev/INIA_DeepLearning_Ubuntu_mod_lleon/data/campo5_enero26/Lo Castillo/Celular/IMG_3021.HEIC,IMG_3021.HEIC,2.9801996,5.446772,-34.16249166666667,-70.68791944444445,HEIC,5496649,Lo Castillo,ground
696902a9ece43907fa70b112,/home/malezainia1/dev/INIA_DeepLearning_Ubuntu_mod_lleon/data/campo5_enero26/Lo Castillo/Celular/IMG_3022.HEIC,IMG_3022.HEIC,2.1101856,6.5600405,-34.16264722222222,-70.68805,HEIC,5397947,Lo Castillo,ground
696902a9ece43907fa70b113,/home/malezainia1/dev/INIA_DeepLearning_Ubuntu_mod_lleon/data/campo5_enero26/Lo Castillo/Celular/IMG_3023.HEIC,IMG_3023.HEIC,3.304544,4.893427,-34.1627,-70.68810277777779,HEIC,5125433,Lo Castillo,ground
696902a9ece43907fa70b114,/home/malezainia1/dev/INIA_DeepLearning_Ubuntu_mod_lleon/data/campo5_enero26/Lo Castillo/Celular/IMG_3024.HEIC,IMG_3024.HEIC,1.2010843,7.0014057,-34.16276944444444,-70.68814722222223,HEIC,5456975,Lo Castillo,ground
696902a9ece43907fa70b115,/home/malezainia1/dev/INIA_DeepLearning_Ubuntu_mod_lleon/data/campo5_enero26/Lo Castillo/Celular/IMG_3025.HEIC,IMG_3025.HEIC,1.3894597,5.4424195,-34.162841666666665,-70.68823888888889,HEIC,5644580,Lo Castillo,ground
696902a9ece43907fa70b116,/home/malezainia1/dev/INIA_DeepLearning_Ubuntu_mod_lleon/data/campo5_enero26/Lo Castillo/Celular/IMG_3026.HEIC,IMG_3026.HEIC,2.3746204,5.1823864,-34.16288888888889,-70.68828611111111,HEIC,5770255,Lo Castillo,ground
696902a9ece43907fa70b117,/home/malezainia1/dev/INIA_DeepLearning_Ubuntu_mod_lleon/data/campo5_enero26/Lo Castillo/Celular/IMG_3027.HEIC,IMG_3027.HEIC,3.8744464,5.873416,-34.162869444444446,-70.68828611111111,HEIC,5193480,Lo Castillo,ground
696902a9ece43907fa70b118,/home/malezainia1/dev/INIA_DeepLearning_Ubuntu_mod_lleon/data/campo5_enero26/Lo Castillo/Celular/IMG_3028.HEIC,IMG_3028.HEIC,1.1565653,5.614034,-34.163044444444445,-70.68844722222222,HEIC,5368993,Lo Castillo,ground
696902a9ece43907fa70b119,/home/malezainia1/dev/INIA_DeepLearning_Ubuntu_mod_lleon/data/campo5_enero26/Lo Castillo/Celular/IMG_3029.HEIC,IMG_3029.HEIC,1.7952579,6.1983194,-34.16305555555555,-70.68845277777778,HEIC,4984904,Lo Castillo,ground
696902a9ece43907fa70b11a,/home/malezainia1/dev/INIA_DeepLearning_Ubuntu_mod_lleon/data/campo5_enero26/Lo Castillo/Celular/IMG_3030.HEIC,IMG_3030.HEIC,3.2982998,4.668379,-34.163174999999995,-70.688575,HEIC,4959429,Lo Castillo,ground
696902a9ece43907fa70b11b,/home/malezainia1/dev/INIA_DeepLearning_Ubuntu_mod_lleon/data/campo5_enero26/Lo Castillo/Celular/IMG_3031.HEIC,IMG_3031.HEIC,3.2182376,4.9132433,-34.16320555555556,-70.68860000000001,HEIC,5434153,Lo Castillo,ground
696902a9ece43907fa70b11c,/home/malezainia1/dev/INIA_DeepLearning_Ubuntu_mod_lleon/data/campo5_enero26/Lo Castillo/Celular/IMG_3032.HEIC,IMG_3032.HEIC,3.2212846,4.7116976,-34.16321666666666,-70.68860555555555,HEIC,4906867,Lo Castillo,ground
696902a9ece43907fa70b11d,/home/malezainia1/dev/INIA_DeepLearning_Ubuntu_mod_lleon/data/campo5_enero26/Lo Castillo/Celular/IMG_3033.HEIC,IMG_3033.HEIC,3.1302106,4.807098,-34.16324722222222,-70.68859166666667,HEIC,5449227,Lo Castillo,ground
696902a9ece43907fa70b11e,/home/malezainia1/dev/INIA_DeepLearning_Ubuntu_mod_lleon/data/campo5_enero26/Lo Castillo/Celular/IMG_3034.HEIC,IMG_3034.HEIC,3.2412949,4.981133,-34.163269444444445,-70.68860555555555,HEIC,5568848,Lo Castillo,ground
696902a9ece43907fa70b11f,/home/malezainia1/dev/INIA_DeepLearning_Ubuntu_mod_lleon/data/campo5_enero26/Lo Castillo/Celular/IMG_3035.HEIC,IMG_3035.HEIC,3.7596097,4.721685,-34.163352777777774,-70.68868888888889,HEIC,5280955,Lo Castillo,ground
696902a9ece43907fa70b120,/home/malezainia1/dev/INIA_DeepLearning_Ubuntu_mod_lleon/data/campo5_enero26/Lo Castillo/Celular/IMG_3036.HEIC,IMG_3036.HEIC,2.7639327,4.9340677,-34.16339444444444,-70.68871944444444,HEIC,5773023,Lo Castillo,ground
696902a9ece43907fa70b121,/home/malezainia1/dev/INIA_DeepLearning_Ubuntu_mod_lleon/data/campo5_enero26/Lo Castillo/Celular/IMG_3037.HEIC,IMG_3037.HEIC,8.553333,3.5329335,-34.163447222222224,-70.68879722222222,HEIC,5524775,Lo Castillo,ground
696902a9ece43907fa70b122,/home/malezainia1/dev/INIA_DeepLearning_Ubuntu_mod_lleon/data/campo5_enero26/Lo Castillo/Celular/IMG_3038.HEIC,IMG_3038.HEIC,3.2367022,5.064831,-34.16350277777778,-70.68882777777777,HEIC,5362175,Lo Castillo,ground
696902a9ece43907fa70b123,/home/malezainia1/dev/INIA_DeepLearning_Ubuntu_mod_lleon/data/campo5_enero26/Lo Castillo/Celular/IMG_3039.HEIC,IMG_3039.HEIC,1.6789814,5.249477,-34.16356388888889,-70.68889722222222,HEIC,6046014,Lo Castillo,ground
696902a9ece43907fa70b124,/home/malezainia1/dev/INIA_DeepLearning_Ubuntu_mod_lleon/data/campo5_enero26/Lo Castillo/Celular/IMG_3040.HEIC,IMG_3040.HEIC,2.028112,5.161889,-34.16388055555555,-70.68922500000001,HEIC,5571182,Lo Castillo,ground
696902a9ece43907fa70b125,/home/malezainia1/dev/INIA_DeepLearning_Ubuntu_mod_lleon/data/campo5_enero26/Lo Castillo/Celular/IMG_3041.HEIC,IMG_3041.HEIC,1.6645944,5.23585,-34.163983333333334,-70.68931666666667,HEIC,5775232,Lo Castillo,ground
696902a9ece43907fa70b126,/home/malezainia1/dev/INIA_DeepLearning_Ubuntu_mod_lleon/data/campo5_enero26/Lo Castillo/Celular/IMG_3042.HEIC,IMG_3042.HEIC,1.6506366,5.35634,-34.163977777777774,-70.68933055555556,HEIC,5825476,Lo Castillo,ground
696902a9ece43907fa70b127,/home/malezainia1/dev/INIA_DeepLearning_Ubuntu_mod_lleon/data/campo5_enero26/Lo Castillo/Celular/IMG_3043.HEIC,IMG_3043.HEIC,3.3787396,4.7676616,-34.16398888888889,-70.68935277777778,HEIC,5117775,Lo Castillo,ground
696902a9ece43907fa70b128,/home/malezainia1/dev/INIA_DeepLearning_Ubuntu_mod_lleon/data/campo5_enero26/Lo Castillo/Celular/IMG_3044.HEIC,IMG_3044.HEIC,1.5775412,6.2291937,-34.164141666666666,-70.68948333333334,HEIC,5394453,Lo Castillo,ground
696902a9ece43907fa70b129,/home/malezainia1/dev/INIA_DeepLearning_Ubuntu_mod_lleon/data/campo5_enero26/Lo Castillo/Celular/IMG_3045.HEIC,IMG_3045.HEIC,3.783174,5.192215,-34.16415,-70.68949166666667,HEIC,5596584,Lo Castillo,ground
696902a9ece43907fa70b12a,/home/malezainia1/dev/INIA_DeepLearning_Ubuntu_mod_lleon/data/campo5_enero26/Lo Castillo/Celular/IMG_3046.HEIC,IMG_3046.HEIC,1.8104812,6.5761724,-34.16417222222222,-70.68950555555556,HEIC,5309820,Lo Castillo,ground
696902a9ece43907fa70b12b,/home/malezainia1/dev/INIA_DeepLearning_Ubuntu_mod_lleon/data/campo5_enero26/Lo Castillo/Celular/IMG_3047.HEIC,IMG_3047.HEIC,2.5037208,5.219216,-34.16419166666667,-70.68952222222222,HEIC,5469957,Lo Castillo,ground
696902a9ece43907fa70b12c,/home/malezainia1/dev/INIA_DeepLearning_Ubuntu_mod_lleon/data/campo5_enero26/Lo Castillo/Celular/IMG_3048.HEIC,IMG_3048.HEIC,3.26804,5.231897,-34.16423888888889,-70.68956666666666,HEIC,5234350,Lo Castillo,ground
696902a9ece43907fa70b12d,/home/malezainia1/dev/INIA_DeepLearning_Ubuntu_mod_lleon/data/campo5_enero26/Lo Castillo/Celular/IMG_3049.HEIC,IMG_3049.HEIC,2.968942,5.045827,-34.164425,-70.68976666666667,HEIC,5318923,Lo Castillo,ground
696902a9ece43907fa70b12e,/home/malezainia1/dev/INIA_DeepLearning_Ubuntu_mod_lleon/data/campo5_enero26/Lo Castillo/Celular/IMG_3050.HEIC,IMG_3050.HEIC,1.1656661,6.5523252,-34.164425,-70.6897888888889,HEIC,5179373,Lo Castillo,ground
696902a9ece43907fa70b12f,/home/malezainia1/dev/INIA_DeepLearning_Ubuntu_mod_lleon/data/campo5_enero26/Lo Castillo/Celular/IMG_3051.HEIC,IMG_3051.HEIC,1.0178883,6.5078526,-34.16443611111111,-70.68980277777779,HEIC,5005729,Lo Castillo,ground
696902a9ece43907fa70b130,/home/malezainia1/dev/INIA_DeepLearning_Ubuntu_mod_lleon/data/campo5_enero26/Lo Castillo/Celular/IMG_3052.HEIC,IMG_3052.HEIC,1.2749058,6.357183,-34.16444722222222,-70.68980277777779,HEIC,5176233,Lo Castillo,ground
696902a9ece43907fa70b131,/home/malezainia1/dev/INIA_DeepLearning_Ubuntu_mod_lleon/data/campo5_enero26/Lo Castillo/Celular/IMG_3053.HEIC,IMG_3053.HEIC,2.904184,5.1068892,-34.16452777777778,-70.68987222222222,HEIC,5297797,Lo Castillo,ground
696902a9ece43907fa70b132,/home/malezainia1/dev/INIA_DeepLearning_Ubuntu_mod_lleon/data/campo5_enero26/Lo Castillo/Celular/IMG_3054.HEIC,IMG_3054.HEIC,1.4643159,5.280449,-34.16464166666667,-70.69001111111112,HEIC,6066276,Lo Castillo,ground
696902a9ece43907fa70b133,/home/malezainia1/dev/INIA_DeepLearning_Ubuntu_mod_lleon/data/campo5_enero26/Lo Castillo/Celular/IMG_3055.HEIC,IMG_3055.HEIC,2.6415162,4.8857656,-34.164738888888884,-70.69010833333334,HEIC,5392143,Lo Castillo,ground
696902a9ece43907fa70b134,/home/malezainia1/dev/INIA_DeepLearning_Ubuntu_mod_lleon/data/campo5_enero26/Lo Castillo/Celular/IMG_3056.HEIC,IMG_3056.HEIC,6.711804,4.322594,-34.16486388888889,-70.6902,HEIC,5115833,Lo Castillo,ground
696902a9ece43907fa70b135,/home/malezainia1/dev/INIA_DeepLearning_Ubuntu_mod_lleon/data/campo5_enero26/Lo Castillo/Celular/IMG_3057.HEIC,IMG_3057.HEIC,1.5412554,6.731779,-34.164852777777774,-70.69020833333333,HEIC,5317980,Lo Castillo,ground
696902a9ece43907fa70b136,/home/malezainia1/dev/INIA_DeepLearning_Ubuntu_mod_lleon/data/campo5_enero26/Lo Castillo/Celular/IMG_3058.HEIC,IMG_3058.HEIC,3.689072,4.7645006,-34.164966666666665,-70.69028611111112,HEIC,5436667,Lo Castillo,ground
696902a9ece43907fa70b137,/home/malezainia1/dev/INIA_DeepLearning_Ubuntu_mod_lleon/data/campo5_enero26/Lo Castillo/Celular/IMG_3059.HEIC,IMG_3059.HEIC,2.3260162,5.064878,-34.165016666666666,-70.69034444444445,HEIC,5843812,Lo Castillo,ground
696902a9ece43907fa70b138,/home/malezainia1/dev/INIA_DeepLearning_Ubuntu_mod_lleon/data/campo5_enero26/Lo Castillo/Celular/IMG_3060.HEIC,IMG_3060.HEIC,3.3916173,4.825495,-34.16501944444444,-70.69036111111112,HEIC,5557569,Lo Castillo,ground
696902a9ece43907fa70b139,/home/malezainia1/dev/INIA_DeepLearning_Ubuntu_mod_lleon/data/campo5_enero26/Lo Castillo/Celular/IMG_3061.HEIC,IMG_3061.HEIC,4.4445004,6.6891937,-34.16503611111111,-70.690375,HEIC,5305819,Lo Castillo,ground
696902a9ece43907fa70b13a,/home/malezainia1/dev/INIA_DeepLearning_Ubuntu_mod_lleon/data/campo5_enero26/Lo Castillo/Celular/IMG_3062.HEIC,IMG_3062.HEIC,2.6732156,4.8526206,-34.16506944444444,-70.6904,HEIC,5498666,Lo Castillo,ground
696902a9ece43907fa70b13b,/home/malezainia1/dev/INIA_DeepLearning_Ubuntu_mod_lleon/data/campo5_enero26/Lo Castillo/Celular/IMG_3063.HEIC,IMG_3063.HEIC,1.5567434,6.848573,-34.165099999999995,-70.69043055555557,HEIC,5464069,Lo Castillo,ground
696902a9ece43907fa70b13c,/home/malezainia1/dev/INIA_DeepLearning_Ubuntu_mod_lleon/data/campo5_enero26/Lo Castillo/Celular/IMG_3064.HEIC,IMG_3064.HEIC,2.985272,4.857268,-34.16513333333333,-70.69046111111112,HEIC,5915018,Lo Castillo,ground
696902a9ece43907fa70b13d,/home/malezainia1/dev/INIA_DeepLearning_Ubuntu_mod_lleon/data/campo5_enero26/Lo Castillo/Celular/IMG_3065.HEIC,IMG_3065.HEIC,2.0190992,6.3481874,-34.16518333333333,-70.69049166666667,HEIC,5406182,Lo Castillo,ground
696902a9ece43907fa70b13e,/home/malezainia1/dev/INIA_DeepLearning_Ubuntu_mod_lleon/data/campo5_enero26/Lo Castillo/Celular/IMG_3066.HEIC,IMG_3066.HEIC,0.9862887,6.2651052,-34.165236111111106,-70.69056666666667,HEIC,5636928,Lo Castillo,ground
696902a9ece43907fa70b13f,/home/malezainia1/dev/INIA_DeepLearning_Ubuntu_mod_lleon/data/campo5_enero26/Lo Castillo/Celular/IMG_3067.HEIC,IMG_3067.HEIC,3.3940613,4.9842324,-34.16525,-70.69061388888889,HEIC,5050069,Lo Castillo,ground
696902a9ece43907fa70b140,/home/malezainia1/dev/INIA_DeepLearning_Ubuntu_mod_lleon/data/campo5_enero26/Lo Castillo/Celular/IMG_3068.HEIC,IMG_3068.HEIC,3.1632206,5.919836,-34.16535555555556,-70.690675,HEIC,5661810,Lo Castillo,ground
696902a9ece43907fa70b141,/home/malezainia1/dev/INIA_DeepLearning_Ubuntu_mod_lleon/data/campo5_enero26/Lo Castillo/Celular/IMG_3069.HEIC,IMG_3069.HEIC,8.530069,3.5561087,-34.165366666666664,-70.690675,HEIC,5153338,Lo Castillo,ground
696902a9ece43907fa70b142,/home/malezainia1/dev/INIA_DeepLearning_Ubuntu_mod_lleon/data/campo5_enero26/Lo Castillo/Celular/IMG_3070.HEIC,IMG_3070.HEIC,2.1130047,6.405197,-34.16563333333333,-70.69092500000001,HEIC,5385348,Lo Castillo,ground
696902a9ece43907fa70b143,/home/malezainia1/dev/INIA_DeepLearning_Ubuntu_mod_lleon/data/campo5_enero26/Lo Castillo/Celular/IMG_3071.HEIC,IMG_3071.HEIC,1.5341523,6.750026,-34.16594444444444,-70.69123055555556,HEIC,5344898,Lo Castillo,ground
696902a9ece43907fa70b144,/home/malezainia1/dev/INIA_DeepLearning_Ubuntu_mod_lleon/data/campo5_enero26/Lo Castillo/Celular/IMG_3072.HEIC,IMG_3072.HEIC,3.2631807,4.844972,-34.165974999999996,-70.69124722222223,HEIC,5514648,Lo Castillo,ground
696902a9ece43907fa70b145,/home/malezainia1/dev/INIA_DeepLearning_Ubuntu_mod_lleon/data/campo5_enero26/Lo Castillo/Celular/IMG_3073.HEIC,IMG_3073.HEIC,2.9731174,5.6668644,-34.165977777777776,-70.69125277777778,HEIC,5395732,Lo Castillo,ground
696902a9ece43907fa70b146,/home/malezainia1/dev/INIA_DeepLearning_Ubuntu_mod_lleon/data/campo5_enero26/Lo Castillo/Celular/IMG_3074.HEIC,IMG_3074.HEIC,2.80502,4.923883,-34.16600555555556,-70.69125277777778,HEIC,5264048,Lo Castillo,ground
696902a9ece43907fa70b147,/home/malezainia1/dev/INIA_DeepLearning_Ubuntu_mod_lleon/data/campo5_enero26/Lo Castillo/Celular/IMG_3075.HEIC,IMG_3075.HEIC,1.183198,5.7432227,-34.16602222222222,-70.69134444444445,HEIC,5492628,Lo Castillo,ground
696902a9ece43907fa70b148,/home/malezainia1/dev/INIA_DeepLearning_Ubuntu_mod_lleon/data/campo5_enero26/Lo Castillo/Celular/IMG_3076.HEIC,IMG_3076.HEIC,1.4064968,5.339417,-34.16593611111111,-70.6913,HEIC,5685721,Lo Castillo,ground
696902a9ece43907fa70b149,/home/malezainia1/dev/INIA_DeepLearning_Ubuntu_mod_lleon/data/campo5_enero26/Lo Castillo/Celular/IMG_3077.HEIC,IMG_3077.HEIC,2.6127472,5.0462813,-34.165925,-70.69129166666667,HEIC,5855089,Lo Castillo,ground
696902a9ece43907fa70b14a,/home/malezainia1/dev/INIA_DeepLearning_Ubuntu_mod_lleon/data/campo5_enero26/Lo Castillo/Celular/IMG_3078.HEIC,IMG_3078.HEIC,2.5367746,4.6010003,-34.16562222222222,-70.69101666666667,HEIC,5524319,Lo Castillo,ground
696902a9ece43907fa70b14b,/home/malezainia1/dev/INIA_DeepLearning_Ubuntu_mod_lleon/data/campo5_enero26/Lo Castillo/Celular/IMG_3079.HEIC,IMG_3079.HEIC,3.8871982,4.995734,-34.16549722222222,-70.69090277777778,HEIC,5102892,Lo Castillo,ground
696902a9ece43907fa70b14c,/home/malezainia1/dev/INIA_DeepLearning_Ubuntu_mod_lleon/data/campo5_enero26/Lo Castillo/Celular/IMG_3080.HEIC,IMG_3080.HEIC,1.1255715,6.5524526,-34.165475,-70.69085,HEIC,5317388,Lo Castillo,ground
696902a9ece43907fa70b14d,/home/malezainia1/dev/INIA_DeepLearning_Ubuntu_mod_lleon/data/campo5_enero26/Lo Castillo/Celular/IMG_3081.HEIC,IMG_3081.HEIC,2.2939048,6.045925,-34.16531111111111,-70.69071111111111,HEIC,5169251,Lo Castillo,ground
696902a9ece43907fa70b14e,/home/malezainia1/dev/INIA_DeepLearning_Ubuntu_mod_lleon/data/campo5_enero26/Lo Castillo/Celular/IMG_3082.HEIC,IMG_3082.HEIC,2.6101525,4.654116,-34.16528611111111,-70.69070555555555,HEIC,5282735,Lo Castillo,ground
696902a9ece43907fa70b14f,/home/malezainia1/dev/INIA_DeepLearning_Ubuntu_mod_lleon/data/campo5_enero26/Lo Castillo/Celular/IMG_3083.HEIC,IMG_3083.HEIC,2.5844476,4.695702,-34.16527222222222,-70.69068888888889,HEIC,5385896,Lo Castillo,ground
696902a9ece43907fa70b150,/home/malezainia1/dev/INIA_DeepLearning_Ubuntu_mod_lleon/data/campo5_enero26/Lo Castillo/Celular/IMG_3084.HEIC,IMG_3084.HEIC,2.8203623,4.7494445,-34.16520555555555,-70.69059722222222,HEIC,5608787,Lo Castillo,ground
696902a9ece43907fa70b151,/home/malezainia1/dev/INIA_DeepLearning_Ubuntu_mod_lleon/data/campo5_enero26/Lo Castillo/Celular/IMG_3085.HEIC,IMG_3085.HEIC,1.6093675,6.2876,-34.165191666666665,-70.69059722222222,HEIC,5329944,Lo Castillo,ground
696902a9ece43907fa70b152,/home/malezainia1/dev/INIA_DeepLearning_Ubuntu_mod_lleon/data/campo5_enero26/Lo Castillo/Celular/IMG_3086.HEIC,IMG_3086.HEIC,2.2447016,4.583909,-34.16511944444444,-70.69049722222222,HEIC,4820377,Lo Castillo,ground
696902a9ece43907fa70b153,/home/malezainia1/dev/INIA_DeepLearning_Ubuntu_mod_lleon/data/campo5_enero26/Lo Castillo/Celular/IMG_3087.HEIC,IMG_3087.HEIC,2.3269036,6.142171,-34.16511111111111,-70.69049722222222,HEIC,5105397,Lo Castillo,ground
696902a9ece43907fa70b154,/home/malezainia1/dev/INIA_DeepLearning_Ubuntu_mod_lleon/data/campo5_enero26/Lo Castillo/Celular/IMG_3088.HEIC,IMG_3088.HEIC,2.1015306,4.8482685,-34.165102777777776,-70.69048333333333,HEIC,5221098,Lo Castillo,ground
696902a9ece43907fa70b155,/home/malezainia1/dev/INIA_DeepLearning_Ubuntu_mod_lleon/data/campo5_enero26/Lo Castillo/Celular/IMG_3089.HEIC,IMG_3089.HEIC,3.1252923,5.6265025,-34.16500555555555,-70.6904,HEIC,5265684,Lo Castillo,ground
696902a9ece43907fa70b156,/home/malezainia1/dev/INIA_DeepLearning_Ubuntu_mod_lleon/data/campo5_enero26/Lo Castillo/Celular/IMG_3090.HEIC,IMG_3090.HEIC,2.49659,4.673857,-34.16490833333333,-70.69029166666667,HEIC,5350042,Lo Castillo,ground
696902a9ece43907fa70b157,/home/malezainia1/dev/INIA_DeepLearning_Ubuntu_mod_lleon/data/campo5_enero26/Lo Castillo/Celular/IMG_3091.HEIC,IMG_3091.HEIC,1.2747787,5.3482037,-34.164791666666666,-70.6902388888889,HEIC,6103686,Lo Castillo,ground
696902a9ece43907fa70b158,/home/malezainia1/dev/INIA_DeepLearning_Ubuntu_mod_lleon/data/campo5_enero26/Lo Castillo/Celular/IMG_3092.HEIC,IMG_3092.HEIC,1.2864107,6.0149703,-34.16478611111111,-70.6902388888889,HEIC,5257089,Lo Castillo,ground
696902a9ece43907fa70b159,/home/malezainia1/dev/INIA_DeepLearning_Ubuntu_mod_lleon/data/campo5_enero26/Lo Castillo/Celular/IMG_3093.HEIC,IMG_3093.HEIC,1.2620926,5.4664197,-34.16477222222222,-70.690225,HEIC,5838735,Lo Castillo,ground
696902a9ece43907fa70b15a,/home/malezainia1/dev/INIA_DeepLearning_Ubuntu_mod_lleon/data/campo5_enero26/Lo Castillo/Celular/IMG_3094.HEIC,IMG_3094.HEIC,1.4317216,5.925296,-34.16471388888889,-70.6901388888889,HEIC,5419797,Lo Castillo,ground
696902a9ece43907fa70b15b,/home/malezainia1/dev/INIA_DeepLearning_Ubuntu_mod_lleon/data/campo5_enero26/Lo Castillo/Celular/IMG_3095.HEIC,IMG_3095.HEIC,1.220874,5.4299664,-34.16467222222222,-70.69007777777779,HEIC,5632705,Lo Castillo,ground
696902a9ece43907fa70b15c,/home/malezainia1/dev/INIA_DeepLearning_Ubuntu_mod_lleon/data/campo5_enero26/Lo Castillo/Celular/IMG_3096.HEIC,IMG_3096.HEIC,1.0172474,6.4319043,-34.16466388888889,-70.68908055555556,HEIC,5595327,Lo Castillo,ground
696902a9ece43907fa70b15d,/home/malezainia1/dev/INIA_DeepLearning_Ubuntu_mod_lleon/data/campo5_enero26/Lo Castillo/Celular/IMG_3097.HEIC,IMG_3097.HEIC,1.3881042,6.9145074,-34.160488888888885,-70.68730833333333,HEIC,5032211,Lo Castillo,ground
696902a9ece43907fa70b15e,/home/malezainia1/dev/INIA_DeepLearning_Ubuntu_mod_lleon/data/campo5_enero26/Lo Castillo/Celular/IMG_3098.HEIC,IMG_3098.HEIC,1.0296313,7.1110663,-34.16051111111111,-70.687325,HEIC,5152535,Lo Castillo,ground
696902a9ece43907fa70b15f,/home/malezainia1/dev/INIA_DeepLearning_Ubuntu_mod_lleon/data/campo5_enero26/Lo Castillo/Celular/IMG_3099.HEIC,IMG_3099.HEIC,1.0699906,6.3513193,-34.160525,-70.68734722222223,HEIC,5256861,Lo Castillo,ground
696902a9ece43907fa70b160,/home/malezainia1/dev/INIA_DeepLearning_Ubuntu_mod_lleon/data/campo5_enero26/Lo Castillo/Celular/IMG_3100.HEIC,IMG_3100.HEIC,0.90167356,6.7945595,-34.16055,-70.6873638888889,HEIC,5081432,Lo Castillo,ground
696902a9ece43907fa70b161,/home/malezainia1/dev/INIA_DeepLearning_Ubuntu_mod_lleon/data/campo5_enero26/Lo Castillo/Celular/IMG_3101.HEIC,IMG_3101.HEIC,2.1302874,6.3961363,-34.16056111111111,-70.68737777777778,HEIC,4950444,Lo Castillo,ground
696902a9ece43907fa70b162,/home/malezainia1/dev/INIA_DeepLearning_Ubuntu_mod_lleon/data/campo5_enero26/Lo Castillo/Celular/IMG_3102.HEIC,IMG_3102.HEIC,1.114103,6.345534,-34.16056111111111,-70.68738611111111,HEIC,5177048,Lo Castillo,ground
696902a9ece43907fa70b163,/home/malezainia1/dev/INIA_DeepLearning_Ubuntu_mod_lleon/data/campo5_enero26/Lo Castillo/Celular/IMG_3103.HEIC,IMG_3103.HEIC,1.1381599,7.1365647,-34.16063333333333,-70.68743055555557,HEIC,5159179,Lo Castillo,ground
696902a9ece43907fa70b164,/home/malezainia1/dev/INIA_DeepLearning_Ubuntu_mod_lleon/data/campo5_enero26/Lo Castillo/Celular/IMG_3104.HEIC,IMG_3104.HEIC,2.2993047,5.065907,-34.16070277777778,-70.68750833333334,HEIC,5673257,Lo Castillo,ground
696902a9ece43907fa70b165,/home/malezainia1/dev/INIA_DeepLearning_Ubuntu_mod_lleon/data/campo5_enero26/Lo Castillo/Celular/IMG_3105.HEIC,IMG_3105.HEIC,1.6640233,5.1125913,-34.16068611111111,-70.68749166666667,HEIC,5305841,Lo Castillo,ground
696902a9ece43907fa70b166,/home/malezainia1/dev/INIA_DeepLearning_Ubuntu_mod_lleon/data/campo5_enero26/Lo Castillo/Celular/IMG_3106.HEIC,IMG_3106.HEIC,1.6347969,5.1696863,-34.16072777777778,-70.68754444444444,HEIC,5611110,Lo Castillo,ground
696902a9ece43907fa70b167,/home/malezainia1/dev/INIA_DeepLearning_Ubuntu_mod_lleon/data/campo5_enero26/Lo Castillo/Celular/IMG_3107.HEIC,IMG_3107.HEIC,2.0264606,6.5476847,-34.160777777777774,-70.68756944444445,HEIC,5337158,Lo Castillo,ground
696902a9ece43907fa70b168,/home/malezainia1/dev/INIA_DeepLearning_Ubuntu_mod_lleon/data/campo5_enero26/Lo Castillo/Celular/IMG_3108.HEIC,IMG_3108.HEIC,1.4839983,5.79513,-34.16079722222222,-70.6876,HEIC,5262299,Lo Castillo,ground
696902a9ece43907fa70b169,/home/malezainia1/dev/INIA_DeepLearning_Ubuntu_mod_lleon/data/campo5_enero26/Lo Castillo/Celular/IMG_3109.HEIC,IMG_3109.HEIC,0.981474,6.5393043,-34.16085833333333,-70.68766111111111,HEIC,5017323,Lo Castillo,ground
696902a9ece43907fa70b16a,/home/malezainia1/dev/INIA_DeepLearning_Ubuntu_mod_lleon/data/campo5_enero26/Lo Castillo/Celular/IMG_3110.HEIC,IMG_3110.HEIC,0.98988783,6.941009,-34.16087777777778,-70.68766111111111,HEIC,5046935,Lo Castillo,ground
696902a9ece43907fa70b16b,/home/malezainia1/dev/INIA_DeepLearning_Ubuntu_mod_lleon/data/campo5_enero26/Lo Castillo/Celular/IMG_3111.HEIC,IMG_3111.HEIC,2.4365978,4.64002,-34.16097222222222,-70.68778333333334,HEIC,5311395,Lo Castillo,ground
696902a9ece43907fa70b16c,/home/malezainia1/dev/INIA_DeepLearning_Ubuntu_mod_lleon/data/campo5_enero26/Lo Castillo/Celular/IMG_3112.HEIC,IMG_3112.HEIC,0.8741282,6.9242964,-34.16108333333333,-70.687875,HEIC,5362275,Lo Castillo,ground
696902a9ece43907fa70b16d,/home/malezainia1/dev/INIA_DeepLearning_Ubuntu_mod_lleon/data/campo5_enero26/Lo Castillo/Celular/IMG_3113.HEIC,IMG_3113.HEIC,1.7115091,6.2807145,-34.161202777777774,-70.68797222222223,HEIC,5393280,Lo Castillo,ground
696902a9ece43907fa70b16e,/home/malezainia1/dev/INIA_DeepLearning_Ubuntu_mod_lleon/data/campo5_enero26/Lo Castillo/Celular/IMG_3114.HEIC,IMG_3114.HEIC,2.866786,4.9494147,-34.16133611111111,-70.68810277777779,HEIC,4732218,Lo Castillo,ground
696902a9ece43907fa70b16f,/home/malezainia1/dev/INIA_DeepLearning_Ubuntu_mod_lleon/data/campo5_enero26/Lo Castillo/Celular/IMG_3115.HEIC,IMG_3115.HEIC,1.1387128,6.6374,-34.16146111111111,-70.68823333333334,HEIC,5559118,Lo Castillo,ground
696902a9ece43907fa70b170,/home/malezainia1/dev/INIA_DeepLearning_Ubuntu_mod_lleon/data/campo5_enero26/Lo Castillo/Celular/IMG_3116.HEIC,IMG_3116.HEIC,1.0419958,6.427469,-34.16146944444444,-70.68823333333334,HEIC,5514365,Lo Castillo,ground
696902a9ece43907fa70b171,/home/malezainia1/dev/INIA_DeepLearning_Ubuntu_mod_lleon/data/campo5_enero26/Lo Castillo/Celular/IMG_3117.HEIC,IMG_3117.HEIC,3.0794969,4.847257,-34.16161666666667,-70.6884,HEIC,5822928,Lo Castillo,ground
696902a9ece43907fa70b172,/home/malezainia1/dev/INIA_DeepLearning_Ubuntu_mod_lleon/data/campo5_enero26/Lo Castillo/Celular/IMG_3118.HEIC,IMG_3118.HEIC,3.7817636,5.4038143,-34.16163888888889,-70.68840833333334,HEIC,5783551,Lo Castillo,ground
696902a9ece43907fa70b173,/home/malezainia1/dev/INIA_DeepLearning_Ubuntu_mod_lleon/data/campo5_enero26/Lo Castillo/Celular/IMG_3119.HEIC,IMG_3119.HEIC,0.9278702,6.6590424,-34.161699999999996,-70.68846111111111,HEIC,5246427,Lo Castillo,ground
696902a9ece43907fa70b174,/home/malezainia1/dev/INIA_DeepLearning_Ubuntu_mod_lleon/data/campo5_enero26/Lo Castillo/Celular/IMG_3120.HEIC,IMG_3120.HEIC,3.7171407,5.7227716,-34.16177777777778,-70.6885388888889,HEIC,5486134,Lo Castillo,ground
696902a9ece43907fa70b175,/home/malezainia1/dev/INIA_DeepLearning_Ubuntu_mod_lleon/data/campo5_enero26/Lo Castillo/Celular/IMG_3121.HEIC,IMG_3121.HEIC,2.9152222,5.5925136,-34.161852777777774,-70.68881944444445,HEIC,5677405,Lo Castillo,ground
696902a9ece43907fa70b176,/home/malezainia1/dev/INIA_DeepLearning_Ubuntu_mod_lleon/data/campo5_enero26/Lo Castillo/Celular/IMG_3122.HEIC,IMG_3122.HEIC,2.2973623,4.915827,-34.16180833333333,-70.68876666666667,HEIC,5438045,Lo Castillo,ground
696902a9ece43907fa70b177,/home/malezainia1/dev/INIA_DeepLearning_Ubuntu_mod_lleon/data/campo5_enero26/Lo Castillo/Celular/IMG_3123.HEIC,IMG_3123.HEIC,1.467918,5.3617744,-34.161788888888886,-70.68876666666667,HEIC,5258282,Lo Castillo,ground
696902a9ece43907fa70b178,/home/malezainia1/dev/INIA_DeepLearning_Ubuntu_mod_lleon/data/campo5_enero26/Lo Castillo/Celular/IMG_3124.HEIC,IMG_3124.HEIC,1.5540291,5.510766,-34.161766666666665,-70.68875,HEIC,5729909,Lo Castillo,ground
696902a9ece43907fa70b179,/home/malezainia1/dev/INIA_DeepLearning_Ubuntu_mod_lleon/data/campo5_enero26/Lo Castillo/Celular/IMG_3125.HEIC,IMG_3125.HEIC,1.0593925,7.035559,-34.161744444444444,-70.68873611111111,HEIC,5217437,Lo Castillo,ground
696902a9ece43907fa70b17a,/home/malezainia1/dev/INIA_DeepLearning_Ubuntu_mod_lleon/data/campo5_enero26/Lo Castillo/Celular/IMG_3126.HEIC,IMG_3126.HEIC,1.5361881,5.216467,-34.16168611111111,-70.688675,HEIC,5394602,Lo Castillo,ground
696902a9ece43907fa70b17b,/home/malezainia1/dev/INIA_DeepLearning_Ubuntu_mod_lleon/data/campo5_enero26/Lo Castillo/Celular/IMG_3127.HEIC,IMG_3127.HEIC,1.1261104,6.189032,-34.161674999999995,-70.68865833333334,HEIC,5588481,Lo Castillo,ground
696902a9ece43907fa70b17c,/home/malezainia1/dev/INIA_DeepLearning_Ubuntu_mod_lleon/data/campo5_enero26/Lo Castillo/Celular/IMG_3128.HEIC,IMG_3128.HEIC,1.5487111,5.610699,-34.16166666666666,-70.68865277777778,HEIC,5455294,Lo Castillo,ground
696902a9ece43907fa70b17d,/home/malezainia1/dev/INIA_DeepLearning_Ubuntu_mod_lleon/data/campo5_enero26/Lo Castillo/Celular/IMG_3129.HEIC,IMG_3129.HEIC,1.0024683,7.106349,-34.161658333333335,-70.68864444444445,HEIC,5284653,Lo Castillo,ground
696902a9ece43907fa70b17e,/home/malezainia1/dev/INIA_DeepLearning_Ubuntu_mod_lleon/data/campo5_enero26/Lo Castillo/Celular/IMG_3130.HEIC,IMG_3130.HEIC,1.1161054,6.514322,-34.16157777777778,-70.68856944444445,HEIC,5007099,Lo Castillo,ground
696902a9ece43907fa70b17f,/home/malezainia1/dev/INIA_DeepLearning_Ubuntu_mod_lleon/data/campo5_enero26/Lo Castillo/Celular/IMG_3131.HEIC,IMG_3131.HEIC,0.8739485,6.848534,-34.16144444444444,-70.68841666666667,HEIC,5237325,Lo Castillo,ground
696902a9ece43907fa70b180,/home/malezainia1/dev/INIA_DeepLearning_Ubuntu_mod_lleon/data/campo5_enero26/Lo Castillo/Celular/IMG_3132.HEIC,IMG_3132.HEIC,3.365317,4.7688384,-34.16132222222222,-70.68828611111111,HEIC,4970026,Lo Castillo,ground
696902a9ece43907fa70b181,/home/malezainia1/dev/INIA_DeepLearning_Ubuntu_mod_lleon/data/campo5_enero26/Lo Castillo/Celular/IMG_3133.HEIC,IMG_3133.HEIC,1.7502272,6.3883023,-34.16121388888889,-70.68815555555555,HEIC,4520016,Lo Castillo,ground
696902a9ece43907fa70b182,/home/malezainia1/dev/INIA_DeepLearning_Ubuntu_mod_lleon/data/campo5_enero26/Lo Castillo/Celular/IMG_3134.HEIC,IMG_3134.HEIC,0.81367004,6.852436,-34.16115277777778,-70.68813333333334,HEIC,5142369,Lo Castillo,ground
696902a9ece43907fa70b183,/home/malezainia1/dev/INIA_DeepLearning_Ubuntu_mod_lleon/data/campo5_enero26/Lo Castillo/Celular/IMG_3135.HEIC,IMG_3135.HEIC,0.92006207,7.0359206,-34.161024999999995,-70.68803333333334,HEIC,5390583,Lo Castillo,ground
696902a9ece43907fa70b184,/home/malezainia1/dev/INIA_DeepLearning_Ubuntu_mod_lleon/data/campo5_enero26/Lo Castillo/Celular/IMG_3136.HEIC,IMG_3136.HEIC,1.2047836,6.312426,-34.161005555555555,-70.68801111111111,HEIC,5318917,Lo Castillo,ground
696902a9ece43907fa70b185,/home/malezainia1/dev/INIA_DeepLearning_Ubuntu_mod_lleon/data/campo5_enero26/Lo Castillo/Celular/IMG_3137.HEIC,IMG_3137.HEIC,0.82156914,6.7120905,-34.16099166666667,-70.6879888888889,HEIC,5126544,Lo Castillo,ground
696902a9ece43907fa70b186,/home/malezainia1/dev/INIA_DeepLearning_Ubuntu_mod_lleon/data/campo5_enero26/Lo Castillo/Celular/IMG_3138.HEIC,IMG_3138.HEIC,1.0666755,6.95655,-34.16096388888889,-70.68799722222222,HEIC,5069846,Lo Castillo,ground
696902a9ece43907fa70b187,/home/malezainia1/dev/INIA_DeepLearning_Ubuntu_mod_lleon/data/campo5_enero26/Lo Castillo/Celular/IMG_3139.HEIC,IMG_3139.HEIC,1.986867,4.6389623,-34.16085833333333,-70.68783611111111,HEIC,5279407,Lo Castillo,ground
696902a9ece43907fa70b188,/home/malezainia1/dev/INIA_DeepLearning_Ubuntu_mod_lleon/data/campo5_enero26/Lo Castillo/Celular/IMG_3140.HEIC,IMG_3140.HEIC,1.1183459,6.087655,-34.16062222222222,-70.6876,HEIC,5402007,Lo Castillo,ground
696902a9ece43907fa70b189,/home/malezainia1/dev/INIA_DeepLearning_Ubuntu_mod_lleon/data/campo5_enero26/Lo Castillo/Celular/IMG_3141.HEIC,IMG_3141.HEIC,1.8943923,4.626174,-34.16055,-70.68752222222223,HEIC,4400490,Lo Castillo,ground
696902a9ece43907fa70b18a,/home/malezainia1/dev/INIA_DeepLearning_Ubuntu_mod_lleon/data/campo5_enero26/Lo Castillo/Celular/IMG_3142.HEIC,IMG_3142.HEIC,1.2208984,6.4900727,-34.1605,-70.68747777777779,HEIC,5150784,Lo Castillo,ground
696902a9ece43907fa70b18b,/home/malezainia1/dev/INIA_DeepLearning_Ubuntu_mod_lleon/data/campo5_enero26/Lo Castillo/Celular/IMG_3143.HEIC,IMG_3143.HEIC,1.6221234,6.562906,-34.160494444444446,-70.68746944444445,HEIC,4793604,Lo Castillo,ground
696902a9ece43907fa70b18c,/home/malezainia1/dev/INIA_DeepLearning_Ubuntu_mod_lleon/data/campo5_enero26/Lo Castillo/Celular/IMG_3144.HEIC,IMG_3144.HEIC,1.482541,6.604128,-34.160488888888885,-70.68746944444445,HEIC,5081328,Lo Castillo,ground
696902a9ece43907fa70b18d,/home/malezainia1/dev/INIA_DeepLearning_Ubuntu_mod_lleon/data/campo5_enero26/Lo Castillo/Celular/IMG_3145.HEIC,IMG_3145.HEIC,1.5076067,6.406838,-34.160469444444445,-70.68745555555556,HEIC,5302068,Lo Castillo,ground
696902a9ece43907fa70b18e,/home/malezainia1/dev/INIA_DeepLearning_Ubuntu_mod_lleon/data/campo5_enero26/Lo Castillo/Celular/IMG_3146.HEIC,IMG_3146.HEIC,6.748485,9.8368025,-34.160447222222224,-70.687425,HEIC,5049977,Lo Castillo,ground
696902a9ece43907fa70b18f,/home/malezainia1/dev/INIA_DeepLearning_Ubuntu_mod_lleon/data/campo5_enero26/Lo Castillo/Celular/IMG_3147.HEIC,IMG_3147.HEIC,1.705062,6.652397,-34.16003333333333,-70.68719444444444,HEIC,5293119,Lo Castillo,ground
696902a9ece43907fa70b190,/home/malezainia1/dev/INIA_DeepLearning_Ubuntu_mod_lleon/data/campo5_enero26/Lo Castillo/Celular/IMG_3148.HEIC,IMG_3148.HEIC,7.220089,8.19665,-34.16008055555555,-70.68730277777779,HEIC,5265987,Lo Castillo,ground
696902a9ece43907fa70b191,/home/malezainia1/dev/INIA_DeepLearning_Ubuntu_mod_lleon/data/campo5_enero26/Lo Castillo/Celular/IMG_3149.HEIC,IMG_3149.HEIC,1.273765,5.367545,-34.16014444444444,-70.68733888888889,HEIC,5436533,Lo Castillo,ground
696902a9ece43907fa70b192,/home/malezainia1/dev/INIA_DeepLearning_Ubuntu_mod_lleon/data/campo5_enero26/Lo Castillo/Celular/IMG_3150.HEIC,IMG_3150.HEIC,1.0596428,7.1261954,-34.16016388888889,-70.68735555555556,HEIC,5314331,Lo Castillo,ground
696902a9ece43907fa70b193,/home/malezainia1/dev/INIA_DeepLearning_Ubuntu_mod_lleon/data/campo5_enero26/Lo Castillo/Celular/IMG_3151.HEIC,IMG_3151.HEIC,1.1283817,6.958784,-34.160263888888885,-70.68743888888889,HEIC,5188125,Lo Castillo,ground
696902a9ece43907fa70b194,/home/malezainia1/dev/INIA_DeepLearning_Ubuntu_mod_lleon/data/campo5_enero26/Lo Castillo/Celular/IMG_3152.HEIC,IMG_3152.HEIC,0.98585564,6.864113,-34.160294444444446,-70.68745555555556,HEIC,4912799,Lo Castillo,ground
696902a9ece43907fa70b195,/home/malezainia1/dev/INIA_DeepLearning_Ubuntu_mod_lleon/data/campo5_enero26/Lo Castillo/Celular/IMG_3153.HEIC,IMG_3153.HEIC,1.6523116,6.3007965,-34.16030833333333,-70.68746944444445,HEIC,5104601,Lo Castillo,ground
696902a9ece43907fa70b196,/home/malezainia1/dev/INIA_DeepLearning_Ubuntu_mod_lleon/data/campo5_enero26/Lo Castillo/Celular/IMG_3154.HEIC,IMG_3154.HEIC,1.4522212,6.172895,-34.16035,-70.6875388888889,HEIC,5093901,Lo Castillo,ground
696902a9ece43907fa70b197,/home/malezainia1/dev/INIA_DeepLearning_Ubuntu_mod_lleon/data/campo5_enero26/Lo Castillo/Celular/IMG_3155.HEIC,IMG_3155.HEIC,0.9253937,6.3554993,-34.16042222222222,-70.6876,HEIC,5386228,Lo Castillo,ground
696902a9ece43907fa70b198,/home/malezainia1/dev/INIA_DeepLearning_Ubuntu_mod_lleon/data/campo5_enero26/Lo Castillo/Celular/IMG_3156.HEIC,IMG_3156.HEIC,1.4354193,6.8857527,-34.16042777777778,-70.68762222222223,HEIC,4968436,Lo Castillo,ground
696902a9ece43907fa70b199,/home/malezainia1/dev/INIA_DeepLearning_Ubuntu_mod_lleon/data/campo5_enero26/Lo Castillo/Celular/IMG_3157.HEIC,IMG_3157.HEIC,0.9803966,7.0900693,-34.16053333333333,-70.68768333333334,HEIC,5154198,Lo Castillo,ground
696902a9ece43907fa70b19a,/home/malezainia1/dev/INIA_DeepLearning_Ubuntu_mod_lleon/data/campo5_enero26/Lo Castillo/Celular/IMG_3158.HEIC,IMG_3158.HEIC,0.87308365,6.8784366,-34.160666666666664,-70.68785833333334,HEIC,4937415,Lo Castillo,ground
696902a9ece43907fa70b19b,/home/malezainia1/dev/INIA_DeepLearning_Ubuntu_mod_lleon/data/campo5_enero26/Lo Castillo/Celular/IMG_3159.HEIC,IMG_3159.HEIC,1.4370317,6.6952014,-34.160738888888886,-70.68791111111112,HEIC,5256901,Lo Castillo,ground
696902a9ece43907fa70b19c,/home/malezainia1/dev/INIA_DeepLearning_Ubuntu_mod_lleon/data/campo5_enero26/Lo Castillo/Celular/IMG_3160.HEIC,IMG_3160.HEIC,1.1410364,5.4931855,-34.16076944444444,-70.68794166666667,HEIC,5371424,Lo Castillo,ground
696902a9ece43907fa70b19d,/home/malezainia1/dev/INIA_DeepLearning_Ubuntu_mod_lleon/data/campo5_enero26/Lo Castillo/Celular/IMG_3161.HEIC,IMG_3161.HEIC,0.83775574,6.8580785,-34.160777777777774,-70.68795,HEIC,5091995,Lo Castillo,ground
696902a9ece43907fa70b19e,/home/malezainia1/dev/INIA_DeepLearning_Ubuntu_mod_lleon/data/campo5_enero26/Lo Castillo/Celular/IMG_3162.HEIC,IMG_3162.HEIC,0.97051626,7.094866,-34.16093333333333,-70.68805,HEIC,5045605,Lo Castillo,ground
696902a9ece43907fa70b19f,/home/malezainia1/dev/INIA_DeepLearning_Ubuntu_mod_lleon/data/campo5_enero26/Lo Castillo/Celular/IMG_3163.HEIC,IMG_3163.HEIC,0.8064109,6.929067,-34.16065555555556,-70.68792777777779,HEIC,5346556,Lo Castillo,ground
696902a9ece43907fa70b1a0,/home/malezainia1/dev/INIA_DeepLearning_Ubuntu_mod_lleon/data/campo5_enero26/Lo Castillo/Celular/IMG_3164.HEIC,IMG_3164.HEIC,0.8011353,6.873969,-34.160605555555556,-70.68789722222223,HEIC,5228063,Lo Castillo,ground
696902a9ece43907fa70b1a1,/home/malezainia1/dev/INIA_DeepLearning_Ubuntu_mod_lleon/data/campo5_enero26/Lo Castillo/Celular/IMG_3165.HEIC,IMG_3165.HEIC,2.000088,6.2413716,-34.16034444444444,-70.68763055555556,HEIC,5133516,Lo Castillo,ground
696902a9ece43907fa70b1a2,/home/malezainia1/dev/INIA_DeepLearning_Ubuntu_mod_lleon/data/campo5_enero26/Lo Castillo/Celular/IMG_3166.HEIC,IMG_3166.HEIC,1.2302227,5.442208,-34.160313888888886,-70.68756111111111,HEIC,4839159,Lo Castillo,ground
696902a9ece43907fa70b1a3,/home/malezainia1/dev/INIA_DeepLearning_Ubuntu_mod_lleon/data/campo5_enero26/Lo Castillo/Celular/IMG_3167.HEIC,IMG_3167.HEIC,1.3506992,6.263829,-34.160269444444445,-70.68753055555555,HEIC,4803070,Lo Castillo,ground
696902a9ece43907fa70b1a4,/home/malezainia1/dev/INIA_DeepLearning_Ubuntu_mod_lleon/data/campo5_enero26/Lo Castillo/Celular/IMG_3168.HEIC,IMG_3168.HEIC,0.77157205,6.7340727,-34.16025833333333,-70.68752222222223,HEIC,5233463,Lo Castillo,ground
696902a9ece43907fa70b1a5,/home/malezainia1/dev/INIA_DeepLearning_Ubuntu_mod_lleon/data/campo5_enero26/Lo Castillo/Celular/IMG_3169.HEIC,IMG_3169.HEIC,1.8430725,6.401363,-34.16021388888889,-70.68748611111111,HEIC,5437412,Lo Castillo,ground
696902a9ece43907fa70b1a6,/home/malezainia1/dev/INIA_DeepLearning_Ubuntu_mod_lleon/data/campo5_enero26/Lo Castillo/Celular/IMG_3170.HEIC,IMG_3170.HEIC,1.8540056,6.2472563,-34.16018611111111,-70.68746111111112,HEIC,5540969,Lo Castillo,ground
696902a9ece43907fa70b1a7,/home/malezainia1/dev/INIA_DeepLearning_Ubuntu_mod_lleon/data/campo5_enero26/Lo Castillo/Celular/IMG_3171.HEIC,IMG_3171.HEIC,1.4184564,6.839984,-34.160155555555555,-70.68744722222223,HEIC,4997889,Lo Castillo,ground
696902a9ece43907fa70b1a8,/home/malezainia1/dev/INIA_DeepLearning_Ubuntu_mod_lleon/data/campo5_enero26/Lo Castillo/Celular/IMG_3172.HEIC,IMG_3172.HEIC,0.91679424,7.162376,-34.16011111111111,-70.68738611111111,HEIC,5200432,Lo Castillo,ground
